gamma,f,A,delta_chi2
1.4,2.4,0.9,42.480000000000075
1.4,2.4,0.92,41.760000000000076
1.4,2.4,0.9400000000000001,41.200000000000074
1.4,2.4,0.9600000000000001,40.800000000000075
1.4,2.4,0.9800000000000001,40.56000000000007
1.4,2.4,1.0,40.480000000000075
1.4,2.4,1.02,40.56000000000007
1.4,2.4,1.04,40.800000000000075
1.4,2.4,1.06,41.200000000000074
1.4,2.4,1.08,41.760000000000076
1.4,2.4,1.1,42.480000000000075
1.4,2.4099999999999997,0.9,40.53000000000011
1.4,2.4099999999999997,0.92,39.81000000000011
1.4,2.4099999999999997,0.9400000000000001,39.25000000000011
1.4,2.4099999999999997,0.9600000000000001,38.85000000000011
1.4,2.4099999999999997,0.9800000000000001,38.610000000000106
1.4,2.4099999999999997,1.0,38.53000000000011
1.4,2.4099999999999997,1.02,38.610000000000106
1.4,2.4099999999999997,1.04,38.85000000000011
1.4,2.4099999999999997,1.06,39.25000000000011
1.4,2.4099999999999997,1.08,39.81000000000011
1.4,2.4099999999999997,1.1,40.530000000000115
1.4,2.42,0.9,38.680000000000064
1.4,2.42,0.92,37.960000000000065
1.4,2.42,0.9400000000000001,37.40000000000006
1.4,2.42,0.9600000000000001,37.000000000000064
1.4,2.42,0.9800000000000001,36.76000000000006
1.4,2.42,1.0,36.680000000000064
1.4,2.42,1.02,36.76000000000006
1.4,2.42,1.04,37.000000000000064
1.4,2.42,1.06,37.40000000000006
1.4,2.42,1.08,37.960000000000065
1.4,2.42,1.1,38.680000000000064
1.4,2.4299999999999997,0.9,36.9300000000001
1.4,2.4299999999999997,0.92,36.2100000000001
1.4,2.4299999999999997,0.9400000000000001,35.6500000000001
1.4,2.4299999999999997,0.9600000000000001,35.2500000000001
1.4,2.4299999999999997,0.9800000000000001,35.0100000000001
1.4,2.4299999999999997,1.0,34.9300000000001
1.4,2.4299999999999997,1.02,35.0100000000001
1.4,2.4299999999999997,1.04,35.2500000000001
1.4,2.4299999999999997,1.06,35.6500000000001
1.4,2.4299999999999997,1.08,36.2100000000001
1.4,2.4299999999999997,1.1,36.930000000000106
1.4,2.44,0.9,35.28000000000006
1.4,2.44,0.92,34.56000000000006
1.4,2.44,0.9400000000000001,34.00000000000006
1.4,2.44,0.9600000000000001,33.60000000000006
1.4,2.44,0.9800000000000001,33.360000000000056
1.4,2.44,1.0,33.28000000000006
1.4,2.44,1.02,33.360000000000056
1.4,2.44,1.04,33.60000000000006
1.4,2.44,1.06,34.00000000000006
1.4,2.44,1.08,34.56000000000006
1.4,2.44,1.1,35.28000000000006
1.4,2.4499999999999997,0.9,33.73000000000009
1.4,2.4499999999999997,0.92,33.01000000000009
1.4,2.4499999999999997,0.9400000000000001,32.45000000000009
1.4,2.4499999999999997,0.9600000000000001,32.05000000000009
1.4,2.4499999999999997,0.9800000000000001,31.810000000000088
1.4,2.4499999999999997,1.0,31.73000000000009
1.4,2.4499999999999997,1.02,31.81000000000009
1.4,2.4499999999999997,1.04,32.05000000000009
1.4,2.4499999999999997,1.06,32.45000000000009
1.4,2.4499999999999997,1.08,33.01000000000009
1.4,2.4499999999999997,1.1,33.73000000000009
1.4,2.46,0.9,32.28000000000005
1.4,2.46,0.92,31.56000000000005
1.4,2.46,0.9400000000000001,31.00000000000005
1.4,2.46,0.9600000000000001,30.60000000000005
1.4,2.46,0.9800000000000001,30.36000000000005
1.4,2.46,1.0,30.28000000000005
1.4,2.46,1.02,30.360000000000053
1.4,2.46,1.04,30.60000000000005
1.4,2.46,1.06,31.000000000000053
1.4,2.46,1.08,31.560000000000052
1.4,2.46,1.1,32.28000000000006
1.4,2.4699999999999998,0.9,30.930000000000078
1.4,2.4699999999999998,0.92,30.210000000000075
1.4,2.4699999999999998,0.9400000000000001,29.650000000000077
1.4,2.4699999999999998,0.9600000000000001,29.250000000000078
1.4,2.4699999999999998,0.9800000000000001,29.010000000000076
1.4,2.4699999999999998,1.0,28.930000000000078
1.4,2.4699999999999998,1.02,29.01000000000008
1.4,2.4699999999999998,1.04,29.250000000000078
1.4,2.4699999999999998,1.06,29.65000000000008
1.4,2.4699999999999998,1.08,30.21000000000008
1.4,2.4699999999999998,1.1,30.93000000000008
1.4,2.48,0.9,29.68000000000005
1.4,2.48,0.92,28.960000000000047
1.4,2.48,0.9400000000000001,28.40000000000005
1.4,2.48,0.9600000000000001,28.00000000000005
1.4,2.48,0.9800000000000001,27.760000000000048
1.4,2.48,1.0,27.68000000000005
1.4,2.48,1.02,27.76000000000005
1.4,2.48,1.04,28.00000000000005
1.4,2.48,1.06,28.400000000000052
1.4,2.48,1.08,28.96000000000005
1.4,2.48,1.1,29.680000000000053
1.4,2.4899999999999998,0.9,28.530000000000072
1.4,2.4899999999999998,0.92,27.81000000000007
1.4,2.4899999999999998,0.9400000000000001,27.25000000000007
1.4,2.4899999999999998,0.9600000000000001,26.850000000000072
1.4,2.4899999999999998,0.9800000000000001,26.61000000000007
1.4,2.4899999999999998,1.0,26.530000000000072
1.4,2.4899999999999998,1.02,26.610000000000074
1.4,2.4899999999999998,1.04,26.850000000000072
1.4,2.4899999999999998,1.06,27.250000000000075
1.4,2.4899999999999998,1.08,27.810000000000073
1.4,2.4899999999999998,1.1,28.530000000000076
1.4,2.5,0.9,27.480000000000047
1.4,2.5,0.92,26.760000000000044
1.4,2.5,0.9400000000000001,26.200000000000045
1.4,2.5,0.9600000000000001,25.800000000000047
1.4,2.5,0.9800000000000001,25.560000000000045
1.4,2.5,1.0,25.480000000000047
1.4,2.5,1.02,25.56000000000005
1.4,2.5,1.04,25.800000000000047
1.4,2.5,1.06,26.20000000000005
1.4,2.5,1.08,26.760000000000048
1.4,2.5,1.1,27.48000000000005
1.4,2.51,0.9,26.530000000000065
1.4,2.51,0.92,25.810000000000063
1.4,2.51,0.9400000000000001,25.250000000000064
1.4,2.51,0.9600000000000001,24.850000000000065
1.4,2.51,0.9800000000000001,24.610000000000063
1.4,2.51,1.0,24.530000000000065
1.4,2.51,1.02,24.610000000000067
1.4,2.51,1.04,24.850000000000065
1.4,2.51,1.06,25.250000000000068
1.4,2.51,1.08,25.810000000000066
1.4,2.51,1.1,26.53000000000007
1.4,2.52,0.9,25.680000000000042
1.4,2.52,0.92,24.96000000000004
1.4,2.52,0.9400000000000001,24.40000000000004
1.4,2.52,0.9600000000000001,24.000000000000043
1.4,2.52,0.9800000000000001,23.76000000000004
1.4,2.52,1.0,23.680000000000042
1.4,2.52,1.02,23.760000000000044
1.4,2.52,1.04,24.000000000000043
1.4,2.52,1.06,24.400000000000045
1.4,2.52,1.08,24.960000000000043
1.4,2.52,1.1,25.680000000000046
1.4,2.53,0.9,24.930000000000057
1.4,2.53,0.92,24.210000000000054
1.4,2.53,0.9400000000000001,23.650000000000055
1.4,2.53,0.9600000000000001,23.250000000000057
1.4,2.53,0.9800000000000001,23.010000000000055
1.4,2.53,1.0,22.930000000000057
1.4,2.53,1.02,23.01000000000006
1.4,2.53,1.04,23.250000000000057
1.4,2.53,1.06,23.65000000000006
1.4,2.53,1.08,24.210000000000058
1.4,2.53,1.1,24.93000000000006
1.4,2.54,0.9,24.28000000000004
1.4,2.54,0.92,23.560000000000038
1.4,2.54,0.9400000000000001,23.00000000000004
1.4,2.54,0.9600000000000001,22.60000000000004
1.4,2.54,0.9800000000000001,22.36000000000004
1.4,2.54,1.0,22.28000000000004
1.4,2.54,1.02,22.360000000000042
1.4,2.54,1.04,22.60000000000004
1.4,2.54,1.06,23.000000000000043
1.4,2.54,1.08,23.56000000000004
1.4,2.54,1.1,24.280000000000044
1.4,2.55,0.9,23.73000000000005
1.4,2.55,0.92,23.010000000000048
1.4,2.55,0.9400000000000001,22.45000000000005
1.4,2.55,0.9600000000000001,22.05000000000005
1.4,2.55,0.9800000000000001,21.81000000000005
1.4,2.55,1.0,21.73000000000005
1.4,2.55,1.02,21.810000000000052
1.4,2.55,1.04,22.05000000000005
1.4,2.55,1.06,22.450000000000053
1.4,2.55,1.08,23.01000000000005
1.4,2.55,1.1,23.730000000000054
1.4,2.56,0.9,23.280000000000037
1.4,2.56,0.92,22.560000000000034
1.4,2.56,0.9400000000000001,22.000000000000036
1.4,2.56,0.9600000000000001,21.600000000000037
1.4,2.56,0.9800000000000001,21.360000000000035
1.4,2.56,1.0,21.280000000000037
1.4,2.56,1.02,21.36000000000004
1.4,2.56,1.04,21.600000000000037
1.4,2.56,1.06,22.00000000000004
1.4,2.56,1.08,22.560000000000038
1.4,2.56,1.1,23.28000000000004
1.4,2.57,0.9,22.930000000000042
1.4,2.57,0.92,22.21000000000004
1.4,2.57,0.9400000000000001,21.65000000000004
1.4,2.57,0.9600000000000001,21.250000000000043
1.4,2.57,0.9800000000000001,21.01000000000004
1.4,2.57,1.0,20.930000000000042
1.4,2.57,1.02,21.010000000000044
1.4,2.57,1.04,21.250000000000043
1.4,2.57,1.06,21.650000000000045
1.4,2.57,1.08,22.210000000000043
1.4,2.57,1.1,22.930000000000046
1.4,2.58,0.9,22.680000000000035
1.4,2.58,0.92,21.960000000000033
1.4,2.58,0.9400000000000001,21.400000000000034
1.4,2.58,0.9600000000000001,21.000000000000036
1.4,2.58,0.9800000000000001,20.760000000000034
1.4,2.58,1.0,20.680000000000035
1.4,2.58,1.02,20.760000000000037
1.4,2.58,1.04,21.000000000000036
1.4,2.58,1.06,21.400000000000038
1.4,2.58,1.08,21.960000000000036
1.4,2.58,1.1,22.68000000000004
1.4,2.59,0.9,22.530000000000037
1.4,2.59,0.92,21.810000000000034
1.4,2.59,0.9400000000000001,21.250000000000036
1.4,2.59,0.9600000000000001,20.850000000000037
1.4,2.59,0.9800000000000001,20.610000000000035
1.4,2.59,1.0,20.530000000000037
1.4,2.59,1.02,20.61000000000004
1.4,2.59,1.04,20.850000000000037
1.4,2.59,1.06,21.25000000000004
1.4,2.59,1.08,21.810000000000038
1.4,2.59,1.1,22.53000000000004
1.4,2.5999999999999996,0.9,22.480000000000036
1.4,2.5999999999999996,0.92,21.760000000000034
1.4,2.5999999999999996,0.9400000000000001,21.200000000000035
1.4,2.5999999999999996,0.9600000000000001,20.800000000000036
1.4,2.5999999999999996,0.9800000000000001,20.560000000000034
1.4,2.5999999999999996,1.0,20.480000000000036
1.4,2.5999999999999996,1.02,20.560000000000038
1.4,2.5999999999999996,1.04,20.800000000000036
1.4,2.5999999999999996,1.06,21.20000000000004
1.4,2.5999999999999996,1.08,21.760000000000037
1.4,2.5999999999999996,1.1,22.48000000000004
1.4,2.61,0.9,22.530000000000033
1.4,2.61,0.92,21.81000000000003
1.4,2.61,0.9400000000000001,21.250000000000032
1.4,2.61,0.9600000000000001,20.850000000000033
1.4,2.61,0.9800000000000001,20.61000000000003
1.4,2.61,1.0,20.530000000000033
1.4,2.61,1.02,20.610000000000035
1.4,2.61,1.04,20.850000000000033
1.4,2.61,1.06,21.250000000000036
1.4,2.61,1.08,21.810000000000034
1.4,2.61,1.1,22.530000000000037
1.4,2.62,0.9,22.680000000000035
1.4,2.62,0.92,21.960000000000033
1.4,2.62,0.9400000000000001,21.400000000000034
1.4,2.62,0.9600000000000001,21.000000000000036
1.4,2.62,0.9800000000000001,20.760000000000034
1.4,2.62,1.0,20.680000000000035
1.4,2.62,1.02,20.760000000000037
1.4,2.62,1.04,21.000000000000036
1.4,2.62,1.06,21.400000000000038
1.4,2.62,1.08,21.960000000000036
1.4,2.62,1.1,22.68000000000004
1.4,2.63,0.9,22.93000000000003
1.4,2.63,0.92,22.21000000000003
1.4,2.63,0.9400000000000001,21.65000000000003
1.4,2.63,0.9600000000000001,21.250000000000032
1.4,2.63,0.9800000000000001,21.01000000000003
1.4,2.63,1.0,20.93000000000003
1.4,2.63,1.02,21.010000000000034
1.4,2.63,1.04,21.250000000000032
1.4,2.63,1.06,21.650000000000034
1.4,2.63,1.08,22.210000000000033
1.4,2.63,1.1,22.930000000000035
1.4,2.6399999999999997,0.9,23.28000000000002
1.4,2.6399999999999997,0.92,22.560000000000016
1.4,2.6399999999999997,0.9400000000000001,22.000000000000018
1.4,2.6399999999999997,0.9600000000000001,21.60000000000002
1.4,2.6399999999999997,0.9800000000000001,21.360000000000017
1.4,2.6399999999999997,1.0,21.28000000000002
1.4,2.6399999999999997,1.02,21.36000000000002
1.4,2.6399999999999997,1.04,21.60000000000002
1.4,2.6399999999999997,1.06,22.00000000000002
1.4,2.6399999999999997,1.08,22.56000000000002
1.4,2.6399999999999997,1.1,23.280000000000022
1.4,2.65,0.9,23.730000000000025
1.4,2.65,0.92,23.010000000000023
1.4,2.65,0.9400000000000001,22.450000000000024
1.4,2.65,0.9600000000000001,22.050000000000026
1.4,2.65,0.9800000000000001,21.810000000000024
1.4,2.65,1.0,21.730000000000025
1.4,2.65,1.02,21.810000000000027
1.4,2.65,1.04,22.050000000000026
1.4,2.65,1.06,22.450000000000028
1.4,2.65,1.08,23.010000000000026
1.4,2.65,1.1,23.73000000000003
1.4,2.6599999999999997,0.9,24.280000000000012
1.4,2.6599999999999997,0.92,23.56000000000001
1.4,2.6599999999999997,0.9400000000000001,23.00000000000001
1.4,2.6599999999999997,0.9600000000000001,22.600000000000012
1.4,2.6599999999999997,0.9800000000000001,22.36000000000001
1.4,2.6599999999999997,1.0,22.280000000000012
1.4,2.6599999999999997,1.02,22.360000000000014
1.4,2.6599999999999997,1.04,22.600000000000012
1.4,2.6599999999999997,1.06,23.000000000000014
1.4,2.6599999999999997,1.08,23.560000000000013
1.4,2.6599999999999997,1.1,24.280000000000015
1.4,2.67,0.9,24.930000000000025
1.4,2.67,0.92,24.210000000000022
1.4,2.67,0.9400000000000001,23.650000000000023
1.4,2.67,0.9600000000000001,23.250000000000025
1.4,2.67,0.9800000000000001,23.010000000000023
1.4,2.67,1.0,22.930000000000025
1.4,2.67,1.02,23.010000000000026
1.4,2.67,1.04,23.250000000000025
1.4,2.67,1.06,23.650000000000027
1.4,2.67,1.08,24.210000000000026
1.4,2.67,1.1,24.930000000000028
1.4,2.6799999999999997,0.9,25.680000000000007
1.4,2.6799999999999997,0.92,24.960000000000004
1.4,2.6799999999999997,0.9400000000000001,24.400000000000006
1.4,2.6799999999999997,0.9600000000000001,24.000000000000007
1.4,2.6799999999999997,0.9800000000000001,23.760000000000005
1.4,2.6799999999999997,1.0,23.680000000000007
1.4,2.6799999999999997,1.02,23.76000000000001
1.4,2.6799999999999997,1.04,24.000000000000007
1.4,2.6799999999999997,1.06,24.40000000000001
1.4,2.6799999999999997,1.08,24.960000000000008
1.4,2.6799999999999997,1.1,25.68000000000001
1.4,2.69,0.9,26.530000000000022
1.4,2.69,0.92,25.81000000000002
1.4,2.69,0.9400000000000001,25.25000000000002
1.4,2.69,0.9600000000000001,24.850000000000023
1.4,2.69,0.9800000000000001,24.61000000000002
1.4,2.69,1.0,24.530000000000022
1.4,2.69,1.02,24.610000000000024
1.4,2.69,1.04,24.850000000000023
1.4,2.69,1.06,25.250000000000025
1.4,2.69,1.08,25.810000000000024
1.4,2.69,1.1,26.530000000000026
1.4,2.6999999999999997,0.9,27.48
1.4,2.6999999999999997,0.92,26.759999999999998
1.4,2.6999999999999997,0.9400000000000001,26.2
1.4,2.6999999999999997,0.9600000000000001,25.8
1.4,2.6999999999999997,0.9800000000000001,25.56
1.4,2.6999999999999997,1.0,25.48
1.4,2.6999999999999997,1.02,25.560000000000002
1.4,2.6999999999999997,1.04,25.8
1.4,2.6999999999999997,1.06,26.200000000000003
1.4,2.6999999999999997,1.08,26.76
1.4,2.6999999999999997,1.1,27.480000000000004
1.4,2.71,0.9,28.530000000000022
1.4,2.71,0.92,27.81000000000002
1.4,2.71,0.9400000000000001,27.25000000000002
1.4,2.71,0.9600000000000001,26.850000000000023
1.4,2.71,0.9800000000000001,26.61000000000002
1.4,2.71,1.0,26.530000000000022
1.4,2.71,1.02,26.610000000000024
1.4,2.71,1.04,26.850000000000023
1.4,2.71,1.06,27.250000000000025
1.4,2.71,1.08,27.810000000000024
1.4,2.71,1.1,28.530000000000026
1.4,2.7199999999999998,0.9,29.679999999999996
1.4,2.7199999999999998,0.92,28.959999999999994
1.4,2.7199999999999998,0.9400000000000001,28.399999999999995
1.4,2.7199999999999998,0.9600000000000001,27.999999999999996
1.4,2.7199999999999998,0.9800000000000001,27.759999999999994
1.4,2.7199999999999998,1.0,27.679999999999996
1.4,2.7199999999999998,1.02,27.759999999999998
1.4,2.7199999999999998,1.04,27.999999999999996
1.4,2.7199999999999998,1.06,28.4
1.4,2.7199999999999998,1.08,28.959999999999997
1.4,2.7199999999999998,1.1,29.68
1.4,2.73,0.9,30.93000000000002
1.4,2.73,0.92,30.21000000000002
1.4,2.73,0.9400000000000001,29.65000000000002
1.4,2.73,0.9600000000000001,29.25000000000002
1.4,2.73,0.9800000000000001,29.01000000000002
1.4,2.73,1.0,28.93000000000002
1.4,2.73,1.02,29.010000000000023
1.4,2.73,1.04,29.25000000000002
1.4,2.73,1.06,29.650000000000023
1.4,2.73,1.08,30.210000000000022
1.4,2.73,1.1,30.930000000000025
1.4,2.7399999999999998,0.9,32.27999999999999
1.4,2.7399999999999998,0.92,31.559999999999988
1.4,2.7399999999999998,0.9400000000000001,30.99999999999999
1.4,2.7399999999999998,0.9600000000000001,30.59999999999999
1.4,2.7399999999999998,0.9800000000000001,30.35999999999999
1.4,2.7399999999999998,1.0,30.27999999999999
1.4,2.7399999999999998,1.02,30.359999999999992
1.4,2.7399999999999998,1.04,30.59999999999999
1.4,2.7399999999999998,1.06,30.999999999999993
1.4,2.7399999999999998,1.08,31.55999999999999
1.4,2.7399999999999998,1.1,32.279999999999994
1.4,2.75,0.9,33.730000000000025
1.4,2.75,0.92,33.010000000000026
1.4,2.75,0.9400000000000001,32.450000000000024
1.4,2.75,0.9600000000000001,32.050000000000026
1.4,2.75,0.9800000000000001,31.810000000000024
1.4,2.75,1.0,31.730000000000025
1.4,2.75,1.02,31.810000000000027
1.4,2.75,1.04,32.050000000000026
1.4,2.75,1.06,32.450000000000024
1.4,2.75,1.08,33.010000000000026
1.4,2.75,1.1,33.73000000000003
1.4,2.76,0.9,35.27999999999999
1.4,2.76,0.92,34.55999999999999
1.4,2.76,0.9400000000000001,33.999999999999986
1.4,2.76,0.9600000000000001,33.59999999999999
1.4,2.76,0.9800000000000001,33.359999999999985
1.4,2.76,1.0,33.27999999999999
1.4,2.76,1.02,33.359999999999985
1.4,2.76,1.04,33.59999999999999
1.4,2.76,1.06,33.999999999999986
1.4,2.76,1.08,34.55999999999999
1.4,2.76,1.1,35.27999999999999
1.4,2.77,0.9,36.93000000000002
1.4,2.77,0.92,36.21000000000002
1.4,2.77,0.9400000000000001,35.65000000000002
1.4,2.77,0.9600000000000001,35.25000000000002
1.4,2.77,0.9800000000000001,35.01000000000002
1.4,2.77,1.0,34.93000000000002
1.4,2.77,1.02,35.01000000000002
1.4,2.77,1.04,35.25000000000002
1.4,2.77,1.06,35.65000000000002
1.4,2.77,1.08,36.21000000000002
1.4,2.77,1.1,36.93000000000002
1.4,2.78,0.9,38.679999999999986
1.4,2.78,0.92,37.95999999999999
1.4,2.78,0.9400000000000001,37.399999999999984
1.4,2.78,0.9600000000000001,36.999999999999986
1.4,2.78,0.9800000000000001,36.759999999999984
1.4,2.78,1.0,36.679999999999986
1.4,2.78,1.02,36.759999999999984
1.4,2.78,1.04,36.999999999999986
1.4,2.78,1.06,37.399999999999984
1.4,2.78,1.08,37.95999999999999
1.4,2.78,1.1,38.67999999999999
1.4,2.79,0.9,40.53000000000003
1.4,2.79,0.92,39.81000000000003
1.4,2.79,0.9400000000000001,39.25000000000003
1.4,2.79,0.9600000000000001,38.85000000000003
1.4,2.79,0.9800000000000001,38.61000000000003
1.4,2.79,1.0,38.53000000000003
1.4,2.79,1.02,38.61000000000003
1.4,2.79,1.04,38.85000000000003
1.4,2.79,1.06,39.25000000000003
1.4,2.79,1.08,39.81000000000003
1.4,2.79,1.1,40.53000000000003
1.4,2.8,0.9,42.47999999999998
1.4,2.8,0.92,41.759999999999984
1.4,2.8,0.9400000000000001,41.19999999999998
1.4,2.8,0.9600000000000001,40.79999999999998
1.4,2.8,0.9800000000000001,40.55999999999998
1.4,2.8,1.0,40.47999999999998
1.4,2.8,1.02,40.55999999999998
1.4,2.8,1.04,40.79999999999998
1.4,2.8,1.06,41.19999999999998
1.4,2.8,1.08,41.759999999999984
1.4,2.8,1.1,42.47999999999999
1.41,2.4,0.9,40.00000000000007
1.41,2.4,0.92,39.28000000000007
1.41,2.4,0.9400000000000001,38.72000000000007
1.41,2.4,0.9600000000000001,38.32000000000007
1.41,2.4,0.9800000000000001,38.08000000000007
1.41,2.4,1.0,38.00000000000007
1.41,2.4,1.02,38.08000000000007
1.41,2.4,1.04,38.32000000000007
1.41,2.4,1.06,38.72000000000007
1.41,2.4,1.08,39.28000000000007
1.41,2.4,1.1,40.00000000000007
1.41,2.4099999999999997,0.9,38.050000000000104
1.41,2.4099999999999997,0.92,37.330000000000105
1.41,2.4099999999999997,0.9400000000000001,36.7700000000001
1.41,2.4099999999999997,0.9600000000000001,36.370000000000104
1.41,2.4099999999999997,0.9800000000000001,36.1300000000001
1.41,2.4099999999999997,1.0,36.050000000000104
1.41,2.4099999999999997,1.02,36.1300000000001
1.41,2.4099999999999997,1.04,36.370000000000104
1.41,2.4099999999999997,1.06,36.7700000000001
1.41,2.4099999999999997,1.08,37.330000000000105
1.41,2.4099999999999997,1.1,38.05000000000011
1.41,2.42,0.9,36.20000000000006
1.41,2.42,0.92,35.48000000000006
1.41,2.42,0.9400000000000001,34.92000000000006
1.41,2.42,0.9600000000000001,34.52000000000006
1.41,2.42,0.9800000000000001,34.28000000000006
1.41,2.42,1.0,34.20000000000006
1.41,2.42,1.02,34.28000000000006
1.41,2.42,1.04,34.52000000000006
1.41,2.42,1.06,34.92000000000006
1.41,2.42,1.08,35.48000000000006
1.41,2.42,1.1,36.20000000000006
1.41,2.4299999999999997,0.9,34.450000000000095
1.41,2.4299999999999997,0.92,33.730000000000096
1.41,2.4299999999999997,0.9400000000000001,33.170000000000094
1.41,2.4299999999999997,0.9600000000000001,32.770000000000095
1.41,2.4299999999999997,0.9800000000000001,32.53000000000009
1.41,2.4299999999999997,1.0,32.450000000000095
1.41,2.4299999999999997,1.02,32.53000000000009
1.41,2.4299999999999997,1.04,32.770000000000095
1.41,2.4299999999999997,1.06,33.170000000000094
1.41,2.4299999999999997,1.08,33.730000000000096
1.41,2.4299999999999997,1.1,34.4500000000001
1.41,2.44,0.9,32.800000000000054
1.41,2.44,0.92,32.080000000000055
1.41,2.44,0.9400000000000001,31.520000000000053
1.41,2.44,0.9600000000000001,31.120000000000054
1.41,2.44,0.9800000000000001,30.880000000000052
1.41,2.44,1.0,30.800000000000054
1.41,2.44,1.02,30.880000000000056
1.41,2.44,1.04,31.120000000000054
1.41,2.44,1.06,31.520000000000056
1.41,2.44,1.08,32.080000000000055
1.41,2.44,1.1,32.800000000000054
1.41,2.4499999999999997,0.9,31.250000000000085
1.41,2.4499999999999997,0.92,30.530000000000083
1.41,2.4499999999999997,0.9400000000000001,29.970000000000084
1.41,2.4499999999999997,0.9600000000000001,29.570000000000086
1.41,2.4499999999999997,0.9800000000000001,29.330000000000084
1.41,2.4499999999999997,1.0,29.250000000000085
1.41,2.4499999999999997,1.02,29.330000000000087
1.41,2.4499999999999997,1.04,29.570000000000086
1.41,2.4499999999999997,1.06,29.970000000000088
1.41,2.4499999999999997,1.08,30.530000000000086
1.41,2.4499999999999997,1.1,31.25000000000009
1.41,2.46,0.9,29.800000000000047
1.41,2.46,0.92,29.080000000000044
1.41,2.46,0.9400000000000001,28.520000000000046
1.41,2.46,0.9600000000000001,28.120000000000047
1.41,2.46,0.9800000000000001,27.880000000000045
1.41,2.46,1.0,27.800000000000047
1.41,2.46,1.02,27.88000000000005
1.41,2.46,1.04,28.120000000000047
1.41,2.46,1.06,28.52000000000005
1.41,2.46,1.08,29.080000000000048
1.41,2.46,1.1,29.80000000000005
1.41,2.4699999999999998,0.9,28.450000000000074
1.41,2.4699999999999998,0.92,27.73000000000007
1.41,2.4699999999999998,0.9400000000000001,27.170000000000073
1.41,2.4699999999999998,0.9600000000000001,26.770000000000074
1.41,2.4699999999999998,0.9800000000000001,26.530000000000072
1.41,2.4699999999999998,1.0,26.450000000000074
1.41,2.4699999999999998,1.02,26.530000000000076
1.41,2.4699999999999998,1.04,26.770000000000074
1.41,2.4699999999999998,1.06,27.170000000000076
1.41,2.4699999999999998,1.08,27.730000000000075
1.41,2.4699999999999998,1.1,28.450000000000077
1.41,2.48,0.9,27.200000000000045
1.41,2.48,0.92,26.480000000000043
1.41,2.48,0.9400000000000001,25.920000000000044
1.41,2.48,0.9600000000000001,25.520000000000046
1.41,2.48,0.9800000000000001,25.280000000000044
1.41,2.48,1.0,25.200000000000045
1.41,2.48,1.02,25.280000000000047
1.41,2.48,1.04,25.520000000000046
1.41,2.48,1.06,25.920000000000048
1.41,2.48,1.08,26.480000000000047
1.41,2.48,1.1,27.20000000000005
1.41,2.4899999999999998,0.9,26.050000000000068
1.41,2.4899999999999998,0.92,25.330000000000066
1.41,2.4899999999999998,0.9400000000000001,24.770000000000067
1.41,2.4899999999999998,0.9600000000000001,24.37000000000007
1.41,2.4899999999999998,0.9800000000000001,24.130000000000067
1.41,2.4899999999999998,1.0,24.050000000000068
1.41,2.4899999999999998,1.02,24.13000000000007
1.41,2.4899999999999998,1.04,24.37000000000007
1.41,2.4899999999999998,1.06,24.77000000000007
1.41,2.4899999999999998,1.08,25.33000000000007
1.41,2.4899999999999998,1.1,26.05000000000007
1.41,2.5,0.9,25.000000000000043
1.41,2.5,0.92,24.28000000000004
1.41,2.5,0.9400000000000001,23.72000000000004
1.41,2.5,0.9600000000000001,23.320000000000043
1.41,2.5,0.9800000000000001,23.08000000000004
1.41,2.5,1.0,23.000000000000043
1.41,2.5,1.02,23.080000000000044
1.41,2.5,1.04,23.320000000000043
1.41,2.5,1.06,23.720000000000045
1.41,2.5,1.08,24.280000000000044
1.41,2.5,1.1,25.000000000000046
1.41,2.51,0.9,24.05000000000006
1.41,2.51,0.92,23.33000000000006
1.41,2.51,0.9400000000000001,22.77000000000006
1.41,2.51,0.9600000000000001,22.37000000000006
1.41,2.51,0.9800000000000001,22.13000000000006
1.41,2.51,1.0,22.05000000000006
1.41,2.51,1.02,22.130000000000063
1.41,2.51,1.04,22.37000000000006
1.41,2.51,1.06,22.770000000000064
1.41,2.51,1.08,23.330000000000062
1.41,2.51,1.1,24.050000000000065
1.41,2.52,0.9,23.20000000000004
1.41,2.52,0.92,22.480000000000036
1.41,2.52,0.9400000000000001,21.920000000000037
1.41,2.52,0.9600000000000001,21.52000000000004
1.41,2.52,0.9800000000000001,21.280000000000037
1.41,2.52,1.0,21.20000000000004
1.41,2.52,1.02,21.28000000000004
1.41,2.52,1.04,21.52000000000004
1.41,2.52,1.06,21.92000000000004
1.41,2.52,1.08,22.48000000000004
1.41,2.52,1.1,23.200000000000042
1.41,2.53,0.9,22.450000000000053
1.41,2.53,0.92,21.73000000000005
1.41,2.53,0.9400000000000001,21.17000000000005
1.41,2.53,0.9600000000000001,20.770000000000053
1.41,2.53,0.9800000000000001,20.53000000000005
1.41,2.53,1.0,20.450000000000053
1.41,2.53,1.02,20.530000000000054
1.41,2.53,1.04,20.770000000000053
1.41,2.53,1.06,21.170000000000055
1.41,2.53,1.08,21.730000000000054
1.41,2.53,1.1,22.450000000000056
1.41,2.54,0.9,21.800000000000036
1.41,2.54,0.92,21.080000000000034
1.41,2.54,0.9400000000000001,20.520000000000035
1.41,2.54,0.9600000000000001,20.120000000000037
1.41,2.54,0.9800000000000001,19.880000000000035
1.41,2.54,1.0,19.800000000000036
1.41,2.54,1.02,19.880000000000038
1.41,2.54,1.04,20.120000000000037
1.41,2.54,1.06,20.52000000000004
1.41,2.54,1.08,21.080000000000037
1.41,2.54,1.1,21.80000000000004
1.41,2.55,0.9,21.250000000000046
1.41,2.55,0.92,20.530000000000044
1.41,2.55,0.9400000000000001,19.970000000000045
1.41,2.55,0.9600000000000001,19.570000000000046
1.41,2.55,0.9800000000000001,19.330000000000044
1.41,2.55,1.0,19.250000000000046
1.41,2.55,1.02,19.330000000000048
1.41,2.55,1.04,19.570000000000046
1.41,2.55,1.06,19.97000000000005
1.41,2.55,1.08,20.530000000000047
1.41,2.55,1.1,21.25000000000005
1.41,2.56,0.9,20.800000000000033
1.41,2.56,0.92,20.08000000000003
1.41,2.56,0.9400000000000001,19.52000000000003
1.41,2.56,0.9600000000000001,19.120000000000033
1.41,2.56,0.9800000000000001,18.88000000000003
1.41,2.56,1.0,18.800000000000033
1.41,2.56,1.02,18.880000000000035
1.41,2.56,1.04,19.120000000000033
1.41,2.56,1.06,19.520000000000035
1.41,2.56,1.08,20.080000000000034
1.41,2.56,1.1,20.800000000000036
1.41,2.57,0.9,20.45000000000004
1.41,2.57,0.92,19.730000000000036
1.41,2.57,0.9400000000000001,19.170000000000037
1.41,2.57,0.9600000000000001,18.77000000000004
1.41,2.57,0.9800000000000001,18.530000000000037
1.41,2.57,1.0,18.45000000000004
1.41,2.57,1.02,18.53000000000004
1.41,2.57,1.04,18.77000000000004
1.41,2.57,1.06,19.17000000000004
1.41,2.57,1.08,19.73000000000004
1.41,2.57,1.1,20.450000000000042
1.41,2.58,0.9,20.20000000000003
1.41,2.58,0.92,19.48000000000003
1.41,2.58,0.9400000000000001,18.92000000000003
1.41,2.58,0.9600000000000001,18.52000000000003
1.41,2.58,0.9800000000000001,18.28000000000003
1.41,2.58,1.0,18.20000000000003
1.41,2.58,1.02,18.280000000000033
1.41,2.58,1.04,18.52000000000003
1.41,2.58,1.06,18.920000000000034
1.41,2.58,1.08,19.480000000000032
1.41,2.58,1.1,20.200000000000035
1.41,2.59,0.9,20.050000000000033
1.41,2.59,0.92,19.33000000000003
1.41,2.59,0.9400000000000001,18.77000000000003
1.41,2.59,0.9600000000000001,18.370000000000033
1.41,2.59,0.9800000000000001,18.13000000000003
1.41,2.59,1.0,18.050000000000033
1.41,2.59,1.02,18.130000000000035
1.41,2.59,1.04,18.370000000000033
1.41,2.59,1.06,18.770000000000035
1.41,2.59,1.08,19.330000000000034
1.41,2.59,1.1,20.050000000000036
1.41,2.5999999999999996,0.9,20.000000000000032
1.41,2.5999999999999996,0.92,19.28000000000003
1.41,2.5999999999999996,0.9400000000000001,18.72000000000003
1.41,2.5999999999999996,0.9600000000000001,18.320000000000032
1.41,2.5999999999999996,0.9800000000000001,18.08000000000003
1.41,2.5999999999999996,1.0,18.000000000000032
1.41,2.5999999999999996,1.02,18.080000000000034
1.41,2.5999999999999996,1.04,18.320000000000032
1.41,2.5999999999999996,1.06,18.720000000000034
1.41,2.5999999999999996,1.08,19.280000000000033
1.41,2.5999999999999996,1.1,20.000000000000036
1.41,2.61,0.9,20.05000000000003
1.41,2.61,0.92,19.330000000000027
1.41,2.61,0.9400000000000001,18.770000000000028
1.41,2.61,0.9600000000000001,18.37000000000003
1.41,2.61,0.9800000000000001,18.130000000000027
1.41,2.61,1.0,18.05000000000003
1.41,2.61,1.02,18.13000000000003
1.41,2.61,1.04,18.37000000000003
1.41,2.61,1.06,18.77000000000003
1.41,2.61,1.08,19.33000000000003
1.41,2.61,1.1,20.050000000000033
1.41,2.62,0.9,20.20000000000003
1.41,2.62,0.92,19.48000000000003
1.41,2.62,0.9400000000000001,18.92000000000003
1.41,2.62,0.9600000000000001,18.52000000000003
1.41,2.62,0.9800000000000001,18.28000000000003
1.41,2.62,1.0,18.20000000000003
1.41,2.62,1.02,18.280000000000033
1.41,2.62,1.04,18.52000000000003
1.41,2.62,1.06,18.920000000000034
1.41,2.62,1.08,19.480000000000032
1.41,2.62,1.1,20.200000000000035
1.41,2.63,0.9,20.450000000000028
1.41,2.63,0.92,19.730000000000025
1.41,2.63,0.9400000000000001,19.170000000000027
1.41,2.63,0.9600000000000001,18.770000000000028
1.41,2.63,0.9800000000000001,18.530000000000026
1.41,2.63,1.0,18.450000000000028
1.41,2.63,1.02,18.53000000000003
1.41,2.63,1.04,18.770000000000028
1.41,2.63,1.06,19.17000000000003
1.41,2.63,1.08,19.73000000000003
1.41,2.63,1.1,20.45000000000003
1.41,2.6399999999999997,0.9,20.800000000000015
1.41,2.6399999999999997,0.92,20.080000000000013
1.41,2.6399999999999997,0.9400000000000001,19.520000000000014
1.41,2.6399999999999997,0.9600000000000001,19.120000000000015
1.41,2.6399999999999997,0.9800000000000001,18.880000000000013
1.41,2.6399999999999997,1.0,18.800000000000015
1.41,2.6399999999999997,1.02,18.880000000000017
1.41,2.6399999999999997,1.04,19.120000000000015
1.41,2.6399999999999997,1.06,19.520000000000017
1.41,2.6399999999999997,1.08,20.080000000000016
1.41,2.6399999999999997,1.1,20.80000000000002
1.41,2.65,0.9,21.25000000000002
1.41,2.65,0.92,20.53000000000002
1.41,2.65,0.9400000000000001,19.97000000000002
1.41,2.65,0.9600000000000001,19.57000000000002
1.41,2.65,0.9800000000000001,19.33000000000002
1.41,2.65,1.0,19.25000000000002
1.41,2.65,1.02,19.330000000000023
1.41,2.65,1.04,19.57000000000002
1.41,2.65,1.06,19.970000000000024
1.41,2.65,1.08,20.530000000000022
1.41,2.65,1.1,21.250000000000025
1.41,2.6599999999999997,0.9,21.800000000000008
1.41,2.6599999999999997,0.92,21.080000000000005
1.41,2.6599999999999997,0.9400000000000001,20.520000000000007
1.41,2.6599999999999997,0.9600000000000001,20.120000000000008
1.41,2.6599999999999997,0.9800000000000001,19.880000000000006
1.41,2.6599999999999997,1.0,19.800000000000008
1.41,2.6599999999999997,1.02,19.88000000000001
1.41,2.6599999999999997,1.04,20.120000000000008
1.41,2.6599999999999997,1.06,20.52000000000001
1.41,2.6599999999999997,1.08,21.08000000000001
1.41,2.6599999999999997,1.1,21.80000000000001
1.41,2.67,0.9,22.45000000000002
1.41,2.67,0.92,21.730000000000018
1.41,2.67,0.9400000000000001,21.17000000000002
1.41,2.67,0.9600000000000001,20.77000000000002
1.41,2.67,0.9800000000000001,20.53000000000002
1.41,2.67,1.0,20.45000000000002
1.41,2.67,1.02,20.530000000000022
1.41,2.67,1.04,20.77000000000002
1.41,2.67,1.06,21.170000000000023
1.41,2.67,1.08,21.73000000000002
1.41,2.67,1.1,22.450000000000024
1.41,2.6799999999999997,0.9,23.200000000000003
1.41,2.6799999999999997,0.92,22.48
1.41,2.6799999999999997,0.9400000000000001,21.92
1.41,2.6799999999999997,0.9600000000000001,21.520000000000003
1.41,2.6799999999999997,0.9800000000000001,21.28
1.41,2.6799999999999997,1.0,21.200000000000003
1.41,2.6799999999999997,1.02,21.280000000000005
1.41,2.6799999999999997,1.04,21.520000000000003
1.41,2.6799999999999997,1.06,21.920000000000005
1.41,2.6799999999999997,1.08,22.480000000000004
1.41,2.6799999999999997,1.1,23.200000000000006
1.41,2.69,0.9,24.05000000000002
1.41,2.69,0.92,23.330000000000016
1.41,2.69,0.9400000000000001,22.770000000000017
1.41,2.69,0.9600000000000001,22.37000000000002
1.41,2.69,0.9800000000000001,22.130000000000017
1.41,2.69,1.0,22.05000000000002
1.41,2.69,1.02,22.13000000000002
1.41,2.69,1.04,22.37000000000002
1.41,2.69,1.06,22.77000000000002
1.41,2.69,1.08,23.33000000000002
1.41,2.69,1.1,24.050000000000022
1.41,2.6999999999999997,0.9,24.999999999999996
1.41,2.6999999999999997,0.92,24.279999999999994
1.41,2.6999999999999997,0.9400000000000001,23.719999999999995
1.41,2.6999999999999997,0.9600000000000001,23.319999999999997
1.41,2.6999999999999997,0.9800000000000001,23.079999999999995
1.41,2.6999999999999997,1.0,22.999999999999996
1.41,2.6999999999999997,1.02,23.08
1.41,2.6999999999999997,1.04,23.319999999999997
1.41,2.6999999999999997,1.06,23.72
1.41,2.6999999999999997,1.08,24.279999999999998
1.41,2.6999999999999997,1.1,25.0
1.41,2.71,0.9,26.05000000000002
1.41,2.71,0.92,25.330000000000016
1.41,2.71,0.9400000000000001,24.770000000000017
1.41,2.71,0.9600000000000001,24.37000000000002
1.41,2.71,0.9800000000000001,24.130000000000017
1.41,2.71,1.0,24.05000000000002
1.41,2.71,1.02,24.13000000000002
1.41,2.71,1.04,24.37000000000002
1.41,2.71,1.06,24.77000000000002
1.41,2.71,1.08,25.33000000000002
1.41,2.71,1.1,26.050000000000022
1.41,2.7199999999999998,0.9,27.199999999999992
1.41,2.7199999999999998,0.92,26.47999999999999
1.41,2.7199999999999998,0.9400000000000001,25.91999999999999
1.41,2.7199999999999998,0.9600000000000001,25.519999999999992
1.41,2.7199999999999998,0.9800000000000001,25.27999999999999
1.41,2.7199999999999998,1.0,25.199999999999992
1.41,2.7199999999999998,1.02,25.279999999999994
1.41,2.7199999999999998,1.04,25.519999999999992
1.41,2.7199999999999998,1.06,25.919999999999995
1.41,2.7199999999999998,1.08,26.479999999999993
1.41,2.7199999999999998,1.1,27.199999999999996
1.41,2.73,0.9,28.450000000000017
1.41,2.73,0.92,27.730000000000015
1.41,2.73,0.9400000000000001,27.170000000000016
1.41,2.73,0.9600000000000001,26.770000000000017
1.41,2.73,0.9800000000000001,26.530000000000015
1.41,2.73,1.0,26.450000000000017
1.41,2.73,1.02,26.53000000000002
1.41,2.73,1.04,26.770000000000017
1.41,2.73,1.06,27.17000000000002
1.41,2.73,1.08,27.730000000000018
1.41,2.73,1.1,28.45000000000002
1.41,2.7399999999999998,0.9,29.799999999999986
1.41,2.7399999999999998,0.92,29.079999999999984
1.41,2.7399999999999998,0.9400000000000001,28.519999999999985
1.41,2.7399999999999998,0.9600000000000001,28.119999999999987
1.41,2.7399999999999998,0.9800000000000001,27.879999999999985
1.41,2.7399999999999998,1.0,27.799999999999986
1.41,2.7399999999999998,1.02,27.87999999999999
1.41,2.7399999999999998,1.04,28.119999999999987
1.41,2.7399999999999998,1.06,28.51999999999999
1.41,2.7399999999999998,1.08,29.079999999999988
1.41,2.7399999999999998,1.1,29.79999999999999
1.41,2.75,0.9,31.25000000000002
1.41,2.75,0.92,30.53000000000002
1.41,2.75,0.9400000000000001,29.97000000000002
1.41,2.75,0.9600000000000001,29.57000000000002
1.41,2.75,0.9800000000000001,29.33000000000002
1.41,2.75,1.0,29.25000000000002
1.41,2.75,1.02,29.330000000000023
1.41,2.75,1.04,29.57000000000002
1.41,2.75,1.06,29.970000000000024
1.41,2.75,1.08,30.530000000000022
1.41,2.75,1.1,31.250000000000025
1.41,2.76,0.9,32.79999999999998
1.41,2.76,0.92,32.079999999999984
1.41,2.76,0.9400000000000001,31.519999999999982
1.41,2.76,0.9600000000000001,31.119999999999983
1.41,2.76,0.9800000000000001,30.87999999999998
1.41,2.76,1.0,30.799999999999983
1.41,2.76,1.02,30.879999999999985
1.41,2.76,1.04,31.119999999999983
1.41,2.76,1.06,31.519999999999985
1.41,2.76,1.08,32.079999999999984
1.41,2.76,1.1,32.79999999999998
1.41,2.77,0.9,34.45000000000002
1.41,2.77,0.92,33.73000000000002
1.41,2.77,0.9400000000000001,33.170000000000016
1.41,2.77,0.9600000000000001,32.77000000000002
1.41,2.77,0.9800000000000001,32.530000000000015
1.41,2.77,1.0,32.45000000000002
1.41,2.77,1.02,32.530000000000015
1.41,2.77,1.04,32.77000000000002
1.41,2.77,1.06,33.170000000000016
1.41,2.77,1.08,33.73000000000002
1.41,2.77,1.1,34.45000000000002
1.41,2.78,0.9,36.19999999999998
1.41,2.78,0.92,35.47999999999998
1.41,2.78,0.9400000000000001,34.91999999999998
1.41,2.78,0.9600000000000001,34.51999999999998
1.41,2.78,0.9800000000000001,34.27999999999998
1.41,2.78,1.0,34.19999999999998
1.41,2.78,1.02,34.27999999999998
1.41,2.78,1.04,34.51999999999998
1.41,2.78,1.06,34.91999999999998
1.41,2.78,1.08,35.47999999999998
1.41,2.78,1.1,36.19999999999999
1.41,2.79,0.9,38.050000000000026
1.41,2.79,0.92,37.33000000000003
1.41,2.79,0.9400000000000001,36.770000000000024
1.41,2.79,0.9600000000000001,36.370000000000026
1.41,2.79,0.9800000000000001,36.130000000000024
1.41,2.79,1.0,36.050000000000026
1.41,2.79,1.02,36.130000000000024
1.41,2.79,1.04,36.370000000000026
1.41,2.79,1.06,36.770000000000024
1.41,2.79,1.08,37.33000000000003
1.41,2.79,1.1,38.050000000000026
1.41,2.8,0.9,39.99999999999998
1.41,2.8,0.92,39.27999999999998
1.41,2.8,0.9400000000000001,38.71999999999998
1.41,2.8,0.9600000000000001,38.31999999999998
1.41,2.8,0.9800000000000001,38.07999999999998
1.41,2.8,1.0,37.99999999999998
1.41,2.8,1.02,38.07999999999998
1.41,2.8,1.04,38.31999999999998
1.41,2.8,1.06,38.71999999999998
1.41,2.8,1.08,39.27999999999998
1.41,2.8,1.1,39.999999999999986
1.42,2.4,0.9,37.680000000000064
1.42,2.4,0.92,36.960000000000065
1.42,2.4,0.9400000000000001,36.40000000000006
1.42,2.4,0.9600000000000001,36.000000000000064
1.42,2.4,0.9800000000000001,35.76000000000006
1.42,2.4,1.0,35.680000000000064
1.42,2.4,1.02,35.76000000000006
1.42,2.4,1.04,36.000000000000064
1.42,2.4,1.06,36.40000000000006
1.42,2.4,1.08,36.960000000000065
1.42,2.4,1.1,37.680000000000064
1.42,2.4099999999999997,0.9,35.7300000000001
1.42,2.4099999999999997,0.92,35.010000000000105
1.42,2.4099999999999997,0.9400000000000001,34.4500000000001
1.42,2.4099999999999997,0.9600000000000001,34.050000000000104
1.42,2.4099999999999997,0.9800000000000001,33.8100000000001
1.42,2.4099999999999997,1.0,33.7300000000001
1.42,2.4099999999999997,1.02,33.8100000000001
1.42,2.4099999999999997,1.04,34.050000000000104
1.42,2.4099999999999997,1.06,34.4500000000001
1.42,2.4099999999999997,1.08,35.010000000000105
1.42,2.4099999999999997,1.1,35.7300000000001
1.42,2.42,0.9,33.88000000000006
1.42,2.42,0.92,33.16000000000006
1.42,2.42,0.9400000000000001,32.60000000000006
1.42,2.42,0.9600000000000001,32.20000000000006
1.42,2.42,0.9800000000000001,31.960000000000058
1.42,2.42,1.0,31.88000000000006
1.42,2.42,1.02,31.96000000000006
1.42,2.42,1.04,32.20000000000006
1.42,2.42,1.06,32.60000000000006
1.42,2.42,1.08,33.16000000000006
1.42,2.42,1.1,33.88000000000007
1.42,2.4299999999999997,0.9,32.13000000000009
1.42,2.4299999999999997,0.92,31.41000000000009
1.42,2.4299999999999997,0.9400000000000001,30.85000000000009
1.42,2.4299999999999997,0.9600000000000001,30.45000000000009
1.42,2.4299999999999997,0.9800000000000001,30.21000000000009
1.42,2.4299999999999997,1.0,30.13000000000009
1.42,2.4299999999999997,1.02,30.210000000000093
1.42,2.4299999999999997,1.04,30.45000000000009
1.42,2.4299999999999997,1.06,30.850000000000094
1.42,2.4299999999999997,1.08,31.410000000000093
1.42,2.4299999999999997,1.1,32.130000000000095
1.42,2.44,0.9,30.480000000000054
1.42,2.44,0.92,29.76000000000005
1.42,2.44,0.9400000000000001,29.200000000000053
1.42,2.44,0.9600000000000001,28.800000000000054
1.42,2.44,0.9800000000000001,28.560000000000052
1.42,2.44,1.0,28.480000000000054
1.42,2.44,1.02,28.560000000000056
1.42,2.44,1.04,28.800000000000054
1.42,2.44,1.06,29.200000000000056
1.42,2.44,1.08,29.760000000000055
1.42,2.44,1.1,30.480000000000057
1.42,2.4499999999999997,0.9,28.93000000000008
1.42,2.4499999999999997,0.92,28.21000000000008
1.42,2.4499999999999997,0.9400000000000001,27.65000000000008
1.42,2.4499999999999997,0.9600000000000001,27.25000000000008
1.42,2.4499999999999997,0.9800000000000001,27.01000000000008
1.42,2.4499999999999997,1.0,26.93000000000008
1.42,2.4499999999999997,1.02,27.010000000000083
1.42,2.4499999999999997,1.04,27.25000000000008
1.42,2.4499999999999997,1.06,27.650000000000084
1.42,2.4499999999999997,1.08,28.210000000000083
1.42,2.4499999999999997,1.1,28.930000000000085
1.42,2.46,0.9,27.480000000000047
1.42,2.46,0.92,26.760000000000044
1.42,2.46,0.9400000000000001,26.200000000000045
1.42,2.46,0.9600000000000001,25.800000000000047
1.42,2.46,0.9800000000000001,25.560000000000045
1.42,2.46,1.0,25.480000000000047
1.42,2.46,1.02,25.56000000000005
1.42,2.46,1.04,25.800000000000047
1.42,2.46,1.06,26.20000000000005
1.42,2.46,1.08,26.760000000000048
1.42,2.46,1.1,27.48000000000005
1.42,2.4699999999999998,0.9,26.130000000000074
1.42,2.4699999999999998,0.92,25.41000000000007
1.42,2.4699999999999998,0.9400000000000001,24.850000000000072
1.42,2.4699999999999998,0.9600000000000001,24.450000000000074
1.42,2.4699999999999998,0.9800000000000001,24.210000000000072
1.42,2.4699999999999998,1.0,24.130000000000074
1.42,2.4699999999999998,1.02,24.210000000000075
1.42,2.4699999999999998,1.04,24.450000000000074
1.42,2.4699999999999998,1.06,24.850000000000076
1.42,2.4699999999999998,1.08,25.410000000000075
1.42,2.4699999999999998,1.1,26.130000000000077
1.42,2.48,0.9,24.88000000000004
1.42,2.48,0.92,24.16000000000004
1.42,2.48,0.9400000000000001,23.60000000000004
1.42,2.48,0.9600000000000001,23.200000000000042
1.42,2.48,0.9800000000000001,22.96000000000004
1.42,2.48,1.0,22.88000000000004
1.42,2.48,1.02,22.960000000000043
1.42,2.48,1.04,23.200000000000042
1.42,2.48,1.06,23.600000000000044
1.42,2.48,1.08,24.160000000000043
1.42,2.48,1.1,24.880000000000045
1.42,2.4899999999999998,0.9,23.730000000000064
1.42,2.4899999999999998,0.92,23.010000000000062
1.42,2.4899999999999998,0.9400000000000001,22.450000000000063
1.42,2.4899999999999998,0.9600000000000001,22.050000000000065
1.42,2.4899999999999998,0.9800000000000001,21.810000000000063
1.42,2.4899999999999998,1.0,21.730000000000064
1.42,2.4899999999999998,1.02,21.810000000000066
1.42,2.4899999999999998,1.04,22.050000000000065
1.42,2.4899999999999998,1.06,22.450000000000067
1.42,2.4899999999999998,1.08,23.010000000000066
1.42,2.4899999999999998,1.1,23.730000000000068
1.42,2.5,0.9,22.680000000000035
1.42,2.5,0.92,21.960000000000033
1.42,2.5,0.9400000000000001,21.400000000000034
1.42,2.5,0.9600000000000001,21.000000000000036
1.42,2.5,0.9800000000000001,20.760000000000034
1.42,2.5,1.0,20.680000000000035
1.42,2.5,1.02,20.760000000000037
1.42,2.5,1.04,21.000000000000036
1.42,2.5,1.06,21.400000000000038
1.42,2.5,1.08,21.960000000000036
1.42,2.5,1.1,22.68000000000004
1.42,2.51,0.9,21.730000000000054
1.42,2.51,0.92,21.01000000000005
1.42,2.51,0.9400000000000001,20.450000000000053
1.42,2.51,0.9600000000000001,20.050000000000054
1.42,2.51,0.9800000000000001,19.810000000000052
1.42,2.51,1.0,19.730000000000054
1.42,2.51,1.02,19.810000000000056
1.42,2.51,1.04,20.050000000000054
1.42,2.51,1.06,20.450000000000056
1.42,2.51,1.08,21.010000000000055
1.42,2.51,1.1,21.730000000000057
1.42,2.52,0.9,20.880000000000035
1.42,2.52,0.92,20.160000000000032
1.42,2.52,0.9400000000000001,19.600000000000033
1.42,2.52,0.9600000000000001,19.200000000000035
1.42,2.52,0.9800000000000001,18.960000000000033
1.42,2.52,1.0,18.880000000000035
1.42,2.52,1.02,18.960000000000036
1.42,2.52,1.04,19.200000000000035
1.42,2.52,1.06,19.600000000000037
1.42,2.52,1.08,20.160000000000036
1.42,2.52,1.1,20.880000000000038
1.42,2.53,0.9,20.13000000000005
1.42,2.53,0.92,19.410000000000046
1.42,2.53,0.9400000000000001,18.850000000000048
1.42,2.53,0.9600000000000001,18.45000000000005
1.42,2.53,0.9800000000000001,18.210000000000047
1.42,2.53,1.0,18.13000000000005
1.42,2.53,1.02,18.21000000000005
1.42,2.53,1.04,18.45000000000005
1.42,2.53,1.06,18.85000000000005
1.42,2.53,1.08,19.41000000000005
1.42,2.53,1.1,20.130000000000052
1.42,2.54,0.9,19.480000000000032
1.42,2.54,0.92,18.76000000000003
1.42,2.54,0.9400000000000001,18.20000000000003
1.42,2.54,0.9600000000000001,17.800000000000033
1.42,2.54,0.9800000000000001,17.56000000000003
1.42,2.54,1.0,17.480000000000032
1.42,2.54,1.02,17.560000000000034
1.42,2.54,1.04,17.800000000000033
1.42,2.54,1.06,18.200000000000035
1.42,2.54,1.08,18.760000000000034
1.42,2.54,1.1,19.480000000000036
1.42,2.55,0.9,18.930000000000042
1.42,2.55,0.92,18.21000000000004
1.42,2.55,0.9400000000000001,17.65000000000004
1.42,2.55,0.9600000000000001,17.250000000000043
1.42,2.55,0.9800000000000001,17.01000000000004
1.42,2.55,1.0,16.930000000000042
1.42,2.55,1.02,17.010000000000044
1.42,2.55,1.04,17.250000000000043
1.42,2.55,1.06,17.650000000000045
1.42,2.55,1.08,18.210000000000043
1.42,2.55,1.1,18.930000000000046
1.42,2.56,0.9,18.48000000000003
1.42,2.56,0.92,17.760000000000026
1.42,2.56,0.9400000000000001,17.200000000000028
1.42,2.56,0.9600000000000001,16.80000000000003
1.42,2.56,0.9800000000000001,16.560000000000027
1.42,2.56,1.0,16.48000000000003
1.42,2.56,1.02,16.56000000000003
1.42,2.56,1.04,16.80000000000003
1.42,2.56,1.06,17.20000000000003
1.42,2.56,1.08,17.76000000000003
1.42,2.56,1.1,18.480000000000032
1.42,2.57,0.9,18.130000000000035
1.42,2.57,0.92,17.410000000000032
1.42,2.57,0.9400000000000001,16.850000000000033
1.42,2.57,0.9600000000000001,16.450000000000035
1.42,2.57,0.9800000000000001,16.210000000000033
1.42,2.57,1.0,16.130000000000035
1.42,2.57,1.02,16.210000000000036
1.42,2.57,1.04,16.450000000000035
1.42,2.57,1.06,16.850000000000037
1.42,2.57,1.08,17.410000000000036
1.42,2.57,1.1,18.130000000000038
1.42,2.58,0.9,17.880000000000027
1.42,2.58,0.92,17.16000000000003
1.42,2.58,0.9400000000000001,16.600000000000026
1.42,2.58,0.9600000000000001,16.200000000000028
1.42,2.58,0.9800000000000001,15.96000000000003
1.42,2.58,1.0,15.88000000000003
1.42,2.58,1.02,15.96000000000003
1.42,2.58,1.04,16.20000000000003
1.42,2.58,1.06,16.60000000000003
1.42,2.58,1.08,17.160000000000032
1.42,2.58,1.1,17.88000000000003
1.42,2.59,0.9,17.73000000000003
1.42,2.59,0.92,17.01000000000003
1.42,2.59,0.9400000000000001,16.450000000000028
1.42,2.59,0.9600000000000001,16.05000000000003
1.42,2.59,0.9800000000000001,15.81000000000003
1.42,2.59,1.0,15.73000000000003
1.42,2.59,1.02,15.81000000000003
1.42,2.59,1.04,16.050000000000033
1.42,2.59,1.06,16.45000000000003
1.42,2.59,1.08,17.010000000000034
1.42,2.59,1.1,17.730000000000032
1.42,2.5999999999999996,0.9,17.680000000000028
1.42,2.5999999999999996,0.92,16.960000000000026
1.42,2.5999999999999996,0.9400000000000001,16.400000000000027
1.42,2.5999999999999996,0.9600000000000001,16.00000000000003
1.42,2.5999999999999996,0.9800000000000001,15.760000000000028
1.42,2.5999999999999996,1.0,15.680000000000028
1.42,2.5999999999999996,1.02,15.760000000000028
1.42,2.5999999999999996,1.04,16.00000000000003
1.42,2.5999999999999996,1.06,16.40000000000003
1.42,2.5999999999999996,1.08,16.96000000000003
1.42,2.5999999999999996,1.1,17.68000000000003
1.42,2.61,0.9,17.730000000000025
1.42,2.61,0.92,17.010000000000023
1.42,2.61,0.9400000000000001,16.450000000000024
1.42,2.61,0.9600000000000001,16.050000000000026
1.42,2.61,0.9800000000000001,15.810000000000025
1.42,2.61,1.0,15.730000000000025
1.42,2.61,1.02,15.810000000000025
1.42,2.61,1.04,16.050000000000026
1.42,2.61,1.06,16.450000000000028
1.42,2.61,1.08,17.010000000000026
1.42,2.61,1.1,17.73000000000003
1.42,2.62,0.9,17.880000000000027
1.42,2.62,0.92,17.16000000000003
1.42,2.62,0.9400000000000001,16.600000000000026
1.42,2.62,0.9600000000000001,16.200000000000028
1.42,2.62,0.9800000000000001,15.96000000000003
1.42,2.62,1.0,15.88000000000003
1.42,2.62,1.02,15.96000000000003
1.42,2.62,1.04,16.20000000000003
1.42,2.62,1.06,16.60000000000003
1.42,2.62,1.08,17.160000000000032
1.42,2.62,1.1,17.88000000000003
1.42,2.63,0.9,18.130000000000024
1.42,2.63,0.92,17.41000000000002
1.42,2.63,0.9400000000000001,16.850000000000023
1.42,2.63,0.9600000000000001,16.450000000000024
1.42,2.63,0.9800000000000001,16.210000000000022
1.42,2.63,1.0,16.130000000000024
1.42,2.63,1.02,16.210000000000026
1.42,2.63,1.04,16.450000000000024
1.42,2.63,1.06,16.850000000000026
1.42,2.63,1.08,17.410000000000025
1.42,2.63,1.1,18.130000000000027
1.42,2.6399999999999997,0.9,18.48000000000001
1.42,2.6399999999999997,0.92,17.76000000000001
1.42,2.6399999999999997,0.9400000000000001,17.20000000000001
1.42,2.6399999999999997,0.9600000000000001,16.80000000000001
1.42,2.6399999999999997,0.9800000000000001,16.56000000000001
1.42,2.6399999999999997,1.0,16.48000000000001
1.42,2.6399999999999997,1.02,16.560000000000013
1.42,2.6399999999999997,1.04,16.80000000000001
1.42,2.6399999999999997,1.06,17.200000000000014
1.42,2.6399999999999997,1.08,17.760000000000012
1.42,2.6399999999999997,1.1,18.480000000000015
1.42,2.65,0.9,18.93000000000002
1.42,2.65,0.92,18.21000000000002
1.42,2.65,0.9400000000000001,17.65000000000002
1.42,2.65,0.9600000000000001,17.25000000000002
1.42,2.65,0.9800000000000001,17.01000000000002
1.42,2.65,1.0,16.93000000000002
1.42,2.65,1.02,17.010000000000023
1.42,2.65,1.04,17.25000000000002
1.42,2.65,1.06,17.650000000000023
1.42,2.65,1.08,18.210000000000022
1.42,2.65,1.1,18.930000000000025
1.42,2.6599999999999997,0.9,19.480000000000004
1.42,2.6599999999999997,0.92,18.76
1.42,2.6599999999999997,0.9400000000000001,18.200000000000003
1.42,2.6599999999999997,0.9600000000000001,17.800000000000004
1.42,2.6599999999999997,0.9800000000000001,17.560000000000002
1.42,2.6599999999999997,1.0,17.480000000000004
1.42,2.6599999999999997,1.02,17.560000000000006
1.42,2.6599999999999997,1.04,17.800000000000004
1.42,2.6599999999999997,1.06,18.200000000000006
1.42,2.6599999999999997,1.08,18.760000000000005
1.42,2.6599999999999997,1.1,19.480000000000008
1.42,2.67,0.9,20.130000000000017
1.42,2.67,0.92,19.410000000000014
1.42,2.67,0.9400000000000001,18.850000000000016
1.42,2.67,0.9600000000000001,18.450000000000017
1.42,2.67,0.9800000000000001,18.210000000000015
1.42,2.67,1.0,18.130000000000017
1.42,2.67,1.02,18.21000000000002
1.42,2.67,1.04,18.450000000000017
1.42,2.67,1.06,18.85000000000002
1.42,2.67,1.08,19.410000000000018
1.42,2.67,1.1,20.13000000000002
1.42,2.6799999999999997,0.9,20.88
1.42,2.6799999999999997,0.92,20.159999999999997
1.42,2.6799999999999997,0.9400000000000001,19.599999999999998
1.42,2.6799999999999997,0.9600000000000001,19.2
1.42,2.6799999999999997,0.9800000000000001,18.959999999999997
1.42,2.6799999999999997,1.0,18.88
1.42,2.6799999999999997,1.02,18.96
1.42,2.6799999999999997,1.04,19.2
1.42,2.6799999999999997,1.06,19.6
1.42,2.6799999999999997,1.08,20.16
1.42,2.6799999999999997,1.1,20.880000000000003
1.42,2.69,0.9,21.730000000000015
1.42,2.69,0.92,21.010000000000012
1.42,2.69,0.9400000000000001,20.450000000000014
1.42,2.69,0.9600000000000001,20.050000000000015
1.42,2.69,0.9800000000000001,19.810000000000013
1.42,2.69,1.0,19.730000000000015
1.42,2.69,1.02,19.810000000000016
1.42,2.69,1.04,20.050000000000015
1.42,2.69,1.06,20.450000000000017
1.42,2.69,1.08,21.010000000000016
1.42,2.69,1.1,21.730000000000018
1.42,2.6999999999999997,0.9,22.679999999999993
1.42,2.6999999999999997,0.92,21.95999999999999
1.42,2.6999999999999997,0.9400000000000001,21.39999999999999
1.42,2.6999999999999997,0.9600000000000001,20.999999999999993
1.42,2.6999999999999997,0.9800000000000001,20.75999999999999
1.42,2.6999999999999997,1.0,20.679999999999993
1.42,2.6999999999999997,1.02,20.759999999999994
1.42,2.6999999999999997,1.04,20.999999999999993
1.42,2.6999999999999997,1.06,21.399999999999995
1.42,2.6999999999999997,1.08,21.959999999999994
1.42,2.6999999999999997,1.1,22.679999999999996
1.42,2.71,0.9,23.730000000000015
1.42,2.71,0.92,23.010000000000012
1.42,2.71,0.9400000000000001,22.450000000000014
1.42,2.71,0.9600000000000001,22.050000000000015
1.42,2.71,0.9800000000000001,21.810000000000013
1.42,2.71,1.0,21.730000000000015
1.42,2.71,1.02,21.810000000000016
1.42,2.71,1.04,22.050000000000015
1.42,2.71,1.06,22.450000000000017
1.42,2.71,1.08,23.010000000000016
1.42,2.71,1.1,23.730000000000018
1.42,2.7199999999999998,0.9,24.87999999999999
1.42,2.7199999999999998,0.92,24.159999999999986
1.42,2.7199999999999998,0.9400000000000001,23.599999999999987
1.42,2.7199999999999998,0.9600000000000001,23.19999999999999
1.42,2.7199999999999998,0.9800000000000001,22.959999999999987
1.42,2.7199999999999998,1.0,22.87999999999999
1.42,2.7199999999999998,1.02,22.95999999999999
1.42,2.7199999999999998,1.04,23.19999999999999
1.42,2.7199999999999998,1.06,23.59999999999999
1.42,2.7199999999999998,1.08,24.15999999999999
1.42,2.7199999999999998,1.1,24.879999999999992
1.42,2.73,0.9,26.130000000000013
1.42,2.73,0.92,25.41000000000001
1.42,2.73,0.9400000000000001,24.850000000000012
1.42,2.73,0.9600000000000001,24.450000000000014
1.42,2.73,0.9800000000000001,24.21000000000001
1.42,2.73,1.0,24.130000000000013
1.42,2.73,1.02,24.210000000000015
1.42,2.73,1.04,24.450000000000014
1.42,2.73,1.06,24.850000000000016
1.42,2.73,1.08,25.410000000000014
1.42,2.73,1.1,26.130000000000017
1.42,2.7399999999999998,0.9,27.479999999999983
1.42,2.7399999999999998,0.92,26.75999999999998
1.42,2.7399999999999998,0.9400000000000001,26.19999999999998
1.42,2.7399999999999998,0.9600000000000001,25.799999999999983
1.42,2.7399999999999998,0.9800000000000001,25.55999999999998
1.42,2.7399999999999998,1.0,25.479999999999983
1.42,2.7399999999999998,1.02,25.559999999999985
1.42,2.7399999999999998,1.04,25.799999999999983
1.42,2.7399999999999998,1.06,26.199999999999985
1.42,2.7399999999999998,1.08,26.759999999999984
1.42,2.7399999999999998,1.1,27.479999999999986
1.42,2.75,0.9,28.930000000000014
1.42,2.75,0.92,28.21000000000001
1.42,2.75,0.9400000000000001,27.650000000000013
1.42,2.75,0.9600000000000001,27.250000000000014
1.42,2.75,0.9800000000000001,27.010000000000012
1.42,2.75,1.0,26.930000000000014
1.42,2.75,1.02,27.010000000000016
1.42,2.75,1.04,27.250000000000014
1.42,2.75,1.06,27.650000000000016
1.42,2.75,1.08,28.210000000000015
1.42,2.75,1.1,28.930000000000017
1.42,2.76,0.9,30.479999999999983
1.42,2.76,0.92,29.75999999999998
1.42,2.76,0.9400000000000001,29.19999999999998
1.42,2.76,0.9600000000000001,28.799999999999983
1.42,2.76,0.9800000000000001,28.55999999999998
1.42,2.76,1.0,28.479999999999983
1.42,2.76,1.02,28.559999999999985
1.42,2.76,1.04,28.799999999999983
1.42,2.76,1.06,29.199999999999985
1.42,2.76,1.08,29.759999999999984
1.42,2.76,1.1,30.479999999999986
1.42,2.77,0.9,32.13000000000002
1.42,2.77,0.92,31.410000000000014
1.42,2.77,0.9400000000000001,30.850000000000016
1.42,2.77,0.9600000000000001,30.450000000000017
1.42,2.77,0.9800000000000001,30.210000000000015
1.42,2.77,1.0,30.130000000000017
1.42,2.77,1.02,30.21000000000002
1.42,2.77,1.04,30.450000000000017
1.42,2.77,1.06,30.85000000000002
1.42,2.77,1.08,31.410000000000018
1.42,2.77,1.1,32.130000000000024
1.42,2.78,0.9,33.879999999999974
1.42,2.78,0.92,33.159999999999975
1.42,2.78,0.9400000000000001,32.59999999999997
1.42,2.78,0.9600000000000001,32.199999999999974
1.42,2.78,0.9800000000000001,31.959999999999976
1.42,2.78,1.0,31.879999999999978
1.42,2.78,1.02,31.95999999999998
1.42,2.78,1.04,32.19999999999998
1.42,2.78,1.06,32.59999999999998
1.42,2.78,1.08,33.15999999999998
1.42,2.78,1.1,33.87999999999998
1.42,2.79,0.9,35.73000000000002
1.42,2.79,0.92,35.01000000000002
1.42,2.79,0.9400000000000001,34.45000000000002
1.42,2.79,0.9600000000000001,34.05000000000002
1.42,2.79,0.9800000000000001,33.81000000000002
1.42,2.79,1.0,33.73000000000002
1.42,2.79,1.02,33.81000000000002
1.42,2.79,1.04,34.05000000000002
1.42,2.79,1.06,34.45000000000002
1.42,2.79,1.08,35.01000000000002
1.42,2.79,1.1,35.73000000000002
1.42,2.8,0.9,37.67999999999998
1.42,2.8,0.92,36.95999999999998
1.42,2.8,0.9400000000000001,36.39999999999998
1.42,2.8,0.9600000000000001,35.99999999999998
1.42,2.8,0.9800000000000001,35.75999999999998
1.42,2.8,1.0,35.67999999999998
1.42,2.8,1.02,35.75999999999998
1.42,2.8,1.04,35.99999999999998
1.42,2.8,1.06,36.39999999999998
1.42,2.8,1.08,36.95999999999998
1.42,2.8,1.1,37.67999999999998
1.43,2.4,0.9,35.52000000000006
1.43,2.4,0.92,34.80000000000006
1.43,2.4,0.9400000000000001,34.24000000000006
1.43,2.4,0.9600000000000001,33.84000000000006
1.43,2.4,0.9800000000000001,33.60000000000006
1.43,2.4,1.0,33.52000000000006
1.43,2.4,1.02,33.60000000000006
1.43,2.4,1.04,33.84000000000006
1.43,2.4,1.06,34.24000000000006
1.43,2.4,1.08,34.80000000000006
1.43,2.4,1.1,35.52000000000007
1.43,2.4099999999999997,0.9,33.57000000000009
1.43,2.4099999999999997,0.92,32.850000000000094
1.43,2.4099999999999997,0.9400000000000001,32.29000000000009
1.43,2.4099999999999997,0.9600000000000001,31.890000000000096
1.43,2.4099999999999997,0.9800000000000001,31.650000000000095
1.43,2.4099999999999997,1.0,31.570000000000096
1.43,2.4099999999999997,1.02,31.650000000000098
1.43,2.4099999999999997,1.04,31.890000000000096
1.43,2.4099999999999997,1.06,32.2900000000001
1.43,2.4099999999999997,1.08,32.8500000000001
1.43,2.4099999999999997,1.1,33.5700000000001
1.43,2.42,0.9,31.720000000000056
1.43,2.42,0.92,31.000000000000053
1.43,2.42,0.9400000000000001,30.440000000000055
1.43,2.42,0.9600000000000001,30.040000000000056
1.43,2.42,0.9800000000000001,29.800000000000054
1.43,2.42,1.0,29.720000000000056
1.43,2.42,1.02,29.800000000000058
1.43,2.42,1.04,30.040000000000056
1.43,2.42,1.06,30.440000000000058
1.43,2.42,1.08,31.000000000000057
1.43,2.42,1.1,31.72000000000006
1.43,2.4299999999999997,0.9,29.970000000000088
1.43,2.4299999999999997,0.92,29.250000000000085
1.43,2.4299999999999997,0.9400000000000001,28.690000000000087
1.43,2.4299999999999997,0.9600000000000001,28.290000000000088
1.43,2.4299999999999997,0.9800000000000001,28.050000000000086
1.43,2.4299999999999997,1.0,27.970000000000088
1.43,2.4299999999999997,1.02,28.05000000000009
1.43,2.4299999999999997,1.04,28.290000000000088
1.43,2.4299999999999997,1.06,28.69000000000009
1.43,2.4299999999999997,1.08,29.25000000000009
1.43,2.4299999999999997,1.1,29.97000000000009
1.43,2.44,0.9,28.32000000000005
1.43,2.44,0.92,27.600000000000048
1.43,2.44,0.9400000000000001,27.04000000000005
1.43,2.44,0.9600000000000001,26.64000000000005
1.43,2.44,0.9800000000000001,26.40000000000005
1.43,2.44,1.0,26.32000000000005
1.43,2.44,1.02,26.400000000000052
1.43,2.44,1.04,26.64000000000005
1.43,2.44,1.06,27.040000000000052
1.43,2.44,1.08,27.60000000000005
1.43,2.44,1.1,28.320000000000054
1.43,2.4499999999999997,0.9,26.770000000000078
1.43,2.4499999999999997,0.92,26.050000000000075
1.43,2.4499999999999997,0.9400000000000001,25.490000000000077
1.43,2.4499999999999997,0.9600000000000001,25.090000000000078
1.43,2.4499999999999997,0.9800000000000001,24.850000000000076
1.43,2.4499999999999997,1.0,24.770000000000078
1.43,2.4499999999999997,1.02,24.85000000000008
1.43,2.4499999999999997,1.04,25.090000000000078
1.43,2.4499999999999997,1.06,25.49000000000008
1.43,2.4499999999999997,1.08,26.05000000000008
1.43,2.4499999999999997,1.1,26.77000000000008
1.43,2.46,0.9,25.320000000000043
1.43,2.46,0.92,24.60000000000004
1.43,2.46,0.9400000000000001,24.040000000000042
1.43,2.46,0.9600000000000001,23.640000000000043
1.43,2.46,0.9800000000000001,23.40000000000004
1.43,2.46,1.0,23.320000000000043
1.43,2.46,1.02,23.400000000000045
1.43,2.46,1.04,23.640000000000043
1.43,2.46,1.06,24.040000000000045
1.43,2.46,1.08,24.600000000000044
1.43,2.46,1.1,25.320000000000046
1.43,2.4699999999999998,0.9,23.97000000000007
1.43,2.4699999999999998,0.92,23.250000000000068
1.43,2.4699999999999998,0.9400000000000001,22.69000000000007
1.43,2.4699999999999998,0.9600000000000001,22.29000000000007
1.43,2.4699999999999998,0.9800000000000001,22.050000000000068
1.43,2.4699999999999998,1.0,21.97000000000007
1.43,2.4699999999999998,1.02,22.05000000000007
1.43,2.4699999999999998,1.04,22.29000000000007
1.43,2.4699999999999998,1.06,22.690000000000072
1.43,2.4699999999999998,1.08,23.25000000000007
1.43,2.4699999999999998,1.1,23.970000000000073
1.43,2.48,0.9,22.720000000000038
1.43,2.48,0.92,22.000000000000036
1.43,2.48,0.9400000000000001,21.440000000000037
1.43,2.48,0.9600000000000001,21.04000000000004
1.43,2.48,0.9800000000000001,20.800000000000036
1.43,2.48,1.0,20.720000000000038
1.43,2.48,1.02,20.80000000000004
1.43,2.48,1.04,21.04000000000004
1.43,2.48,1.06,21.44000000000004
1.43,2.48,1.08,22.00000000000004
1.43,2.48,1.1,22.72000000000004
1.43,2.4899999999999998,0.9,21.57000000000006
1.43,2.4899999999999998,0.92,20.85000000000006
1.43,2.4899999999999998,0.9400000000000001,20.29000000000006
1.43,2.4899999999999998,0.9600000000000001,19.89000000000006
1.43,2.4899999999999998,0.9800000000000001,19.65000000000006
1.43,2.4899999999999998,1.0,19.57000000000006
1.43,2.4899999999999998,1.02,19.650000000000063
1.43,2.4899999999999998,1.04,19.89000000000006
1.43,2.4899999999999998,1.06,20.290000000000063
1.43,2.4899999999999998,1.08,20.850000000000062
1.43,2.4899999999999998,1.1,21.570000000000064
1.43,2.5,0.9,20.52000000000003
1.43,2.5,0.92,19.80000000000003
1.43,2.5,0.9400000000000001,19.24000000000003
1.43,2.5,0.9600000000000001,18.840000000000032
1.43,2.5,0.9800000000000001,18.60000000000003
1.43,2.5,1.0,18.52000000000003
1.43,2.5,1.02,18.600000000000033
1.43,2.5,1.04,18.840000000000032
1.43,2.5,1.06,19.240000000000034
1.43,2.5,1.08,19.800000000000033
1.43,2.5,1.1,20.520000000000035
1.43,2.51,0.9,19.57000000000005
1.43,2.51,0.92,18.850000000000048
1.43,2.51,0.9400000000000001,18.29000000000005
1.43,2.51,0.9600000000000001,17.89000000000005
1.43,2.51,0.9800000000000001,17.65000000000005
1.43,2.51,1.0,17.57000000000005
1.43,2.51,1.02,17.650000000000052
1.43,2.51,1.04,17.89000000000005
1.43,2.51,1.06,18.290000000000052
1.43,2.51,1.08,18.85000000000005
1.43,2.51,1.1,19.570000000000054
1.43,2.52,0.9,18.72000000000003
1.43,2.52,0.92,18.00000000000003
1.43,2.52,0.9400000000000001,17.44000000000003
1.43,2.52,0.9600000000000001,17.04000000000003
1.43,2.52,0.9800000000000001,16.80000000000003
1.43,2.52,1.0,16.72000000000003
1.43,2.52,1.02,16.800000000000033
1.43,2.52,1.04,17.04000000000003
1.43,2.52,1.06,17.440000000000033
1.43,2.52,1.08,18.000000000000032
1.43,2.52,1.1,18.720000000000034
1.43,2.53,0.9,17.970000000000045
1.43,2.53,0.92,17.250000000000043
1.43,2.53,0.9400000000000001,16.690000000000044
1.43,2.53,0.9600000000000001,16.290000000000045
1.43,2.53,0.9800000000000001,16.050000000000043
1.43,2.53,1.0,15.970000000000045
1.43,2.53,1.02,16.050000000000047
1.43,2.53,1.04,16.290000000000045
1.43,2.53,1.06,16.690000000000047
1.43,2.53,1.08,17.250000000000046
1.43,2.53,1.1,17.97000000000005
1.43,2.54,0.9,17.320000000000025
1.43,2.54,0.92,16.600000000000026
1.43,2.54,0.9400000000000001,16.040000000000024
1.43,2.54,0.9600000000000001,15.640000000000025
1.43,2.54,0.9800000000000001,15.400000000000027
1.43,2.54,1.0,15.320000000000027
1.43,2.54,1.02,15.400000000000027
1.43,2.54,1.04,15.640000000000027
1.43,2.54,1.06,16.040000000000028
1.43,2.54,1.08,16.60000000000003
1.43,2.54,1.1,17.32000000000003
1.43,2.55,0.9,16.77000000000004
1.43,2.55,0.92,16.050000000000036
1.43,2.55,0.9400000000000001,15.490000000000038
1.43,2.55,0.9600000000000001,15.090000000000037
1.43,2.55,0.9800000000000001,14.850000000000039
1.43,2.55,1.0,14.770000000000039
1.43,2.55,1.02,14.850000000000039
1.43,2.55,1.04,15.090000000000039
1.43,2.55,1.06,15.49000000000004
1.43,2.55,1.08,16.05000000000004
1.43,2.55,1.1,16.770000000000042
1.43,2.56,0.9,16.320000000000025
1.43,2.56,0.92,15.600000000000025
1.43,2.56,0.9400000000000001,15.040000000000024
1.43,2.56,0.9600000000000001,14.640000000000024
1.43,2.56,0.9800000000000001,14.400000000000025
1.43,2.56,1.0,14.320000000000025
1.43,2.56,1.02,14.400000000000025
1.43,2.56,1.04,14.640000000000025
1.43,2.56,1.06,15.040000000000026
1.43,2.56,1.08,15.600000000000028
1.43,2.56,1.1,16.32000000000003
1.43,2.57,0.9,15.97000000000003
1.43,2.57,0.92,15.250000000000032
1.43,2.57,0.9400000000000001,14.690000000000031
1.43,2.57,0.9600000000000001,14.290000000000031
1.43,2.57,0.9800000000000001,14.050000000000033
1.43,2.57,1.0,13.970000000000033
1.43,2.57,1.02,14.050000000000033
1.43,2.57,1.04,14.290000000000033
1.43,2.57,1.06,14.690000000000033
1.43,2.57,1.08,15.250000000000036
1.43,2.57,1.1,15.970000000000036
1.43,2.58,0.9,15.720000000000024
1.43,2.58,0.92,15.000000000000025
1.43,2.58,0.9400000000000001,14.440000000000024
1.43,2.58,0.9600000000000001,14.040000000000024
1.43,2.58,0.9800000000000001,13.800000000000026
1.43,2.58,1.0,13.720000000000026
1.43,2.58,1.02,13.800000000000026
1.43,2.58,1.04,14.040000000000026
1.43,2.58,1.06,14.440000000000026
1.43,2.58,1.08,15.000000000000028
1.43,2.58,1.1,15.720000000000029
1.43,2.59,0.9,15.570000000000025
1.43,2.59,0.92,14.850000000000026
1.43,2.59,0.9400000000000001,14.290000000000026
1.43,2.59,0.9600000000000001,13.890000000000025
1.43,2.59,0.9800000000000001,13.650000000000027
1.43,2.59,1.0,13.570000000000027
1.43,2.59,1.02,13.650000000000027
1.43,2.59,1.04,13.890000000000027
1.43,2.59,1.06,14.290000000000028
1.43,2.59,1.08,14.85000000000003
1.43,2.59,1.1,15.57000000000003
1.43,2.5999999999999996,0.9,15.520000000000024
1.43,2.5999999999999996,0.92,14.800000000000024
1.43,2.5999999999999996,0.9400000000000001,14.240000000000023
1.43,2.5999999999999996,0.9600000000000001,13.840000000000023
1.43,2.5999999999999996,0.9800000000000001,13.600000000000025
1.43,2.5999999999999996,1.0,13.520000000000024
1.43,2.5999999999999996,1.02,13.600000000000025
1.43,2.5999999999999996,1.04,13.840000000000025
1.43,2.5999999999999996,1.06,14.240000000000025
1.43,2.5999999999999996,1.08,14.800000000000027
1.43,2.5999999999999996,1.1,15.520000000000028
1.43,2.61,0.9,15.570000000000022
1.43,2.61,0.92,14.850000000000021
1.43,2.61,0.9400000000000001,14.29000000000002
1.43,2.61,0.9600000000000001,13.89000000000002
1.43,2.61,0.9800000000000001,13.650000000000022
1.43,2.61,1.0,13.570000000000022
1.43,2.61,1.02,13.650000000000022
1.43,2.61,1.04,13.890000000000022
1.43,2.61,1.06,14.290000000000022
1.43,2.61,1.08,14.850000000000025
1.43,2.61,1.1,15.570000000000025
1.43,2.62,0.9,15.720000000000024
1.43,2.62,0.92,15.000000000000025
1.43,2.62,0.9400000000000001,14.440000000000024
1.43,2.62,0.9600000000000001,14.040000000000024
1.43,2.62,0.9800000000000001,13.800000000000026
1.43,2.62,1.0,13.720000000000026
1.43,2.62,1.02,13.800000000000026
1.43,2.62,1.04,14.040000000000026
1.43,2.62,1.06,14.440000000000026
1.43,2.62,1.08,15.000000000000028
1.43,2.62,1.1,15.720000000000029
1.43,2.63,0.9,15.970000000000017
1.43,2.63,0.92,15.250000000000018
1.43,2.63,0.9400000000000001,14.690000000000017
1.43,2.63,0.9600000000000001,14.290000000000017
1.43,2.63,0.9800000000000001,14.050000000000018
1.43,2.63,1.0,13.970000000000018
1.43,2.63,1.02,14.050000000000018
1.43,2.63,1.04,14.290000000000019
1.43,2.63,1.06,14.690000000000019
1.43,2.63,1.08,15.250000000000021
1.43,2.63,1.1,15.970000000000022
1.43,2.6399999999999997,0.9,16.320000000000007
1.43,2.6399999999999997,0.92,15.600000000000007
1.43,2.6399999999999997,0.9400000000000001,15.040000000000006
1.43,2.6399999999999997,0.9600000000000001,14.640000000000006
1.43,2.6399999999999997,0.9800000000000001,14.400000000000007
1.43,2.6399999999999997,1.0,14.320000000000007
1.43,2.6399999999999997,1.02,14.400000000000007
1.43,2.6399999999999997,1.04,14.640000000000008
1.43,2.6399999999999997,1.06,15.040000000000008
1.43,2.6399999999999997,1.08,15.60000000000001
1.43,2.6399999999999997,1.1,16.32000000000001
1.43,2.65,0.9,16.770000000000014
1.43,2.65,0.92,16.050000000000015
1.43,2.65,0.9400000000000001,15.490000000000014
1.43,2.65,0.9600000000000001,15.090000000000014
1.43,2.65,0.9800000000000001,14.850000000000016
1.43,2.65,1.0,14.770000000000016
1.43,2.65,1.02,14.850000000000016
1.43,2.65,1.04,15.090000000000016
1.43,2.65,1.06,15.490000000000016
1.43,2.65,1.08,16.05000000000002
1.43,2.65,1.1,16.770000000000017
1.43,2.6599999999999997,0.9,17.32
1.43,2.6599999999999997,0.92,16.599999999999998
1.43,2.6599999999999997,0.9400000000000001,16.04
1.43,2.6599999999999997,0.9600000000000001,15.639999999999999
1.43,2.6599999999999997,0.9800000000000001,15.4
1.43,2.6599999999999997,1.0,15.32
1.43,2.6599999999999997,1.02,15.4
1.43,2.6599999999999997,1.04,15.64
1.43,2.6599999999999997,1.06,16.040000000000003
1.43,2.6599999999999997,1.08,16.6
1.43,2.6599999999999997,1.1,17.320000000000004
1.43,2.67,0.9,17.970000000000013
1.43,2.67,0.92,17.25000000000001
1.43,2.67,0.9400000000000001,16.690000000000012
1.43,2.67,0.9600000000000001,16.290000000000013
1.43,2.67,0.9800000000000001,16.05000000000001
1.43,2.67,1.0,15.970000000000013
1.43,2.67,1.02,16.050000000000015
1.43,2.67,1.04,16.290000000000013
1.43,2.67,1.06,16.690000000000015
1.43,2.67,1.08,17.250000000000014
1.43,2.67,1.1,17.970000000000017
1.43,2.6799999999999997,0.9,18.719999999999995
1.43,2.6799999999999997,0.92,17.999999999999993
1.43,2.6799999999999997,0.9400000000000001,17.439999999999994
1.43,2.6799999999999997,0.9600000000000001,17.039999999999996
1.43,2.6799999999999997,0.9800000000000001,16.799999999999994
1.43,2.6799999999999997,1.0,16.719999999999995
1.43,2.6799999999999997,1.02,16.799999999999997
1.43,2.6799999999999997,1.04,17.039999999999996
1.43,2.6799999999999997,1.06,17.439999999999998
1.43,2.6799999999999997,1.08,17.999999999999996
1.43,2.6799999999999997,1.1,18.72
1.43,2.69,0.9,19.57000000000001
1.43,2.69,0.92,18.85000000000001
1.43,2.69,0.9400000000000001,18.29000000000001
1.43,2.69,0.9600000000000001,17.89000000000001
1.43,2.69,0.9800000000000001,17.65000000000001
1.43,2.69,1.0,17.57000000000001
1.43,2.69,1.02,17.650000000000013
1.43,2.69,1.04,17.89000000000001
1.43,2.69,1.06,18.290000000000013
1.43,2.69,1.08,18.850000000000012
1.43,2.69,1.1,19.570000000000014
1.43,2.6999999999999997,0.9,20.51999999999999
1.43,2.6999999999999997,0.92,19.799999999999986
1.43,2.6999999999999997,0.9400000000000001,19.239999999999988
1.43,2.6999999999999997,0.9600000000000001,18.83999999999999
1.43,2.6999999999999997,0.9800000000000001,18.599999999999987
1.43,2.6999999999999997,1.0,18.51999999999999
1.43,2.6999999999999997,1.02,18.59999999999999
1.43,2.6999999999999997,1.04,18.83999999999999
1.43,2.6999999999999997,1.06,19.23999999999999
1.43,2.6999999999999997,1.08,19.79999999999999
1.43,2.6999999999999997,1.1,20.519999999999992
1.43,2.71,0.9,21.57000000000001
1.43,2.71,0.92,20.85000000000001
1.43,2.71,0.9400000000000001,20.29000000000001
1.43,2.71,0.9600000000000001,19.89000000000001
1.43,2.71,0.9800000000000001,19.65000000000001
1.43,2.71,1.0,19.57000000000001
1.43,2.71,1.02,19.650000000000013
1.43,2.71,1.04,19.89000000000001
1.43,2.71,1.06,20.290000000000013
1.43,2.71,1.08,20.850000000000012
1.43,2.71,1.1,21.570000000000014
1.43,2.7199999999999998,0.9,22.719999999999985
1.43,2.7199999999999998,0.92,21.999999999999982
1.43,2.7199999999999998,0.9400000000000001,21.439999999999984
1.43,2.7199999999999998,0.9600000000000001,21.039999999999985
1.43,2.7199999999999998,0.9800000000000001,20.799999999999983
1.43,2.7199999999999998,1.0,20.719999999999985
1.43,2.7199999999999998,1.02,20.799999999999986
1.43,2.7199999999999998,1.04,21.039999999999985
1.43,2.7199999999999998,1.06,21.439999999999987
1.43,2.7199999999999998,1.08,21.999999999999986
1.43,2.7199999999999998,1.1,22.719999999999988
1.43,2.73,0.9,23.97000000000001
1.43,2.73,0.92,23.250000000000007
1.43,2.73,0.9400000000000001,22.69000000000001
1.43,2.73,0.9600000000000001,22.29000000000001
1.43,2.73,0.9800000000000001,22.050000000000008
1.43,2.73,1.0,21.97000000000001
1.43,2.73,1.02,22.05000000000001
1.43,2.73,1.04,22.29000000000001
1.43,2.73,1.06,22.690000000000012
1.43,2.73,1.08,23.25000000000001
1.43,2.73,1.1,23.970000000000013
1.43,2.7399999999999998,0.9,25.31999999999998
1.43,2.7399999999999998,0.92,24.599999999999977
1.43,2.7399999999999998,0.9400000000000001,24.039999999999978
1.43,2.7399999999999998,0.9600000000000001,23.63999999999998
1.43,2.7399999999999998,0.9800000000000001,23.399999999999977
1.43,2.7399999999999998,1.0,23.31999999999998
1.43,2.7399999999999998,1.02,23.39999999999998
1.43,2.7399999999999998,1.04,23.63999999999998
1.43,2.7399999999999998,1.06,24.03999999999998
1.43,2.7399999999999998,1.08,24.59999999999998
1.43,2.7399999999999998,1.1,25.319999999999983
1.43,2.75,0.9,26.77000000000001
1.43,2.75,0.92,26.050000000000008
1.43,2.75,0.9400000000000001,25.49000000000001
1.43,2.75,0.9600000000000001,25.09000000000001
1.43,2.75,0.9800000000000001,24.85000000000001
1.43,2.75,1.0,24.77000000000001
1.43,2.75,1.02,24.850000000000012
1.43,2.75,1.04,25.09000000000001
1.43,2.75,1.06,25.490000000000013
1.43,2.75,1.08,26.05000000000001
1.43,2.75,1.1,26.770000000000014
1.43,2.76,0.9,28.31999999999998
1.43,2.76,0.92,27.599999999999977
1.43,2.76,0.9400000000000001,27.039999999999978
1.43,2.76,0.9600000000000001,26.63999999999998
1.43,2.76,0.9800000000000001,26.399999999999977
1.43,2.76,1.0,26.31999999999998
1.43,2.76,1.02,26.39999999999998
1.43,2.76,1.04,26.63999999999998
1.43,2.76,1.06,27.03999999999998
1.43,2.76,1.08,27.59999999999998
1.43,2.76,1.1,28.319999999999983
1.43,2.77,0.9,29.970000000000013
1.43,2.77,0.92,29.25000000000001
1.43,2.77,0.9400000000000001,28.690000000000012
1.43,2.77,0.9600000000000001,28.290000000000013
1.43,2.77,0.9800000000000001,28.05000000000001
1.43,2.77,1.0,27.970000000000013
1.43,2.77,1.02,28.050000000000015
1.43,2.77,1.04,28.290000000000013
1.43,2.77,1.06,28.690000000000015
1.43,2.77,1.08,29.250000000000014
1.43,2.77,1.1,29.970000000000017
1.43,2.78,0.9,31.719999999999974
1.43,2.78,0.92,30.99999999999997
1.43,2.78,0.9400000000000001,30.439999999999973
1.43,2.78,0.9600000000000001,30.039999999999974
1.43,2.78,0.9800000000000001,29.799999999999972
1.43,2.78,1.0,29.719999999999974
1.43,2.78,1.02,29.799999999999976
1.43,2.78,1.04,30.039999999999974
1.43,2.78,1.06,30.439999999999976
1.43,2.78,1.08,30.999999999999975
1.43,2.78,1.1,31.719999999999978
1.43,2.79,0.9,33.570000000000014
1.43,2.79,0.92,32.850000000000016
1.43,2.79,0.9400000000000001,32.29000000000001
1.43,2.79,0.9600000000000001,31.890000000000015
1.43,2.79,0.9800000000000001,31.650000000000013
1.43,2.79,1.0,31.570000000000014
1.43,2.79,1.02,31.650000000000016
1.43,2.79,1.04,31.890000000000015
1.43,2.79,1.06,32.29000000000001
1.43,2.79,1.08,32.850000000000016
1.43,2.79,1.1,33.57000000000002
1.43,2.8,0.9,35.51999999999997
1.43,2.8,0.92,34.79999999999997
1.43,2.8,0.9400000000000001,34.23999999999997
1.43,2.8,0.9600000000000001,33.83999999999997
1.43,2.8,0.9800000000000001,33.599999999999966
1.43,2.8,1.0,33.51999999999997
1.43,2.8,1.02,33.599999999999966
1.43,2.8,1.04,33.83999999999997
1.43,2.8,1.06,34.23999999999997
1.43,2.8,1.08,34.79999999999997
1.43,2.8,1.1,35.51999999999997
1.44,2.4,0.9,33.52000000000005
1.44,2.4,0.92,32.800000000000054
1.44,2.4,0.9400000000000001,32.24000000000005
1.44,2.4,0.9600000000000001,31.840000000000057
1.44,2.4,0.9800000000000001,31.600000000000055
1.44,2.4,1.0,31.520000000000056
1.44,2.4,1.02,31.60000000000006
1.44,2.4,1.04,31.840000000000057
1.44,2.4,1.06,32.24000000000006
1.44,2.4,1.08,32.80000000000006
1.44,2.4,1.1,33.52000000000006
1.44,2.4099999999999997,0.9,31.570000000000093
1.44,2.4099999999999997,0.92,30.85000000000009
1.44,2.4099999999999997,0.9400000000000001,30.29000000000009
1.44,2.4099999999999997,0.9600000000000001,29.890000000000093
1.44,2.4099999999999997,0.9800000000000001,29.65000000000009
1.44,2.4099999999999997,1.0,29.570000000000093
1.44,2.4099999999999997,1.02,29.650000000000095
1.44,2.4099999999999997,1.04,29.890000000000093
1.44,2.4099999999999997,1.06,30.290000000000095
1.44,2.4099999999999997,1.08,30.850000000000094
1.44,2.4099999999999997,1.1,31.570000000000096
1.44,2.42,0.9,29.720000000000052
1.44,2.42,0.92,29.00000000000005
1.44,2.42,0.9400000000000001,28.44000000000005
1.44,2.42,0.9600000000000001,28.040000000000052
1.44,2.42,0.9800000000000001,27.80000000000005
1.44,2.42,1.0,27.720000000000052
1.44,2.42,1.02,27.800000000000054
1.44,2.42,1.04,28.040000000000052
1.44,2.42,1.06,28.440000000000055
1.44,2.42,1.08,29.000000000000053
1.44,2.42,1.1,29.720000000000056
1.44,2.4299999999999997,0.9,27.970000000000084
1.44,2.4299999999999997,0.92,27.25000000000008
1.44,2.4299999999999997,0.9400000000000001,26.690000000000083
1.44,2.4299999999999997,0.9600000000000001,26.290000000000084
1.44,2.4299999999999997,0.9800000000000001,26.050000000000082
1.44,2.4299999999999997,1.0,25.970000000000084
1.44,2.4299999999999997,1.02,26.050000000000086
1.44,2.4299999999999997,1.04,26.290000000000084
1.44,2.4299999999999997,1.06,26.690000000000087
1.44,2.4299999999999997,1.08,27.250000000000085
1.44,2.4299999999999997,1.1,27.970000000000088
1.44,2.44,0.9,26.320000000000043
1.44,2.44,0.92,25.60000000000004
1.44,2.44,0.9400000000000001,25.040000000000042
1.44,2.44,0.9600000000000001,24.640000000000043
1.44,2.44,0.9800000000000001,24.40000000000004
1.44,2.44,1.0,24.320000000000043
1.44,2.44,1.02,24.400000000000045
1.44,2.44,1.04,24.640000000000043
1.44,2.44,1.06,25.040000000000045
1.44,2.44,1.08,25.600000000000044
1.44,2.44,1.1,26.320000000000046
1.44,2.4499999999999997,0.9,24.770000000000074
1.44,2.4499999999999997,0.92,24.05000000000007
1.44,2.4499999999999997,0.9400000000000001,23.490000000000073
1.44,2.4499999999999997,0.9600000000000001,23.090000000000074
1.44,2.4499999999999997,0.9800000000000001,22.850000000000072
1.44,2.4499999999999997,1.0,22.770000000000074
1.44,2.4499999999999997,1.02,22.850000000000076
1.44,2.4499999999999997,1.04,23.090000000000074
1.44,2.4499999999999997,1.06,23.490000000000077
1.44,2.4499999999999997,1.08,24.050000000000075
1.44,2.4499999999999997,1.1,24.770000000000078
1.44,2.46,0.9,23.320000000000036
1.44,2.46,0.92,22.600000000000033
1.44,2.46,0.9400000000000001,22.040000000000035
1.44,2.46,0.9600000000000001,21.640000000000036
1.44,2.46,0.9800000000000001,21.400000000000034
1.44,2.46,1.0,21.320000000000036
1.44,2.46,1.02,21.400000000000038
1.44,2.46,1.04,21.640000000000036
1.44,2.46,1.06,22.04000000000004
1.44,2.46,1.08,22.600000000000037
1.44,2.46,1.1,23.32000000000004
1.44,2.4699999999999998,0.9,21.970000000000063
1.44,2.4699999999999998,0.92,21.25000000000006
1.44,2.4699999999999998,0.9400000000000001,20.69000000000006
1.44,2.4699999999999998,0.9600000000000001,20.290000000000063
1.44,2.4699999999999998,0.9800000000000001,20.05000000000006
1.44,2.4699999999999998,1.0,19.970000000000063
1.44,2.4699999999999998,1.02,20.050000000000065
1.44,2.4699999999999998,1.04,20.290000000000063
1.44,2.4699999999999998,1.06,20.690000000000065
1.44,2.4699999999999998,1.08,21.250000000000064
1.44,2.4699999999999998,1.1,21.970000000000066
1.44,2.48,0.9,20.720000000000034
1.44,2.48,0.92,20.000000000000032
1.44,2.48,0.9400000000000001,19.440000000000033
1.44,2.48,0.9600000000000001,19.040000000000035
1.44,2.48,0.9800000000000001,18.800000000000033
1.44,2.48,1.0,18.720000000000034
1.44,2.48,1.02,18.800000000000036
1.44,2.48,1.04,19.040000000000035
1.44,2.48,1.06,19.440000000000037
1.44,2.48,1.08,20.000000000000036
1.44,2.48,1.1,20.720000000000038
1.44,2.4899999999999998,0.9,19.570000000000057
1.44,2.4899999999999998,0.92,18.850000000000055
1.44,2.4899999999999998,0.9400000000000001,18.290000000000056
1.44,2.4899999999999998,0.9600000000000001,17.890000000000057
1.44,2.4899999999999998,0.9800000000000001,17.650000000000055
1.44,2.4899999999999998,1.0,17.570000000000057
1.44,2.4899999999999998,1.02,17.65000000000006
1.44,2.4899999999999998,1.04,17.890000000000057
1.44,2.4899999999999998,1.06,18.29000000000006
1.44,2.4899999999999998,1.08,18.85000000000006
1.44,2.4899999999999998,1.1,19.57000000000006
1.44,2.5,0.9,18.52000000000003
1.44,2.5,0.92,17.80000000000003
1.44,2.5,0.9400000000000001,17.24000000000003
1.44,2.5,0.9600000000000001,16.840000000000032
1.44,2.5,0.9800000000000001,16.60000000000003
1.44,2.5,1.0,16.52000000000003
1.44,2.5,1.02,16.600000000000033
1.44,2.5,1.04,16.840000000000032
1.44,2.5,1.06,17.240000000000034
1.44,2.5,1.08,17.800000000000033
1.44,2.5,1.1,18.520000000000035
1.44,2.51,0.9,17.570000000000046
1.44,2.51,0.92,16.850000000000048
1.44,2.51,0.9400000000000001,16.290000000000045
1.44,2.51,0.9600000000000001,15.890000000000047
1.44,2.51,0.9800000000000001,15.650000000000048
1.44,2.51,1.0,15.570000000000048
1.44,2.51,1.02,15.650000000000048
1.44,2.51,1.04,15.890000000000049
1.44,2.51,1.06,16.29000000000005
1.44,2.51,1.08,16.85000000000005
1.44,2.51,1.1,17.57000000000005
1.44,2.52,0.9,16.720000000000027
1.44,2.52,0.92,16.000000000000025
1.44,2.52,0.9400000000000001,15.440000000000026
1.44,2.52,0.9600000000000001,15.040000000000026
1.44,2.52,0.9800000000000001,14.800000000000027
1.44,2.52,1.0,14.720000000000027
1.44,2.52,1.02,14.800000000000027
1.44,2.52,1.04,15.040000000000028
1.44,2.52,1.06,15.440000000000028
1.44,2.52,1.08,16.00000000000003
1.44,2.52,1.1,16.72000000000003
1.44,2.53,0.9,15.970000000000041
1.44,2.53,0.92,15.25000000000004
1.44,2.53,0.9400000000000001,14.69000000000004
1.44,2.53,0.9600000000000001,14.29000000000004
1.44,2.53,0.9800000000000001,14.050000000000042
1.44,2.53,1.0,13.970000000000041
1.44,2.53,1.02,14.050000000000042
1.44,2.53,1.04,14.290000000000042
1.44,2.53,1.06,14.690000000000042
1.44,2.53,1.08,15.250000000000044
1.44,2.53,1.1,15.970000000000045
1.44,2.54,0.9,15.320000000000022
1.44,2.54,0.92,14.600000000000023
1.44,2.54,0.9400000000000001,14.040000000000022
1.44,2.54,0.9600000000000001,13.640000000000022
1.44,2.54,0.9800000000000001,13.400000000000023
1.44,2.54,1.0,13.320000000000023
1.44,2.54,1.02,13.400000000000023
1.44,2.54,1.04,13.640000000000024
1.44,2.54,1.06,14.040000000000024
1.44,2.54,1.08,14.600000000000026
1.44,2.54,1.1,15.320000000000027
1.44,2.55,0.9,14.770000000000035
1.44,2.55,0.92,14.050000000000034
1.44,2.55,0.9400000000000001,13.490000000000034
1.44,2.55,0.9600000000000001,13.090000000000034
1.44,2.55,0.9800000000000001,12.850000000000035
1.44,2.55,1.0,12.770000000000035
1.44,2.55,1.02,12.850000000000035
1.44,2.55,1.04,13.090000000000035
1.44,2.55,1.06,13.490000000000036
1.44,2.55,1.08,14.050000000000038
1.44,2.55,1.1,14.770000000000039
1.44,2.56,0.9,14.320000000000022
1.44,2.56,0.92,13.600000000000021
1.44,2.56,0.9400000000000001,13.04000000000002
1.44,2.56,0.9600000000000001,12.64000000000002
1.44,2.56,0.9800000000000001,12.400000000000022
1.44,2.56,1.0,12.320000000000022
1.44,2.56,1.02,12.400000000000022
1.44,2.56,1.04,12.640000000000022
1.44,2.56,1.06,13.040000000000022
1.44,2.56,1.08,13.600000000000025
1.44,2.56,1.1,14.320000000000025
1.44,2.57,0.9,13.970000000000027
1.44,2.57,0.92,13.250000000000028
1.44,2.57,0.9400000000000001,12.690000000000028
1.44,2.57,0.9600000000000001,12.290000000000028
1.44,2.57,0.9800000000000001,12.05000000000003
1.44,2.57,1.0,11.970000000000029
1.44,2.57,1.02,12.05000000000003
1.44,2.57,1.04,12.29000000000003
1.44,2.57,1.06,12.69000000000003
1.44,2.57,1.08,13.250000000000032
1.44,2.57,1.1,13.970000000000033
1.44,2.58,0.9,13.72000000000002
1.44,2.58,0.92,13.000000000000021
1.44,2.58,0.9400000000000001,12.44000000000002
1.44,2.58,0.9600000000000001,12.04000000000002
1.44,2.58,0.9800000000000001,11.800000000000022
1.44,2.58,1.0,11.720000000000022
1.44,2.58,1.02,11.800000000000022
1.44,2.58,1.04,12.040000000000022
1.44,2.58,1.06,12.440000000000023
1.44,2.58,1.08,13.000000000000025
1.44,2.58,1.1,13.720000000000026
1.44,2.59,0.9,13.570000000000022
1.44,2.59,0.92,12.850000000000023
1.44,2.59,0.9400000000000001,12.290000000000022
1.44,2.59,0.9600000000000001,11.890000000000022
1.44,2.59,0.9800000000000001,11.650000000000023
1.44,2.59,1.0,11.570000000000023
1.44,2.59,1.02,11.650000000000023
1.44,2.59,1.04,11.890000000000024
1.44,2.59,1.06,12.290000000000024
1.44,2.59,1.08,12.850000000000026
1.44,2.59,1.1,13.570000000000027
1.44,2.5999999999999996,0.9,13.520000000000021
1.44,2.5999999999999996,0.92,12.80000000000002
1.44,2.5999999999999996,0.9400000000000001,12.24000000000002
1.44,2.5999999999999996,0.9600000000000001,11.84000000000002
1.44,2.5999999999999996,0.9800000000000001,11.600000000000021
1.44,2.5999999999999996,1.0,11.520000000000021
1.44,2.5999999999999996,1.02,11.600000000000021
1.44,2.5999999999999996,1.04,11.840000000000021
1.44,2.5999999999999996,1.06,12.240000000000022
1.44,2.5999999999999996,1.08,12.800000000000024
1.44,2.5999999999999996,1.1,13.520000000000024
1.44,2.61,0.9,13.570000000000018
1.44,2.61,0.92,12.850000000000017
1.44,2.61,0.9400000000000001,12.290000000000017
1.44,2.61,0.9600000000000001,11.890000000000017
1.44,2.61,0.9800000000000001,11.650000000000018
1.44,2.61,1.0,11.570000000000018
1.44,2.61,1.02,11.650000000000018
1.44,2.61,1.04,11.890000000000018
1.44,2.61,1.06,12.290000000000019
1.44,2.61,1.08,12.850000000000021
1.44,2.61,1.1,13.570000000000022
1.44,2.62,0.9,13.72000000000002
1.44,2.62,0.92,13.000000000000021
1.44,2.62,0.9400000000000001,12.44000000000002
1.44,2.62,0.9600000000000001,12.04000000000002
1.44,2.62,0.9800000000000001,11.800000000000022
1.44,2.62,1.0,11.720000000000022
1.44,2.62,1.02,11.800000000000022
1.44,2.62,1.04,12.040000000000022
1.44,2.62,1.06,12.440000000000023
1.44,2.62,1.08,13.000000000000025
1.44,2.62,1.1,13.720000000000026
1.44,2.63,0.9,13.970000000000013
1.44,2.63,0.92,13.250000000000014
1.44,2.63,0.9400000000000001,12.690000000000014
1.44,2.63,0.9600000000000001,12.290000000000013
1.44,2.63,0.9800000000000001,12.050000000000015
1.44,2.63,1.0,11.970000000000015
1.44,2.63,1.02,12.050000000000015
1.44,2.63,1.04,12.290000000000015
1.44,2.63,1.06,12.690000000000015
1.44,2.63,1.08,13.250000000000018
1.44,2.63,1.1,13.970000000000018
1.44,2.6399999999999997,0.9,14.320000000000004
1.44,2.6399999999999997,0.92,13.600000000000003
1.44,2.6399999999999997,0.9400000000000001,13.040000000000003
1.44,2.6399999999999997,0.9600000000000001,12.640000000000002
1.44,2.6399999999999997,0.9800000000000001,12.400000000000004
1.44,2.6399999999999997,1.0,12.320000000000004
1.44,2.6399999999999997,1.02,12.400000000000004
1.44,2.6399999999999997,1.04,12.640000000000004
1.44,2.6399999999999997,1.06,13.040000000000004
1.44,2.6399999999999997,1.08,13.600000000000007
1.44,2.6399999999999997,1.1,14.320000000000007
1.44,2.65,0.9,14.77000000000001
1.44,2.65,0.92,14.050000000000011
1.44,2.65,0.9400000000000001,13.49000000000001
1.44,2.65,0.9600000000000001,13.09000000000001
1.44,2.65,0.9800000000000001,12.850000000000012
1.44,2.65,1.0,12.770000000000012
1.44,2.65,1.02,12.850000000000012
1.44,2.65,1.04,13.090000000000012
1.44,2.65,1.06,13.490000000000013
1.44,2.65,1.08,14.050000000000015
1.44,2.65,1.1,14.770000000000016
1.44,2.6599999999999997,0.9,15.319999999999997
1.44,2.6599999999999997,0.92,14.599999999999996
1.44,2.6599999999999997,0.9400000000000001,14.039999999999996
1.44,2.6599999999999997,0.9600000000000001,13.639999999999995
1.44,2.6599999999999997,0.9800000000000001,13.399999999999997
1.44,2.6599999999999997,1.0,13.319999999999997
1.44,2.6599999999999997,1.02,13.399999999999997
1.44,2.6599999999999997,1.04,13.639999999999997
1.44,2.6599999999999997,1.06,14.039999999999997
1.44,2.6599999999999997,1.08,14.6
1.44,2.6599999999999997,1.1,15.32
1.44,2.67,0.9,15.97000000000001
1.44,2.67,0.92,15.250000000000009
1.44,2.67,0.9400000000000001,14.690000000000008
1.44,2.67,0.9600000000000001,14.290000000000008
1.44,2.67,0.9800000000000001,14.05000000000001
1.44,2.67,1.0,13.97000000000001
1.44,2.67,1.02,14.05000000000001
1.44,2.67,1.04,14.29000000000001
1.44,2.67,1.06,14.69000000000001
1.44,2.67,1.08,15.250000000000012
1.44,2.67,1.1,15.970000000000013
1.44,2.6799999999999997,0.9,16.71999999999999
1.44,2.6799999999999997,0.92,15.999999999999991
1.44,2.6799999999999997,0.9400000000000001,15.43999999999999
1.44,2.6799999999999997,0.9600000000000001,15.03999999999999
1.44,2.6799999999999997,0.9800000000000001,14.799999999999992
1.44,2.6799999999999997,1.0,14.719999999999992
1.44,2.6799999999999997,1.02,14.799999999999992
1.44,2.6799999999999997,1.04,15.039999999999992
1.44,2.6799999999999997,1.06,15.439999999999992
1.44,2.6799999999999997,1.08,15.999999999999995
1.44,2.6799999999999997,1.1,16.719999999999995
1.44,2.69,0.9,17.570000000000007
1.44,2.69,0.92,16.850000000000005
1.44,2.69,0.9400000000000001,16.290000000000006
1.44,2.69,0.9600000000000001,15.890000000000006
1.44,2.69,0.9800000000000001,15.650000000000007
1.44,2.69,1.0,15.570000000000007
1.44,2.69,1.02,15.650000000000007
1.44,2.69,1.04,15.890000000000008
1.44,2.69,1.06,16.29000000000001
1.44,2.69,1.08,16.85000000000001
1.44,2.69,1.1,17.57000000000001
1.44,2.6999999999999997,0.9,18.519999999999985
1.44,2.6999999999999997,0.92,17.799999999999983
1.44,2.6999999999999997,0.9400000000000001,17.239999999999984
1.44,2.6999999999999997,0.9600000000000001,16.839999999999986
1.44,2.6999999999999997,0.9800000000000001,16.599999999999984
1.44,2.6999999999999997,1.0,16.519999999999985
1.44,2.6999999999999997,1.02,16.599999999999987
1.44,2.6999999999999997,1.04,16.839999999999986
1.44,2.6999999999999997,1.06,17.239999999999988
1.44,2.6999999999999997,1.08,17.799999999999986
1.44,2.6999999999999997,1.1,18.51999999999999
1.44,2.71,0.9,19.570000000000007
1.44,2.71,0.92,18.850000000000005
1.44,2.71,0.9400000000000001,18.290000000000006
1.44,2.71,0.9600000000000001,17.890000000000008
1.44,2.71,0.9800000000000001,17.650000000000006
1.44,2.71,1.0,17.570000000000007
1.44,2.71,1.02,17.65000000000001
1.44,2.71,1.04,17.890000000000008
1.44,2.71,1.06,18.29000000000001
1.44,2.71,1.08,18.85000000000001
1.44,2.71,1.1,19.57000000000001
1.44,2.7199999999999998,0.9,20.71999999999998
1.44,2.7199999999999998,0.92,19.99999999999998
1.44,2.7199999999999998,0.9400000000000001,19.43999999999998
1.44,2.7199999999999998,0.9600000000000001,19.03999999999998
1.44,2.7199999999999998,0.9800000000000001,18.79999999999998
1.44,2.7199999999999998,1.0,18.71999999999998
1.44,2.7199999999999998,1.02,18.799999999999983
1.44,2.7199999999999998,1.04,19.03999999999998
1.44,2.7199999999999998,1.06,19.439999999999984
1.44,2.7199999999999998,1.08,19.999999999999982
1.44,2.7199999999999998,1.1,20.719999999999985
1.44,2.73,0.9,21.970000000000006
1.44,2.73,0.92,21.250000000000004
1.44,2.73,0.9400000000000001,20.690000000000005
1.44,2.73,0.9600000000000001,20.290000000000006
1.44,2.73,0.9800000000000001,20.050000000000004
1.44,2.73,1.0,19.970000000000006
1.44,2.73,1.02,20.050000000000008
1.44,2.73,1.04,20.290000000000006
1.44,2.73,1.06,20.69000000000001
1.44,2.73,1.08,21.250000000000007
1.44,2.73,1.1,21.97000000000001
1.44,2.7399999999999998,0.9,23.319999999999975
1.44,2.7399999999999998,0.92,22.599999999999973
1.44,2.7399999999999998,0.9400000000000001,22.039999999999974
1.44,2.7399999999999998,0.9600000000000001,21.639999999999976
1.44,2.7399999999999998,0.9800000000000001,21.399999999999974
1.44,2.7399999999999998,1.0,21.319999999999975
1.44,2.7399999999999998,1.02,21.399999999999977
1.44,2.7399999999999998,1.04,21.639999999999976
1.44,2.7399999999999998,1.06,22.039999999999978
1.44,2.7399999999999998,1.08,22.599999999999977
1.44,2.7399999999999998,1.1,23.31999999999998
1.44,2.75,0.9,24.77000000000001
1.44,2.75,0.92,24.050000000000008
1.44,2.75,0.9400000000000001,23.49000000000001
1.44,2.75,0.9600000000000001,23.09000000000001
1.44,2.75,0.9800000000000001,22.85000000000001
1.44,2.75,1.0,22.77000000000001
1.44,2.75,1.02,22.850000000000012
1.44,2.75,1.04,23.09000000000001
1.44,2.75,1.06,23.490000000000013
1.44,2.75,1.08,24.05000000000001
1.44,2.75,1.1,24.770000000000014
1.44,2.76,0.9,26.319999999999972
1.44,2.76,0.92,25.59999999999997
1.44,2.76,0.9400000000000001,25.03999999999997
1.44,2.76,0.9600000000000001,24.639999999999972
1.44,2.76,0.9800000000000001,24.39999999999997
1.44,2.76,1.0,24.319999999999972
1.44,2.76,1.02,24.399999999999974
1.44,2.76,1.04,24.639999999999972
1.44,2.76,1.06,25.039999999999974
1.44,2.76,1.08,25.599999999999973
1.44,2.76,1.1,26.319999999999975
1.44,2.77,0.9,27.970000000000006
1.44,2.77,0.92,27.250000000000004
1.44,2.77,0.9400000000000001,26.690000000000005
1.44,2.77,0.9600000000000001,26.290000000000006
1.44,2.77,0.9800000000000001,26.050000000000004
1.44,2.77,1.0,25.970000000000006
1.44,2.77,1.02,26.050000000000008
1.44,2.77,1.04,26.290000000000006
1.44,2.77,1.06,26.69000000000001
1.44,2.77,1.08,27.250000000000007
1.44,2.77,1.1,27.97000000000001
1.44,2.78,0.9,29.71999999999997
1.44,2.78,0.92,28.999999999999968
1.44,2.78,0.9400000000000001,28.43999999999997
1.44,2.78,0.9600000000000001,28.03999999999997
1.44,2.78,0.9800000000000001,27.79999999999997
1.44,2.78,1.0,27.71999999999997
1.44,2.78,1.02,27.799999999999972
1.44,2.78,1.04,28.03999999999997
1.44,2.78,1.06,28.439999999999973
1.44,2.78,1.08,28.99999999999997
1.44,2.78,1.1,29.719999999999974
1.44,2.79,0.9,31.57000000000001
1.44,2.79,0.92,30.85000000000001
1.44,2.79,0.9400000000000001,30.29000000000001
1.44,2.79,0.9600000000000001,29.89000000000001
1.44,2.79,0.9800000000000001,29.65000000000001
1.44,2.79,1.0,29.57000000000001
1.44,2.79,1.02,29.650000000000013
1.44,2.79,1.04,29.89000000000001
1.44,2.79,1.06,30.290000000000013
1.44,2.79,1.08,30.850000000000012
1.44,2.79,1.1,31.570000000000014
1.44,2.8,0.9,33.51999999999997
1.44,2.8,0.92,32.79999999999997
1.44,2.8,0.9400000000000001,32.23999999999997
1.44,2.8,0.9600000000000001,31.839999999999968
1.44,2.8,0.9800000000000001,31.599999999999966
1.44,2.8,1.0,31.519999999999968
1.44,2.8,1.02,31.59999999999997
1.44,2.8,1.04,31.839999999999968
1.44,2.8,1.06,32.23999999999997
1.44,2.8,1.08,32.79999999999997
1.44,2.8,1.1,33.51999999999997
1.45,2.4,0.9,31.680000000000053
1.45,2.4,0.92,30.96000000000005
1.45,2.4,0.9400000000000001,30.400000000000052
1.45,2.4,0.9600000000000001,30.000000000000053
1.45,2.4,0.9800000000000001,29.76000000000005
1.45,2.4,1.0,29.680000000000053
1.45,2.4,1.02,29.760000000000055
1.45,2.4,1.04,30.000000000000053
1.45,2.4,1.06,30.400000000000055
1.45,2.4,1.08,30.960000000000054
1.45,2.4,1.1,31.680000000000057
1.45,2.4099999999999997,0.9,29.73000000000009
1.45,2.4099999999999997,0.92,29.010000000000087
1.45,2.4099999999999997,0.9400000000000001,28.450000000000088
1.45,2.4099999999999997,0.9600000000000001,28.05000000000009
1.45,2.4099999999999997,0.9800000000000001,27.810000000000088
1.45,2.4099999999999997,1.0,27.73000000000009
1.45,2.4099999999999997,1.02,27.81000000000009
1.45,2.4099999999999997,1.04,28.05000000000009
1.45,2.4099999999999997,1.06,28.45000000000009
1.45,2.4099999999999997,1.08,29.01000000000009
1.45,2.4099999999999997,1.1,29.730000000000093
1.45,2.42,0.9,27.88000000000005
1.45,2.42,0.92,27.160000000000046
1.45,2.42,0.9400000000000001,26.600000000000048
1.45,2.42,0.9600000000000001,26.20000000000005
1.45,2.42,0.9800000000000001,25.960000000000047
1.45,2.42,1.0,25.88000000000005
1.45,2.42,1.02,25.96000000000005
1.45,2.42,1.04,26.20000000000005
1.45,2.42,1.06,26.60000000000005
1.45,2.42,1.08,27.16000000000005
1.45,2.42,1.1,27.880000000000052
1.45,2.4299999999999997,0.9,26.13000000000008
1.45,2.4299999999999997,0.92,25.41000000000008
1.45,2.4299999999999997,0.9400000000000001,24.85000000000008
1.45,2.4299999999999997,0.9600000000000001,24.45000000000008
1.45,2.4299999999999997,0.9800000000000001,24.21000000000008
1.45,2.4299999999999997,1.0,24.13000000000008
1.45,2.4299999999999997,1.02,24.210000000000083
1.45,2.4299999999999997,1.04,24.45000000000008
1.45,2.4299999999999997,1.06,24.850000000000083
1.45,2.4299999999999997,1.08,25.410000000000082
1.45,2.4299999999999997,1.1,26.130000000000084
1.45,2.44,0.9,24.48000000000004
1.45,2.44,0.92,23.760000000000037
1.45,2.44,0.9400000000000001,23.20000000000004
1.45,2.44,0.9600000000000001,22.80000000000004
1.45,2.44,0.9800000000000001,22.560000000000038
1.45,2.44,1.0,22.48000000000004
1.45,2.44,1.02,22.56000000000004
1.45,2.44,1.04,22.80000000000004
1.45,2.44,1.06,23.200000000000042
1.45,2.44,1.08,23.76000000000004
1.45,2.44,1.1,24.480000000000043
1.45,2.4499999999999997,0.9,22.93000000000007
1.45,2.4499999999999997,0.92,22.21000000000007
1.45,2.4499999999999997,0.9400000000000001,21.65000000000007
1.45,2.4499999999999997,0.9600000000000001,21.25000000000007
1.45,2.4499999999999997,0.9800000000000001,21.01000000000007
1.45,2.4499999999999997,1.0,20.93000000000007
1.45,2.4499999999999997,1.02,21.010000000000073
1.45,2.4499999999999997,1.04,21.25000000000007
1.45,2.4499999999999997,1.06,21.650000000000073
1.45,2.4499999999999997,1.08,22.210000000000072
1.45,2.4499999999999997,1.1,22.930000000000074
1.45,2.46,0.9,21.480000000000032
1.45,2.46,0.92,20.76000000000003
1.45,2.46,0.9400000000000001,20.20000000000003
1.45,2.46,0.9600000000000001,19.800000000000033
1.45,2.46,0.9800000000000001,19.56000000000003
1.45,2.46,1.0,19.480000000000032
1.45,2.46,1.02,19.560000000000034
1.45,2.46,1.04,19.800000000000033
1.45,2.46,1.06,20.200000000000035
1.45,2.46,1.08,20.760000000000034
1.45,2.46,1.1,21.480000000000036
1.45,2.4699999999999998,0.9,20.13000000000006
1.45,2.4699999999999998,0.92,19.410000000000057
1.45,2.4699999999999998,0.9400000000000001,18.85000000000006
1.45,2.4699999999999998,0.9600000000000001,18.45000000000006
1.45,2.4699999999999998,0.9800000000000001,18.210000000000058
1.45,2.4699999999999998,1.0,18.13000000000006
1.45,2.4699999999999998,1.02,18.21000000000006
1.45,2.4699999999999998,1.04,18.45000000000006
1.45,2.4699999999999998,1.06,18.850000000000062
1.45,2.4699999999999998,1.08,19.41000000000006
1.45,2.4699999999999998,1.1,20.130000000000063
1.45,2.48,0.9,18.88000000000003
1.45,2.48,0.92,18.16000000000003
1.45,2.48,0.9400000000000001,17.60000000000003
1.45,2.48,0.9600000000000001,17.20000000000003
1.45,2.48,0.9800000000000001,16.96000000000003
1.45,2.48,1.0,16.88000000000003
1.45,2.48,1.02,16.960000000000033
1.45,2.48,1.04,17.20000000000003
1.45,2.48,1.06,17.600000000000033
1.45,2.48,1.08,18.160000000000032
1.45,2.48,1.1,18.880000000000035
1.45,2.4899999999999998,0.9,17.730000000000054
1.45,2.4899999999999998,0.92,17.01000000000005
1.45,2.4899999999999998,0.9400000000000001,16.450000000000053
1.45,2.4899999999999998,0.9600000000000001,16.050000000000054
1.45,2.4899999999999998,0.9800000000000001,15.810000000000054
1.45,2.4899999999999998,1.0,15.730000000000054
1.45,2.4899999999999998,1.02,15.810000000000054
1.45,2.4899999999999998,1.04,16.050000000000054
1.45,2.4899999999999998,1.06,16.450000000000056
1.45,2.4899999999999998,1.08,17.010000000000055
1.45,2.4899999999999998,1.1,17.730000000000057
1.45,2.5,0.9,16.680000000000025
1.45,2.5,0.92,15.960000000000026
1.45,2.5,0.9400000000000001,15.400000000000025
1.45,2.5,0.9600000000000001,15.000000000000025
1.45,2.5,0.9800000000000001,14.760000000000026
1.45,2.5,1.0,14.680000000000026
1.45,2.5,1.02,14.760000000000026
1.45,2.5,1.04,15.000000000000027
1.45,2.5,1.06,15.400000000000027
1.45,2.5,1.08,15.96000000000003
1.45,2.5,1.1,16.680000000000028
1.45,2.51,0.9,15.730000000000043
1.45,2.51,0.92,15.010000000000044
1.45,2.51,0.9400000000000001,14.450000000000044
1.45,2.51,0.9600000000000001,14.050000000000043
1.45,2.51,0.9800000000000001,13.810000000000045
1.45,2.51,1.0,13.730000000000045
1.45,2.51,1.02,13.810000000000045
1.45,2.51,1.04,14.050000000000045
1.45,2.51,1.06,14.450000000000045
1.45,2.51,1.08,15.010000000000048
1.45,2.51,1.1,15.730000000000048
1.45,2.52,0.9,14.880000000000024
1.45,2.52,0.92,14.160000000000023
1.45,2.52,0.9400000000000001,13.600000000000023
1.45,2.52,0.9600000000000001,13.200000000000022
1.45,2.52,0.9800000000000001,12.960000000000024
1.45,2.52,1.0,12.880000000000024
1.45,2.52,1.02,12.960000000000024
1.45,2.52,1.04,13.200000000000024
1.45,2.52,1.06,13.600000000000025
1.45,2.52,1.08,14.160000000000027
1.45,2.52,1.1,14.880000000000027
1.45,2.53,0.9,14.130000000000038
1.45,2.53,0.92,13.410000000000037
1.45,2.53,0.9400000000000001,12.850000000000037
1.45,2.53,0.9600000000000001,12.450000000000037
1.45,2.53,0.9800000000000001,12.210000000000038
1.45,2.53,1.0,12.130000000000038
1.45,2.53,1.02,12.210000000000038
1.45,2.53,1.04,12.450000000000038
1.45,2.53,1.06,12.850000000000039
1.45,2.53,1.08,13.410000000000041
1.45,2.53,1.1,14.130000000000042
1.45,2.54,0.9,13.480000000000018
1.45,2.54,0.92,12.76000000000002
1.45,2.54,0.9400000000000001,12.200000000000019
1.45,2.54,0.9600000000000001,11.800000000000018
1.45,2.54,0.9800000000000001,11.56000000000002
1.45,2.54,1.0,11.48000000000002
1.45,2.54,1.02,11.56000000000002
1.45,2.54,1.04,11.80000000000002
1.45,2.54,1.06,12.20000000000002
1.45,2.54,1.08,12.760000000000023
1.45,2.54,1.1,13.480000000000024
1.45,2.55,0.9,12.930000000000032
1.45,2.55,0.92,12.210000000000031
1.45,2.55,0.9400000000000001,11.65000000000003
1.45,2.55,0.9600000000000001,11.25000000000003
1.45,2.55,0.9800000000000001,11.010000000000032
1.45,2.55,1.0,10.930000000000032
1.45,2.55,1.02,11.010000000000032
1.45,2.55,1.04,11.250000000000032
1.45,2.55,1.06,11.650000000000032
1.45,2.55,1.08,12.210000000000035
1.45,2.55,1.1,12.930000000000035
1.45,2.56,0.9,12.480000000000018
1.45,2.56,0.92,11.760000000000018
1.45,2.56,0.9400000000000001,11.200000000000017
1.45,2.56,0.9600000000000001,10.800000000000017
1.45,2.56,0.9800000000000001,10.560000000000018
1.45,2.56,1.0,10.480000000000018
1.45,2.56,1.02,10.560000000000018
1.45,2.56,1.04,10.800000000000018
1.45,2.56,1.06,11.200000000000019
1.45,2.56,1.08,11.760000000000021
1.45,2.56,1.1,12.480000000000022
1.45,2.57,0.9,12.130000000000024
1.45,2.57,0.92,11.410000000000025
1.45,2.57,0.9400000000000001,10.850000000000025
1.45,2.57,0.9600000000000001,10.450000000000024
1.45,2.57,0.9800000000000001,10.210000000000026
1.45,2.57,1.0,10.130000000000026
1.45,2.57,1.02,10.210000000000026
1.45,2.57,1.04,10.450000000000026
1.45,2.57,1.06,10.850000000000026
1.45,2.57,1.08,11.410000000000029
1.45,2.57,1.1,12.13000000000003
1.45,2.58,0.9,11.880000000000017
1.45,2.58,0.92,11.160000000000018
1.45,2.58,0.9400000000000001,10.600000000000017
1.45,2.58,0.9600000000000001,10.200000000000017
1.45,2.58,0.9800000000000001,9.960000000000019
1.45,2.58,1.0,9.880000000000019
1.45,2.58,1.02,9.960000000000019
1.45,2.58,1.04,10.200000000000019
1.45,2.58,1.06,10.60000000000002
1.45,2.58,1.08,11.160000000000021
1.45,2.58,1.1,11.880000000000022
1.45,2.59,0.9,11.730000000000018
1.45,2.59,0.92,11.01000000000002
1.45,2.59,0.9400000000000001,10.450000000000019
1.45,2.59,0.9600000000000001,10.050000000000018
1.45,2.59,0.9800000000000001,9.81000000000002
1.45,2.59,1.0,9.73000000000002
1.45,2.59,1.02,9.81000000000002
1.45,2.59,1.04,10.05000000000002
1.45,2.59,1.06,10.45000000000002
1.45,2.59,1.08,11.010000000000023
1.45,2.59,1.1,11.730000000000024
1.45,2.5999999999999996,0.9,11.680000000000017
1.45,2.5999999999999996,0.92,10.960000000000017
1.45,2.5999999999999996,0.9400000000000001,10.400000000000016
1.45,2.5999999999999996,0.9600000000000001,10.000000000000016
1.45,2.5999999999999996,0.9800000000000001,9.760000000000018
1.45,2.5999999999999996,1.0,9.680000000000017
1.45,2.5999999999999996,1.02,9.760000000000018
1.45,2.5999999999999996,1.04,10.000000000000018
1.45,2.5999999999999996,1.06,10.400000000000018
1.45,2.5999999999999996,1.08,10.96000000000002
1.45,2.5999999999999996,1.1,11.680000000000021
1.45,2.61,0.9,11.730000000000015
1.45,2.61,0.92,11.010000000000014
1.45,2.61,0.9400000000000001,10.450000000000014
1.45,2.61,0.9600000000000001,10.050000000000013
1.45,2.61,0.9800000000000001,9.810000000000015
1.45,2.61,1.0,9.730000000000015
1.45,2.61,1.02,9.810000000000015
1.45,2.61,1.04,10.050000000000015
1.45,2.61,1.06,10.450000000000015
1.45,2.61,1.08,11.010000000000018
1.45,2.61,1.1,11.730000000000018
1.45,2.62,0.9,11.880000000000017
1.45,2.62,0.92,11.160000000000018
1.45,2.62,0.9400000000000001,10.600000000000017
1.45,2.62,0.9600000000000001,10.200000000000017
1.45,2.62,0.9800000000000001,9.960000000000019
1.45,2.62,1.0,9.880000000000019
1.45,2.62,1.02,9.960000000000019
1.45,2.62,1.04,10.200000000000019
1.45,2.62,1.06,10.60000000000002
1.45,2.62,1.08,11.160000000000021
1.45,2.62,1.1,11.880000000000022
1.45,2.63,0.9,12.13000000000001
1.45,2.63,0.92,11.41000000000001
1.45,2.63,0.9400000000000001,10.85000000000001
1.45,2.63,0.9600000000000001,10.45000000000001
1.45,2.63,0.9800000000000001,10.210000000000012
1.45,2.63,1.0,10.130000000000011
1.45,2.63,1.02,10.210000000000012
1.45,2.63,1.04,10.450000000000012
1.45,2.63,1.06,10.850000000000012
1.45,2.63,1.08,11.410000000000014
1.45,2.63,1.1,12.130000000000015
1.45,2.6399999999999997,0.9,12.48
1.45,2.6399999999999997,0.92,11.76
1.45,2.6399999999999997,0.9400000000000001,11.2
1.45,2.6399999999999997,0.9600000000000001,10.799999999999999
1.45,2.6399999999999997,0.9800000000000001,10.56
1.45,2.6399999999999997,1.0,10.48
1.45,2.6399999999999997,1.02,10.56
1.45,2.6399999999999997,1.04,10.8
1.45,2.6399999999999997,1.06,11.200000000000001
1.45,2.6399999999999997,1.08,11.760000000000003
1.45,2.6399999999999997,1.1,12.480000000000004
1.45,2.65,0.9,12.930000000000007
1.45,2.65,0.92,12.210000000000008
1.45,2.65,0.9400000000000001,11.650000000000007
1.45,2.65,0.9600000000000001,11.250000000000007
1.45,2.65,0.9800000000000001,11.010000000000009
1.45,2.65,1.0,10.930000000000009
1.45,2.65,1.02,11.010000000000009
1.45,2.65,1.04,11.250000000000009
1.45,2.65,1.06,11.65000000000001
1.45,2.65,1.08,12.210000000000012
1.45,2.65,1.1,12.930000000000012
1.45,2.6599999999999997,0.9,13.479999999999993
1.45,2.6599999999999997,0.92,12.759999999999993
1.45,2.6599999999999997,0.9400000000000001,12.199999999999992
1.45,2.6599999999999997,0.9600000000000001,11.799999999999992
1.45,2.6599999999999997,0.9800000000000001,11.559999999999993
1.45,2.6599999999999997,1.0,11.479999999999993
1.45,2.6599999999999997,1.02,11.559999999999993
1.45,2.6599999999999997,1.04,11.799999999999994
1.45,2.6599999999999997,1.06,12.199999999999994
1.45,2.6599999999999997,1.08,12.759999999999996
1.45,2.6599999999999997,1.1,13.479999999999997
1.45,2.67,0.9,14.130000000000006
1.45,2.67,0.92,13.410000000000005
1.45,2.67,0.9400000000000001,12.850000000000005
1.45,2.67,0.9600000000000001,12.450000000000005
1.45,2.67,0.9800000000000001,12.210000000000006
1.45,2.67,1.0,12.130000000000006
1.45,2.67,1.02,12.210000000000006
1.45,2.67,1.04,12.450000000000006
1.45,2.67,1.06,12.850000000000007
1.45,2.67,1.08,13.410000000000009
1.45,2.67,1.1,14.13000000000001
1.45,2.6799999999999997,0.9,14.879999999999988
1.45,2.6799999999999997,0.92,14.159999999999988
1.45,2.6799999999999997,0.9400000000000001,13.599999999999987
1.45,2.6799999999999997,0.9600000000000001,13.199999999999987
1.45,2.6799999999999997,0.9800000000000001,12.959999999999988
1.45,2.6799999999999997,1.0,12.879999999999988
1.45,2.6799999999999997,1.02,12.959999999999988
1.45,2.6799999999999997,1.04,13.199999999999989
1.45,2.6799999999999997,1.06,13.599999999999989
1.45,2.6799999999999997,1.08,14.159999999999991
1.45,2.6799999999999997,1.1,14.879999999999992
1.45,2.69,0.9,15.730000000000004
1.45,2.69,0.92,15.010000000000003
1.45,2.69,0.9400000000000001,14.450000000000003
1.45,2.69,0.9600000000000001,14.050000000000002
1.45,2.69,0.9800000000000001,13.810000000000004
1.45,2.69,1.0,13.730000000000004
1.45,2.69,1.02,13.810000000000004
1.45,2.69,1.04,14.050000000000004
1.45,2.69,1.06,14.450000000000005
1.45,2.69,1.08,15.010000000000007
1.45,2.69,1.1,15.730000000000008
1.45,2.6999999999999997,0.9,16.679999999999982
1.45,2.6999999999999997,0.92,15.959999999999981
1.45,2.6999999999999997,0.9400000000000001,15.39999999999998
1.45,2.6999999999999997,0.9600000000000001,14.99999999999998
1.45,2.6999999999999997,0.9800000000000001,14.759999999999982
1.45,2.6999999999999997,1.0,14.679999999999982
1.45,2.6999999999999997,1.02,14.759999999999982
1.45,2.6999999999999997,1.04,14.999999999999982
1.45,2.6999999999999997,1.06,15.399999999999983
1.45,2.6999999999999997,1.08,15.959999999999985
1.45,2.6999999999999997,1.1,16.679999999999986
1.45,2.71,0.9,17.730000000000004
1.45,2.71,0.92,17.01
1.45,2.71,0.9400000000000001,16.450000000000003
1.45,2.71,0.9600000000000001,16.050000000000004
1.45,2.71,0.9800000000000001,15.810000000000004
1.45,2.71,1.0,15.730000000000004
1.45,2.71,1.02,15.810000000000004
1.45,2.71,1.04,16.050000000000004
1.45,2.71,1.06,16.450000000000006
1.45,2.71,1.08,17.010000000000005
1.45,2.71,1.1,17.730000000000008
1.45,2.7199999999999998,0.9,18.879999999999978
1.45,2.7199999999999998,0.92,18.159999999999975
1.45,2.7199999999999998,0.9400000000000001,17.599999999999977
1.45,2.7199999999999998,0.9600000000000001,17.199999999999978
1.45,2.7199999999999998,0.9800000000000001,16.959999999999976
1.45,2.7199999999999998,1.0,16.879999999999978
1.45,2.7199999999999998,1.02,16.95999999999998
1.45,2.7199999999999998,1.04,17.199999999999978
1.45,2.7199999999999998,1.06,17.59999999999998
1.45,2.7199999999999998,1.08,18.15999999999998
1.45,2.7199999999999998,1.1,18.87999999999998
1.45,2.73,0.9,20.130000000000003
1.45,2.73,0.92,19.41
1.45,2.73,0.9400000000000001,18.85
1.45,2.73,0.9600000000000001,18.450000000000003
1.45,2.73,0.9800000000000001,18.21
1.45,2.73,1.0,18.130000000000003
1.45,2.73,1.02,18.210000000000004
1.45,2.73,1.04,18.450000000000003
1.45,2.73,1.06,18.850000000000005
1.45,2.73,1.08,19.410000000000004
1.45,2.73,1.1,20.130000000000006
1.45,2.7399999999999998,0.9,21.479999999999972
1.45,2.7399999999999998,0.92,20.75999999999997
1.45,2.7399999999999998,0.9400000000000001,20.19999999999997
1.45,2.7399999999999998,0.9600000000000001,19.799999999999972
1.45,2.7399999999999998,0.9800000000000001,19.55999999999997
1.45,2.7399999999999998,1.0,19.479999999999972
1.45,2.7399999999999998,1.02,19.559999999999974
1.45,2.7399999999999998,1.04,19.799999999999972
1.45,2.7399999999999998,1.06,20.199999999999974
1.45,2.7399999999999998,1.08,20.759999999999973
1.45,2.7399999999999998,1.1,21.479999999999976
1.45,2.75,0.9,22.930000000000007
1.45,2.75,0.92,22.210000000000004
1.45,2.75,0.9400000000000001,21.650000000000006
1.45,2.75,0.9600000000000001,21.250000000000007
1.45,2.75,0.9800000000000001,21.010000000000005
1.45,2.75,1.0,20.930000000000007
1.45,2.75,1.02,21.01000000000001
1.45,2.75,1.04,21.250000000000007
1.45,2.75,1.06,21.65000000000001
1.45,2.75,1.08,22.210000000000008
1.45,2.75,1.1,22.93000000000001
1.45,2.76,0.9,24.47999999999997
1.45,2.76,0.92,23.759999999999966
1.45,2.76,0.9400000000000001,23.199999999999967
1.45,2.76,0.9600000000000001,22.79999999999997
1.45,2.76,0.9800000000000001,22.559999999999967
1.45,2.76,1.0,22.47999999999997
1.45,2.76,1.02,22.55999999999997
1.45,2.76,1.04,22.79999999999997
1.45,2.76,1.06,23.19999999999997
1.45,2.76,1.08,23.75999999999997
1.45,2.76,1.1,24.479999999999972
1.45,2.77,0.9,26.130000000000003
1.45,2.77,0.92,25.41
1.45,2.77,0.9400000000000001,24.85
1.45,2.77,0.9600000000000001,24.450000000000003
1.45,2.77,0.9800000000000001,24.21
1.45,2.77,1.0,24.130000000000003
1.45,2.77,1.02,24.210000000000004
1.45,2.77,1.04,24.450000000000003
1.45,2.77,1.06,24.850000000000005
1.45,2.77,1.08,25.410000000000004
1.45,2.77,1.1,26.130000000000006
1.45,2.78,0.9,27.879999999999967
1.45,2.78,0.92,27.159999999999965
1.45,2.78,0.9400000000000001,26.599999999999966
1.45,2.78,0.9600000000000001,26.199999999999967
1.45,2.78,0.9800000000000001,25.959999999999965
1.45,2.78,1.0,25.879999999999967
1.45,2.78,1.02,25.95999999999997
1.45,2.78,1.04,26.199999999999967
1.45,2.78,1.06,26.59999999999997
1.45,2.78,1.08,27.159999999999968
1.45,2.78,1.1,27.87999999999997
1.45,2.79,0.9,29.730000000000008
1.45,2.79,0.92,29.010000000000005
1.45,2.79,0.9400000000000001,28.450000000000006
1.45,2.79,0.9600000000000001,28.050000000000008
1.45,2.79,0.9800000000000001,27.810000000000006
1.45,2.79,1.0,27.730000000000008
1.45,2.79,1.02,27.81000000000001
1.45,2.79,1.04,28.050000000000008
1.45,2.79,1.06,28.45000000000001
1.45,2.79,1.08,29.01000000000001
1.45,2.79,1.1,29.73000000000001
1.45,2.8,0.9,31.679999999999964
1.45,2.8,0.92,30.95999999999996
1.45,2.8,0.9400000000000001,30.399999999999963
1.45,2.8,0.9600000000000001,29.999999999999964
1.45,2.8,0.9800000000000001,29.759999999999962
1.45,2.8,1.0,29.679999999999964
1.45,2.8,1.02,29.759999999999966
1.45,2.8,1.04,29.999999999999964
1.45,2.8,1.06,30.399999999999967
1.45,2.8,1.08,30.959999999999965
1.45,2.8,1.1,31.679999999999968
1.46,2.4,0.9,30.00000000000005
1.46,2.4,0.92,29.280000000000047
1.46,2.4,0.9400000000000001,28.72000000000005
1.46,2.4,0.9600000000000001,28.32000000000005
1.46,2.4,0.9800000000000001,28.080000000000048
1.46,2.4,1.0,28.00000000000005
1.46,2.4,1.02,28.08000000000005
1.46,2.4,1.04,28.32000000000005
1.46,2.4,1.06,28.720000000000052
1.46,2.4,1.08,29.28000000000005
1.46,2.4,1.1,30.000000000000053
1.46,2.4099999999999997,0.9,28.050000000000086
1.46,2.4099999999999997,0.92,27.330000000000084
1.46,2.4099999999999997,0.9400000000000001,26.770000000000085
1.46,2.4099999999999997,0.9600000000000001,26.370000000000086
1.46,2.4099999999999997,0.9800000000000001,26.130000000000084
1.46,2.4099999999999997,1.0,26.050000000000086
1.46,2.4099999999999997,1.02,26.130000000000088
1.46,2.4099999999999997,1.04,26.370000000000086
1.46,2.4099999999999997,1.06,26.77000000000009
1.46,2.4099999999999997,1.08,27.330000000000087
1.46,2.4099999999999997,1.1,28.05000000000009
1.46,2.42,0.9,26.200000000000045
1.46,2.42,0.92,25.480000000000043
1.46,2.42,0.9400000000000001,24.920000000000044
1.46,2.42,0.9600000000000001,24.520000000000046
1.46,2.42,0.9800000000000001,24.280000000000044
1.46,2.42,1.0,24.200000000000045
1.46,2.42,1.02,24.280000000000047
1.46,2.42,1.04,24.520000000000046
1.46,2.42,1.06,24.920000000000048
1.46,2.42,1.08,25.480000000000047
1.46,2.42,1.1,26.20000000000005
1.46,2.4299999999999997,0.9,24.450000000000077
1.46,2.4299999999999997,0.92,23.730000000000075
1.46,2.4299999999999997,0.9400000000000001,23.170000000000076
1.46,2.4299999999999997,0.9600000000000001,22.770000000000078
1.46,2.4299999999999997,0.9800000000000001,22.530000000000076
1.46,2.4299999999999997,1.0,22.450000000000077
1.46,2.4299999999999997,1.02,22.53000000000008
1.46,2.4299999999999997,1.04,22.770000000000078
1.46,2.4299999999999997,1.06,23.17000000000008
1.46,2.4299999999999997,1.08,23.73000000000008
1.46,2.4299999999999997,1.1,24.45000000000008
1.46,2.44,0.9,22.80000000000004
1.46,2.44,0.92,22.080000000000037
1.46,2.44,0.9400000000000001,21.52000000000004
1.46,2.44,0.9600000000000001,21.12000000000004
1.46,2.44,0.9800000000000001,20.880000000000038
1.46,2.44,1.0,20.80000000000004
1.46,2.44,1.02,20.88000000000004
1.46,2.44,1.04,21.12000000000004
1.46,2.44,1.06,21.520000000000042
1.46,2.44,1.08,22.08000000000004
1.46,2.44,1.1,22.800000000000043
1.46,2.4499999999999997,0.9,21.250000000000068
1.46,2.4499999999999997,0.92,20.530000000000065
1.46,2.4499999999999997,0.9400000000000001,19.970000000000066
1.46,2.4499999999999997,0.9600000000000001,19.570000000000068
1.46,2.4499999999999997,0.9800000000000001,19.330000000000066
1.46,2.4499999999999997,1.0,19.250000000000068
1.46,2.4499999999999997,1.02,19.33000000000007
1.46,2.4499999999999997,1.04,19.570000000000068
1.46,2.4499999999999997,1.06,19.97000000000007
1.46,2.4499999999999997,1.08,20.53000000000007
1.46,2.4499999999999997,1.1,21.25000000000007
1.46,2.46,0.9,19.800000000000033
1.46,2.46,0.92,19.08000000000003
1.46,2.46,0.9400000000000001,18.52000000000003
1.46,2.46,0.9600000000000001,18.120000000000033
1.46,2.46,0.9800000000000001,17.88000000000003
1.46,2.46,1.0,17.800000000000033
1.46,2.46,1.02,17.880000000000035
1.46,2.46,1.04,18.120000000000033
1.46,2.46,1.06,18.520000000000035
1.46,2.46,1.08,19.080000000000034
1.46,2.46,1.1,19.800000000000036
1.46,2.4699999999999998,0.9,18.45000000000006
1.46,2.4699999999999998,0.92,17.730000000000057
1.46,2.4699999999999998,0.9400000000000001,17.17000000000006
1.46,2.4699999999999998,0.9600000000000001,16.77000000000006
1.46,2.4699999999999998,0.9800000000000001,16.530000000000058
1.46,2.4699999999999998,1.0,16.45000000000006
1.46,2.4699999999999998,1.02,16.53000000000006
1.46,2.4699999999999998,1.04,16.77000000000006
1.46,2.4699999999999998,1.06,17.170000000000062
1.46,2.4699999999999998,1.08,17.73000000000006
1.46,2.4699999999999998,1.1,18.450000000000063
1.46,2.48,0.9,17.200000000000028
1.46,2.48,0.92,16.480000000000025
1.46,2.48,0.9400000000000001,15.920000000000027
1.46,2.48,0.9600000000000001,15.520000000000026
1.46,2.48,0.9800000000000001,15.280000000000028
1.46,2.48,1.0,15.200000000000028
1.46,2.48,1.02,15.280000000000028
1.46,2.48,1.04,15.520000000000028
1.46,2.48,1.06,15.920000000000028
1.46,2.48,1.08,16.48000000000003
1.46,2.48,1.1,17.20000000000003
1.46,2.4899999999999998,0.9,16.05000000000005
1.46,2.4899999999999998,0.92,15.33000000000005
1.46,2.4899999999999998,0.9400000000000001,14.77000000000005
1.46,2.4899999999999998,0.9600000000000001,14.370000000000049
1.46,2.4899999999999998,0.9800000000000001,14.13000000000005
1.46,2.4899999999999998,1.0,14.05000000000005
1.46,2.4899999999999998,1.02,14.13000000000005
1.46,2.4899999999999998,1.04,14.37000000000005
1.46,2.4899999999999998,1.06,14.770000000000051
1.46,2.4899999999999998,1.08,15.330000000000053
1.46,2.4899999999999998,1.1,16.050000000000054
1.46,2.5,0.9,15.000000000000021
1.46,2.5,0.92,14.280000000000022
1.46,2.5,0.9400000000000001,13.720000000000022
1.46,2.5,0.9600000000000001,13.320000000000022
1.46,2.5,0.9800000000000001,13.080000000000023
1.46,2.5,1.0,13.000000000000023
1.46,2.5,1.02,13.080000000000023
1.46,2.5,1.04,13.320000000000023
1.46,2.5,1.06,13.720000000000024
1.46,2.5,1.08,14.280000000000026
1.46,2.5,1.1,15.000000000000027
1.46,2.51,0.9,14.05000000000004
1.46,2.51,0.92,13.330000000000041
1.46,2.51,0.9400000000000001,12.77000000000004
1.46,2.51,0.9600000000000001,12.37000000000004
1.46,2.51,0.9800000000000001,12.130000000000042
1.46,2.51,1.0,12.050000000000042
1.46,2.51,1.02,12.130000000000042
1.46,2.51,1.04,12.370000000000042
1.46,2.51,1.06,12.770000000000042
1.46,2.51,1.08,13.330000000000044
1.46,2.51,1.1,14.050000000000045
1.46,2.52,0.9,13.20000000000002
1.46,2.52,0.92,12.48000000000002
1.46,2.52,0.9400000000000001,11.92000000000002
1.46,2.52,0.9600000000000001,11.52000000000002
1.46,2.52,0.9800000000000001,11.28000000000002
1.46,2.52,1.0,11.20000000000002
1.46,2.52,1.02,11.28000000000002
1.46,2.52,1.04,11.520000000000021
1.46,2.52,1.06,11.920000000000021
1.46,2.52,1.08,12.480000000000024
1.46,2.52,1.1,13.200000000000024
1.46,2.53,0.9,12.450000000000035
1.46,2.53,0.92,11.730000000000034
1.46,2.53,0.9400000000000001,11.170000000000034
1.46,2.53,0.9600000000000001,10.770000000000033
1.46,2.53,0.9800000000000001,10.530000000000035
1.46,2.53,1.0,10.450000000000035
1.46,2.53,1.02,10.530000000000035
1.46,2.53,1.04,10.770000000000035
1.46,2.53,1.06,11.170000000000035
1.46,2.53,1.08,11.730000000000038
1.46,2.53,1.1,12.450000000000038
1.46,2.54,0.9,11.800000000000015
1.46,2.54,0.92,11.080000000000016
1.46,2.54,0.9400000000000001,10.520000000000016
1.46,2.54,0.9600000000000001,10.120000000000015
1.46,2.54,0.9800000000000001,9.880000000000017
1.46,2.54,1.0,9.800000000000017
1.46,2.54,1.02,9.880000000000017
1.46,2.54,1.04,10.120000000000017
1.46,2.54,1.06,10.520000000000017
1.46,2.54,1.08,11.08000000000002
1.46,2.54,1.1,11.80000000000002
1.46,2.55,0.9,11.250000000000028
1.46,2.55,0.92,10.530000000000028
1.46,2.55,0.9400000000000001,9.970000000000027
1.46,2.55,0.9600000000000001,9.570000000000027
1.46,2.55,0.9800000000000001,9.330000000000028
1.46,2.55,1.0,9.250000000000028
1.46,2.55,1.02,9.330000000000028
1.46,2.55,1.04,9.570000000000029
1.46,2.55,1.06,9.970000000000029
1.46,2.55,1.08,10.530000000000031
1.46,2.55,1.1,11.250000000000032
1.46,2.56,0.9,10.800000000000015
1.46,2.56,0.92,10.080000000000014
1.46,2.56,0.9400000000000001,9.520000000000014
1.46,2.56,0.9600000000000001,9.120000000000013
1.46,2.56,0.9800000000000001,8.880000000000015
1.46,2.56,1.0,8.800000000000015
1.46,2.56,1.02,8.880000000000015
1.46,2.56,1.04,9.120000000000015
1.46,2.56,1.06,9.520000000000016
1.46,2.56,1.08,10.080000000000018
1.46,2.56,1.1,10.800000000000018
1.46,2.57,0.9,10.45000000000002
1.46,2.57,0.92,9.730000000000022
1.46,2.57,0.9400000000000001,9.170000000000021
1.46,2.57,0.9600000000000001,8.770000000000021
1.46,2.57,0.9800000000000001,8.530000000000022
1.46,2.57,1.0,8.450000000000022
1.46,2.57,1.02,8.530000000000022
1.46,2.57,1.04,8.770000000000023
1.46,2.57,1.06,9.170000000000023
1.46,2.57,1.08,9.730000000000025
1.46,2.57,1.1,10.450000000000026
1.46,2.58,0.9,10.200000000000014
1.46,2.58,0.92,9.480000000000015
1.46,2.58,0.9400000000000001,8.920000000000014
1.46,2.58,0.9600000000000001,8.520000000000014
1.46,2.58,0.9800000000000001,8.280000000000015
1.46,2.58,1.0,8.200000000000015
1.46,2.58,1.02,8.280000000000015
1.46,2.58,1.04,8.520000000000016
1.46,2.58,1.06,8.920000000000016
1.46,2.58,1.08,9.480000000000018
1.46,2.58,1.1,10.200000000000019
1.46,2.59,0.9,10.050000000000015
1.46,2.59,0.92,9.330000000000016
1.46,2.59,0.9400000000000001,8.770000000000016
1.46,2.59,0.9600000000000001,8.370000000000015
1.46,2.59,0.9800000000000001,8.130000000000017
1.46,2.59,1.0,8.050000000000017
1.46,2.59,1.02,8.130000000000017
1.46,2.59,1.04,8.370000000000017
1.46,2.59,1.06,8.770000000000017
1.46,2.59,1.08,9.33000000000002
1.46,2.59,1.1,10.05000000000002
1.46,2.5999999999999996,0.9,10.000000000000014
1.46,2.5999999999999996,0.92,9.280000000000014
1.46,2.5999999999999996,0.9400000000000001,8.720000000000013
1.46,2.5999999999999996,0.9600000000000001,8.320000000000013
1.46,2.5999999999999996,0.9800000000000001,8.080000000000014
1.46,2.5999999999999996,1.0,8.000000000000014
1.46,2.5999999999999996,1.02,8.080000000000014
1.46,2.5999999999999996,1.04,8.320000000000014
1.46,2.5999999999999996,1.06,8.720000000000015
1.46,2.5999999999999996,1.08,9.280000000000017
1.46,2.5999999999999996,1.1,10.000000000000018
1.46,2.61,0.9,10.050000000000011
1.46,2.61,0.92,9.33000000000001
1.46,2.61,0.9400000000000001,8.77000000000001
1.46,2.61,0.9600000000000001,8.37000000000001
1.46,2.61,0.9800000000000001,8.130000000000011
1.46,2.61,1.0,8.050000000000011
1.46,2.61,1.02,8.130000000000011
1.46,2.61,1.04,8.370000000000012
1.46,2.61,1.06,8.770000000000012
1.46,2.61,1.08,9.330000000000014
1.46,2.61,1.1,10.050000000000015
1.46,2.62,0.9,10.200000000000014
1.46,2.62,0.92,9.480000000000015
1.46,2.62,0.9400000000000001,8.920000000000014
1.46,2.62,0.9600000000000001,8.520000000000014
1.46,2.62,0.9800000000000001,8.280000000000015
1.46,2.62,1.0,8.200000000000015
1.46,2.62,1.02,8.280000000000015
1.46,2.62,1.04,8.520000000000016
1.46,2.62,1.06,8.920000000000016
1.46,2.62,1.08,9.480000000000018
1.46,2.62,1.1,10.200000000000019
1.46,2.63,0.9,10.450000000000006
1.46,2.63,0.92,9.730000000000008
1.46,2.63,0.9400000000000001,9.170000000000007
1.46,2.63,0.9600000000000001,8.770000000000007
1.46,2.63,0.9800000000000001,8.530000000000008
1.46,2.63,1.0,8.450000000000008
1.46,2.63,1.02,8.530000000000008
1.46,2.63,1.04,8.770000000000008
1.46,2.63,1.06,9.170000000000009
1.46,2.63,1.08,9.730000000000011
1.46,2.63,1.1,10.450000000000012
1.46,2.6399999999999997,0.9,10.799999999999997
1.46,2.6399999999999997,0.92,10.079999999999997
1.46,2.6399999999999997,0.9400000000000001,9.519999999999996
1.46,2.6399999999999997,0.9600000000000001,9.119999999999996
1.46,2.6399999999999997,0.9800000000000001,8.879999999999997
1.46,2.6399999999999997,1.0,8.799999999999997
1.46,2.6399999999999997,1.02,8.879999999999997
1.46,2.6399999999999997,1.04,9.119999999999997
1.46,2.6399999999999997,1.06,9.519999999999998
1.46,2.6399999999999997,1.08,10.08
1.46,2.6399999999999997,1.1,10.8
1.46,2.65,0.9,11.250000000000004
1.46,2.65,0.92,10.530000000000005
1.46,2.65,0.9400000000000001,9.970000000000004
1.46,2.65,0.9600000000000001,9.570000000000004
1.46,2.65,0.9800000000000001,9.330000000000005
1.46,2.65,1.0,9.250000000000005
1.46,2.65,1.02,9.330000000000005
1.46,2.65,1.04,9.570000000000006
1.46,2.65,1.06,9.970000000000006
1.46,2.65,1.08,10.530000000000008
1.46,2.65,1.1,11.250000000000009
1.46,2.6599999999999997,0.9,11.79999999999999
1.46,2.6599999999999997,0.92,11.07999999999999
1.46,2.6599999999999997,0.9400000000000001,10.519999999999989
1.46,2.6599999999999997,0.9600000000000001,10.119999999999989
1.46,2.6599999999999997,0.9800000000000001,9.87999999999999
1.46,2.6599999999999997,1.0,9.79999999999999
1.46,2.6599999999999997,1.02,9.87999999999999
1.46,2.6599999999999997,1.04,10.11999999999999
1.46,2.6599999999999997,1.06,10.51999999999999
1.46,2.6599999999999997,1.08,11.079999999999993
1.46,2.6599999999999997,1.1,11.799999999999994
1.46,2.67,0.9,12.450000000000003
1.46,2.67,0.92,11.730000000000002
1.46,2.67,0.9400000000000001,11.170000000000002
1.46,2.67,0.9600000000000001,10.770000000000001
1.46,2.67,0.9800000000000001,10.530000000000003
1.46,2.67,1.0,10.450000000000003
1.46,2.67,1.02,10.530000000000003
1.46,2.67,1.04,10.770000000000003
1.46,2.67,1.06,11.170000000000003
1.46,2.67,1.08,11.730000000000006
1.46,2.67,1.1,12.450000000000006
1.46,2.6799999999999997,0.9,13.199999999999985
1.46,2.6799999999999997,0.92,12.479999999999984
1.46,2.6799999999999997,0.9400000000000001,11.919999999999984
1.46,2.6799999999999997,0.9600000000000001,11.519999999999984
1.46,2.6799999999999997,0.9800000000000001,11.279999999999985
1.46,2.6799999999999997,1.0,11.199999999999985
1.46,2.6799999999999997,1.02,11.279999999999985
1.46,2.6799999999999997,1.04,11.519999999999985
1.46,2.6799999999999997,1.06,11.919999999999986
1.46,2.6799999999999997,1.08,12.479999999999988
1.46,2.6799999999999997,1.1,13.199999999999989
1.46,2.69,0.9,14.05
1.46,2.69,0.92,13.33
1.46,2.69,0.9400000000000001,12.77
1.46,2.69,0.9600000000000001,12.37
1.46,2.69,0.9800000000000001,12.13
1.46,2.69,1.0,12.05
1.46,2.69,1.02,12.13
1.46,2.69,1.04,12.370000000000001
1.46,2.69,1.06,12.770000000000001
1.46,2.69,1.08,13.330000000000004
1.46,2.69,1.1,14.050000000000004
1.46,2.6999999999999997,0.9,14.999999999999979
1.46,2.6999999999999997,0.92,14.279999999999978
1.46,2.6999999999999997,0.9400000000000001,13.719999999999978
1.46,2.6999999999999997,0.9600000000000001,13.319999999999977
1.46,2.6999999999999997,0.9800000000000001,13.079999999999979
1.46,2.6999999999999997,1.0,12.999999999999979
1.46,2.6999999999999997,1.02,13.079999999999979
1.46,2.6999999999999997,1.04,13.319999999999979
1.46,2.6999999999999997,1.06,13.71999999999998
1.46,2.6999999999999997,1.08,14.279999999999982
1.46,2.6999999999999997,1.1,14.999999999999982
1.46,2.71,0.9,16.05
1.46,2.71,0.92,15.33
1.46,2.71,0.9400000000000001,14.77
1.46,2.71,0.9600000000000001,14.37
1.46,2.71,0.9800000000000001,14.13
1.46,2.71,1.0,14.05
1.46,2.71,1.02,14.13
1.46,2.71,1.04,14.370000000000001
1.46,2.71,1.06,14.770000000000001
1.46,2.71,1.08,15.330000000000004
1.46,2.71,1.1,16.050000000000004
1.46,2.7199999999999998,0.9,17.199999999999974
1.46,2.7199999999999998,0.92,16.479999999999972
1.46,2.7199999999999998,0.9400000000000001,15.919999999999973
1.46,2.7199999999999998,0.9600000000000001,15.519999999999973
1.46,2.7199999999999998,0.9800000000000001,15.279999999999974
1.46,2.7199999999999998,1.0,15.199999999999974
1.46,2.7199999999999998,1.02,15.279999999999974
1.46,2.7199999999999998,1.04,15.519999999999975
1.46,2.7199999999999998,1.06,15.919999999999975
1.46,2.7199999999999998,1.08,16.479999999999976
1.46,2.7199999999999998,1.1,17.199999999999978
1.46,2.73,0.9,18.45
1.46,2.73,0.92,17.729999999999997
1.46,2.73,0.9400000000000001,17.169999999999998
1.46,2.73,0.9600000000000001,16.77
1.46,2.73,0.9800000000000001,16.529999999999998
1.46,2.73,1.0,16.45
1.46,2.73,1.02,16.53
1.46,2.73,1.04,16.77
1.46,2.73,1.06,17.17
1.46,2.73,1.08,17.73
1.46,2.73,1.1,18.450000000000003
1.46,2.7399999999999998,0.9,19.79999999999997
1.46,2.7399999999999998,0.92,19.079999999999966
1.46,2.7399999999999998,0.9400000000000001,18.519999999999968
1.46,2.7399999999999998,0.9600000000000001,18.11999999999997
1.46,2.7399999999999998,0.9800000000000001,17.879999999999967
1.46,2.7399999999999998,1.0,17.79999999999997
1.46,2.7399999999999998,1.02,17.87999999999997
1.46,2.7399999999999998,1.04,18.11999999999997
1.46,2.7399999999999998,1.06,18.51999999999997
1.46,2.7399999999999998,1.08,19.07999999999997
1.46,2.7399999999999998,1.1,19.799999999999972
1.46,2.75,0.9,21.25
1.46,2.75,0.92,20.529999999999998
1.46,2.75,0.9400000000000001,19.97
1.46,2.75,0.9600000000000001,19.57
1.46,2.75,0.9800000000000001,19.33
1.46,2.75,1.0,19.25
1.46,2.75,1.02,19.330000000000002
1.46,2.75,1.04,19.57
1.46,2.75,1.06,19.970000000000002
1.46,2.75,1.08,20.53
1.46,2.75,1.1,21.250000000000004
1.46,2.76,0.9,22.79999999999997
1.46,2.76,0.92,22.079999999999966
1.46,2.76,0.9400000000000001,21.519999999999968
1.46,2.76,0.9600000000000001,21.11999999999997
1.46,2.76,0.9800000000000001,20.879999999999967
1.46,2.76,1.0,20.79999999999997
1.46,2.76,1.02,20.87999999999997
1.46,2.76,1.04,21.11999999999997
1.46,2.76,1.06,21.51999999999997
1.46,2.76,1.08,22.07999999999997
1.46,2.76,1.1,22.799999999999972
1.46,2.77,0.9,24.450000000000003
1.46,2.77,0.92,23.73
1.46,2.77,0.9400000000000001,23.17
1.46,2.77,0.9600000000000001,22.770000000000003
1.46,2.77,0.9800000000000001,22.53
1.46,2.77,1.0,22.450000000000003
1.46,2.77,1.02,22.530000000000005
1.46,2.77,1.04,22.770000000000003
1.46,2.77,1.06,23.170000000000005
1.46,2.77,1.08,23.730000000000004
1.46,2.77,1.1,24.450000000000006
1.46,2.78,0.9,26.199999999999964
1.46,2.78,0.92,25.47999999999996
1.46,2.78,0.9400000000000001,24.919999999999963
1.46,2.78,0.9600000000000001,24.519999999999964
1.46,2.78,0.9800000000000001,24.279999999999962
1.46,2.78,1.0,24.199999999999964
1.46,2.78,1.02,24.279999999999966
1.46,2.78,1.04,24.519999999999964
1.46,2.78,1.06,24.919999999999966
1.46,2.78,1.08,25.479999999999965
1.46,2.78,1.1,26.199999999999967
1.46,2.79,0.9,28.050000000000004
1.46,2.79,0.92,27.330000000000002
1.46,2.79,0.9400000000000001,26.770000000000003
1.46,2.79,0.9600000000000001,26.370000000000005
1.46,2.79,0.9800000000000001,26.130000000000003
1.46,2.79,1.0,26.050000000000004
1.46,2.79,1.02,26.130000000000006
1.46,2.79,1.04,26.370000000000005
1.46,2.79,1.06,26.770000000000007
1.46,2.79,1.08,27.330000000000005
1.46,2.79,1.1,28.050000000000008
1.46,2.8,0.9,29.99999999999996
1.46,2.8,0.92,29.27999999999996
1.46,2.8,0.9400000000000001,28.71999999999996
1.46,2.8,0.9600000000000001,28.31999999999996
1.46,2.8,0.9800000000000001,28.07999999999996
1.46,2.8,1.0,27.99999999999996
1.46,2.8,1.02,28.079999999999963
1.46,2.8,1.04,28.31999999999996
1.46,2.8,1.06,28.719999999999963
1.46,2.8,1.08,29.279999999999962
1.46,2.8,1.1,29.999999999999964
1.47,2.4,0.9,28.480000000000047
1.47,2.4,0.92,27.760000000000044
1.47,2.4,0.9400000000000001,27.200000000000045
1.47,2.4,0.9600000000000001,26.800000000000047
1.47,2.4,0.9800000000000001,26.560000000000045
1.47,2.4,1.0,26.480000000000047
1.47,2.4,1.02,26.56000000000005
1.47,2.4,1.04,26.800000000000047
1.47,2.4,1.06,27.20000000000005
1.47,2.4,1.08,27.760000000000048
1.47,2.4,1.1,28.48000000000005
1.47,2.4099999999999997,0.9,26.530000000000083
1.47,2.4099999999999997,0.92,25.81000000000008
1.47,2.4099999999999997,0.9400000000000001,25.25000000000008
1.47,2.4099999999999997,0.9600000000000001,24.850000000000083
1.47,2.4099999999999997,0.9800000000000001,24.61000000000008
1.47,2.4099999999999997,1.0,24.530000000000083
1.47,2.4099999999999997,1.02,24.610000000000085
1.47,2.4099999999999997,1.04,24.850000000000083
1.47,2.4099999999999997,1.06,25.250000000000085
1.47,2.4099999999999997,1.08,25.810000000000084
1.47,2.4099999999999997,1.1,26.530000000000086
1.47,2.42,0.9,24.680000000000042
1.47,2.42,0.92,23.96000000000004
1.47,2.42,0.9400000000000001,23.40000000000004
1.47,2.42,0.9600000000000001,23.000000000000043
1.47,2.42,0.9800000000000001,22.76000000000004
1.47,2.42,1.0,22.680000000000042
1.47,2.42,1.02,22.760000000000044
1.47,2.42,1.04,23.000000000000043
1.47,2.42,1.06,23.400000000000045
1.47,2.42,1.08,23.960000000000043
1.47,2.42,1.1,24.680000000000046
1.47,2.4299999999999997,0.9,22.930000000000074
1.47,2.4299999999999997,0.92,22.210000000000072
1.47,2.4299999999999997,0.9400000000000001,21.650000000000073
1.47,2.4299999999999997,0.9600000000000001,21.250000000000075
1.47,2.4299999999999997,0.9800000000000001,21.010000000000073
1.47,2.4299999999999997,1.0,20.930000000000074
1.47,2.4299999999999997,1.02,21.010000000000076
1.47,2.4299999999999997,1.04,21.250000000000075
1.47,2.4299999999999997,1.06,21.650000000000077
1.47,2.4299999999999997,1.08,22.210000000000075
1.47,2.4299999999999997,1.1,22.930000000000078
1.47,2.44,0.9,21.280000000000037
1.47,2.44,0.92,20.560000000000034
1.47,2.44,0.9400000000000001,20.000000000000036
1.47,2.44,0.9600000000000001,19.600000000000037
1.47,2.44,0.9800000000000001,19.360000000000035
1.47,2.44,1.0,19.280000000000037
1.47,2.44,1.02,19.36000000000004
1.47,2.44,1.04,19.600000000000037
1.47,2.44,1.06,20.00000000000004
1.47,2.44,1.08,20.560000000000038
1.47,2.44,1.1,21.28000000000004
1.47,2.4499999999999997,0.9,19.730000000000064
1.47,2.4499999999999997,0.92,19.010000000000062
1.47,2.4499999999999997,0.9400000000000001,18.450000000000063
1.47,2.4499999999999997,0.9600000000000001,18.050000000000065
1.47,2.4499999999999997,0.9800000000000001,17.810000000000063
1.47,2.4499999999999997,1.0,17.730000000000064
1.47,2.4499999999999997,1.02,17.810000000000066
1.47,2.4499999999999997,1.04,18.050000000000065
1.47,2.4499999999999997,1.06,18.450000000000067
1.47,2.4499999999999997,1.08,19.010000000000066
1.47,2.4499999999999997,1.1,19.730000000000068
1.47,2.46,0.9,18.28000000000003
1.47,2.46,0.92,17.560000000000027
1.47,2.46,0.9400000000000001,17.00000000000003
1.47,2.46,0.9600000000000001,16.60000000000003
1.47,2.46,0.9800000000000001,16.360000000000028
1.47,2.46,1.0,16.28000000000003
1.47,2.46,1.02,16.36000000000003
1.47,2.46,1.04,16.60000000000003
1.47,2.46,1.06,17.000000000000032
1.47,2.46,1.08,17.56000000000003
1.47,2.46,1.1,18.280000000000033
1.47,2.4699999999999998,0.9,16.930000000000057
1.47,2.4699999999999998,0.92,16.210000000000054
1.47,2.4699999999999998,0.9400000000000001,15.650000000000055
1.47,2.4699999999999998,0.9600000000000001,15.250000000000055
1.47,2.4699999999999998,0.9800000000000001,15.010000000000057
1.47,2.4699999999999998,1.0,14.930000000000057
1.47,2.4699999999999998,1.02,15.010000000000057
1.47,2.4699999999999998,1.04,15.250000000000057
1.47,2.4699999999999998,1.06,15.650000000000057
1.47,2.4699999999999998,1.08,16.210000000000058
1.47,2.4699999999999998,1.1,16.93000000000006
1.47,2.48,0.9,15.680000000000025
1.47,2.48,0.92,14.960000000000024
1.47,2.48,0.9400000000000001,14.400000000000023
1.47,2.48,0.9600000000000001,14.000000000000023
1.47,2.48,0.9800000000000001,13.760000000000025
1.47,2.48,1.0,13.680000000000025
1.47,2.48,1.02,13.760000000000025
1.47,2.48,1.04,14.000000000000025
1.47,2.48,1.06,14.400000000000025
1.47,2.48,1.08,14.960000000000027
1.47,2.48,1.1,15.680000000000028
1.47,2.4899999999999998,0.9,14.530000000000047
1.47,2.4899999999999998,0.92,13.810000000000047
1.47,2.4899999999999998,0.9400000000000001,13.250000000000046
1.47,2.4899999999999998,0.9600000000000001,12.850000000000046
1.47,2.4899999999999998,0.9800000000000001,12.610000000000047
1.47,2.4899999999999998,1.0,12.530000000000047
1.47,2.4899999999999998,1.02,12.610000000000047
1.47,2.4899999999999998,1.04,12.850000000000048
1.47,2.4899999999999998,1.06,13.250000000000048
1.47,2.4899999999999998,1.08,13.81000000000005
1.47,2.4899999999999998,1.1,14.53000000000005
1.47,2.5,0.9,13.480000000000022
1.47,2.5,0.92,12.760000000000021
1.47,2.5,0.9400000000000001,12.20000000000002
1.47,2.5,0.9600000000000001,11.80000000000002
1.47,2.5,0.9800000000000001,11.560000000000022
1.47,2.5,1.0,11.480000000000022
1.47,2.5,1.02,11.560000000000022
1.47,2.5,1.04,11.800000000000022
1.47,2.5,1.06,12.200000000000022
1.47,2.5,1.08,12.760000000000025
1.47,2.5,1.1,13.480000000000025
1.47,2.51,0.9,12.53000000000004
1.47,2.51,0.92,11.81000000000004
1.47,2.51,0.9400000000000001,11.250000000000039
1.47,2.51,0.9600000000000001,10.850000000000039
1.47,2.51,0.9800000000000001,10.61000000000004
1.47,2.51,1.0,10.53000000000004
1.47,2.51,1.02,10.61000000000004
1.47,2.51,1.04,10.85000000000004
1.47,2.51,1.06,11.25000000000004
1.47,2.51,1.08,11.810000000000043
1.47,2.51,1.1,12.530000000000044
1.47,2.52,0.9,11.680000000000017
1.47,2.52,0.92,10.960000000000017
1.47,2.52,0.9400000000000001,10.400000000000016
1.47,2.52,0.9600000000000001,10.000000000000016
1.47,2.52,0.9800000000000001,9.760000000000018
1.47,2.52,1.0,9.680000000000017
1.47,2.52,1.02,9.760000000000018
1.47,2.52,1.04,10.000000000000018
1.47,2.52,1.06,10.400000000000018
1.47,2.52,1.08,10.96000000000002
1.47,2.52,1.1,11.680000000000021
1.47,2.53,0.9,10.930000000000032
1.47,2.53,0.92,10.210000000000031
1.47,2.53,0.9400000000000001,9.65000000000003
1.47,2.53,0.9600000000000001,9.25000000000003
1.47,2.53,0.9800000000000001,9.010000000000032
1.47,2.53,1.0,8.930000000000032
1.47,2.53,1.02,9.010000000000032
1.47,2.53,1.04,9.250000000000032
1.47,2.53,1.06,9.650000000000032
1.47,2.53,1.08,10.210000000000035
1.47,2.53,1.1,10.930000000000035
1.47,2.54,0.9,10.280000000000015
1.47,2.54,0.92,9.560000000000015
1.47,2.54,0.9400000000000001,9.000000000000014
1.47,2.54,0.9600000000000001,8.600000000000014
1.47,2.54,0.9800000000000001,8.360000000000015
1.47,2.54,1.0,8.280000000000015
1.47,2.54,1.02,8.360000000000015
1.47,2.54,1.04,8.600000000000016
1.47,2.54,1.06,9.000000000000016
1.47,2.54,1.08,9.560000000000018
1.47,2.54,1.1,10.280000000000019
1.47,2.55,0.9,9.730000000000025
1.47,2.55,0.92,9.010000000000025
1.47,2.55,0.9400000000000001,8.450000000000024
1.47,2.55,0.9600000000000001,8.050000000000024
1.47,2.55,0.9800000000000001,7.8100000000000245
1.47,2.55,1.0,7.730000000000025
1.47,2.55,1.02,7.810000000000025
1.47,2.55,1.04,8.050000000000026
1.47,2.55,1.06,8.450000000000026
1.47,2.55,1.08,9.010000000000028
1.47,2.55,1.1,9.730000000000029
1.47,2.56,0.9,9.280000000000012
1.47,2.56,0.92,8.560000000000013
1.47,2.56,0.9400000000000001,8.000000000000012
1.47,2.56,0.9600000000000001,7.600000000000012
1.47,2.56,0.9800000000000001,7.360000000000013
1.47,2.56,1.0,7.280000000000014
1.47,2.56,1.02,7.360000000000014
1.47,2.56,1.04,7.600000000000014
1.47,2.56,1.06,8.000000000000014
1.47,2.56,1.08,8.560000000000016
1.47,2.56,1.1,9.280000000000017
1.47,2.57,0.9,8.930000000000017
1.47,2.57,0.92,8.210000000000019
1.47,2.57,0.9400000000000001,7.650000000000018
1.47,2.57,0.9600000000000001,7.250000000000018
1.47,2.57,0.9800000000000001,7.010000000000018
1.47,2.57,1.0,6.930000000000019
1.47,2.57,1.02,7.010000000000019
1.47,2.57,1.04,7.2500000000000195
1.47,2.57,1.06,7.650000000000021
1.47,2.57,1.08,8.210000000000022
1.47,2.57,1.1,8.930000000000023
1.47,2.58,0.9,8.68000000000001
1.47,2.58,0.92,7.960000000000011
1.47,2.58,0.9400000000000001,7.400000000000011
1.47,2.58,0.9600000000000001,7.000000000000011
1.47,2.58,0.9800000000000001,6.760000000000011
1.47,2.58,1.0,6.680000000000012
1.47,2.58,1.02,6.760000000000012
1.47,2.58,1.04,7.000000000000012
1.47,2.58,1.06,7.400000000000014
1.47,2.58,1.08,7.960000000000014
1.47,2.58,1.1,8.680000000000016
1.47,2.59,0.9,8.530000000000014
1.47,2.59,0.92,7.810000000000013
1.47,2.59,0.9400000000000001,7.250000000000013
1.47,2.59,0.9600000000000001,6.850000000000013
1.47,2.59,0.9800000000000001,6.610000000000014
1.47,2.59,1.0,6.5300000000000145
1.47,2.59,1.02,6.6100000000000145
1.47,2.59,1.04,6.850000000000015
1.47,2.59,1.06,7.250000000000016
1.47,2.59,1.08,7.8100000000000165
1.47,2.59,1.1,8.530000000000019
1.47,2.5999999999999996,0.9,8.480000000000011
1.47,2.5999999999999996,0.92,7.7600000000000104
1.47,2.5999999999999996,0.9400000000000001,7.200000000000011
1.47,2.5999999999999996,0.9600000000000001,6.8000000000000105
1.47,2.5999999999999996,0.9800000000000001,6.560000000000011
1.47,2.5999999999999996,1.0,6.480000000000012
1.47,2.5999999999999996,1.02,6.560000000000012
1.47,2.5999999999999996,1.04,6.800000000000012
1.47,2.5999999999999996,1.06,7.2000000000000135
1.47,2.5999999999999996,1.08,7.760000000000014
1.47,2.5999999999999996,1.1,8.480000000000015
1.47,2.61,0.9,8.530000000000008
1.47,2.61,0.92,7.8100000000000085
1.47,2.61,0.9400000000000001,7.250000000000009
1.47,2.61,0.9600000000000001,6.8500000000000085
1.47,2.61,0.9800000000000001,6.610000000000009
1.47,2.61,1.0,6.53000000000001
1.47,2.61,1.02,6.61000000000001
1.47,2.61,1.04,6.85000000000001
1.47,2.61,1.06,7.2500000000000115
1.47,2.61,1.08,7.810000000000012
1.47,2.61,1.1,8.530000000000014
1.47,2.62,0.9,8.68000000000001
1.47,2.62,0.92,7.960000000000011
1.47,2.62,0.9400000000000001,7.400000000000011
1.47,2.62,0.9600000000000001,7.000000000000011
1.47,2.62,0.9800000000000001,6.760000000000011
1.47,2.62,1.0,6.680000000000012
1.47,2.62,1.02,6.760000000000012
1.47,2.62,1.04,7.000000000000012
1.47,2.62,1.06,7.400000000000014
1.47,2.62,1.08,7.960000000000014
1.47,2.62,1.1,8.680000000000016
1.47,2.63,0.9,8.930000000000005
1.47,2.63,0.92,8.210000000000004
1.47,2.63,0.9400000000000001,7.650000000000005
1.47,2.63,0.9600000000000001,7.250000000000004
1.47,2.63,0.9800000000000001,7.010000000000005
1.47,2.63,1.0,6.930000000000006
1.47,2.63,1.02,7.010000000000006
1.47,2.63,1.04,7.250000000000006
1.47,2.63,1.06,7.6500000000000075
1.47,2.63,1.08,8.210000000000008
1.47,2.63,1.1,8.93000000000001
1.47,2.6399999999999997,0.9,9.279999999999994
1.47,2.6399999999999997,0.92,8.559999999999995
1.47,2.6399999999999997,0.9400000000000001,7.999999999999995
1.47,2.6399999999999997,0.9600000000000001,7.599999999999994
1.47,2.6399999999999997,0.9800000000000001,7.359999999999995
1.47,2.6399999999999997,1.0,7.279999999999996
1.47,2.6399999999999997,1.02,7.359999999999996
1.47,2.6399999999999997,1.04,7.599999999999996
1.47,2.6399999999999997,1.06,7.999999999999997
1.47,2.6399999999999997,1.08,8.559999999999999
1.47,2.6399999999999997,1.1,9.28
1.47,2.65,0.9,9.730000000000002
1.47,2.65,0.92,9.010000000000002
1.47,2.65,0.9400000000000001,8.450000000000001
1.47,2.65,0.9600000000000001,8.050000000000002
1.47,2.65,0.9800000000000001,7.810000000000002
1.47,2.65,1.0,7.730000000000003
1.47,2.65,1.02,7.810000000000003
1.47,2.65,1.04,8.050000000000004
1.47,2.65,1.06,8.450000000000005
1.47,2.65,1.08,9.010000000000005
1.47,2.65,1.1,9.730000000000008
1.47,2.6599999999999997,0.9,10.279999999999987
1.47,2.6599999999999997,0.92,9.559999999999988
1.47,2.6599999999999997,0.9400000000000001,8.999999999999988
1.47,2.6599999999999997,0.9600000000000001,8.599999999999987
1.47,2.6599999999999997,0.9800000000000001,8.359999999999989
1.47,2.6599999999999997,1.0,8.279999999999989
1.47,2.6599999999999997,1.02,8.359999999999989
1.47,2.6599999999999997,1.04,8.599999999999989
1.47,2.6599999999999997,1.06,8.99999999999999
1.47,2.6599999999999997,1.08,9.559999999999992
1.47,2.6599999999999997,1.1,10.279999999999992
1.47,2.67,0.9,10.93
1.47,2.67,0.92,10.209999999999999
1.47,2.67,0.9400000000000001,9.649999999999999
1.47,2.67,0.9600000000000001,9.249999999999998
1.47,2.67,0.9800000000000001,9.01
1.47,2.67,1.0,8.93
1.47,2.67,1.02,9.01
1.47,2.67,1.04,9.25
1.47,2.67,1.06,9.65
1.47,2.67,1.08,10.210000000000003
1.47,2.67,1.1,10.930000000000003
1.47,2.6799999999999997,0.9,11.679999999999982
1.47,2.6799999999999997,0.92,10.959999999999981
1.47,2.6799999999999997,0.9400000000000001,10.39999999999998
1.47,2.6799999999999997,0.9600000000000001,9.99999999999998
1.47,2.6799999999999997,0.9800000000000001,9.759999999999982
1.47,2.6799999999999997,1.0,9.679999999999982
1.47,2.6799999999999997,1.02,9.759999999999982
1.47,2.6799999999999997,1.04,9.999999999999982
1.47,2.6799999999999997,1.06,10.399999999999983
1.47,2.6799999999999997,1.08,10.959999999999985
1.47,2.6799999999999997,1.1,11.679999999999986
1.47,2.69,0.9,12.529999999999998
1.47,2.69,0.92,11.809999999999999
1.47,2.69,0.9400000000000001,11.249999999999998
1.47,2.69,0.9600000000000001,10.849999999999998
1.47,2.69,0.9800000000000001,10.61
1.47,2.69,1.0,10.53
1.47,2.69,1.02,10.61
1.47,2.69,1.04,10.85
1.47,2.69,1.06,11.25
1.47,2.69,1.08,11.810000000000002
1.47,2.69,1.1,12.530000000000003
1.47,2.6999999999999997,0.9,13.479999999999976
1.47,2.6999999999999997,0.92,12.759999999999975
1.47,2.6999999999999997,0.9400000000000001,12.199999999999974
1.47,2.6999999999999997,0.9600000000000001,11.799999999999974
1.47,2.6999999999999997,0.9800000000000001,11.559999999999976
1.47,2.6999999999999997,1.0,11.479999999999976
1.47,2.6999999999999997,1.02,11.559999999999976
1.47,2.6999999999999997,1.04,11.799999999999976
1.47,2.6999999999999997,1.06,12.199999999999976
1.47,2.6999999999999997,1.08,12.759999999999978
1.47,2.6999999999999997,1.1,13.479999999999979
1.47,2.71,0.9,14.529999999999998
1.47,2.71,0.92,13.809999999999997
1.47,2.71,0.9400000000000001,13.249999999999996
1.47,2.71,0.9600000000000001,12.849999999999996
1.47,2.71,0.9800000000000001,12.609999999999998
1.47,2.71,1.0,12.529999999999998
1.47,2.71,1.02,12.609999999999998
1.47,2.71,1.04,12.849999999999998
1.47,2.71,1.06,13.249999999999998
1.47,2.71,1.08,13.81
1.47,2.71,1.1,14.530000000000001
1.47,2.7199999999999998,0.9,15.679999999999971
1.47,2.7199999999999998,0.92,14.95999999999997
1.47,2.7199999999999998,0.9400000000000001,14.39999999999997
1.47,2.7199999999999998,0.9600000000000001,13.99999999999997
1.47,2.7199999999999998,0.9800000000000001,13.759999999999971
1.47,2.7199999999999998,1.0,13.679999999999971
1.47,2.7199999999999998,1.02,13.759999999999971
1.47,2.7199999999999998,1.04,13.999999999999972
1.47,2.7199999999999998,1.06,14.399999999999972
1.47,2.7199999999999998,1.08,14.959999999999974
1.47,2.7199999999999998,1.1,15.679999999999975
1.47,2.73,0.9,16.929999999999996
1.47,2.73,0.92,16.209999999999994
1.47,2.73,0.9400000000000001,15.649999999999995
1.47,2.73,0.9600000000000001,15.249999999999995
1.47,2.73,0.9800000000000001,15.009999999999996
1.47,2.73,1.0,14.929999999999996
1.47,2.73,1.02,15.009999999999996
1.47,2.73,1.04,15.249999999999996
1.47,2.73,1.06,15.649999999999997
1.47,2.73,1.08,16.209999999999997
1.47,2.73,1.1,16.93
1.47,2.7399999999999998,0.9,18.279999999999966
1.47,2.7399999999999998,0.92,17.559999999999963
1.47,2.7399999999999998,0.9400000000000001,16.999999999999964
1.47,2.7399999999999998,0.9600000000000001,16.599999999999966
1.47,2.7399999999999998,0.9800000000000001,16.359999999999964
1.47,2.7399999999999998,1.0,16.279999999999966
1.47,2.7399999999999998,1.02,16.359999999999967
1.47,2.7399999999999998,1.04,16.599999999999966
1.47,2.7399999999999998,1.06,16.999999999999968
1.47,2.7399999999999998,1.08,17.559999999999967
1.47,2.7399999999999998,1.1,18.27999999999997
1.47,2.75,0.9,19.73
1.47,2.75,0.92,19.009999999999998
1.47,2.75,0.9400000000000001,18.45
1.47,2.75,0.9600000000000001,18.05
1.47,2.75,0.9800000000000001,17.81
1.47,2.75,1.0,17.73
1.47,2.75,1.02,17.810000000000002
1.47,2.75,1.04,18.05
1.47,2.75,1.06,18.450000000000003
1.47,2.75,1.08,19.01
1.47,2.75,1.1,19.730000000000004
1.47,2.76,0.9,21.279999999999966
1.47,2.76,0.92,20.559999999999963
1.47,2.76,0.9400000000000001,19.999999999999964
1.47,2.76,0.9600000000000001,19.599999999999966
1.47,2.76,0.9800000000000001,19.359999999999964
1.47,2.76,1.0,19.279999999999966
1.47,2.76,1.02,19.359999999999967
1.47,2.76,1.04,19.599999999999966
1.47,2.76,1.06,19.999999999999968
1.47,2.76,1.08,20.559999999999967
1.47,2.76,1.1,21.27999999999997
1.47,2.77,0.9,22.93
1.47,2.77,0.92,22.209999999999997
1.47,2.77,0.9400000000000001,21.65
1.47,2.77,0.9600000000000001,21.25
1.47,2.77,0.9800000000000001,21.009999999999998
1.47,2.77,1.0,20.93
1.47,2.77,1.02,21.01
1.47,2.77,1.04,21.25
1.47,2.77,1.06,21.650000000000002
1.47,2.77,1.08,22.21
1.47,2.77,1.1,22.930000000000003
1.47,2.78,0.9,24.67999999999996
1.47,2.78,0.92,23.959999999999958
1.47,2.78,0.9400000000000001,23.39999999999996
1.47,2.78,0.9600000000000001,22.99999999999996
1.47,2.78,0.9800000000000001,22.75999999999996
1.47,2.78,1.0,22.67999999999996
1.47,2.78,1.02,22.759999999999962
1.47,2.78,1.04,22.99999999999996
1.47,2.78,1.06,23.399999999999963
1.47,2.78,1.08,23.95999999999996
1.47,2.78,1.1,24.679999999999964
1.47,2.79,0.9,26.53
1.47,2.79,0.92,25.81
1.47,2.79,0.9400000000000001,25.25
1.47,2.79,0.9600000000000001,24.85
1.47,2.79,0.9800000000000001,24.61
1.47,2.79,1.0,24.53
1.47,2.79,1.02,24.610000000000003
1.47,2.79,1.04,24.85
1.47,2.79,1.06,25.250000000000004
1.47,2.79,1.08,25.810000000000002
1.47,2.79,1.1,26.530000000000005
1.47,2.8,0.9,28.479999999999958
1.47,2.8,0.92,27.759999999999955
1.47,2.8,0.9400000000000001,27.199999999999957
1.47,2.8,0.9600000000000001,26.799999999999958
1.47,2.8,0.9800000000000001,26.559999999999956
1.47,2.8,1.0,26.479999999999958
1.47,2.8,1.02,26.55999999999996
1.47,2.8,1.04,26.799999999999958
1.47,2.8,1.06,27.19999999999996
1.47,2.8,1.08,27.75999999999996
1.47,2.8,1.1,28.47999999999996
1.48,2.4,0.9,27.120000000000044
1.48,2.4,0.92,26.40000000000004
1.48,2.4,0.9400000000000001,25.840000000000042
1.48,2.4,0.9600000000000001,25.440000000000044
1.48,2.4,0.9800000000000001,25.200000000000042
1.48,2.4,1.0,25.120000000000044
1.48,2.4,1.02,25.200000000000045
1.48,2.4,1.04,25.440000000000044
1.48,2.4,1.06,25.840000000000046
1.48,2.4,1.08,26.400000000000045
1.48,2.4,1.1,27.120000000000047
1.48,2.4099999999999997,0.9,25.17000000000008
1.48,2.4099999999999997,0.92,24.450000000000077
1.48,2.4099999999999997,0.9400000000000001,23.89000000000008
1.48,2.4099999999999997,0.9600000000000001,23.49000000000008
1.48,2.4099999999999997,0.9800000000000001,23.250000000000078
1.48,2.4099999999999997,1.0,23.17000000000008
1.48,2.4099999999999997,1.02,23.25000000000008
1.48,2.4099999999999997,1.04,23.49000000000008
1.48,2.4099999999999997,1.06,23.890000000000082
1.48,2.4099999999999997,1.08,24.45000000000008
1.48,2.4099999999999997,1.1,25.170000000000083
1.48,2.42,0.9,23.32000000000004
1.48,2.42,0.92,22.600000000000037
1.48,2.42,0.9400000000000001,22.04000000000004
1.48,2.42,0.9600000000000001,21.64000000000004
1.48,2.42,0.9800000000000001,21.400000000000038
1.48,2.42,1.0,21.32000000000004
1.48,2.42,1.02,21.40000000000004
1.48,2.42,1.04,21.64000000000004
1.48,2.42,1.06,22.040000000000042
1.48,2.42,1.08,22.60000000000004
1.48,2.42,1.1,23.320000000000043
1.48,2.4299999999999997,0.9,21.57000000000007
1.48,2.4299999999999997,0.92,20.85000000000007
1.48,2.4299999999999997,0.9400000000000001,20.29000000000007
1.48,2.4299999999999997,0.9600000000000001,19.89000000000007
1.48,2.4299999999999997,0.9800000000000001,19.65000000000007
1.48,2.4299999999999997,1.0,19.57000000000007
1.48,2.4299999999999997,1.02,19.650000000000073
1.48,2.4299999999999997,1.04,19.89000000000007
1.48,2.4299999999999997,1.06,20.290000000000074
1.48,2.4299999999999997,1.08,20.850000000000072
1.48,2.4299999999999997,1.1,21.570000000000075
1.48,2.44,0.9,19.920000000000034
1.48,2.44,0.92,19.20000000000003
1.48,2.44,0.9400000000000001,18.640000000000033
1.48,2.44,0.9600000000000001,18.240000000000034
1.48,2.44,0.9800000000000001,18.000000000000032
1.48,2.44,1.0,17.920000000000034
1.48,2.44,1.02,18.000000000000036
1.48,2.44,1.04,18.240000000000034
1.48,2.44,1.06,18.640000000000036
1.48,2.44,1.08,19.200000000000035
1.48,2.44,1.1,19.920000000000037
1.48,2.4499999999999997,0.9,18.37000000000006
1.48,2.4499999999999997,0.92,17.65000000000006
1.48,2.4499999999999997,0.9400000000000001,17.09000000000006
1.48,2.4499999999999997,0.9600000000000001,16.69000000000006
1.48,2.4499999999999997,0.9800000000000001,16.45000000000006
1.48,2.4499999999999997,1.0,16.37000000000006
1.48,2.4499999999999997,1.02,16.450000000000063
1.48,2.4499999999999997,1.04,16.69000000000006
1.48,2.4499999999999997,1.06,17.090000000000064
1.48,2.4499999999999997,1.08,17.650000000000063
1.48,2.4499999999999997,1.1,18.370000000000065
1.48,2.46,0.9,16.920000000000027
1.48,2.46,0.92,16.200000000000024
1.48,2.46,0.9400000000000001,15.640000000000025
1.48,2.46,0.9600000000000001,15.240000000000025
1.48,2.46,0.9800000000000001,15.000000000000027
1.48,2.46,1.0,14.920000000000027
1.48,2.46,1.02,15.000000000000027
1.48,2.46,1.04,15.240000000000027
1.48,2.46,1.06,15.640000000000027
1.48,2.46,1.08,16.200000000000028
1.48,2.46,1.1,16.92000000000003
1.48,2.4699999999999998,0.9,15.570000000000054
1.48,2.4699999999999998,0.92,14.850000000000053
1.48,2.4699999999999998,0.9400000000000001,14.290000000000052
1.48,2.4699999999999998,0.9600000000000001,13.890000000000052
1.48,2.4699999999999998,0.9800000000000001,13.650000000000054
1.48,2.4699999999999998,1.0,13.570000000000054
1.48,2.4699999999999998,1.02,13.650000000000054
1.48,2.4699999999999998,1.04,13.890000000000054
1.48,2.4699999999999998,1.06,14.290000000000054
1.48,2.4699999999999998,1.08,14.850000000000056
1.48,2.4699999999999998,1.1,15.570000000000057
1.48,2.48,0.9,14.320000000000022
1.48,2.48,0.92,13.600000000000021
1.48,2.48,0.9400000000000001,13.04000000000002
1.48,2.48,0.9600000000000001,12.64000000000002
1.48,2.48,0.9800000000000001,12.400000000000022
1.48,2.48,1.0,12.320000000000022
1.48,2.48,1.02,12.400000000000022
1.48,2.48,1.04,12.640000000000022
1.48,2.48,1.06,13.040000000000022
1.48,2.48,1.08,13.600000000000025
1.48,2.48,1.1,14.320000000000025
1.48,2.4899999999999998,0.9,13.170000000000044
1.48,2.4899999999999998,0.92,12.450000000000044
1.48,2.4899999999999998,0.9400000000000001,11.890000000000043
1.48,2.4899999999999998,0.9600000000000001,11.490000000000043
1.48,2.4899999999999998,0.9800000000000001,11.250000000000044
1.48,2.4899999999999998,1.0,11.170000000000044
1.48,2.4899999999999998,1.02,11.250000000000044
1.48,2.4899999999999998,1.04,11.490000000000045
1.48,2.4899999999999998,1.06,11.890000000000045
1.48,2.4899999999999998,1.08,12.450000000000047
1.48,2.4899999999999998,1.1,13.170000000000048
1.48,2.5,0.9,12.120000000000019
1.48,2.5,0.92,11.400000000000018
1.48,2.5,0.9400000000000001,10.840000000000018
1.48,2.5,0.9600000000000001,10.440000000000017
1.48,2.5,0.9800000000000001,10.200000000000019
1.48,2.5,1.0,10.120000000000019
1.48,2.5,1.02,10.200000000000019
1.48,2.5,1.04,10.440000000000019
1.48,2.5,1.06,10.84000000000002
1.48,2.5,1.08,11.400000000000022
1.48,2.5,1.1,12.120000000000022
1.48,2.51,0.9,11.170000000000037
1.48,2.51,0.92,10.450000000000037
1.48,2.51,0.9400000000000001,9.890000000000036
1.48,2.51,0.9600000000000001,9.490000000000036
1.48,2.51,0.9800000000000001,9.250000000000037
1.48,2.51,1.0,9.170000000000037
1.48,2.51,1.02,9.250000000000037
1.48,2.51,1.04,9.490000000000038
1.48,2.51,1.06,9.890000000000038
1.48,2.51,1.08,10.45000000000004
1.48,2.51,1.1,11.17000000000004
1.48,2.52,0.9,10.320000000000014
1.48,2.52,0.92,9.600000000000014
1.48,2.52,0.9400000000000001,9.040000000000013
1.48,2.52,0.9600000000000001,8.640000000000013
1.48,2.52,0.9800000000000001,8.400000000000015
1.48,2.52,1.0,8.320000000000014
1.48,2.52,1.02,8.400000000000015
1.48,2.52,1.04,8.640000000000015
1.48,2.52,1.06,9.040000000000015
1.48,2.52,1.08,9.600000000000017
1.48,2.52,1.1,10.320000000000018
1.48,2.53,0.9,9.570000000000029
1.48,2.53,0.92,8.850000000000028
1.48,2.53,0.9400000000000001,8.290000000000028
1.48,2.53,0.9600000000000001,7.890000000000027
1.48,2.53,0.9800000000000001,7.650000000000028
1.48,2.53,1.0,7.570000000000029
1.48,2.53,1.02,7.650000000000029
1.48,2.53,1.04,7.890000000000029
1.48,2.53,1.06,8.29000000000003
1.48,2.53,1.08,8.850000000000032
1.48,2.53,1.1,9.570000000000032
1.48,2.54,0.9,8.920000000000012
1.48,2.54,0.92,8.200000000000012
1.48,2.54,0.9400000000000001,7.640000000000011
1.48,2.54,0.9600000000000001,7.240000000000011
1.48,2.54,0.9800000000000001,7.0000000000000115
1.48,2.54,1.0,6.920000000000012
1.48,2.54,1.02,7.000000000000012
1.48,2.54,1.04,7.240000000000013
1.48,2.54,1.06,7.640000000000014
1.48,2.54,1.08,8.200000000000015
1.48,2.54,1.1,8.920000000000016
1.48,2.55,0.9,8.370000000000022
1.48,2.55,0.92,7.650000000000021
1.48,2.55,0.9400000000000001,7.090000000000021
1.48,2.55,0.9600000000000001,6.690000000000021
1.48,2.55,0.9800000000000001,6.4500000000000215
1.48,2.55,1.0,6.370000000000022
1.48,2.55,1.02,6.450000000000022
1.48,2.55,1.04,6.690000000000023
1.48,2.55,1.06,7.090000000000024
1.48,2.55,1.08,7.650000000000024
1.48,2.55,1.1,8.370000000000026
1.48,2.56,0.9,7.92000000000001
1.48,2.56,0.92,7.200000000000009
1.48,2.56,0.9400000000000001,6.6400000000000095
1.48,2.56,0.9600000000000001,6.240000000000009
1.48,2.56,0.9800000000000001,6.00000000000001
1.48,2.56,1.0,5.920000000000011
1.48,2.56,1.02,6.000000000000011
1.48,2.56,1.04,6.240000000000011
1.48,2.56,1.06,6.640000000000012
1.48,2.56,1.08,7.200000000000013
1.48,2.56,1.1,7.920000000000014
1.48,2.57,0.9,7.570000000000015
1.48,2.57,0.92,6.850000000000015
1.48,2.57,0.9400000000000001,6.290000000000015
1.48,2.57,0.9600000000000001,5.890000000000015
1.48,2.57,0.9800000000000001,5.6500000000000155
1.48,2.57,1.0,5.570000000000016
1.48,2.57,1.02,5.650000000000016
1.48,2.57,1.04,5.8900000000000166
1.48,2.57,1.06,6.290000000000018
1.48,2.57,1.08,6.850000000000018
1.48,2.57,1.1,7.57000000000002
1.48,2.58,0.9,7.320000000000008
1.48,2.58,0.92,6.600000000000008
1.48,2.58,0.9400000000000001,6.040000000000008
1.48,2.58,0.9600000000000001,5.640000000000008
1.48,2.58,0.9800000000000001,5.400000000000008
1.48,2.58,1.0,5.320000000000009
1.48,2.58,1.02,5.400000000000009
1.48,2.58,1.04,5.6400000000000095
1.48,2.58,1.06,6.040000000000011
1.48,2.58,1.08,6.600000000000011
1.48,2.58,1.1,7.320000000000013
1.48,2.59,0.9,7.170000000000011
1.48,2.59,0.92,6.45000000000001
1.48,2.59,0.9400000000000001,5.89000000000001
1.48,2.59,0.9600000000000001,5.49000000000001
1.48,2.59,0.9800000000000001,5.250000000000011
1.48,2.59,1.0,5.1700000000000115
1.48,2.59,1.02,5.2500000000000115
1.48,2.59,1.04,5.490000000000012
1.48,2.59,1.06,5.890000000000013
1.48,2.59,1.08,6.4500000000000135
1.48,2.59,1.1,7.170000000000015
1.48,2.5999999999999996,0.9,7.120000000000008
1.48,2.5999999999999996,0.92,6.4000000000000075
1.48,2.5999999999999996,0.9400000000000001,5.840000000000008
1.48,2.5999999999999996,0.9600000000000001,5.4400000000000075
1.48,2.5999999999999996,0.9800000000000001,5.200000000000008
1.48,2.5999999999999996,1.0,5.120000000000009
1.48,2.5999999999999996,1.02,5.200000000000009
1.48,2.5999999999999996,1.04,5.440000000000009
1.48,2.5999999999999996,1.06,5.8400000000000105
1.48,2.5999999999999996,1.08,6.400000000000011
1.48,2.5999999999999996,1.1,7.1200000000000125
1.48,2.61,0.9,7.170000000000006
1.48,2.61,0.92,6.4500000000000055
1.48,2.61,0.9400000000000001,5.890000000000006
1.48,2.61,0.9600000000000001,5.4900000000000055
1.48,2.61,0.9800000000000001,5.250000000000006
1.48,2.61,1.0,5.170000000000007
1.48,2.61,1.02,5.250000000000007
1.48,2.61,1.04,5.490000000000007
1.48,2.61,1.06,5.890000000000009
1.48,2.61,1.08,6.450000000000009
1.48,2.61,1.1,7.170000000000011
1.48,2.62,0.9,7.320000000000008
1.48,2.62,0.92,6.600000000000008
1.48,2.62,0.9400000000000001,6.040000000000008
1.48,2.62,0.9600000000000001,5.640000000000008
1.48,2.62,0.9800000000000001,5.400000000000008
1.48,2.62,1.0,5.320000000000009
1.48,2.62,1.02,5.400000000000009
1.48,2.62,1.04,5.6400000000000095
1.48,2.62,1.06,6.040000000000011
1.48,2.62,1.08,6.600000000000011
1.48,2.62,1.1,7.320000000000013
1.48,2.63,0.9,7.570000000000002
1.48,2.63,0.92,6.850000000000001
1.48,2.63,0.9400000000000001,6.290000000000002
1.48,2.63,0.9600000000000001,5.8900000000000015
1.48,2.63,0.9800000000000001,5.650000000000002
1.48,2.63,1.0,5.570000000000003
1.48,2.63,1.02,5.650000000000003
1.48,2.63,1.04,5.890000000000003
1.48,2.63,1.06,6.2900000000000045
1.48,2.63,1.08,6.850000000000005
1.48,2.63,1.1,7.5700000000000065
1.48,2.6399999999999997,0.9,7.919999999999992
1.48,2.6399999999999997,0.92,7.199999999999991
1.48,2.6399999999999997,0.9400000000000001,6.639999999999992
1.48,2.6399999999999997,0.9600000000000001,6.239999999999991
1.48,2.6399999999999997,0.9800000000000001,5.999999999999992
1.48,2.6399999999999997,1.0,5.919999999999993
1.48,2.6399999999999997,1.02,5.999999999999993
1.48,2.6399999999999997,1.04,6.239999999999993
1.48,2.6399999999999997,1.06,6.639999999999994
1.48,2.6399999999999997,1.08,7.199999999999995
1.48,2.6399999999999997,1.1,7.919999999999996
1.48,2.65,0.9,8.37
1.48,2.65,0.92,7.649999999999999
1.48,2.65,0.9400000000000001,7.089999999999999
1.48,2.65,0.9600000000000001,6.689999999999999
1.48,2.65,0.9800000000000001,6.449999999999999
1.48,2.65,1.0,6.37
1.48,2.65,1.02,6.45
1.48,2.65,1.04,6.69
1.48,2.65,1.06,7.090000000000002
1.48,2.65,1.08,7.650000000000002
1.48,2.65,1.1,8.370000000000005
1.48,2.6599999999999997,0.9,8.919999999999984
1.48,2.6599999999999997,0.92,8.199999999999985
1.48,2.6599999999999997,0.9400000000000001,7.639999999999985
1.48,2.6599999999999997,0.9600000000000001,7.239999999999984
1.48,2.6599999999999997,0.9800000000000001,6.999999999999985
1.48,2.6599999999999997,1.0,6.919999999999986
1.48,2.6599999999999997,1.02,6.999999999999986
1.48,2.6599999999999997,1.04,7.239999999999986
1.48,2.6599999999999997,1.06,7.639999999999987
1.48,2.6599999999999997,1.08,8.199999999999989
1.48,2.6599999999999997,1.1,8.91999999999999
1.48,2.67,0.9,9.569999999999997
1.48,2.67,0.92,8.849999999999996
1.48,2.67,0.9400000000000001,8.289999999999996
1.48,2.67,0.9600000000000001,7.889999999999996
1.48,2.67,0.9800000000000001,7.649999999999997
1.48,2.67,1.0,7.569999999999998
1.48,2.67,1.02,7.649999999999998
1.48,2.67,1.04,7.889999999999998
1.48,2.67,1.06,8.29
1.48,2.67,1.08,8.85
1.48,2.67,1.1,9.57
1.48,2.6799999999999997,0.9,10.319999999999979
1.48,2.6799999999999997,0.92,9.599999999999978
1.48,2.6799999999999997,0.9400000000000001,9.039999999999978
1.48,2.6799999999999997,0.9600000000000001,8.639999999999977
1.48,2.6799999999999997,0.9800000000000001,8.399999999999979
1.48,2.6799999999999997,1.0,8.319999999999979
1.48,2.6799999999999997,1.02,8.399999999999979
1.48,2.6799999999999997,1.04,8.63999999999998
1.48,2.6799999999999997,1.06,9.03999999999998
1.48,2.6799999999999997,1.08,9.599999999999982
1.48,2.6799999999999997,1.1,10.319999999999983
1.48,2.69,0.9,11.169999999999995
1.48,2.69,0.92,10.449999999999996
1.48,2.69,0.9400000000000001,9.889999999999995
1.48,2.69,0.9600000000000001,9.489999999999995
1.48,2.69,0.9800000000000001,9.249999999999996
1.48,2.69,1.0,9.169999999999996
1.48,2.69,1.02,9.249999999999996
1.48,2.69,1.04,9.489999999999997
1.48,2.69,1.06,9.889999999999997
1.48,2.69,1.08,10.45
1.48,2.69,1.1,11.17
1.48,2.6999999999999997,0.9,12.119999999999973
1.48,2.6999999999999997,0.92,11.399999999999972
1.48,2.6999999999999997,0.9400000000000001,10.839999999999971
1.48,2.6999999999999997,0.9600000000000001,10.439999999999971
1.48,2.6999999999999997,0.9800000000000001,10.199999999999973
1.48,2.6999999999999997,1.0,10.119999999999973
1.48,2.6999999999999997,1.02,10.199999999999973
1.48,2.6999999999999997,1.04,10.439999999999973
1.48,2.6999999999999997,1.06,10.839999999999973
1.48,2.6999999999999997,1.08,11.399999999999975
1.48,2.6999999999999997,1.1,12.119999999999976
1.48,2.71,0.9,13.169999999999995
1.48,2.71,0.92,12.449999999999994
1.48,2.71,0.9400000000000001,11.889999999999993
1.48,2.71,0.9600000000000001,11.489999999999993
1.48,2.71,0.9800000000000001,11.249999999999995
1.48,2.71,1.0,11.169999999999995
1.48,2.71,1.02,11.249999999999995
1.48,2.71,1.04,11.489999999999995
1.48,2.71,1.06,11.889999999999995
1.48,2.71,1.08,12.449999999999998
1.48,2.71,1.1,13.169999999999998
1.48,2.7199999999999998,0.9,14.319999999999968
1.48,2.7199999999999998,0.92,13.599999999999968
1.48,2.7199999999999998,0.9400000000000001,13.039999999999967
1.48,2.7199999999999998,0.9600000000000001,12.639999999999967
1.48,2.7199999999999998,0.9800000000000001,12.399999999999968
1.48,2.7199999999999998,1.0,12.319999999999968
1.48,2.7199999999999998,1.02,12.399999999999968
1.48,2.7199999999999998,1.04,12.639999999999969
1.48,2.7199999999999998,1.06,13.039999999999969
1.48,2.7199999999999998,1.08,13.599999999999971
1.48,2.7199999999999998,1.1,14.319999999999972
1.48,2.73,0.9,15.569999999999993
1.48,2.73,0.92,14.849999999999993
1.48,2.73,0.9400000000000001,14.289999999999992
1.48,2.73,0.9600000000000001,13.889999999999992
1.48,2.73,0.9800000000000001,13.649999999999993
1.48,2.73,1.0,13.569999999999993
1.48,2.73,1.02,13.649999999999993
1.48,2.73,1.04,13.889999999999993
1.48,2.73,1.06,14.289999999999994
1.48,2.73,1.08,14.849999999999996
1.48,2.73,1.1,15.569999999999997
1.48,2.7399999999999998,0.9,16.919999999999963
1.48,2.7399999999999998,0.92,16.19999999999996
1.48,2.7399999999999998,0.9400000000000001,15.639999999999961
1.48,2.7399999999999998,0.9600000000000001,15.239999999999961
1.48,2.7399999999999998,0.9800000000000001,14.999999999999963
1.48,2.7399999999999998,1.0,14.919999999999963
1.48,2.7399999999999998,1.02,14.999999999999963
1.48,2.7399999999999998,1.04,15.239999999999963
1.48,2.7399999999999998,1.06,15.639999999999963
1.48,2.7399999999999998,1.08,16.199999999999964
1.48,2.7399999999999998,1.1,16.919999999999966
1.48,2.75,0.9,18.369999999999997
1.48,2.75,0.92,17.649999999999995
1.48,2.75,0.9400000000000001,17.089999999999996
1.48,2.75,0.9600000000000001,16.689999999999998
1.48,2.75,0.9800000000000001,16.449999999999996
1.48,2.75,1.0,16.369999999999997
1.48,2.75,1.02,16.45
1.48,2.75,1.04,16.689999999999998
1.48,2.75,1.06,17.09
1.48,2.75,1.08,17.65
1.48,2.75,1.1,18.37
1.48,2.76,0.9,19.919999999999963
1.48,2.76,0.92,19.19999999999996
1.48,2.76,0.9400000000000001,18.63999999999996
1.48,2.76,0.9600000000000001,18.239999999999963
1.48,2.76,0.9800000000000001,17.99999999999996
1.48,2.76,1.0,17.919999999999963
1.48,2.76,1.02,17.999999999999964
1.48,2.76,1.04,18.239999999999963
1.48,2.76,1.06,18.639999999999965
1.48,2.76,1.08,19.199999999999964
1.48,2.76,1.1,19.919999999999966
1.48,2.77,0.9,21.569999999999997
1.48,2.77,0.92,20.849999999999994
1.48,2.77,0.9400000000000001,20.289999999999996
1.48,2.77,0.9600000000000001,19.889999999999997
1.48,2.77,0.9800000000000001,19.649999999999995
1.48,2.77,1.0,19.569999999999997
1.48,2.77,1.02,19.65
1.48,2.77,1.04,19.889999999999997
1.48,2.77,1.06,20.29
1.48,2.77,1.08,20.849999999999998
1.48,2.77,1.1,21.57
1.48,2.78,0.9,23.319999999999958
1.48,2.78,0.92,22.599999999999955
1.48,2.78,0.9400000000000001,22.039999999999957
1.48,2.78,0.9600000000000001,21.639999999999958
1.48,2.78,0.9800000000000001,21.399999999999956
1.48,2.78,1.0,21.319999999999958
1.48,2.78,1.02,21.39999999999996
1.48,2.78,1.04,21.639999999999958
1.48,2.78,1.06,22.03999999999996
1.48,2.78,1.08,22.59999999999996
1.48,2.78,1.1,23.31999999999996
1.48,2.79,0.9,25.169999999999998
1.48,2.79,0.92,24.449999999999996
1.48,2.79,0.9400000000000001,23.889999999999997
1.48,2.79,0.9600000000000001,23.49
1.48,2.79,0.9800000000000001,23.249999999999996
1.48,2.79,1.0,23.169999999999998
1.48,2.79,1.02,23.25
1.48,2.79,1.04,23.49
1.48,2.79,1.06,23.89
1.48,2.79,1.08,24.45
1.48,2.79,1.1,25.17
1.48,2.8,0.9,27.119999999999955
1.48,2.8,0.92,26.399999999999952
1.48,2.8,0.9400000000000001,25.839999999999954
1.48,2.8,0.9600000000000001,25.439999999999955
1.48,2.8,0.9800000000000001,25.199999999999953
1.48,2.8,1.0,25.119999999999955
1.48,2.8,1.02,25.199999999999957
1.48,2.8,1.04,25.439999999999955
1.48,2.8,1.06,25.839999999999957
1.48,2.8,1.08,26.399999999999956
1.48,2.8,1.1,27.11999999999996
1.49,2.4,0.9,25.920000000000044
1.49,2.4,0.92,25.200000000000042
1.49,2.4,0.9400000000000001,24.640000000000043
1.49,2.4,0.9600000000000001,24.240000000000045
1.49,2.4,0.9800000000000001,24.000000000000043
1.49,2.4,1.0,23.920000000000044
1.49,2.4,1.02,24.000000000000046
1.49,2.4,1.04,24.240000000000045
1.49,2.4,1.06,24.640000000000047
1.49,2.4,1.08,25.200000000000045
1.49,2.4,1.1,25.920000000000048
1.49,2.4099999999999997,0.9,23.970000000000077
1.49,2.4099999999999997,0.92,23.250000000000075
1.49,2.4099999999999997,0.9400000000000001,22.690000000000076
1.49,2.4099999999999997,0.9600000000000001,22.290000000000077
1.49,2.4099999999999997,0.9800000000000001,22.050000000000075
1.49,2.4099999999999997,1.0,21.970000000000077
1.49,2.4099999999999997,1.02,22.05000000000008
1.49,2.4099999999999997,1.04,22.290000000000077
1.49,2.4099999999999997,1.06,22.69000000000008
1.49,2.4099999999999997,1.08,23.250000000000078
1.49,2.4099999999999997,1.1,23.97000000000008
1.49,2.42,0.9,22.12000000000004
1.49,2.42,0.92,21.400000000000038
1.49,2.42,0.9400000000000001,20.84000000000004
1.49,2.42,0.9600000000000001,20.44000000000004
1.49,2.42,0.9800000000000001,20.20000000000004
1.49,2.42,1.0,20.12000000000004
1.49,2.42,1.02,20.200000000000042
1.49,2.42,1.04,20.44000000000004
1.49,2.42,1.06,20.840000000000042
1.49,2.42,1.08,21.40000000000004
1.49,2.42,1.1,22.120000000000044
1.49,2.4299999999999997,0.9,20.37000000000007
1.49,2.4299999999999997,0.92,19.650000000000066
1.49,2.4299999999999997,0.9400000000000001,19.090000000000067
1.49,2.4299999999999997,0.9600000000000001,18.69000000000007
1.49,2.4299999999999997,0.9800000000000001,18.450000000000067
1.49,2.4299999999999997,1.0,18.37000000000007
1.49,2.4299999999999997,1.02,18.45000000000007
1.49,2.4299999999999997,1.04,18.69000000000007
1.49,2.4299999999999997,1.06,19.09000000000007
1.49,2.4299999999999997,1.08,19.65000000000007
1.49,2.4299999999999997,1.1,20.370000000000072
1.49,2.44,0.9,18.72000000000003
1.49,2.44,0.92,18.00000000000003
1.49,2.44,0.9400000000000001,17.44000000000003
1.49,2.44,0.9600000000000001,17.04000000000003
1.49,2.44,0.9800000000000001,16.80000000000003
1.49,2.44,1.0,16.72000000000003
1.49,2.44,1.02,16.800000000000033
1.49,2.44,1.04,17.04000000000003
1.49,2.44,1.06,17.440000000000033
1.49,2.44,1.08,18.000000000000032
1.49,2.44,1.1,18.720000000000034
1.49,2.4499999999999997,0.9,17.17000000000006
1.49,2.4499999999999997,0.92,16.45000000000006
1.49,2.4499999999999997,0.9400000000000001,15.89000000000006
1.49,2.4499999999999997,0.9600000000000001,15.490000000000059
1.49,2.4499999999999997,0.9800000000000001,15.25000000000006
1.49,2.4499999999999997,1.0,15.17000000000006
1.49,2.4499999999999997,1.02,15.25000000000006
1.49,2.4499999999999997,1.04,15.49000000000006
1.49,2.4499999999999997,1.06,15.890000000000061
1.49,2.4499999999999997,1.08,16.450000000000063
1.49,2.4499999999999997,1.1,17.170000000000066
1.49,2.46,0.9,15.720000000000024
1.49,2.46,0.92,15.000000000000023
1.49,2.46,0.9400000000000001,14.440000000000023
1.49,2.46,0.9600000000000001,14.040000000000022
1.49,2.46,0.9800000000000001,13.800000000000024
1.49,2.46,1.0,13.720000000000024
1.49,2.46,1.02,13.800000000000024
1.49,2.46,1.04,14.040000000000024
1.49,2.46,1.06,14.440000000000024
1.49,2.46,1.08,15.000000000000027
1.49,2.46,1.1,15.720000000000027
1.49,2.4699999999999998,0.9,14.37000000000005
1.49,2.4699999999999998,0.92,13.65000000000005
1.49,2.4699999999999998,0.9400000000000001,13.09000000000005
1.49,2.4699999999999998,0.9600000000000001,12.69000000000005
1.49,2.4699999999999998,0.9800000000000001,12.45000000000005
1.49,2.4699999999999998,1.0,12.37000000000005
1.49,2.4699999999999998,1.02,12.45000000000005
1.49,2.4699999999999998,1.04,12.690000000000051
1.49,2.4699999999999998,1.06,13.090000000000051
1.49,2.4699999999999998,1.08,13.650000000000054
1.49,2.4699999999999998,1.1,14.370000000000054
1.49,2.48,0.9,13.120000000000019
1.49,2.48,0.92,12.400000000000018
1.49,2.48,0.9400000000000001,11.840000000000018
1.49,2.48,0.9600000000000001,11.440000000000017
1.49,2.48,0.9800000000000001,11.200000000000019
1.49,2.48,1.0,11.120000000000019
1.49,2.48,1.02,11.200000000000019
1.49,2.48,1.04,11.440000000000019
1.49,2.48,1.06,11.84000000000002
1.49,2.48,1.08,12.400000000000022
1.49,2.48,1.1,13.120000000000022
1.49,2.4899999999999998,0.9,11.970000000000041
1.49,2.4899999999999998,0.92,11.25000000000004
1.49,2.4899999999999998,0.9400000000000001,10.69000000000004
1.49,2.4899999999999998,0.9600000000000001,10.29000000000004
1.49,2.4899999999999998,0.9800000000000001,10.050000000000042
1.49,2.4899999999999998,1.0,9.970000000000041
1.49,2.4899999999999998,1.02,10.050000000000042
1.49,2.4899999999999998,1.04,10.290000000000042
1.49,2.4899999999999998,1.06,10.690000000000042
1.49,2.4899999999999998,1.08,11.250000000000044
1.49,2.4899999999999998,1.1,11.970000000000045
1.49,2.5,0.9,10.920000000000016
1.49,2.5,0.92,10.200000000000015
1.49,2.5,0.9400000000000001,9.640000000000015
1.49,2.5,0.9600000000000001,9.240000000000014
1.49,2.5,0.9800000000000001,9.000000000000016
1.49,2.5,1.0,8.920000000000016
1.49,2.5,1.02,9.000000000000016
1.49,2.5,1.04,9.240000000000016
1.49,2.5,1.06,9.640000000000017
1.49,2.5,1.08,10.200000000000019
1.49,2.5,1.1,10.92000000000002
1.49,2.51,0.9,9.970000000000034
1.49,2.51,0.92,9.250000000000034
1.49,2.51,0.9400000000000001,8.690000000000033
1.49,2.51,0.9600000000000001,8.290000000000033
1.49,2.51,0.9800000000000001,8.050000000000034
1.49,2.51,1.0,7.970000000000034
1.49,2.51,1.02,8.050000000000034
1.49,2.51,1.04,8.290000000000035
1.49,2.51,1.06,8.690000000000035
1.49,2.51,1.08,9.250000000000037
1.49,2.51,1.1,9.970000000000038
1.49,2.52,0.9,9.120000000000012
1.49,2.52,0.92,8.400000000000013
1.49,2.52,0.9400000000000001,7.840000000000012
1.49,2.52,0.9600000000000001,7.440000000000012
1.49,2.52,0.9800000000000001,7.200000000000013
1.49,2.52,1.0,7.120000000000013
1.49,2.52,1.02,7.2000000000000135
1.49,2.52,1.04,7.440000000000014
1.49,2.52,1.06,7.840000000000015
1.49,2.52,1.08,8.400000000000016
1.49,2.52,1.1,9.120000000000017
1.49,2.53,0.9,8.370000000000026
1.49,2.53,0.92,7.650000000000025
1.49,2.53,0.9400000000000001,7.090000000000026
1.49,2.53,0.9600000000000001,6.690000000000025
1.49,2.53,0.9800000000000001,6.450000000000026
1.49,2.53,1.0,6.370000000000027
1.49,2.53,1.02,6.450000000000027
1.49,2.53,1.04,6.690000000000027
1.49,2.53,1.06,7.090000000000028
1.49,2.53,1.08,7.650000000000029
1.49,2.53,1.1,8.37000000000003
1.49,2.54,0.9,7.7200000000000095
1.49,2.54,0.92,7.000000000000009
1.49,2.54,0.9400000000000001,6.440000000000009
1.49,2.54,0.9600000000000001,6.040000000000009
1.49,2.54,0.9800000000000001,5.80000000000001
1.49,2.54,1.0,5.72000000000001
1.49,2.54,1.02,5.8000000000000105
1.49,2.54,1.04,6.040000000000011
1.49,2.54,1.06,6.440000000000012
1.49,2.54,1.08,7.000000000000012
1.49,2.54,1.1,7.720000000000014
1.49,2.55,0.9,7.1700000000000195
1.49,2.55,0.92,6.450000000000019
1.49,2.55,0.9400000000000001,5.890000000000019
1.49,2.55,0.9600000000000001,5.490000000000019
1.49,2.55,0.9800000000000001,5.2500000000000195
1.49,2.55,1.0,5.17000000000002
1.49,2.55,1.02,5.25000000000002
1.49,2.55,1.04,5.490000000000021
1.49,2.55,1.06,5.890000000000022
1.49,2.55,1.08,6.450000000000022
1.49,2.55,1.1,7.170000000000024
1.49,2.56,0.9,6.720000000000008
1.49,2.56,0.92,6.000000000000007
1.49,2.56,0.9400000000000001,5.4400000000000075
1.49,2.56,0.9600000000000001,5.040000000000007
1.49,2.56,0.9800000000000001,4.800000000000008
1.49,2.56,1.0,4.720000000000009
1.49,2.56,1.02,4.800000000000009
1.49,2.56,1.04,5.040000000000009
1.49,2.56,1.06,5.44000000000001
1.49,2.56,1.08,6.000000000000011
1.49,2.56,1.1,6.720000000000012
1.49,2.57,0.9,6.370000000000013
1.49,2.57,0.92,5.650000000000013
1.49,2.57,0.9400000000000001,5.090000000000013
1.49,2.57,0.9600000000000001,4.690000000000013
1.49,2.57,0.9800000000000001,4.4500000000000135
1.49,2.57,1.0,4.370000000000014
1.49,2.57,1.02,4.450000000000014
1.49,2.57,1.04,4.690000000000015
1.49,2.57,1.06,5.090000000000016
1.49,2.57,1.08,5.650000000000016
1.49,2.57,1.1,6.370000000000018
1.49,2.58,0.9,6.120000000000006
1.49,2.58,0.92,5.400000000000006
1.49,2.58,0.9400000000000001,4.840000000000006
1.49,2.58,0.9600000000000001,4.440000000000006
1.49,2.58,0.9800000000000001,4.200000000000006
1.49,2.58,1.0,4.120000000000007
1.49,2.58,1.02,4.200000000000007
1.49,2.58,1.04,4.4400000000000075
1.49,2.58,1.06,4.840000000000009
1.49,2.58,1.08,5.400000000000009
1.49,2.58,1.1,6.120000000000011
1.49,2.59,0.9,5.970000000000009
1.49,2.59,0.92,5.250000000000008
1.49,2.59,0.9400000000000001,4.690000000000008
1.49,2.59,0.9600000000000001,4.290000000000008
1.49,2.59,0.9800000000000001,4.050000000000009
1.49,2.59,1.0,3.9700000000000095
1.49,2.59,1.02,4.05000000000001
1.49,2.59,1.04,4.29000000000001
1.49,2.59,1.06,4.690000000000011
1.49,2.59,1.08,5.2500000000000115
1.49,2.59,1.1,5.970000000000013
1.49,2.5999999999999996,0.9,5.920000000000006
1.49,2.5999999999999996,0.92,5.2000000000000055
1.49,2.5999999999999996,0.9400000000000001,4.640000000000006
1.49,2.5999999999999996,0.9600000000000001,4.2400000000000055
1.49,2.5999999999999996,0.9800000000000001,4.000000000000006
1.49,2.5999999999999996,1.0,3.920000000000007
1.49,2.5999999999999996,1.02,4.000000000000007
1.49,2.5999999999999996,1.04,4.240000000000007
1.49,2.5999999999999996,1.06,4.640000000000009
1.49,2.5999999999999996,1.08,5.200000000000009
1.49,2.5999999999999996,1.1,5.920000000000011
1.49,2.61,0.9,5.970000000000004
1.49,2.61,0.92,5.2500000000000036
1.49,2.61,0.9400000000000001,4.690000000000004
1.49,2.61,0.9600000000000001,4.290000000000004
1.49,2.61,0.9800000000000001,4.050000000000004
1.49,2.61,1.0,3.970000000000005
1.49,2.61,1.02,4.050000000000005
1.49,2.61,1.04,4.290000000000005
1.49,2.61,1.06,4.690000000000007
1.49,2.61,1.08,5.250000000000007
1.49,2.61,1.1,5.970000000000009
1.49,2.62,0.9,6.120000000000006
1.49,2.62,0.92,5.400000000000006
1.49,2.62,0.9400000000000001,4.840000000000006
1.49,2.62,0.9600000000000001,4.440000000000006
1.49,2.62,0.9800000000000001,4.200000000000006
1.49,2.62,1.0,4.120000000000007
1.49,2.62,1.02,4.200000000000007
1.49,2.62,1.04,4.4400000000000075
1.49,2.62,1.06,4.840000000000009
1.49,2.62,1.08,5.400000000000009
1.49,2.62,1.1,6.120000000000011
1.49,2.63,0.9,6.37
1.49,2.63,0.92,5.6499999999999995
1.49,2.63,0.9400000000000001,5.09
1.49,2.63,0.9600000000000001,4.6899999999999995
1.49,2.63,0.9800000000000001,4.45
1.49,2.63,1.0,4.370000000000001
1.49,2.63,1.02,4.450000000000001
1.49,2.63,1.04,4.690000000000001
1.49,2.63,1.06,5.0900000000000025
1.49,2.63,1.08,5.650000000000003
1.49,2.63,1.1,6.3700000000000045
1.49,2.6399999999999997,0.9,6.71999999999999
1.49,2.6399999999999997,0.92,5.999999999999989
1.49,2.6399999999999997,0.9400000000000001,5.43999999999999
1.49,2.6399999999999997,0.9600000000000001,5.039999999999989
1.49,2.6399999999999997,0.9800000000000001,4.79999999999999
1.49,2.6399999999999997,1.0,4.719999999999991
1.49,2.6399999999999997,1.02,4.799999999999991
1.49,2.6399999999999997,1.04,5.039999999999991
1.49,2.6399999999999997,1.06,5.439999999999992
1.49,2.6399999999999997,1.08,5.999999999999993
1.49,2.6399999999999997,1.1,6.719999999999994
1.49,2.65,0.9,7.169999999999997
1.49,2.65,0.92,6.449999999999997
1.49,2.65,0.9400000000000001,5.889999999999997
1.49,2.65,0.9600000000000001,5.489999999999997
1.49,2.65,0.9800000000000001,5.249999999999997
1.49,2.65,1.0,5.169999999999998
1.49,2.65,1.02,5.249999999999998
1.49,2.65,1.04,5.489999999999998
1.49,2.65,1.06,5.89
1.49,2.65,1.08,6.45
1.49,2.65,1.1,7.170000000000002
1.49,2.6599999999999997,0.9,7.719999999999983
1.49,2.6599999999999997,0.92,6.999999999999982
1.49,2.6599999999999997,0.9400000000000001,6.439999999999983
1.49,2.6599999999999997,0.9600000000000001,6.039999999999982
1.49,2.6599999999999997,0.9800000000000001,5.799999999999983
1.49,2.6599999999999997,1.0,5.719999999999984
1.49,2.6599999999999997,1.02,5.799999999999984
1.49,2.6599999999999997,1.04,6.039999999999984
1.49,2.6599999999999997,1.06,6.439999999999985
1.49,2.6599999999999997,1.08,6.999999999999986
1.49,2.6599999999999997,1.1,7.719999999999987
1.49,2.67,0.9,8.369999999999994
1.49,2.67,0.92,7.649999999999994
1.49,2.67,0.9400000000000001,7.0899999999999945
1.49,2.67,0.9600000000000001,6.689999999999994
1.49,2.67,0.9800000000000001,6.449999999999995
1.49,2.67,1.0,6.369999999999996
1.49,2.67,1.02,6.449999999999996
1.49,2.67,1.04,6.689999999999996
1.49,2.67,1.06,7.089999999999997
1.49,2.67,1.08,7.649999999999998
1.49,2.67,1.1,8.37
1.49,2.6799999999999997,0.9,9.119999999999976
1.49,2.6799999999999997,0.92,8.399999999999977
1.49,2.6799999999999997,0.9400000000000001,7.839999999999977
1.49,2.6799999999999997,0.9600000000000001,7.439999999999976
1.49,2.6799999999999997,0.9800000000000001,7.199999999999977
1.49,2.6799999999999997,1.0,7.119999999999978
1.49,2.6799999999999997,1.02,7.199999999999978
1.49,2.6799999999999997,1.04,7.439999999999978
1.49,2.6799999999999997,1.06,7.839999999999979
1.49,2.6799999999999997,1.08,8.39999999999998
1.49,2.6799999999999997,1.1,9.119999999999981
1.49,2.69,0.9,9.969999999999994
1.49,2.69,0.92,9.249999999999993
1.49,2.69,0.9400000000000001,8.689999999999992
1.49,2.69,0.9600000000000001,8.289999999999994
1.49,2.69,0.9800000000000001,8.049999999999994
1.49,2.69,1.0,7.969999999999994
1.49,2.69,1.02,8.049999999999995
1.49,2.69,1.04,8.289999999999996
1.49,2.69,1.06,8.689999999999996
1.49,2.69,1.08,9.249999999999996
1.49,2.69,1.1,9.969999999999999
1.49,2.6999999999999997,0.9,10.91999999999997
1.49,2.6999999999999997,0.92,10.19999999999997
1.49,2.6999999999999997,0.9400000000000001,9.63999999999997
1.49,2.6999999999999997,0.9600000000000001,9.23999999999997
1.49,2.6999999999999997,0.9800000000000001,8.999999999999972
1.49,2.6999999999999997,1.0,8.919999999999972
1.49,2.6999999999999997,1.02,8.999999999999972
1.49,2.6999999999999997,1.04,9.239999999999972
1.49,2.6999999999999997,1.06,9.639999999999972
1.49,2.6999999999999997,1.08,10.199999999999974
1.49,2.6999999999999997,1.1,10.919999999999975
1.49,2.71,0.9,11.969999999999992
1.49,2.71,0.92,11.249999999999991
1.49,2.71,0.9400000000000001,10.68999999999999
1.49,2.71,0.9600000000000001,10.28999999999999
1.49,2.71,0.9800000000000001,10.049999999999992
1.49,2.71,1.0,9.969999999999992
1.49,2.71,1.02,10.049999999999992
1.49,2.71,1.04,10.289999999999992
1.49,2.71,1.06,10.689999999999992
1.49,2.71,1.08,11.249999999999995
1.49,2.71,1.1,11.969999999999995
1.49,2.7199999999999998,0.9,13.119999999999965
1.49,2.7199999999999998,0.92,12.399999999999967
1.49,2.7199999999999998,0.9400000000000001,11.839999999999966
1.49,2.7199999999999998,0.9600000000000001,11.439999999999966
1.49,2.7199999999999998,0.9800000000000001,11.199999999999967
1.49,2.7199999999999998,1.0,11.119999999999967
1.49,2.7199999999999998,1.02,11.199999999999967
1.49,2.7199999999999998,1.04,11.439999999999968
1.49,2.7199999999999998,1.06,11.839999999999968
1.49,2.7199999999999998,1.08,12.39999999999997
1.49,2.7199999999999998,1.1,13.11999999999997
1.49,2.73,0.9,14.36999999999999
1.49,2.73,0.92,13.649999999999991
1.49,2.73,0.9400000000000001,13.089999999999991
1.49,2.73,0.9600000000000001,12.68999999999999
1.49,2.73,0.9800000000000001,12.449999999999992
1.49,2.73,1.0,12.369999999999992
1.49,2.73,1.02,12.449999999999992
1.49,2.73,1.04,12.689999999999992
1.49,2.73,1.06,13.089999999999993
1.49,2.73,1.08,13.649999999999995
1.49,2.73,1.1,14.369999999999996
1.49,2.7399999999999998,0.9,15.71999999999996
1.49,2.7399999999999998,0.92,14.999999999999961
1.49,2.7399999999999998,0.9400000000000001,14.43999999999996
1.49,2.7399999999999998,0.9600000000000001,14.03999999999996
1.49,2.7399999999999998,0.9800000000000001,13.799999999999962
1.49,2.7399999999999998,1.0,13.719999999999962
1.49,2.7399999999999998,1.02,13.799999999999962
1.49,2.7399999999999998,1.04,14.039999999999962
1.49,2.7399999999999998,1.06,14.439999999999962
1.49,2.7399999999999998,1.08,14.999999999999964
1.49,2.7399999999999998,1.1,15.719999999999965
1.49,2.75,0.9,17.169999999999995
1.49,2.75,0.92,16.449999999999992
1.49,2.75,0.9400000000000001,15.889999999999993
1.49,2.75,0.9600000000000001,15.489999999999993
1.49,2.75,0.9800000000000001,15.249999999999995
1.49,2.75,1.0,15.169999999999995
1.49,2.75,1.02,15.249999999999995
1.49,2.75,1.04,15.489999999999995
1.49,2.75,1.06,15.889999999999995
1.49,2.75,1.08,16.449999999999996
1.49,2.75,1.1,17.169999999999998
1.49,2.76,0.9,18.71999999999996
1.49,2.76,0.92,17.999999999999957
1.49,2.76,0.9400000000000001,17.43999999999996
1.49,2.76,0.9600000000000001,17.03999999999996
1.49,2.76,0.9800000000000001,16.799999999999958
1.49,2.76,1.0,16.71999999999996
1.49,2.76,1.02,16.79999999999996
1.49,2.76,1.04,17.03999999999996
1.49,2.76,1.06,17.439999999999962
1.49,2.76,1.08,17.99999999999996
1.49,2.76,1.1,18.719999999999963
1.49,2.77,0.9,20.369999999999994
1.49,2.77,0.92,19.64999999999999
1.49,2.77,0.9400000000000001,19.089999999999993
1.49,2.77,0.9600000000000001,18.689999999999994
1.49,2.77,0.9800000000000001,18.449999999999992
1.49,2.77,1.0,18.369999999999994
1.49,2.77,1.02,18.449999999999996
1.49,2.77,1.04,18.689999999999994
1.49,2.77,1.06,19.089999999999996
1.49,2.77,1.08,19.649999999999995
1.49,2.77,1.1,20.369999999999997
1.49,2.78,0.9,22.119999999999955
1.49,2.78,0.92,21.399999999999952
1.49,2.78,0.9400000000000001,20.839999999999954
1.49,2.78,0.9600000000000001,20.439999999999955
1.49,2.78,0.9800000000000001,20.199999999999953
1.49,2.78,1.0,20.119999999999955
1.49,2.78,1.02,20.199999999999957
1.49,2.78,1.04,20.439999999999955
1.49,2.78,1.06,20.839999999999957
1.49,2.78,1.08,21.399999999999956
1.49,2.78,1.1,22.11999999999996
1.49,2.79,0.9,23.97
1.49,2.79,0.92,23.249999999999996
1.49,2.79,0.9400000000000001,22.689999999999998
1.49,2.79,0.9600000000000001,22.29
1.49,2.79,0.9800000000000001,22.049999999999997
1.49,2.79,1.0,21.97
1.49,2.79,1.02,22.05
1.49,2.79,1.04,22.29
1.49,2.79,1.06,22.69
1.49,2.79,1.08,23.25
1.49,2.79,1.1,23.970000000000002
1.49,2.8,0.9,25.919999999999952
1.49,2.8,0.92,25.19999999999995
1.49,2.8,0.9400000000000001,24.63999999999995
1.49,2.8,0.9600000000000001,24.239999999999952
1.49,2.8,0.9800000000000001,23.99999999999995
1.49,2.8,1.0,23.919999999999952
1.49,2.8,1.02,23.999999999999954
1.49,2.8,1.04,24.239999999999952
1.49,2.8,1.06,24.639999999999954
1.49,2.8,1.08,25.199999999999953
1.49,2.8,1.1,25.919999999999956
1.5,2.4,0.9,24.88000000000004
1.5,2.4,0.92,24.16000000000004
1.5,2.4,0.9400000000000001,23.60000000000004
1.5,2.4,0.9600000000000001,23.200000000000042
1.5,2.4,0.9800000000000001,22.96000000000004
1.5,2.4,1.0,22.88000000000004
1.5,2.4,1.02,22.960000000000043
1.5,2.4,1.04,23.200000000000042
1.5,2.4,1.06,23.600000000000044
1.5,2.4,1.08,24.160000000000043
1.5,2.4,1.1,24.880000000000045
1.5,2.4099999999999997,0.9,22.930000000000078
1.5,2.4099999999999997,0.92,22.210000000000075
1.5,2.4099999999999997,0.9400000000000001,21.650000000000077
1.5,2.4099999999999997,0.9600000000000001,21.250000000000078
1.5,2.4099999999999997,0.9800000000000001,21.010000000000076
1.5,2.4099999999999997,1.0,20.930000000000078
1.5,2.4099999999999997,1.02,21.01000000000008
1.5,2.4099999999999997,1.04,21.250000000000078
1.5,2.4099999999999997,1.06,21.65000000000008
1.5,2.4099999999999997,1.08,22.21000000000008
1.5,2.4099999999999997,1.1,22.93000000000008
1.5,2.42,0.9,21.080000000000037
1.5,2.42,0.92,20.360000000000035
1.5,2.42,0.9400000000000001,19.800000000000036
1.5,2.42,0.9600000000000001,19.400000000000038
1.5,2.42,0.9800000000000001,19.160000000000036
1.5,2.42,1.0,19.080000000000037
1.5,2.42,1.02,19.16000000000004
1.5,2.42,1.04,19.400000000000038
1.5,2.42,1.06,19.80000000000004
1.5,2.42,1.08,20.36000000000004
1.5,2.42,1.1,21.08000000000004
1.5,2.4299999999999997,0.9,19.33000000000007
1.5,2.4299999999999997,0.92,18.610000000000067
1.5,2.4299999999999997,0.9400000000000001,18.050000000000068
1.5,2.4299999999999997,0.9600000000000001,17.65000000000007
1.5,2.4299999999999997,0.9800000000000001,17.410000000000068
1.5,2.4299999999999997,1.0,17.33000000000007
1.5,2.4299999999999997,1.02,17.41000000000007
1.5,2.4299999999999997,1.04,17.65000000000007
1.5,2.4299999999999997,1.06,18.05000000000007
1.5,2.4299999999999997,1.08,18.61000000000007
1.5,2.4299999999999997,1.1,19.330000000000073
1.5,2.44,0.9,17.680000000000028
1.5,2.44,0.92,16.960000000000026
1.5,2.44,0.9400000000000001,16.400000000000027
1.5,2.44,0.9600000000000001,16.00000000000003
1.5,2.44,0.9800000000000001,15.760000000000028
1.5,2.44,1.0,15.680000000000028
1.5,2.44,1.02,15.760000000000028
1.5,2.44,1.04,16.00000000000003
1.5,2.44,1.06,16.40000000000003
1.5,2.44,1.08,16.96000000000003
1.5,2.44,1.1,17.68000000000003
1.5,2.4499999999999997,0.9,16.13000000000006
1.5,2.4499999999999997,0.92,15.410000000000059
1.5,2.4499999999999997,0.9400000000000001,14.850000000000058
1.5,2.4499999999999997,0.9600000000000001,14.450000000000058
1.5,2.4499999999999997,0.9800000000000001,14.21000000000006
1.5,2.4499999999999997,1.0,14.13000000000006
1.5,2.4499999999999997,1.02,14.21000000000006
1.5,2.4499999999999997,1.04,14.45000000000006
1.5,2.4499999999999997,1.06,14.85000000000006
1.5,2.4499999999999997,1.08,15.410000000000062
1.5,2.4499999999999997,1.1,16.130000000000063
1.5,2.46,0.9,14.680000000000021
1.5,2.46,0.92,13.96000000000002
1.5,2.46,0.9400000000000001,13.40000000000002
1.5,2.46,0.9600000000000001,13.00000000000002
1.5,2.46,0.9800000000000001,12.760000000000021
1.5,2.46,1.0,12.680000000000021
1.5,2.46,1.02,12.760000000000021
1.5,2.46,1.04,13.000000000000021
1.5,2.46,1.06,13.400000000000022
1.5,2.46,1.08,13.960000000000024
1.5,2.46,1.1,14.680000000000025
1.5,2.4699999999999998,0.9,13.330000000000048
1.5,2.4699999999999998,0.92,12.610000000000047
1.5,2.4699999999999998,0.9400000000000001,12.050000000000047
1.5,2.4699999999999998,0.9600000000000001,11.650000000000047
1.5,2.4699999999999998,0.9800000000000001,11.410000000000048
1.5,2.4699999999999998,1.0,11.330000000000048
1.5,2.4699999999999998,1.02,11.410000000000048
1.5,2.4699999999999998,1.04,11.650000000000048
1.5,2.4699999999999998,1.06,12.050000000000049
1.5,2.4699999999999998,1.08,12.610000000000051
1.5,2.4699999999999998,1.1,13.330000000000052
1.5,2.48,0.9,12.080000000000016
1.5,2.48,0.92,11.360000000000017
1.5,2.48,0.9400000000000001,10.800000000000017
1.5,2.48,0.9600000000000001,10.400000000000016
1.5,2.48,0.9800000000000001,10.160000000000018
1.5,2.48,1.0,10.080000000000018
1.5,2.48,1.02,10.160000000000018
1.5,2.48,1.04,10.400000000000018
1.5,2.48,1.06,10.800000000000018
1.5,2.48,1.08,11.36000000000002
1.5,2.48,1.1,12.080000000000021
1.5,2.4899999999999998,0.9,10.930000000000039
1.5,2.4899999999999998,0.92,10.21000000000004
1.5,2.4899999999999998,0.9400000000000001,9.65000000000004
1.5,2.4899999999999998,0.9600000000000001,9.250000000000039
1.5,2.4899999999999998,0.9800000000000001,9.01000000000004
1.5,2.4899999999999998,1.0,8.93000000000004
1.5,2.4899999999999998,1.02,9.01000000000004
1.5,2.4899999999999998,1.04,9.25000000000004
1.5,2.4899999999999998,1.06,9.650000000000041
1.5,2.4899999999999998,1.08,10.210000000000043
1.5,2.4899999999999998,1.1,10.930000000000044
1.5,2.5,0.9,9.880000000000013
1.5,2.5,0.92,9.160000000000013
1.5,2.5,0.9400000000000001,8.600000000000012
1.5,2.5,0.9600000000000001,8.200000000000014
1.5,2.5,0.9800000000000001,7.960000000000013
1.5,2.5,1.0,7.880000000000014
1.5,2.5,1.02,7.960000000000014
1.5,2.5,1.04,8.200000000000015
1.5,2.5,1.06,8.600000000000016
1.5,2.5,1.08,9.160000000000016
1.5,2.5,1.1,9.880000000000017
1.5,2.51,0.9,8.930000000000032
1.5,2.51,0.92,8.210000000000031
1.5,2.51,0.9400000000000001,7.650000000000031
1.5,2.51,0.9600000000000001,7.250000000000031
1.5,2.51,0.9800000000000001,7.010000000000032
1.5,2.51,1.0,6.930000000000033
1.5,2.51,1.02,7.010000000000033
1.5,2.51,1.04,7.250000000000033
1.5,2.51,1.06,7.650000000000034
1.5,2.51,1.08,8.210000000000035
1.5,2.51,1.1,8.930000000000035
1.5,2.52,0.9,8.080000000000009
1.5,2.52,0.92,7.360000000000009
1.5,2.52,0.9400000000000001,6.80000000000001
1.5,2.52,0.9600000000000001,6.400000000000009
1.5,2.52,0.9800000000000001,6.16000000000001
1.5,2.52,1.0,6.080000000000011
1.5,2.52,1.02,6.160000000000011
1.5,2.52,1.04,6.400000000000011
1.5,2.52,1.06,6.800000000000012
1.5,2.52,1.08,7.360000000000013
1.5,2.52,1.1,8.080000000000014
1.5,2.53,0.9,7.330000000000024
1.5,2.53,0.92,6.610000000000023
1.5,2.53,0.9400000000000001,6.050000000000024
1.5,2.53,0.9600000000000001,5.6500000000000234
1.5,2.53,0.9800000000000001,5.410000000000024
1.5,2.53,1.0,5.330000000000025
1.5,2.53,1.02,5.410000000000025
1.5,2.53,1.04,5.650000000000025
1.5,2.53,1.06,6.0500000000000265
1.5,2.53,1.08,6.610000000000027
1.5,2.53,1.1,7.3300000000000285
1.5,2.54,0.9,6.680000000000008
1.5,2.54,0.92,5.960000000000007
1.5,2.54,0.9400000000000001,5.4000000000000075
1.5,2.54,0.9600000000000001,5.000000000000007
1.5,2.54,0.9800000000000001,4.760000000000008
1.5,2.54,1.0,4.680000000000009
1.5,2.54,1.02,4.760000000000009
1.5,2.54,1.04,5.000000000000009
1.5,2.54,1.06,5.40000000000001
1.5,2.54,1.08,5.960000000000011
1.5,2.54,1.1,6.680000000000012
1.5,2.55,0.9,6.130000000000018
1.5,2.55,0.92,5.410000000000017
1.5,2.55,0.9400000000000001,4.850000000000017
1.5,2.55,0.9600000000000001,4.450000000000017
1.5,2.55,0.9800000000000001,4.210000000000018
1.5,2.55,1.0,4.1300000000000185
1.5,2.55,1.02,4.210000000000019
1.5,2.55,1.04,4.450000000000019
1.5,2.55,1.06,4.85000000000002
1.5,2.55,1.08,5.410000000000021
1.5,2.55,1.1,6.130000000000022
1.5,2.56,0.9,5.680000000000006
1.5,2.56,0.92,4.960000000000005
1.5,2.56,0.9400000000000001,4.400000000000006
1.5,2.56,0.9600000000000001,4.000000000000005
1.5,2.56,0.9800000000000001,3.760000000000006
1.5,2.56,1.0,3.680000000000007
1.5,2.56,1.02,3.760000000000007
1.5,2.56,1.04,4.000000000000007
1.5,2.56,1.06,4.400000000000008
1.5,2.56,1.08,4.960000000000009
1.5,2.56,1.1,5.68000000000001
1.5,2.57,0.9,5.330000000000012
1.5,2.57,0.92,4.610000000000011
1.5,2.57,0.9400000000000001,4.050000000000011
1.5,2.57,0.9600000000000001,3.6500000000000115
1.5,2.57,0.9800000000000001,3.4100000000000117
1.5,2.57,1.0,3.3300000000000125
1.5,2.57,1.02,3.4100000000000126
1.5,2.57,1.04,3.6500000000000132
1.5,2.57,1.06,4.050000000000014
1.5,2.57,1.08,4.6100000000000145
1.5,2.57,1.1,5.330000000000016
1.5,2.58,0.9,5.0800000000000045
1.5,2.58,0.92,4.360000000000004
1.5,2.58,0.9400000000000001,3.8000000000000043
1.5,2.58,0.9600000000000001,3.4000000000000044
1.5,2.58,0.9800000000000001,3.1600000000000046
1.5,2.58,1.0,3.0800000000000054
1.5,2.58,1.02,3.1600000000000055
1.5,2.58,1.04,3.400000000000006
1.5,2.58,1.06,3.800000000000007
1.5,2.58,1.08,4.360000000000007
1.5,2.58,1.1,5.080000000000009
1.5,2.59,0.9,4.930000000000007
1.5,2.59,0.92,4.210000000000006
1.5,2.59,0.9400000000000001,3.6500000000000066
1.5,2.59,0.9600000000000001,3.2500000000000067
1.5,2.59,0.9800000000000001,3.010000000000007
1.5,2.59,1.0,2.9300000000000077
1.5,2.59,1.02,3.010000000000008
1.5,2.59,1.04,3.2500000000000084
1.5,2.59,1.06,3.6500000000000092
1.5,2.59,1.08,4.21000000000001
1.5,2.59,1.1,4.930000000000011
1.5,2.5999999999999996,0.9,4.880000000000004
1.5,2.5999999999999996,0.92,4.160000000000004
1.5,2.5999999999999996,0.9400000000000001,3.600000000000004
1.5,2.5999999999999996,0.9600000000000001,3.200000000000004
1.5,2.5999999999999996,0.9800000000000001,2.9600000000000044
1.5,2.5999999999999996,1.0,2.8800000000000052
1.5,2.5999999999999996,1.02,2.9600000000000053
1.5,2.5999999999999996,1.04,3.200000000000006
1.5,2.5999999999999996,1.06,3.6000000000000068
1.5,2.5999999999999996,1.08,4.160000000000007
1.5,2.5999999999999996,1.1,4.880000000000009
1.5,2.61,0.9,4.930000000000002
1.5,2.61,0.92,4.210000000000002
1.5,2.61,0.9400000000000001,3.650000000000002
1.5,2.61,0.9600000000000001,3.250000000000002
1.5,2.61,0.9800000000000001,3.0100000000000025
1.5,2.61,1.0,2.9300000000000033
1.5,2.61,1.02,3.0100000000000033
1.5,2.61,1.04,3.250000000000004
1.5,2.61,1.06,3.650000000000005
1.5,2.61,1.08,4.210000000000005
1.5,2.61,1.1,4.930000000000007
1.5,2.62,0.9,5.0800000000000045
1.5,2.62,0.92,4.360000000000004
1.5,2.62,0.9400000000000001,3.8000000000000043
1.5,2.62,0.9600000000000001,3.4000000000000044
1.5,2.62,0.9800000000000001,3.1600000000000046
1.5,2.62,1.0,3.0800000000000054
1.5,2.62,1.02,3.1600000000000055
1.5,2.62,1.04,3.400000000000006
1.5,2.62,1.06,3.800000000000007
1.5,2.62,1.08,4.360000000000007
1.5,2.62,1.1,5.080000000000009
1.5,2.63,0.9,5.329999999999998
1.5,2.63,0.92,4.609999999999998
1.5,2.63,0.9400000000000001,4.049999999999998
1.5,2.63,0.9600000000000001,3.649999999999998
1.5,2.63,0.9800000000000001,3.4099999999999984
1.5,2.63,1.0,3.329999999999999
1.5,2.63,1.02,3.4099999999999993
1.5,2.63,1.04,3.65
1.5,2.63,1.06,4.050000000000001
1.5,2.63,1.08,4.610000000000001
1.5,2.63,1.1,5.330000000000003
1.5,2.6399999999999997,0.9,5.679999999999988
1.5,2.6399999999999997,0.92,4.9599999999999875
1.5,2.6399999999999997,0.9400000000000001,4.399999999999988
1.5,2.6399999999999997,0.9600000000000001,3.999999999999988
1.5,2.6399999999999997,0.9800000000000001,3.7599999999999882
1.5,2.6399999999999997,1.0,3.679999999999989
1.5,2.6399999999999997,1.02,3.759999999999989
1.5,2.6399999999999997,1.04,3.99999999999999
1.5,2.6399999999999997,1.06,4.399999999999991
1.5,2.6399999999999997,1.08,4.959999999999991
1.5,2.6399999999999997,1.1,5.679999999999993
1.5,2.65,0.9,6.1299999999999955
1.5,2.65,0.92,5.409999999999995
1.5,2.65,0.9400000000000001,4.849999999999995
1.5,2.65,0.9600000000000001,4.449999999999995
1.5,2.65,0.9800000000000001,4.2099999999999955
1.5,2.65,1.0,4.129999999999996
1.5,2.65,1.02,4.209999999999996
1.5,2.65,1.04,4.449999999999997
1.5,2.65,1.06,4.849999999999998
1.5,2.65,1.08,5.409999999999998
1.5,2.65,1.1,6.13
1.5,2.6599999999999997,0.9,6.679999999999981
1.5,2.6599999999999997,0.92,5.95999999999998
1.5,2.6599999999999997,0.9400000000000001,5.399999999999981
1.5,2.6599999999999997,0.9600000000000001,4.9999999999999805
1.5,2.6599999999999997,0.9800000000000001,4.759999999999981
1.5,2.6599999999999997,1.0,4.679999999999982
1.5,2.6599999999999997,1.02,4.759999999999982
1.5,2.6599999999999997,1.04,4.999999999999982
1.5,2.6599999999999997,1.06,5.3999999999999835
1.5,2.6599999999999997,1.08,5.959999999999984
1.5,2.6599999999999997,1.1,6.6799999999999855
1.5,2.67,0.9,7.329999999999993
1.5,2.67,0.92,6.609999999999992
1.5,2.67,0.9400000000000001,6.049999999999993
1.5,2.67,0.9600000000000001,5.649999999999992
1.5,2.67,0.9800000000000001,5.409999999999993
1.5,2.67,1.0,5.329999999999994
1.5,2.67,1.02,5.409999999999994
1.5,2.67,1.04,5.649999999999994
1.5,2.67,1.06,6.049999999999995
1.5,2.67,1.08,6.609999999999996
1.5,2.67,1.1,7.329999999999997
1.5,2.6799999999999997,0.9,8.079999999999973
1.5,2.6799999999999997,0.92,7.359999999999974
1.5,2.6799999999999997,0.9400000000000001,6.799999999999974
1.5,2.6799999999999997,0.9600000000000001,6.399999999999974
1.5,2.6799999999999997,0.9800000000000001,6.159999999999974
1.5,2.6799999999999997,1.0,6.079999999999975
1.5,2.6799999999999997,1.02,6.159999999999975
1.5,2.6799999999999997,1.04,6.3999999999999755
1.5,2.6799999999999997,1.06,6.799999999999977
1.5,2.6799999999999997,1.08,7.359999999999977
1.5,2.6799999999999997,1.1,8.079999999999979
1.5,2.69,0.9,8.929999999999993
1.5,2.69,0.92,8.209999999999992
1.5,2.69,0.9400000000000001,7.6499999999999915
1.5,2.69,0.9600000000000001,7.249999999999991
1.5,2.69,0.9800000000000001,7.009999999999992
1.5,2.69,1.0,6.929999999999993
1.5,2.69,1.02,7.009999999999993
1.5,2.69,1.04,7.249999999999993
1.5,2.69,1.06,7.649999999999994
1.5,2.69,1.08,8.209999999999996
1.5,2.69,1.1,8.929999999999996
1.5,2.6999999999999997,0.9,9.879999999999969
1.5,2.6999999999999997,0.92,9.159999999999968
1.5,2.6999999999999997,0.9400000000000001,8.599999999999968
1.5,2.6999999999999997,0.9600000000000001,8.199999999999969
1.5,2.6999999999999997,0.9800000000000001,7.959999999999969
1.5,2.6999999999999997,1.0,7.87999999999997
1.5,2.6999999999999997,1.02,7.95999999999997
1.5,2.6999999999999997,1.04,8.19999999999997
1.5,2.6999999999999997,1.06,8.599999999999971
1.5,2.6999999999999997,1.08,9.159999999999972
1.5,2.6999999999999997,1.1,9.879999999999974
1.5,2.71,0.9,10.929999999999989
1.5,2.71,0.92,10.20999999999999
1.5,2.71,0.9400000000000001,9.64999999999999
1.5,2.71,0.9600000000000001,9.24999999999999
1.5,2.71,0.9800000000000001,9.009999999999991
1.5,2.71,1.0,8.92999999999999
1.5,2.71,1.02,9.009999999999991
1.5,2.71,1.04,9.249999999999991
1.5,2.71,1.06,9.649999999999991
1.5,2.71,1.08,10.209999999999994
1.5,2.71,1.1,10.929999999999994
1.5,2.7199999999999998,0.9,12.079999999999966
1.5,2.7199999999999998,0.92,11.359999999999966
1.5,2.7199999999999998,0.9400000000000001,10.799999999999965
1.5,2.7199999999999998,0.9600000000000001,10.399999999999965
1.5,2.7199999999999998,0.9800000000000001,10.159999999999966
1.5,2.7199999999999998,1.0,10.079999999999966
1.5,2.7199999999999998,1.02,10.159999999999966
1.5,2.7199999999999998,1.04,10.399999999999967
1.5,2.7199999999999998,1.06,10.799999999999967
1.5,2.7199999999999998,1.08,11.35999999999997
1.5,2.7199999999999998,1.1,12.07999999999997
1.5,2.73,0.9,13.329999999999991
1.5,2.73,0.92,12.60999999999999
1.5,2.73,0.9400000000000001,12.04999999999999
1.5,2.73,0.9600000000000001,11.64999999999999
1.5,2.73,0.9800000000000001,11.409999999999991
1.5,2.73,1.0,11.329999999999991
1.5,2.73,1.02,11.409999999999991
1.5,2.73,1.04,11.649999999999991
1.5,2.73,1.06,12.049999999999992
1.5,2.73,1.08,12.609999999999994
1.5,2.73,1.1,13.329999999999995
1.5,2.7399999999999998,0.9,14.67999999999996
1.5,2.7399999999999998,0.92,13.95999999999996
1.5,2.7399999999999998,0.9400000000000001,13.39999999999996
1.5,2.7399999999999998,0.9600000000000001,12.99999999999996
1.5,2.7399999999999998,0.9800000000000001,12.75999999999996
1.5,2.7399999999999998,1.0,12.67999999999996
1.5,2.7399999999999998,1.02,12.75999999999996
1.5,2.7399999999999998,1.04,12.999999999999961
1.5,2.7399999999999998,1.06,13.399999999999961
1.5,2.7399999999999998,1.08,13.959999999999964
1.5,2.7399999999999998,1.1,14.679999999999964
1.5,2.75,0.9,16.129999999999992
1.5,2.75,0.92,15.409999999999991
1.5,2.75,0.9400000000000001,14.84999999999999
1.5,2.75,0.9600000000000001,14.44999999999999
1.5,2.75,0.9800000000000001,14.209999999999992
1.5,2.75,1.0,14.129999999999992
1.5,2.75,1.02,14.209999999999992
1.5,2.75,1.04,14.449999999999992
1.5,2.75,1.06,14.849999999999993
1.5,2.75,1.08,15.409999999999995
1.5,2.75,1.1,16.129999999999995
1.5,2.76,0.9,17.679999999999957
1.5,2.76,0.92,16.959999999999955
1.5,2.76,0.9400000000000001,16.399999999999956
1.5,2.76,0.9600000000000001,15.999999999999956
1.5,2.76,0.9800000000000001,15.759999999999957
1.5,2.76,1.0,15.679999999999957
1.5,2.76,1.02,15.759999999999957
1.5,2.76,1.04,15.999999999999957
1.5,2.76,1.06,16.39999999999996
1.5,2.76,1.08,16.959999999999958
1.5,2.76,1.1,17.67999999999996
1.5,2.77,0.9,19.32999999999999
1.5,2.77,0.92,18.60999999999999
1.5,2.77,0.9400000000000001,18.04999999999999
1.5,2.77,0.9600000000000001,17.64999999999999
1.5,2.77,0.9800000000000001,17.40999999999999
1.5,2.77,1.0,17.32999999999999
1.5,2.77,1.02,17.409999999999993
1.5,2.77,1.04,17.64999999999999
1.5,2.77,1.06,18.049999999999994
1.5,2.77,1.08,18.609999999999992
1.5,2.77,1.1,19.329999999999995
1.5,2.78,0.9,21.079999999999956
1.5,2.78,0.92,20.359999999999953
1.5,2.78,0.9400000000000001,19.799999999999955
1.5,2.78,0.9600000000000001,19.399999999999956
1.5,2.78,0.9800000000000001,19.159999999999954
1.5,2.78,1.0,19.079999999999956
1.5,2.78,1.02,19.159999999999958
1.5,2.78,1.04,19.399999999999956
1.5,2.78,1.06,19.799999999999958
1.5,2.78,1.08,20.359999999999957
1.5,2.78,1.1,21.07999999999996
1.5,2.79,0.9,22.929999999999996
1.5,2.79,0.92,22.209999999999994
1.5,2.79,0.9400000000000001,21.649999999999995
1.5,2.79,0.9600000000000001,21.249999999999996
1.5,2.79,0.9800000000000001,21.009999999999994
1.5,2.79,1.0,20.929999999999996
1.5,2.79,1.02,21.009999999999998
1.5,2.79,1.04,21.249999999999996
1.5,2.79,1.06,21.65
1.5,2.79,1.08,22.209999999999997
1.5,2.79,1.1,22.93
1.5,2.8,0.9,24.879999999999953
1.5,2.8,0.92,24.15999999999995
1.5,2.8,0.9400000000000001,23.59999999999995
1.5,2.8,0.9600000000000001,23.199999999999953
1.5,2.8,0.9800000000000001,22.95999999999995
1.5,2.8,1.0,22.879999999999953
1.5,2.8,1.02,22.959999999999955
1.5,2.8,1.04,23.199999999999953
1.5,2.8,1.06,23.599999999999955
1.5,2.8,1.08,24.159999999999954
1.5,2.8,1.1,24.879999999999956
1.51,2.4,0.9,24.00000000000004
1.51,2.4,0.92,23.280000000000037
1.51,2.4,0.9400000000000001,22.720000000000038
1.51,2.4,0.9600000000000001,22.32000000000004
1.51,2.4,0.9800000000000001,22.080000000000037
1.51,2.4,1.0,22.00000000000004
1.51,2.4,1.02,22.08000000000004
1.51,2.4,1.04,22.32000000000004
1.51,2.4,1.06,22.72000000000004
1.51,2.4,1.08,23.28000000000004
1.51,2.4,1.1,24.000000000000043
1.51,2.4099999999999997,0.9,22.050000000000075
1.51,2.4099999999999997,0.92,21.330000000000073
1.51,2.4099999999999997,0.9400000000000001,20.770000000000074
1.51,2.4099999999999997,0.9600000000000001,20.370000000000076
1.51,2.4099999999999997,0.9800000000000001,20.130000000000074
1.51,2.4099999999999997,1.0,20.050000000000075
1.51,2.4099999999999997,1.02,20.130000000000077
1.51,2.4099999999999997,1.04,20.370000000000076
1.51,2.4099999999999997,1.06,20.770000000000078
1.51,2.4099999999999997,1.08,21.330000000000076
1.51,2.4099999999999997,1.1,22.05000000000008
1.51,2.42,0.9,20.200000000000035
1.51,2.42,0.92,19.480000000000032
1.51,2.42,0.9400000000000001,18.920000000000034
1.51,2.42,0.9600000000000001,18.520000000000035
1.51,2.42,0.9800000000000001,18.280000000000033
1.51,2.42,1.0,18.200000000000035
1.51,2.42,1.02,18.280000000000037
1.51,2.42,1.04,18.520000000000035
1.51,2.42,1.06,18.920000000000037
1.51,2.42,1.08,19.480000000000036
1.51,2.42,1.1,20.20000000000004
1.51,2.4299999999999997,0.9,18.450000000000067
1.51,2.4299999999999997,0.92,17.730000000000064
1.51,2.4299999999999997,0.9400000000000001,17.170000000000066
1.51,2.4299999999999997,0.9600000000000001,16.770000000000067
1.51,2.4299999999999997,0.9800000000000001,16.530000000000065
1.51,2.4299999999999997,1.0,16.450000000000067
1.51,2.4299999999999997,1.02,16.53000000000007
1.51,2.4299999999999997,1.04,16.770000000000067
1.51,2.4299999999999997,1.06,17.17000000000007
1.51,2.4299999999999997,1.08,17.730000000000068
1.51,2.4299999999999997,1.1,18.45000000000007
1.51,2.44,0.9,16.800000000000026
1.51,2.44,0.92,16.080000000000027
1.51,2.44,0.9400000000000001,15.520000000000026
1.51,2.44,0.9600000000000001,15.120000000000026
1.51,2.44,0.9800000000000001,14.880000000000027
1.51,2.44,1.0,14.800000000000027
1.51,2.44,1.02,14.880000000000027
1.51,2.44,1.04,15.120000000000028
1.51,2.44,1.06,15.520000000000028
1.51,2.44,1.08,16.08000000000003
1.51,2.44,1.1,16.800000000000033
1.51,2.4499999999999997,0.9,15.250000000000057
1.51,2.4499999999999997,0.92,14.530000000000056
1.51,2.4499999999999997,0.9400000000000001,13.970000000000056
1.51,2.4499999999999997,0.9600000000000001,13.570000000000055
1.51,2.4499999999999997,0.9800000000000001,13.330000000000057
1.51,2.4499999999999997,1.0,13.250000000000057
1.51,2.4499999999999997,1.02,13.330000000000057
1.51,2.4499999999999997,1.04,13.570000000000057
1.51,2.4499999999999997,1.06,13.970000000000057
1.51,2.4499999999999997,1.08,14.53000000000006
1.51,2.4499999999999997,1.1,15.25000000000006
1.51,2.46,0.9,13.800000000000018
1.51,2.46,0.92,13.08000000000002
1.51,2.46,0.9400000000000001,12.52000000000002
1.51,2.46,0.9600000000000001,12.120000000000019
1.51,2.46,0.9800000000000001,11.88000000000002
1.51,2.46,1.0,11.80000000000002
1.51,2.46,1.02,11.88000000000002
1.51,2.46,1.04,12.12000000000002
1.51,2.46,1.06,12.520000000000021
1.51,2.46,1.08,13.080000000000023
1.51,2.46,1.1,13.800000000000024
1.51,2.4699999999999998,0.9,12.450000000000045
1.51,2.4699999999999998,0.92,11.730000000000047
1.51,2.4699999999999998,0.9400000000000001,11.170000000000046
1.51,2.4699999999999998,0.9600000000000001,10.770000000000046
1.51,2.4699999999999998,0.9800000000000001,10.530000000000047
1.51,2.4699999999999998,1.0,10.450000000000047
1.51,2.4699999999999998,1.02,10.530000000000047
1.51,2.4699999999999998,1.04,10.770000000000048
1.51,2.4699999999999998,1.06,11.170000000000048
1.51,2.4699999999999998,1.08,11.73000000000005
1.51,2.4699999999999998,1.1,12.45000000000005
1.51,2.48,0.9,11.200000000000017
1.51,2.48,0.92,10.480000000000016
1.51,2.48,0.9400000000000001,9.920000000000016
1.51,2.48,0.9600000000000001,9.520000000000016
1.51,2.48,0.9800000000000001,9.280000000000017
1.51,2.48,1.0,9.200000000000017
1.51,2.48,1.02,9.280000000000017
1.51,2.48,1.04,9.520000000000017
1.51,2.48,1.06,9.920000000000018
1.51,2.48,1.08,10.48000000000002
1.51,2.48,1.1,11.20000000000002
1.51,2.4899999999999998,0.9,10.05000000000004
1.51,2.4899999999999998,0.92,9.33000000000004
1.51,2.4899999999999998,0.9400000000000001,8.770000000000039
1.51,2.4899999999999998,0.9600000000000001,8.370000000000038
1.51,2.4899999999999998,0.9800000000000001,8.13000000000004
1.51,2.4899999999999998,1.0,8.05000000000004
1.51,2.4899999999999998,1.02,8.13000000000004
1.51,2.4899999999999998,1.04,8.37000000000004
1.51,2.4899999999999998,1.06,8.77000000000004
1.51,2.4899999999999998,1.08,9.330000000000043
1.51,2.4899999999999998,1.1,10.050000000000043
1.51,2.5,0.9,9.00000000000001
1.51,2.5,0.92,8.280000000000012
1.51,2.5,0.9400000000000001,7.720000000000011
1.51,2.5,0.9600000000000001,7.320000000000011
1.51,2.5,0.9800000000000001,7.080000000000012
1.51,2.5,1.0,7.000000000000012
1.51,2.5,1.02,7.0800000000000125
1.51,2.5,1.04,7.320000000000013
1.51,2.5,1.06,7.720000000000014
1.51,2.5,1.08,8.280000000000015
1.51,2.5,1.1,9.000000000000016
1.51,2.51,0.9,8.05000000000003
1.51,2.51,0.92,7.330000000000029
1.51,2.51,0.9400000000000001,6.77000000000003
1.51,2.51,0.9600000000000001,6.370000000000029
1.51,2.51,0.9800000000000001,6.13000000000003
1.51,2.51,1.0,6.050000000000031
1.51,2.51,1.02,6.130000000000031
1.51,2.51,1.04,6.370000000000031
1.51,2.51,1.06,6.770000000000032
1.51,2.51,1.08,7.330000000000033
1.51,2.51,1.1,8.050000000000034
1.51,2.52,0.9,7.200000000000009
1.51,2.52,0.92,6.480000000000008
1.51,2.52,0.9400000000000001,5.920000000000009
1.51,2.52,0.9600000000000001,5.5200000000000085
1.51,2.52,0.9800000000000001,5.280000000000009
1.51,2.52,1.0,5.20000000000001
1.51,2.52,1.02,5.28000000000001
1.51,2.52,1.04,5.52000000000001
1.51,2.52,1.06,5.9200000000000115
1.51,2.52,1.08,6.480000000000012
1.51,2.52,1.1,7.2000000000000135
1.51,2.53,0.9,6.450000000000022
1.51,2.53,0.92,5.730000000000022
1.51,2.53,0.9400000000000001,5.170000000000022
1.51,2.53,0.9600000000000001,4.770000000000022
1.51,2.53,0.9800000000000001,4.5300000000000225
1.51,2.53,1.0,4.450000000000023
1.51,2.53,1.02,4.530000000000023
1.51,2.53,1.04,4.7700000000000236
1.51,2.53,1.06,5.170000000000025
1.51,2.53,1.08,5.730000000000025
1.51,2.53,1.1,6.450000000000027
1.51,2.54,0.9,5.800000000000006
1.51,2.54,0.92,5.080000000000005
1.51,2.54,0.9400000000000001,4.520000000000006
1.51,2.54,0.9600000000000001,4.120000000000005
1.51,2.54,0.9800000000000001,3.880000000000006
1.51,2.54,1.0,3.800000000000007
1.51,2.54,1.02,3.880000000000007
1.51,2.54,1.04,4.120000000000007
1.51,2.54,1.06,4.5200000000000085
1.51,2.54,1.08,5.080000000000009
1.51,2.54,1.1,5.8000000000000105
1.51,2.55,0.9,5.250000000000016
1.51,2.55,0.92,4.530000000000015
1.51,2.55,0.9400000000000001,3.9700000000000157
1.51,2.55,0.9600000000000001,3.570000000000016
1.51,2.55,0.9800000000000001,3.330000000000016
1.51,2.55,1.0,3.250000000000017
1.51,2.55,1.02,3.330000000000017
1.51,2.55,1.04,3.5700000000000176
1.51,2.55,1.06,3.9700000000000184
1.51,2.55,1.08,4.530000000000019
1.51,2.55,1.1,5.25000000000002
1.51,2.56,0.9,4.800000000000004
1.51,2.56,0.92,4.080000000000004
1.51,2.56,0.9400000000000001,3.520000000000004
1.51,2.56,0.9600000000000001,3.120000000000004
1.51,2.56,0.9800000000000001,2.8800000000000043
1.51,2.56,1.0,2.800000000000005
1.51,2.56,1.02,2.8800000000000052
1.51,2.56,1.04,3.120000000000006
1.51,2.56,1.06,3.5200000000000067
1.51,2.56,1.08,4.080000000000007
1.51,2.56,1.1,4.800000000000009
1.51,2.57,0.9,4.45000000000001
1.51,2.57,0.92,3.7300000000000093
1.51,2.57,0.9400000000000001,3.1700000000000097
1.51,2.57,0.9600000000000001,2.77000000000001
1.51,2.57,0.9800000000000001,2.53000000000001
1.51,2.57,1.0,2.450000000000011
1.51,2.57,1.02,2.530000000000011
1.51,2.57,1.04,2.7700000000000116
1.51,2.57,1.06,3.1700000000000124
1.51,2.57,1.08,3.730000000000013
1.51,2.57,1.1,4.450000000000014
1.51,2.58,0.9,4.200000000000003
1.51,2.58,0.92,3.480000000000002
1.51,2.58,0.9400000000000001,2.9200000000000026
1.51,2.58,0.9600000000000001,2.5200000000000027
1.51,2.58,0.9800000000000001,2.280000000000003
1.51,2.58,1.0,2.2000000000000037
1.51,2.58,1.02,2.280000000000004
1.51,2.58,1.04,2.5200000000000045
1.51,2.58,1.06,2.9200000000000053
1.51,2.58,1.08,3.4800000000000058
1.51,2.58,1.1,4.200000000000007
1.51,2.59,0.9,4.050000000000005
1.51,2.59,0.92,3.3300000000000045
1.51,2.59,0.9400000000000001,2.770000000000005
1.51,2.59,0.9600000000000001,2.370000000000005
1.51,2.59,0.9800000000000001,2.1300000000000052
1.51,2.59,1.0,2.050000000000006
1.51,2.59,1.02,2.130000000000006
1.51,2.59,1.04,2.3700000000000068
1.51,2.59,1.06,2.7700000000000076
1.51,2.59,1.08,3.330000000000008
1.51,2.59,1.1,4.05000000000001
1.51,2.5999999999999996,0.9,4.000000000000003
1.51,2.5999999999999996,0.92,3.280000000000002
1.51,2.5999999999999996,0.9400000000000001,2.7200000000000024
1.51,2.5999999999999996,0.9600000000000001,2.3200000000000025
1.51,2.5999999999999996,0.9800000000000001,2.0800000000000027
1.51,2.5999999999999996,1.0,2.0000000000000036
1.51,2.5999999999999996,1.02,2.0800000000000036
1.51,2.5999999999999996,1.04,2.3200000000000043
1.51,2.5999999999999996,1.06,2.720000000000005
1.51,2.5999999999999996,1.08,3.2800000000000056
1.51,2.5999999999999996,1.1,4.000000000000007
1.51,2.61,0.9,4.050000000000001
1.51,2.61,0.92,3.33
1.51,2.61,0.9400000000000001,2.7700000000000005
1.51,2.61,0.9600000000000001,2.3700000000000006
1.51,2.61,0.9800000000000001,2.130000000000001
1.51,2.61,1.0,2.0500000000000016
1.51,2.61,1.02,2.1300000000000017
1.51,2.61,1.04,2.3700000000000023
1.51,2.61,1.06,2.770000000000003
1.51,2.61,1.08,3.3300000000000036
1.51,2.61,1.1,4.050000000000005
1.51,2.62,0.9,4.200000000000003
1.51,2.62,0.92,3.480000000000002
1.51,2.62,0.9400000000000001,2.9200000000000026
1.51,2.62,0.9600000000000001,2.5200000000000027
1.51,2.62,0.9800000000000001,2.280000000000003
1.51,2.62,1.0,2.2000000000000037
1.51,2.62,1.02,2.280000000000004
1.51,2.62,1.04,2.5200000000000045
1.51,2.62,1.06,2.9200000000000053
1.51,2.62,1.08,3.4800000000000058
1.51,2.62,1.1,4.200000000000007
1.51,2.63,0.9,4.449999999999997
1.51,2.63,0.92,3.729999999999996
1.51,2.63,0.9400000000000001,3.1699999999999964
1.51,2.63,0.9600000000000001,2.7699999999999965
1.51,2.63,0.9800000000000001,2.5299999999999967
1.51,2.63,1.0,2.4499999999999975
1.51,2.63,1.02,2.5299999999999976
1.51,2.63,1.04,2.7699999999999982
1.51,2.63,1.06,3.169999999999999
1.51,2.63,1.08,3.7299999999999995
1.51,2.63,1.1,4.450000000000001
1.51,2.6399999999999997,0.9,4.7999999999999865
1.51,2.6399999999999997,0.92,4.079999999999986
1.51,2.6399999999999997,0.9400000000000001,3.5199999999999863
1.51,2.6399999999999997,0.9600000000000001,3.1199999999999863
1.51,2.6399999999999997,0.9800000000000001,2.8799999999999866
1.51,2.6399999999999997,1.0,2.7999999999999874
1.51,2.6399999999999997,1.02,2.8799999999999875
1.51,2.6399999999999997,1.04,3.119999999999988
1.51,2.6399999999999997,1.06,3.519999999999989
1.51,2.6399999999999997,1.08,4.079999999999989
1.51,2.6399999999999997,1.1,4.799999999999991
1.51,2.65,0.9,5.249999999999994
1.51,2.65,0.92,4.529999999999993
1.51,2.65,0.9400000000000001,3.9699999999999935
1.51,2.65,0.9600000000000001,3.5699999999999936
1.51,2.65,0.9800000000000001,3.329999999999994
1.51,2.65,1.0,3.2499999999999947
1.51,2.65,1.02,3.3299999999999947
1.51,2.65,1.04,3.5699999999999954
1.51,2.65,1.06,3.969999999999996
1.51,2.65,1.08,4.529999999999997
1.51,2.65,1.1,5.249999999999998
1.51,2.6599999999999997,0.9,5.799999999999979
1.51,2.6599999999999997,0.92,5.079999999999979
1.51,2.6599999999999997,0.9400000000000001,4.519999999999979
1.51,2.6599999999999997,0.9600000000000001,4.119999999999979
1.51,2.6599999999999997,0.9800000000000001,3.8799999999999795
1.51,2.6599999999999997,1.0,3.7999999999999803
1.51,2.6599999999999997,1.02,3.8799999999999804
1.51,2.6599999999999997,1.04,4.119999999999981
1.51,2.6599999999999997,1.06,4.519999999999982
1.51,2.6599999999999997,1.08,5.079999999999982
1.51,2.6599999999999997,1.1,5.799999999999984
1.51,2.67,0.9,6.449999999999991
1.51,2.67,0.92,5.729999999999991
1.51,2.67,0.9400000000000001,5.169999999999991
1.51,2.67,0.9600000000000001,4.769999999999991
1.51,2.67,0.9800000000000001,4.529999999999991
1.51,2.67,1.0,4.449999999999992
1.51,2.67,1.02,4.529999999999992
1.51,2.67,1.04,4.7699999999999925
1.51,2.67,1.06,5.169999999999994
1.51,2.67,1.08,5.729999999999994
1.51,2.67,1.1,6.449999999999996
1.51,2.6799999999999997,0.9,7.1999999999999735
1.51,2.6799999999999997,0.92,6.479999999999973
1.51,2.6799999999999997,0.9400000000000001,5.919999999999973
1.51,2.6799999999999997,0.9600000000000001,5.519999999999973
1.51,2.6799999999999997,0.9800000000000001,5.279999999999974
1.51,2.6799999999999997,1.0,5.199999999999974
1.51,2.6799999999999997,1.02,5.2799999999999745
1.51,2.6799999999999997,1.04,5.519999999999975
1.51,2.6799999999999997,1.06,5.919999999999976
1.51,2.6799999999999997,1.08,6.4799999999999764
1.51,2.6799999999999997,1.1,7.199999999999978
1.51,2.69,0.9,8.04999999999999
1.51,2.69,0.92,7.329999999999989
1.51,2.69,0.9400000000000001,6.76999999999999
1.51,2.69,0.9600000000000001,6.3699999999999894
1.51,2.69,0.9800000000000001,6.12999999999999
1.51,2.69,1.0,6.049999999999991
1.51,2.69,1.02,6.129999999999991
1.51,2.69,1.04,6.369999999999991
1.51,2.69,1.06,6.7699999999999925
1.51,2.69,1.08,7.329999999999993
1.51,2.69,1.1,8.049999999999994
1.51,2.6999999999999997,0.9,8.999999999999968
1.51,2.6999999999999997,0.92,8.279999999999967
1.51,2.6999999999999997,0.9400000000000001,7.719999999999967
1.51,2.6999999999999997,0.9600000000000001,7.3199999999999665
1.51,2.6999999999999997,0.9800000000000001,7.079999999999967
1.51,2.6999999999999997,1.0,6.999999999999968
1.51,2.6999999999999997,1.02,7.079999999999968
1.51,2.6999999999999997,1.04,7.319999999999968
1.51,2.6999999999999997,1.06,7.7199999999999696
1.51,2.6999999999999997,1.08,8.279999999999971
1.51,2.6999999999999997,1.1,8.999999999999972
1.51,2.71,0.9,10.04999999999999
1.51,2.71,0.92,9.32999999999999
1.51,2.71,0.9400000000000001,8.769999999999989
1.51,2.71,0.9600000000000001,8.369999999999989
1.51,2.71,0.9800000000000001,8.12999999999999
1.51,2.71,1.0,8.04999999999999
1.51,2.71,1.02,8.12999999999999
1.51,2.71,1.04,8.36999999999999
1.51,2.71,1.06,8.76999999999999
1.51,2.71,1.08,9.329999999999993
1.51,2.71,1.1,10.049999999999994
1.51,2.7199999999999998,0.9,11.199999999999964
1.51,2.7199999999999998,0.92,10.479999999999963
1.51,2.7199999999999998,0.9400000000000001,9.919999999999963
1.51,2.7199999999999998,0.9600000000000001,9.519999999999962
1.51,2.7199999999999998,0.9800000000000001,9.279999999999964
1.51,2.7199999999999998,1.0,9.199999999999964
1.51,2.7199999999999998,1.02,9.279999999999964
1.51,2.7199999999999998,1.04,9.519999999999964
1.51,2.7199999999999998,1.06,9.919999999999964
1.51,2.7199999999999998,1.08,10.479999999999967
1.51,2.7199999999999998,1.1,11.199999999999967
1.51,2.73,0.9,12.449999999999989
1.51,2.73,0.92,11.729999999999988
1.51,2.73,0.9400000000000001,11.169999999999987
1.51,2.73,0.9600000000000001,10.769999999999987
1.51,2.73,0.9800000000000001,10.529999999999989
1.51,2.73,1.0,10.449999999999989
1.51,2.73,1.02,10.529999999999989
1.51,2.73,1.04,10.769999999999989
1.51,2.73,1.06,11.16999999999999
1.51,2.73,1.08,11.729999999999992
1.51,2.73,1.1,12.449999999999992
1.51,2.7399999999999998,0.9,13.799999999999958
1.51,2.7399999999999998,0.92,13.079999999999957
1.51,2.7399999999999998,0.9400000000000001,12.519999999999957
1.51,2.7399999999999998,0.9600000000000001,12.119999999999957
1.51,2.7399999999999998,0.9800000000000001,11.879999999999958
1.51,2.7399999999999998,1.0,11.799999999999958
1.51,2.7399999999999998,1.02,11.879999999999958
1.51,2.7399999999999998,1.04,12.119999999999958
1.51,2.7399999999999998,1.06,12.519999999999959
1.51,2.7399999999999998,1.08,13.079999999999961
1.51,2.7399999999999998,1.1,13.799999999999962
1.51,2.75,0.9,15.24999999999999
1.51,2.75,0.92,14.52999999999999
1.51,2.75,0.9400000000000001,13.96999999999999
1.51,2.75,0.9600000000000001,13.56999999999999
1.51,2.75,0.9800000000000001,13.329999999999991
1.51,2.75,1.0,13.249999999999991
1.51,2.75,1.02,13.329999999999991
1.51,2.75,1.04,13.569999999999991
1.51,2.75,1.06,13.969999999999992
1.51,2.75,1.08,14.529999999999994
1.51,2.75,1.1,15.249999999999995
1.51,2.76,0.9,16.799999999999955
1.51,2.76,0.92,16.079999999999956
1.51,2.76,0.9400000000000001,15.519999999999955
1.51,2.76,0.9600000000000001,15.119999999999955
1.51,2.76,0.9800000000000001,14.879999999999956
1.51,2.76,1.0,14.799999999999956
1.51,2.76,1.02,14.879999999999956
1.51,2.76,1.04,15.119999999999957
1.51,2.76,1.06,15.519999999999957
1.51,2.76,1.08,16.07999999999996
1.51,2.76,1.1,16.79999999999996
1.51,2.77,0.9,18.44999999999999
1.51,2.77,0.92,17.729999999999986
1.51,2.77,0.9400000000000001,17.169999999999987
1.51,2.77,0.9600000000000001,16.76999999999999
1.51,2.77,0.9800000000000001,16.529999999999987
1.51,2.77,1.0,16.44999999999999
1.51,2.77,1.02,16.52999999999999
1.51,2.77,1.04,16.76999999999999
1.51,2.77,1.06,17.16999999999999
1.51,2.77,1.08,17.72999999999999
1.51,2.77,1.1,18.449999999999992
1.51,2.78,0.9,20.199999999999953
1.51,2.78,0.92,19.47999999999995
1.51,2.78,0.9400000000000001,18.919999999999952
1.51,2.78,0.9600000000000001,18.519999999999953
1.51,2.78,0.9800000000000001,18.27999999999995
1.51,2.78,1.0,18.199999999999953
1.51,2.78,1.02,18.279999999999955
1.51,2.78,1.04,18.519999999999953
1.51,2.78,1.06,18.919999999999956
1.51,2.78,1.08,19.479999999999954
1.51,2.78,1.1,20.199999999999957
1.51,2.79,0.9,22.049999999999994
1.51,2.79,0.92,21.32999999999999
1.51,2.79,0.9400000000000001,20.769999999999992
1.51,2.79,0.9600000000000001,20.369999999999994
1.51,2.79,0.9800000000000001,20.129999999999992
1.51,2.79,1.0,20.049999999999994
1.51,2.79,1.02,20.129999999999995
1.51,2.79,1.04,20.369999999999994
1.51,2.79,1.06,20.769999999999996
1.51,2.79,1.08,21.329999999999995
1.51,2.79,1.1,22.049999999999997
1.51,2.8,0.9,23.99999999999995
1.51,2.8,0.92,23.279999999999948
1.51,2.8,0.9400000000000001,22.71999999999995
1.51,2.8,0.9600000000000001,22.31999999999995
1.51,2.8,0.9800000000000001,22.07999999999995
1.51,2.8,1.0,21.99999999999995
1.51,2.8,1.02,22.079999999999952
1.51,2.8,1.04,22.31999999999995
1.51,2.8,1.06,22.719999999999953
1.51,2.8,1.08,23.27999999999995
1.51,2.8,1.1,23.999999999999954
1.52,2.4,0.9,23.280000000000037
1.52,2.4,0.92,22.560000000000034
1.52,2.4,0.9400000000000001,22.000000000000036
1.52,2.4,0.9600000000000001,21.600000000000037
1.52,2.4,0.9800000000000001,21.360000000000035
1.52,2.4,1.0,21.280000000000037
1.52,2.4,1.02,21.36000000000004
1.52,2.4,1.04,21.600000000000037
1.52,2.4,1.06,22.00000000000004
1.52,2.4,1.08,22.560000000000038
1.52,2.4,1.1,23.28000000000004
1.52,2.4099999999999997,0.9,21.330000000000073
1.52,2.4099999999999997,0.92,20.61000000000007
1.52,2.4099999999999997,0.9400000000000001,20.05000000000007
1.52,2.4099999999999997,0.9600000000000001,19.650000000000073
1.52,2.4099999999999997,0.9800000000000001,19.41000000000007
1.52,2.4099999999999997,1.0,19.330000000000073
1.52,2.4099999999999997,1.02,19.410000000000075
1.52,2.4099999999999997,1.04,19.650000000000073
1.52,2.4099999999999997,1.06,20.050000000000075
1.52,2.4099999999999997,1.08,20.610000000000074
1.52,2.4099999999999997,1.1,21.330000000000076
1.52,2.42,0.9,19.480000000000032
1.52,2.42,0.92,18.76000000000003
1.52,2.42,0.9400000000000001,18.20000000000003
1.52,2.42,0.9600000000000001,17.800000000000033
1.52,2.42,0.9800000000000001,17.56000000000003
1.52,2.42,1.0,17.480000000000032
1.52,2.42,1.02,17.560000000000034
1.52,2.42,1.04,17.800000000000033
1.52,2.42,1.06,18.200000000000035
1.52,2.42,1.08,18.760000000000034
1.52,2.42,1.1,19.480000000000036
1.52,2.4299999999999997,0.9,17.730000000000064
1.52,2.4299999999999997,0.92,17.010000000000066
1.52,2.4299999999999997,0.9400000000000001,16.450000000000063
1.52,2.4299999999999997,0.9600000000000001,16.050000000000065
1.52,2.4299999999999997,0.9800000000000001,15.810000000000066
1.52,2.4299999999999997,1.0,15.730000000000066
1.52,2.4299999999999997,1.02,15.810000000000066
1.52,2.4299999999999997,1.04,16.050000000000068
1.52,2.4299999999999997,1.06,16.450000000000067
1.52,2.4299999999999997,1.08,17.01000000000007
1.52,2.4299999999999997,1.1,17.730000000000068
1.52,2.44,0.9,16.080000000000027
1.52,2.44,0.92,15.360000000000026
1.52,2.44,0.9400000000000001,14.800000000000026
1.52,2.44,0.9600000000000001,14.400000000000025
1.52,2.44,0.9800000000000001,14.160000000000027
1.52,2.44,1.0,14.080000000000027
1.52,2.44,1.02,14.160000000000027
1.52,2.44,1.04,14.400000000000027
1.52,2.44,1.06,14.800000000000027
1.52,2.44,1.08,15.36000000000003
1.52,2.44,1.1,16.08000000000003
1.52,2.4499999999999997,0.9,14.530000000000054
1.52,2.4499999999999997,0.92,13.810000000000056
1.52,2.4499999999999997,0.9400000000000001,13.250000000000055
1.52,2.4499999999999997,0.9600000000000001,12.850000000000055
1.52,2.4499999999999997,0.9800000000000001,12.610000000000056
1.52,2.4499999999999997,1.0,12.530000000000056
1.52,2.4499999999999997,1.02,12.610000000000056
1.52,2.4499999999999997,1.04,12.850000000000056
1.52,2.4499999999999997,1.06,13.250000000000057
1.52,2.4499999999999997,1.08,13.81000000000006
1.52,2.4499999999999997,1.1,14.53000000000006
1.52,2.46,0.9,13.08000000000002
1.52,2.46,0.92,12.360000000000019
1.52,2.46,0.9400000000000001,11.800000000000018
1.52,2.46,0.9600000000000001,11.400000000000018
1.52,2.46,0.9800000000000001,11.16000000000002
1.52,2.46,1.0,11.08000000000002
1.52,2.46,1.02,11.16000000000002
1.52,2.46,1.04,11.40000000000002
1.52,2.46,1.06,11.80000000000002
1.52,2.46,1.08,12.360000000000023
1.52,2.46,1.1,13.080000000000023
1.52,2.4699999999999998,0.9,11.730000000000047
1.52,2.4699999999999998,0.92,11.010000000000046
1.52,2.4699999999999998,0.9400000000000001,10.450000000000045
1.52,2.4699999999999998,0.9600000000000001,10.050000000000045
1.52,2.4699999999999998,0.9800000000000001,9.810000000000047
1.52,2.4699999999999998,1.0,9.730000000000047
1.52,2.4699999999999998,1.02,9.810000000000047
1.52,2.4699999999999998,1.04,10.050000000000047
1.52,2.4699999999999998,1.06,10.450000000000047
1.52,2.4699999999999998,1.08,11.01000000000005
1.52,2.4699999999999998,1.1,11.73000000000005
1.52,2.48,0.9,10.480000000000015
1.52,2.48,0.92,9.760000000000014
1.52,2.48,0.9400000000000001,9.200000000000014
1.52,2.48,0.9600000000000001,8.800000000000013
1.52,2.48,0.9800000000000001,8.560000000000015
1.52,2.48,1.0,8.480000000000015
1.52,2.48,1.02,8.560000000000015
1.52,2.48,1.04,8.800000000000015
1.52,2.48,1.06,9.200000000000015
1.52,2.48,1.08,9.760000000000018
1.52,2.48,1.1,10.480000000000018
1.52,2.4899999999999998,0.9,9.330000000000037
1.52,2.4899999999999998,0.92,8.610000000000037
1.52,2.4899999999999998,0.9400000000000001,8.050000000000036
1.52,2.4899999999999998,0.9600000000000001,7.650000000000036
1.52,2.4899999999999998,0.9800000000000001,7.410000000000037
1.52,2.4899999999999998,1.0,7.330000000000037
1.52,2.4899999999999998,1.02,7.4100000000000374
1.52,2.4899999999999998,1.04,7.650000000000038
1.52,2.4899999999999998,1.06,8.050000000000038
1.52,2.4899999999999998,1.08,8.61000000000004
1.52,2.4899999999999998,1.1,9.330000000000041
1.52,2.5,0.9,8.28000000000001
1.52,2.5,0.92,7.560000000000009
1.52,2.5,0.9400000000000001,7.00000000000001
1.52,2.5,0.9600000000000001,6.600000000000009
1.52,2.5,0.9800000000000001,6.36000000000001
1.52,2.5,1.0,6.280000000000011
1.52,2.5,1.02,6.360000000000011
1.52,2.5,1.04,6.600000000000011
1.52,2.5,1.06,7.000000000000012
1.52,2.5,1.08,7.560000000000013
1.52,2.5,1.1,8.280000000000015
1.52,2.51,0.9,7.3300000000000285
1.52,2.51,0.92,6.610000000000028
1.52,2.51,0.9400000000000001,6.050000000000028
1.52,2.51,0.9600000000000001,5.650000000000028
1.52,2.51,0.9800000000000001,5.410000000000029
1.52,2.51,1.0,5.330000000000029
1.52,2.51,1.02,5.4100000000000295
1.52,2.51,1.04,5.65000000000003
1.52,2.51,1.06,6.050000000000031
1.52,2.51,1.08,6.610000000000031
1.52,2.51,1.1,7.330000000000033
1.52,2.52,0.9,6.4800000000000075
1.52,2.52,0.92,5.760000000000007
1.52,2.52,0.9400000000000001,5.200000000000007
1.52,2.52,0.9600000000000001,4.800000000000007
1.52,2.52,0.9800000000000001,4.560000000000008
1.52,2.52,1.0,4.480000000000008
1.52,2.52,1.02,4.5600000000000085
1.52,2.52,1.04,4.800000000000009
1.52,2.52,1.06,5.20000000000001
1.52,2.52,1.08,5.7600000000000104
1.52,2.52,1.1,6.480000000000012
1.52,2.53,0.9,5.730000000000021
1.52,2.53,0.92,5.01000000000002
1.52,2.53,0.9400000000000001,4.450000000000021
1.52,2.53,0.9600000000000001,4.05000000000002
1.52,2.53,0.9800000000000001,3.810000000000021
1.52,2.53,1.0,3.7300000000000217
1.52,2.53,1.02,3.810000000000022
1.52,2.53,1.04,4.050000000000022
1.52,2.53,1.06,4.450000000000023
1.52,2.53,1.08,5.010000000000024
1.52,2.53,1.1,5.730000000000025
1.52,2.54,0.9,5.0800000000000045
1.52,2.54,0.92,4.360000000000004
1.52,2.54,0.9400000000000001,3.8000000000000043
1.52,2.54,0.9600000000000001,3.4000000000000044
1.52,2.54,0.9800000000000001,3.1600000000000046
1.52,2.54,1.0,3.0800000000000054
1.52,2.54,1.02,3.1600000000000055
1.52,2.54,1.04,3.400000000000006
1.52,2.54,1.06,3.800000000000007
1.52,2.54,1.08,4.360000000000007
1.52,2.54,1.1,5.080000000000009
1.52,2.55,0.9,4.5300000000000145
1.52,2.55,0.92,3.810000000000014
1.52,2.55,0.9400000000000001,3.250000000000014
1.52,2.55,0.9600000000000001,2.8500000000000143
1.52,2.55,0.9800000000000001,2.6100000000000145
1.52,2.55,1.0,2.5300000000000153
1.52,2.55,1.02,2.6100000000000154
1.52,2.55,1.04,2.850000000000016
1.52,2.55,1.06,3.250000000000017
1.52,2.55,1.08,3.8100000000000174
1.52,2.55,1.1,4.530000000000019
1.52,2.56,0.9,4.080000000000003
1.52,2.56,0.92,3.360000000000002
1.52,2.56,0.9400000000000001,2.8000000000000025
1.52,2.56,0.9600000000000001,2.4000000000000026
1.52,2.56,0.9800000000000001,2.160000000000003
1.52,2.56,1.0,2.0800000000000036
1.52,2.56,1.02,2.1600000000000037
1.52,2.56,1.04,2.4000000000000044
1.52,2.56,1.06,2.800000000000005
1.52,2.56,1.08,3.3600000000000056
1.52,2.56,1.1,4.080000000000007
1.52,2.57,0.9,3.730000000000009
1.52,2.57,0.92,3.0100000000000087
1.52,2.57,0.9400000000000001,2.450000000000008
1.52,2.57,0.9600000000000001,2.0500000000000087
1.52,2.57,0.9800000000000001,1.810000000000009
1.52,2.57,1.0,1.7300000000000098
1.52,2.57,1.02,1.8100000000000098
1.52,2.57,1.04,2.0500000000000105
1.52,2.57,1.06,2.450000000000011
1.52,2.57,1.08,3.010000000000012
1.52,2.57,1.1,3.7300000000000133
1.52,2.58,0.9,3.4800000000000018
1.52,2.58,0.92,2.7600000000000016
1.52,2.58,0.9400000000000001,2.200000000000001
1.52,2.58,0.9600000000000001,1.8000000000000014
1.52,2.58,0.9800000000000001,1.5600000000000018
1.52,2.58,1.0,1.4800000000000026
1.52,2.58,1.02,1.5600000000000027
1.52,2.58,1.04,1.8000000000000032
1.52,2.58,1.06,2.2000000000000037
1.52,2.58,1.08,2.760000000000005
1.52,2.58,1.1,3.480000000000006
1.52,2.59,0.9,3.3300000000000036
1.52,2.59,0.92,2.610000000000003
1.52,2.59,0.9400000000000001,2.0500000000000034
1.52,2.59,0.9600000000000001,1.6500000000000032
1.52,2.59,0.9800000000000001,1.4100000000000037
1.52,2.59,1.0,1.3300000000000045
1.52,2.59,1.02,1.4100000000000046
1.52,2.59,1.04,1.650000000000005
1.52,2.59,1.06,2.050000000000006
1.52,2.59,1.08,2.6100000000000065
1.52,2.59,1.1,3.330000000000008
1.52,2.5999999999999996,0.9,3.280000000000001
1.52,2.5999999999999996,0.92,2.560000000000001
1.52,2.5999999999999996,0.9400000000000001,2.000000000000001
1.52,2.5999999999999996,0.9600000000000001,1.600000000000001
1.52,2.5999999999999996,0.9800000000000001,1.3600000000000014
1.52,2.5999999999999996,1.0,1.2800000000000022
1.52,2.5999999999999996,1.02,1.3600000000000023
1.52,2.5999999999999996,1.04,1.6000000000000028
1.52,2.5999999999999996,1.06,2.0000000000000036
1.52,2.5999999999999996,1.08,2.5600000000000045
1.52,2.5999999999999996,1.1,3.2800000000000056
1.52,2.61,0.9,3.329999999999999
1.52,2.61,0.92,2.6099999999999985
1.52,2.61,0.9400000000000001,2.049999999999999
1.52,2.61,0.9600000000000001,1.6499999999999988
1.52,2.61,0.9800000000000001,1.4099999999999993
1.52,2.61,1.0,1.33
1.52,2.61,1.02,1.4100000000000001
1.52,2.61,1.04,1.6500000000000006
1.52,2.61,1.06,2.0500000000000016
1.52,2.61,1.08,2.610000000000002
1.52,2.61,1.1,3.3300000000000036
1.52,2.62,0.9,3.4800000000000018
1.52,2.62,0.92,2.7600000000000016
1.52,2.62,0.9400000000000001,2.200000000000001
1.52,2.62,0.9600000000000001,1.8000000000000014
1.52,2.62,0.9800000000000001,1.5600000000000018
1.52,2.62,1.0,1.4800000000000026
1.52,2.62,1.02,1.5600000000000027
1.52,2.62,1.04,1.8000000000000032
1.52,2.62,1.06,2.2000000000000037
1.52,2.62,1.08,2.760000000000005
1.52,2.62,1.1,3.480000000000006
1.52,2.63,0.9,3.7299999999999955
1.52,2.63,0.92,3.0099999999999953
1.52,2.63,0.9400000000000001,2.449999999999995
1.52,2.63,0.9600000000000001,2.0499999999999954
1.52,2.63,0.9800000000000001,1.8099999999999956
1.52,2.63,1.0,1.7299999999999964
1.52,2.63,1.02,1.8099999999999965
1.52,2.63,1.04,2.049999999999997
1.52,2.63,1.06,2.4499999999999975
1.52,2.63,1.08,3.009999999999999
1.52,2.63,1.1,3.73
1.52,2.6399999999999997,0.9,4.079999999999985
1.52,2.6399999999999997,0.92,3.3599999999999843
1.52,2.6399999999999997,0.9400000000000001,2.7999999999999847
1.52,2.6399999999999997,0.9600000000000001,2.399999999999985
1.52,2.6399999999999997,0.9800000000000001,2.159999999999985
1.52,2.6399999999999997,1.0,2.079999999999986
1.52,2.6399999999999997,1.02,2.159999999999986
1.52,2.6399999999999997,1.04,2.3999999999999866
1.52,2.6399999999999997,1.06,2.7999999999999874
1.52,2.6399999999999997,1.08,3.359999999999988
1.52,2.6399999999999997,1.1,4.079999999999989
1.52,2.65,0.9,4.529999999999992
1.52,2.65,0.92,3.8099999999999916
1.52,2.65,0.9400000000000001,3.249999999999992
1.52,2.65,0.9600000000000001,2.849999999999992
1.52,2.65,0.9800000000000001,2.6099999999999923
1.52,2.65,1.0,2.529999999999993
1.52,2.65,1.02,2.609999999999993
1.52,2.65,1.04,2.849999999999994
1.52,2.65,1.06,3.2499999999999947
1.52,2.65,1.08,3.809999999999995
1.52,2.65,1.1,4.529999999999997
1.52,2.6599999999999997,0.9,5.079999999999978
1.52,2.6599999999999997,0.92,4.359999999999977
1.52,2.6599999999999997,0.9400000000000001,3.7999999999999776
1.52,2.6599999999999997,0.9600000000000001,3.3999999999999777
1.52,2.6599999999999997,0.9800000000000001,3.159999999999978
1.52,2.6599999999999997,1.0,3.0799999999999788
1.52,2.6599999999999997,1.02,3.159999999999979
1.52,2.6599999999999997,1.04,3.3999999999999795
1.52,2.6599999999999997,1.06,3.7999999999999803
1.52,2.6599999999999997,1.08,4.359999999999981
1.52,2.6599999999999997,1.1,5.079999999999982
1.52,2.67,0.9,5.72999999999999
1.52,2.67,0.92,5.009999999999989
1.52,2.67,0.9400000000000001,4.4499999999999895
1.52,2.67,0.9600000000000001,4.049999999999989
1.52,2.67,0.9800000000000001,3.80999999999999
1.52,2.67,1.0,3.7299999999999907
1.52,2.67,1.02,3.8099999999999907
1.52,2.67,1.04,4.049999999999991
1.52,2.67,1.06,4.449999999999992
1.52,2.67,1.08,5.009999999999993
1.52,2.67,1.1,5.729999999999994
1.52,2.6799999999999997,0.9,6.479999999999972
1.52,2.6799999999999997,0.92,5.759999999999971
1.52,2.6799999999999997,0.9400000000000001,5.199999999999972
1.52,2.6799999999999997,0.9600000000000001,4.799999999999971
1.52,2.6799999999999997,0.9800000000000001,4.559999999999972
1.52,2.6799999999999997,1.0,4.479999999999973
1.52,2.6799999999999997,1.02,4.559999999999973
1.52,2.6799999999999997,1.04,4.799999999999973
1.52,2.6799999999999997,1.06,5.199999999999974
1.52,2.6799999999999997,1.08,5.759999999999975
1.52,2.6799999999999997,1.1,6.4799999999999764
1.52,2.69,0.9,7.3299999999999885
1.52,2.69,0.92,6.609999999999988
1.52,2.69,0.9400000000000001,6.049999999999988
1.52,2.69,0.9600000000000001,5.649999999999988
1.52,2.69,0.9800000000000001,5.409999999999989
1.52,2.69,1.0,5.329999999999989
1.52,2.69,1.02,5.4099999999999895
1.52,2.69,1.04,5.64999999999999
1.52,2.69,1.06,6.049999999999991
1.52,2.69,1.08,6.609999999999991
1.52,2.69,1.1,7.329999999999993
1.52,2.6999999999999997,0.9,8.279999999999966
1.52,2.6999999999999997,0.92,7.559999999999965
1.52,2.6999999999999997,0.9400000000000001,6.999999999999965
1.52,2.6999999999999997,0.9600000000000001,6.599999999999965
1.52,2.6999999999999997,0.9800000000000001,6.359999999999966
1.52,2.6999999999999997,1.0,6.2799999999999665
1.52,2.6999999999999997,1.02,6.359999999999967
1.52,2.6999999999999997,1.04,6.599999999999967
1.52,2.6999999999999997,1.06,6.999999999999968
1.52,2.6999999999999997,1.08,7.5599999999999685
1.52,2.6999999999999997,1.1,8.27999999999997
1.52,2.71,0.9,9.329999999999988
1.52,2.71,0.92,8.609999999999987
1.52,2.71,0.9400000000000001,8.049999999999986
1.52,2.71,0.9600000000000001,7.649999999999986
1.52,2.71,0.9800000000000001,7.409999999999987
1.52,2.71,1.0,7.329999999999988
1.52,2.71,1.02,7.409999999999988
1.52,2.71,1.04,7.649999999999988
1.52,2.71,1.06,8.049999999999988
1.52,2.71,1.08,8.60999999999999
1.52,2.71,1.1,9.329999999999991
1.52,2.7199999999999998,0.9,10.479999999999961
1.52,2.7199999999999998,0.92,9.759999999999962
1.52,2.7199999999999998,0.9400000000000001,9.199999999999962
1.52,2.7199999999999998,0.9600000000000001,8.799999999999962
1.52,2.7199999999999998,0.9800000000000001,8.559999999999963
1.52,2.7199999999999998,1.0,8.479999999999963
1.52,2.7199999999999998,1.02,8.559999999999963
1.52,2.7199999999999998,1.04,8.799999999999963
1.52,2.7199999999999998,1.06,9.199999999999964
1.52,2.7199999999999998,1.08,9.759999999999966
1.52,2.7199999999999998,1.1,10.479999999999967
1.52,2.73,0.9,11.729999999999986
1.52,2.73,0.92,11.009999999999987
1.52,2.73,0.9400000000000001,10.449999999999987
1.52,2.73,0.9600000000000001,10.049999999999986
1.52,2.73,0.9800000000000001,9.809999999999988
1.52,2.73,1.0,9.729999999999988
1.52,2.73,1.02,9.809999999999988
1.52,2.73,1.04,10.049999999999988
1.52,2.73,1.06,10.449999999999989
1.52,2.73,1.08,11.009999999999991
1.52,2.73,1.1,11.729999999999992
1.52,2.7399999999999998,0.9,13.079999999999956
1.52,2.7399999999999998,0.92,12.359999999999957
1.52,2.7399999999999998,0.9400000000000001,11.799999999999956
1.52,2.7399999999999998,0.9600000000000001,11.399999999999956
1.52,2.7399999999999998,0.9800000000000001,11.159999999999958
1.52,2.7399999999999998,1.0,11.079999999999957
1.52,2.7399999999999998,1.02,11.159999999999958
1.52,2.7399999999999998,1.04,11.399999999999958
1.52,2.7399999999999998,1.06,11.799999999999958
1.52,2.7399999999999998,1.08,12.35999999999996
1.52,2.7399999999999998,1.1,13.079999999999961
1.52,2.75,0.9,14.52999999999999
1.52,2.75,0.92,13.80999999999999
1.52,2.75,0.9400000000000001,13.24999999999999
1.52,2.75,0.9600000000000001,12.849999999999989
1.52,2.75,0.9800000000000001,12.60999999999999
1.52,2.75,1.0,12.52999999999999
1.52,2.75,1.02,12.60999999999999
1.52,2.75,1.04,12.84999999999999
1.52,2.75,1.06,13.249999999999991
1.52,2.75,1.08,13.809999999999993
1.52,2.75,1.1,14.529999999999994
1.52,2.76,0.9,16.079999999999956
1.52,2.76,0.92,15.359999999999955
1.52,2.76,0.9400000000000001,14.799999999999955
1.52,2.76,0.9600000000000001,14.399999999999954
1.52,2.76,0.9800000000000001,14.159999999999956
1.52,2.76,1.0,14.079999999999956
1.52,2.76,1.02,14.159999999999956
1.52,2.76,1.04,14.399999999999956
1.52,2.76,1.06,14.799999999999956
1.52,2.76,1.08,15.359999999999959
1.52,2.76,1.1,16.07999999999996
1.52,2.77,0.9,17.72999999999999
1.52,2.77,0.92,17.009999999999987
1.52,2.77,0.9400000000000001,16.44999999999999
1.52,2.77,0.9600000000000001,16.04999999999999
1.52,2.77,0.9800000000000001,15.80999999999999
1.52,2.77,1.0,15.72999999999999
1.52,2.77,1.02,15.80999999999999
1.52,2.77,1.04,16.04999999999999
1.52,2.77,1.06,16.449999999999992
1.52,2.77,1.08,17.00999999999999
1.52,2.77,1.1,17.729999999999993
1.52,2.78,0.9,19.47999999999995
1.52,2.78,0.92,18.75999999999995
1.52,2.78,0.9400000000000001,18.19999999999995
1.52,2.78,0.9600000000000001,17.79999999999995
1.52,2.78,0.9800000000000001,17.55999999999995
1.52,2.78,1.0,17.47999999999995
1.52,2.78,1.02,17.559999999999953
1.52,2.78,1.04,17.79999999999995
1.52,2.78,1.06,18.199999999999953
1.52,2.78,1.08,18.759999999999952
1.52,2.78,1.1,19.479999999999954
1.52,2.79,0.9,21.32999999999999
1.52,2.79,0.92,20.60999999999999
1.52,2.79,0.9400000000000001,20.04999999999999
1.52,2.79,0.9600000000000001,19.64999999999999
1.52,2.79,0.9800000000000001,19.40999999999999
1.52,2.79,1.0,19.32999999999999
1.52,2.79,1.02,19.409999999999993
1.52,2.79,1.04,19.64999999999999
1.52,2.79,1.06,20.049999999999994
1.52,2.79,1.08,20.609999999999992
1.52,2.79,1.1,21.329999999999995
1.52,2.8,0.9,23.279999999999948
1.52,2.8,0.92,22.559999999999945
1.52,2.8,0.9400000000000001,21.999999999999947
1.52,2.8,0.9600000000000001,21.599999999999948
1.52,2.8,0.9800000000000001,21.359999999999946
1.52,2.8,1.0,21.279999999999948
1.52,2.8,1.02,21.35999999999995
1.52,2.8,1.04,21.599999999999948
1.52,2.8,1.06,21.99999999999995
1.52,2.8,1.08,22.55999999999995
1.52,2.8,1.1,23.27999999999995
1.53,2.4,0.9,22.720000000000038
1.53,2.4,0.92,22.000000000000036
1.53,2.4,0.9400000000000001,21.440000000000037
1.53,2.4,0.9600000000000001,21.04000000000004
1.53,2.4,0.9800000000000001,20.800000000000036
1.53,2.4,1.0,20.720000000000038
1.53,2.4,1.02,20.80000000000004
1.53,2.4,1.04,21.04000000000004
1.53,2.4,1.06,21.44000000000004
1.53,2.4,1.08,22.00000000000004
1.53,2.4,1.1,22.72000000000004
1.53,2.4099999999999997,0.9,20.770000000000074
1.53,2.4099999999999997,0.92,20.05000000000007
1.53,2.4099999999999997,0.9400000000000001,19.490000000000073
1.53,2.4099999999999997,0.9600000000000001,19.090000000000074
1.53,2.4099999999999997,0.9800000000000001,18.850000000000072
1.53,2.4099999999999997,1.0,18.770000000000074
1.53,2.4099999999999997,1.02,18.850000000000076
1.53,2.4099999999999997,1.04,19.090000000000074
1.53,2.4099999999999997,1.06,19.490000000000077
1.53,2.4099999999999997,1.08,20.050000000000075
1.53,2.4099999999999997,1.1,20.770000000000078
1.53,2.42,0.9,18.920000000000034
1.53,2.42,0.92,18.20000000000003
1.53,2.42,0.9400000000000001,17.640000000000033
1.53,2.42,0.9600000000000001,17.240000000000034
1.53,2.42,0.9800000000000001,17.000000000000032
1.53,2.42,1.0,16.920000000000034
1.53,2.42,1.02,17.000000000000036
1.53,2.42,1.04,17.240000000000034
1.53,2.42,1.06,17.640000000000036
1.53,2.42,1.08,18.200000000000035
1.53,2.42,1.1,18.920000000000037
1.53,2.4299999999999997,0.9,17.170000000000062
1.53,2.4299999999999997,0.92,16.450000000000063
1.53,2.4299999999999997,0.9400000000000001,15.890000000000063
1.53,2.4299999999999997,0.9600000000000001,15.490000000000062
1.53,2.4299999999999997,0.9800000000000001,15.250000000000064
1.53,2.4299999999999997,1.0,15.170000000000064
1.53,2.4299999999999997,1.02,15.250000000000064
1.53,2.4299999999999997,1.04,15.490000000000064
1.53,2.4299999999999997,1.06,15.890000000000065
1.53,2.4299999999999997,1.08,16.450000000000067
1.53,2.4299999999999997,1.1,17.170000000000066
1.53,2.44,0.9,15.520000000000024
1.53,2.44,0.92,14.800000000000024
1.53,2.44,0.9400000000000001,14.240000000000023
1.53,2.44,0.9600000000000001,13.840000000000023
1.53,2.44,0.9800000000000001,13.600000000000025
1.53,2.44,1.0,13.520000000000024
1.53,2.44,1.02,13.600000000000025
1.53,2.44,1.04,13.840000000000025
1.53,2.44,1.06,14.240000000000025
1.53,2.44,1.08,14.800000000000027
1.53,2.44,1.1,15.520000000000028
1.53,2.4499999999999997,0.9,13.970000000000052
1.53,2.4499999999999997,0.92,13.250000000000053
1.53,2.4499999999999997,0.9400000000000001,12.690000000000053
1.53,2.4499999999999997,0.9600000000000001,12.290000000000052
1.53,2.4499999999999997,0.9800000000000001,12.050000000000054
1.53,2.4499999999999997,1.0,11.970000000000054
1.53,2.4499999999999997,1.02,12.050000000000054
1.53,2.4499999999999997,1.04,12.290000000000054
1.53,2.4499999999999997,1.06,12.690000000000055
1.53,2.4499999999999997,1.08,13.250000000000057
1.53,2.4499999999999997,1.1,13.970000000000057
1.53,2.46,0.9,12.520000000000017
1.53,2.46,0.92,11.800000000000017
1.53,2.46,0.9400000000000001,11.240000000000016
1.53,2.46,0.9600000000000001,10.840000000000016
1.53,2.46,0.9800000000000001,10.600000000000017
1.53,2.46,1.0,10.520000000000017
1.53,2.46,1.02,10.600000000000017
1.53,2.46,1.04,10.840000000000018
1.53,2.46,1.06,11.240000000000018
1.53,2.46,1.08,11.80000000000002
1.53,2.46,1.1,12.520000000000021
1.53,2.4699999999999998,0.9,11.170000000000044
1.53,2.4699999999999998,0.92,10.450000000000044
1.53,2.4699999999999998,0.9400000000000001,9.890000000000043
1.53,2.4699999999999998,0.9600000000000001,9.490000000000043
1.53,2.4699999999999998,0.9800000000000001,9.250000000000044
1.53,2.4699999999999998,1.0,9.170000000000044
1.53,2.4699999999999998,1.02,9.250000000000044
1.53,2.4699999999999998,1.04,9.490000000000045
1.53,2.4699999999999998,1.06,9.890000000000045
1.53,2.4699999999999998,1.08,10.450000000000047
1.53,2.4699999999999998,1.1,11.170000000000048
1.53,2.48,0.9,9.920000000000012
1.53,2.48,0.92,9.200000000000014
1.53,2.48,0.9400000000000001,8.640000000000013
1.53,2.48,0.9600000000000001,8.240000000000013
1.53,2.48,0.9800000000000001,8.000000000000014
1.53,2.48,1.0,7.920000000000014
1.53,2.48,1.02,8.000000000000014
1.53,2.48,1.04,8.240000000000014
1.53,2.48,1.06,8.640000000000015
1.53,2.48,1.08,9.200000000000017
1.53,2.48,1.1,9.920000000000018
1.53,2.4899999999999998,0.9,8.770000000000035
1.53,2.4899999999999998,0.92,8.050000000000036
1.53,2.4899999999999998,0.9400000000000001,7.490000000000036
1.53,2.4899999999999998,0.9600000000000001,7.090000000000035
1.53,2.4899999999999998,0.9800000000000001,6.850000000000036
1.53,2.4899999999999998,1.0,6.770000000000037
1.53,2.4899999999999998,1.02,6.850000000000037
1.53,2.4899999999999998,1.04,7.090000000000037
1.53,2.4899999999999998,1.06,7.490000000000038
1.53,2.4899999999999998,1.08,8.05000000000004
1.53,2.4899999999999998,1.1,8.77000000000004
1.53,2.5,0.9,7.7200000000000095
1.53,2.5,0.92,7.000000000000009
1.53,2.5,0.9400000000000001,6.440000000000009
1.53,2.5,0.9600000000000001,6.040000000000009
1.53,2.5,0.9800000000000001,5.80000000000001
1.53,2.5,1.0,5.72000000000001
1.53,2.5,1.02,5.8000000000000105
1.53,2.5,1.04,6.040000000000011
1.53,2.5,1.06,6.440000000000012
1.53,2.5,1.08,7.000000000000012
1.53,2.5,1.1,7.720000000000014
1.53,2.51,0.9,6.770000000000028
1.53,2.51,0.92,6.050000000000027
1.53,2.51,0.9400000000000001,5.490000000000028
1.53,2.51,0.9600000000000001,5.090000000000027
1.53,2.51,0.9800000000000001,4.850000000000028
1.53,2.51,1.0,4.770000000000029
1.53,2.51,1.02,4.850000000000029
1.53,2.51,1.04,5.090000000000029
1.53,2.51,1.06,5.49000000000003
1.53,2.51,1.08,6.050000000000031
1.53,2.51,1.1,6.770000000000032
1.53,2.52,0.9,5.920000000000006
1.53,2.52,0.92,5.2000000000000055
1.53,2.52,0.9400000000000001,4.640000000000006
1.53,2.52,0.9600000000000001,4.2400000000000055
1.53,2.52,0.9800000000000001,4.000000000000006
1.53,2.52,1.0,3.920000000000007
1.53,2.52,1.02,4.000000000000007
1.53,2.52,1.04,4.240000000000007
1.53,2.52,1.06,4.640000000000009
1.53,2.52,1.08,5.200000000000009
1.53,2.52,1.1,5.920000000000011
1.53,2.53,0.9,5.17000000000002
1.53,2.53,0.92,4.45000000000002
1.53,2.53,0.9400000000000001,3.89000000000002
1.53,2.53,0.9600000000000001,3.49000000000002
1.53,2.53,0.9800000000000001,3.2500000000000204
1.53,2.53,1.0,3.1700000000000212
1.53,2.53,1.02,3.2500000000000213
1.53,2.53,1.04,3.490000000000022
1.53,2.53,1.06,3.8900000000000228
1.53,2.53,1.08,4.450000000000023
1.53,2.53,1.1,5.170000000000025
1.53,2.54,0.9,4.520000000000003
1.53,2.54,0.92,3.8000000000000034
1.53,2.54,0.9400000000000001,3.240000000000003
1.53,2.54,0.9600000000000001,2.8400000000000034
1.53,2.54,0.9800000000000001,2.6000000000000036
1.53,2.54,1.0,2.5200000000000045
1.53,2.54,1.02,2.6000000000000045
1.53,2.54,1.04,2.840000000000005
1.53,2.54,1.06,3.2400000000000055
1.53,2.54,1.08,3.800000000000007
1.53,2.54,1.1,4.5200000000000085
1.53,2.55,0.9,3.970000000000014
1.53,2.55,0.92,3.2500000000000133
1.53,2.55,0.9400000000000001,2.6900000000000133
1.53,2.55,0.9600000000000001,2.2900000000000134
1.53,2.55,0.9800000000000001,2.050000000000014
1.53,2.55,1.0,1.9700000000000146
1.53,2.55,1.02,2.050000000000015
1.53,2.55,1.04,2.290000000000015
1.53,2.55,1.06,2.690000000000016
1.53,2.55,1.08,3.250000000000017
1.53,2.55,1.1,3.9700000000000184
1.53,2.56,0.9,3.520000000000002
1.53,2.56,0.92,2.8000000000000016
1.53,2.56,0.9400000000000001,2.240000000000001
1.53,2.56,0.9600000000000001,1.8400000000000014
1.53,2.56,0.9800000000000001,1.6000000000000019
1.53,2.56,1.0,1.5200000000000027
1.53,2.56,1.02,1.6000000000000028
1.53,2.56,1.04,1.8400000000000032
1.53,2.56,1.06,2.2400000000000038
1.53,2.56,1.08,2.800000000000005
1.53,2.56,1.1,3.5200000000000062
1.53,2.57,0.9,3.170000000000008
1.53,2.57,0.92,2.4500000000000073
1.53,2.57,0.9400000000000001,1.8900000000000075
1.53,2.57,0.9600000000000001,1.4900000000000075
1.53,2.57,0.9800000000000001,1.250000000000008
1.53,2.57,1.0,1.1700000000000088
1.53,2.57,1.02,1.2500000000000089
1.53,2.57,1.04,1.4900000000000093
1.53,2.57,1.06,1.8900000000000101
1.53,2.57,1.08,2.450000000000011
1.53,2.57,1.1,3.1700000000000124
1.53,2.58,0.9,2.920000000000001
1.53,2.58,0.92,2.2
1.53,2.58,0.9400000000000001,1.6400000000000003
1.53,2.58,0.9600000000000001,1.2400000000000004
1.53,2.58,0.9800000000000001,1.0000000000000009
1.53,2.58,1.0,0.9200000000000017
1.53,2.58,1.02,1.0000000000000018
1.53,2.58,1.04,1.2400000000000022
1.53,2.58,1.06,1.640000000000003
1.53,2.58,1.08,2.2000000000000037
1.53,2.58,1.1,2.9200000000000053
1.53,2.59,0.9,2.7700000000000027
1.53,2.59,0.92,2.0500000000000025
1.53,2.59,0.9400000000000001,1.4900000000000022
1.53,2.59,0.9600000000000001,1.0900000000000023
1.53,2.59,0.9800000000000001,0.8500000000000029
1.53,2.59,1.0,0.7700000000000036
1.53,2.59,1.02,0.8500000000000038
1.53,2.59,1.04,1.090000000000004
1.53,2.59,1.06,1.4900000000000049
1.53,2.59,1.08,2.050000000000006
1.53,2.59,1.1,2.770000000000007
1.53,2.5999999999999996,0.9,2.7200000000000006
1.53,2.5999999999999996,0.92,2.0
1.53,2.5999999999999996,0.9400000000000001,1.44
1.53,2.5999999999999996,0.9600000000000001,1.04
1.53,2.5999999999999996,0.9800000000000001,0.8000000000000006
1.53,2.5999999999999996,1.0,0.7200000000000013
1.53,2.5999999999999996,1.02,0.8000000000000015
1.53,2.5999999999999996,1.04,1.0400000000000018
1.53,2.5999999999999996,1.06,1.4400000000000026
1.53,2.5999999999999996,1.08,2.0000000000000036
1.53,2.5999999999999996,1.1,2.720000000000005
1.53,2.61,0.9,2.7699999999999982
1.53,2.61,0.92,2.049999999999998
1.53,2.61,0.9400000000000001,1.4899999999999978
1.53,2.61,0.9600000000000001,1.0899999999999979
1.53,2.61,0.9800000000000001,0.8499999999999984
1.53,2.61,1.0,0.7699999999999991
1.53,2.61,1.02,0.8499999999999993
1.53,2.61,1.04,1.0899999999999996
1.53,2.61,1.06,1.4900000000000004
1.53,2.61,1.08,2.0500000000000016
1.53,2.61,1.1,2.7700000000000027
1.53,2.62,0.9,2.920000000000001
1.53,2.62,0.92,2.2
1.53,2.62,0.9400000000000001,1.6400000000000003
1.53,2.62,0.9600000000000001,1.2400000000000004
1.53,2.62,0.9800000000000001,1.0000000000000009
1.53,2.62,1.0,0.9200000000000017
1.53,2.62,1.02,1.0000000000000018
1.53,2.62,1.04,1.2400000000000022
1.53,2.62,1.06,1.640000000000003
1.53,2.62,1.08,2.2000000000000037
1.53,2.62,1.1,2.9200000000000053
1.53,2.63,0.9,3.1699999999999946
1.53,2.63,0.92,2.449999999999994
1.53,2.63,0.9400000000000001,1.8899999999999941
1.53,2.63,0.9600000000000001,1.4899999999999942
1.53,2.63,0.9800000000000001,1.2499999999999947
1.53,2.63,1.0,1.1699999999999955
1.53,2.63,1.02,1.2499999999999956
1.53,2.63,1.04,1.489999999999996
1.53,2.63,1.06,1.8899999999999968
1.53,2.63,1.08,2.4499999999999975
1.53,2.63,1.1,3.169999999999999
1.53,2.6399999999999997,0.9,3.519999999999984
1.53,2.6399999999999997,0.92,2.799999999999984
1.53,2.6399999999999997,0.9400000000000001,2.2399999999999833
1.53,2.6399999999999997,0.9600000000000001,1.8399999999999836
1.53,2.6399999999999997,0.9800000000000001,1.599999999999984
1.53,2.6399999999999997,1.0,1.519999999999985
1.53,2.6399999999999997,1.02,1.599999999999985
1.53,2.6399999999999997,1.04,1.8399999999999854
1.53,2.6399999999999997,1.06,2.239999999999986
1.53,2.6399999999999997,1.08,2.7999999999999874
1.53,2.6399999999999997,1.1,3.5199999999999885
1.53,2.65,0.9,3.9699999999999918
1.53,2.65,0.92,3.249999999999991
1.53,2.65,0.9400000000000001,2.689999999999991
1.53,2.65,0.9600000000000001,2.289999999999991
1.53,2.65,0.9800000000000001,2.049999999999992
1.53,2.65,1.0,1.9699999999999924
1.53,2.65,1.02,2.0499999999999927
1.53,2.65,1.04,2.289999999999993
1.53,2.65,1.06,2.6899999999999937
1.53,2.65,1.08,3.2499999999999947
1.53,2.65,1.1,3.969999999999996
1.53,2.6599999999999997,0.9,4.5199999999999765
1.53,2.6599999999999997,0.92,3.7999999999999767
1.53,2.6599999999999997,0.9400000000000001,3.2399999999999762
1.53,2.6599999999999997,0.9600000000000001,2.8399999999999768
1.53,2.6599999999999997,0.9800000000000001,2.599999999999977
1.53,2.6599999999999997,1.0,2.519999999999978
1.53,2.6599999999999997,1.02,2.599999999999978
1.53,2.6599999999999997,1.04,2.8399999999999785
1.53,2.6599999999999997,1.06,3.239999999999979
1.53,2.6599999999999997,1.08,3.7999999999999803
1.53,2.6599999999999997,1.1,4.519999999999982
1.53,2.67,0.9,5.169999999999989
1.53,2.67,0.92,4.449999999999989
1.53,2.67,0.9400000000000001,3.889999999999989
1.53,2.67,0.9600000000000001,3.489999999999989
1.53,2.67,0.9800000000000001,3.2499999999999893
1.53,2.67,1.0,3.16999999999999
1.53,2.67,1.02,3.2499999999999902
1.53,2.67,1.04,3.489999999999991
1.53,2.67,1.06,3.8899999999999917
1.53,2.67,1.08,4.449999999999992
1.53,2.67,1.1,5.169999999999994
1.53,2.6799999999999997,0.9,5.919999999999971
1.53,2.6799999999999997,0.92,5.19999999999997
1.53,2.6799999999999997,0.9400000000000001,4.63999999999997
1.53,2.6799999999999997,0.9600000000000001,4.23999999999997
1.53,2.6799999999999997,0.9800000000000001,3.9999999999999707
1.53,2.6799999999999997,1.0,3.9199999999999715
1.53,2.6799999999999997,1.02,3.9999999999999716
1.53,2.6799999999999997,1.04,4.239999999999972
1.53,2.6799999999999997,1.06,4.639999999999973
1.53,2.6799999999999997,1.08,5.1999999999999735
1.53,2.6799999999999997,1.1,5.919999999999975
1.53,2.69,0.9,6.769999999999988
1.53,2.69,0.92,6.049999999999987
1.53,2.69,0.9400000000000001,5.489999999999988
1.53,2.69,0.9600000000000001,5.089999999999987
1.53,2.69,0.9800000000000001,4.849999999999988
1.53,2.69,1.0,4.769999999999989
1.53,2.69,1.02,4.849999999999989
1.53,2.69,1.04,5.089999999999989
1.53,2.69,1.06,5.48999999999999
1.53,2.69,1.08,6.049999999999991
1.53,2.69,1.1,6.7699999999999925
1.53,2.6999999999999997,0.9,7.719999999999965
1.53,2.6999999999999997,0.92,6.9999999999999645
1.53,2.6999999999999997,0.9400000000000001,6.439999999999965
1.53,2.6999999999999997,0.9600000000000001,6.0399999999999645
1.53,2.6999999999999997,0.9800000000000001,5.799999999999965
1.53,2.6999999999999997,1.0,5.719999999999966
1.53,2.6999999999999997,1.02,5.799999999999966
1.53,2.6999999999999997,1.04,6.039999999999966
1.53,2.6999999999999997,1.06,6.4399999999999675
1.53,2.6999999999999997,1.08,6.999999999999968
1.53,2.6999999999999997,1.1,7.7199999999999696
1.53,2.71,0.9,8.769999999999985
1.53,2.71,0.92,8.049999999999986
1.53,2.71,0.9400000000000001,7.489999999999986
1.53,2.71,0.9600000000000001,7.089999999999986
1.53,2.71,0.9800000000000001,6.849999999999986
1.53,2.71,1.0,6.769999999999987
1.53,2.71,1.02,6.849999999999987
1.53,2.71,1.04,7.089999999999987
1.53,2.71,1.06,7.489999999999989
1.53,2.71,1.08,8.04999999999999
1.53,2.71,1.1,8.76999999999999
1.53,2.7199999999999998,0.9,9.91999999999996
1.53,2.7199999999999998,0.92,9.19999999999996
1.53,2.7199999999999998,0.9400000000000001,8.63999999999996
1.53,2.7199999999999998,0.9600000000000001,8.239999999999961
1.53,2.7199999999999998,0.9800000000000001,7.999999999999961
1.53,2.7199999999999998,1.0,7.919999999999962
1.53,2.7199999999999998,1.02,7.999999999999962
1.53,2.7199999999999998,1.04,8.239999999999963
1.53,2.7199999999999998,1.06,8.639999999999963
1.53,2.7199999999999998,1.08,9.199999999999964
1.53,2.7199999999999998,1.1,9.919999999999966
1.53,2.73,0.9,11.169999999999984
1.53,2.73,0.92,10.449999999999985
1.53,2.73,0.9400000000000001,9.889999999999985
1.53,2.73,0.9600000000000001,9.489999999999984
1.53,2.73,0.9800000000000001,9.249999999999986
1.53,2.73,1.0,9.169999999999986
1.53,2.73,1.02,9.249999999999986
1.53,2.73,1.04,9.489999999999986
1.53,2.73,1.06,9.889999999999986
1.53,2.73,1.08,10.449999999999989
1.53,2.73,1.1,11.16999999999999
1.53,2.7399999999999998,0.9,12.519999999999953
1.53,2.7399999999999998,0.92,11.799999999999955
1.53,2.7399999999999998,0.9400000000000001,11.239999999999954
1.53,2.7399999999999998,0.9600000000000001,10.839999999999954
1.53,2.7399999999999998,0.9800000000000001,10.599999999999955
1.53,2.7399999999999998,1.0,10.519999999999955
1.53,2.7399999999999998,1.02,10.599999999999955
1.53,2.7399999999999998,1.04,10.839999999999955
1.53,2.7399999999999998,1.06,11.239999999999956
1.53,2.7399999999999998,1.08,11.799999999999958
1.53,2.7399999999999998,1.1,12.519999999999959
1.53,2.75,0.9,13.969999999999988
1.53,2.75,0.92,13.249999999999988
1.53,2.75,0.9400000000000001,12.689999999999987
1.53,2.75,0.9600000000000001,12.289999999999987
1.53,2.75,0.9800000000000001,12.049999999999988
1.53,2.75,1.0,11.969999999999988
1.53,2.75,1.02,12.049999999999988
1.53,2.75,1.04,12.289999999999988
1.53,2.75,1.06,12.689999999999989
1.53,2.75,1.08,13.249999999999991
1.53,2.75,1.1,13.969999999999992
1.53,2.76,0.9,15.519999999999953
1.53,2.76,0.92,14.799999999999953
1.53,2.76,0.9400000000000001,14.239999999999952
1.53,2.76,0.9600000000000001,13.839999999999952
1.53,2.76,0.9800000000000001,13.599999999999953
1.53,2.76,1.0,13.519999999999953
1.53,2.76,1.02,13.599999999999953
1.53,2.76,1.04,13.839999999999954
1.53,2.76,1.06,14.239999999999954
1.53,2.76,1.08,14.799999999999956
1.53,2.76,1.1,15.519999999999957
1.53,2.77,0.9,17.169999999999987
1.53,2.77,0.92,16.449999999999985
1.53,2.77,0.9400000000000001,15.889999999999986
1.53,2.77,0.9600000000000001,15.489999999999986
1.53,2.77,0.9800000000000001,15.249999999999988
1.53,2.77,1.0,15.169999999999987
1.53,2.77,1.02,15.249999999999988
1.53,2.77,1.04,15.489999999999988
1.53,2.77,1.06,15.889999999999988
1.53,2.77,1.08,16.44999999999999
1.53,2.77,1.1,17.16999999999999
1.53,2.78,0.9,18.919999999999952
1.53,2.78,0.92,18.19999999999995
1.53,2.78,0.9400000000000001,17.63999999999995
1.53,2.78,0.9600000000000001,17.239999999999952
1.53,2.78,0.9800000000000001,16.99999999999995
1.53,2.78,1.0,16.919999999999952
1.53,2.78,1.02,16.999999999999954
1.53,2.78,1.04,17.239999999999952
1.53,2.78,1.06,17.639999999999954
1.53,2.78,1.08,18.199999999999953
1.53,2.78,1.1,18.919999999999956
1.53,2.79,0.9,20.769999999999992
1.53,2.79,0.92,20.04999999999999
1.53,2.79,0.9400000000000001,19.48999999999999
1.53,2.79,0.9600000000000001,19.089999999999993
1.53,2.79,0.9800000000000001,18.84999999999999
1.53,2.79,1.0,18.769999999999992
1.53,2.79,1.02,18.849999999999994
1.53,2.79,1.04,19.089999999999993
1.53,2.79,1.06,19.489999999999995
1.53,2.79,1.08,20.049999999999994
1.53,2.79,1.1,20.769999999999996
1.53,2.8,0.9,22.71999999999995
1.53,2.8,0.92,21.999999999999947
1.53,2.8,0.9400000000000001,21.439999999999948
1.53,2.8,0.9600000000000001,21.03999999999995
1.53,2.8,0.9800000000000001,20.799999999999947
1.53,2.8,1.0,20.71999999999995
1.53,2.8,1.02,20.79999999999995
1.53,2.8,1.04,21.03999999999995
1.53,2.8,1.06,21.43999999999995
1.53,2.8,1.08,21.99999999999995
1.53,2.8,1.1,22.719999999999953
1.54,2.4,0.9,22.320000000000036
1.54,2.4,0.92,21.600000000000033
1.54,2.4,0.9400000000000001,21.040000000000035
1.54,2.4,0.9600000000000001,20.640000000000036
1.54,2.4,0.9800000000000001,20.400000000000034
1.54,2.4,1.0,20.320000000000036
1.54,2.4,1.02,20.400000000000038
1.54,2.4,1.04,20.640000000000036
1.54,2.4,1.06,21.04000000000004
1.54,2.4,1.08,21.600000000000037
1.54,2.4,1.1,22.32000000000004
1.54,2.4099999999999997,0.9,20.370000000000072
1.54,2.4099999999999997,0.92,19.65000000000007
1.54,2.4099999999999997,0.9400000000000001,19.09000000000007
1.54,2.4099999999999997,0.9600000000000001,18.690000000000072
1.54,2.4099999999999997,0.9800000000000001,18.45000000000007
1.54,2.4099999999999997,1.0,18.370000000000072
1.54,2.4099999999999997,1.02,18.450000000000074
1.54,2.4099999999999997,1.04,18.690000000000072
1.54,2.4099999999999997,1.06,19.090000000000074
1.54,2.4099999999999997,1.08,19.650000000000073
1.54,2.4099999999999997,1.1,20.370000000000076
1.54,2.42,0.9,18.52000000000003
1.54,2.42,0.92,17.80000000000003
1.54,2.42,0.9400000000000001,17.24000000000003
1.54,2.42,0.9600000000000001,16.840000000000032
1.54,2.42,0.9800000000000001,16.60000000000003
1.54,2.42,1.0,16.52000000000003
1.54,2.42,1.02,16.600000000000033
1.54,2.42,1.04,16.840000000000032
1.54,2.42,1.06,17.240000000000034
1.54,2.42,1.08,17.800000000000033
1.54,2.42,1.1,18.520000000000035
1.54,2.4299999999999997,0.9,16.770000000000064
1.54,2.4299999999999997,0.92,16.05000000000006
1.54,2.4299999999999997,0.9400000000000001,15.490000000000062
1.54,2.4299999999999997,0.9600000000000001,15.090000000000062
1.54,2.4299999999999997,0.9800000000000001,14.850000000000064
1.54,2.4299999999999997,1.0,14.770000000000064
1.54,2.4299999999999997,1.02,14.850000000000064
1.54,2.4299999999999997,1.04,15.090000000000064
1.54,2.4299999999999997,1.06,15.490000000000064
1.54,2.4299999999999997,1.08,16.050000000000065
1.54,2.4299999999999997,1.1,16.770000000000067
1.54,2.44,0.9,15.120000000000022
1.54,2.44,0.92,14.400000000000023
1.54,2.44,0.9400000000000001,13.840000000000023
1.54,2.44,0.9600000000000001,13.440000000000023
1.54,2.44,0.9800000000000001,13.200000000000024
1.54,2.44,1.0,13.120000000000024
1.54,2.44,1.02,13.200000000000024
1.54,2.44,1.04,13.440000000000024
1.54,2.44,1.06,13.840000000000025
1.54,2.44,1.08,14.400000000000027
1.54,2.44,1.1,15.120000000000028
1.54,2.4499999999999997,0.9,13.570000000000054
1.54,2.4499999999999997,0.92,12.850000000000053
1.54,2.4499999999999997,0.9400000000000001,12.290000000000052
1.54,2.4499999999999997,0.9600000000000001,11.890000000000052
1.54,2.4499999999999997,0.9800000000000001,11.650000000000054
1.54,2.4499999999999997,1.0,11.570000000000054
1.54,2.4499999999999997,1.02,11.650000000000054
1.54,2.4499999999999997,1.04,11.890000000000054
1.54,2.4499999999999997,1.06,12.290000000000054
1.54,2.4499999999999997,1.08,12.850000000000056
1.54,2.4499999999999997,1.1,13.570000000000057
1.54,2.46,0.9,12.120000000000015
1.54,2.46,0.92,11.400000000000016
1.54,2.46,0.9400000000000001,10.840000000000016
1.54,2.46,0.9600000000000001,10.440000000000015
1.54,2.46,0.9800000000000001,10.200000000000017
1.54,2.46,1.0,10.120000000000017
1.54,2.46,1.02,10.200000000000017
1.54,2.46,1.04,10.440000000000017
1.54,2.46,1.06,10.840000000000018
1.54,2.46,1.08,11.40000000000002
1.54,2.46,1.1,12.12000000000002
1.54,2.4699999999999998,0.9,10.770000000000042
1.54,2.4699999999999998,0.92,10.050000000000043
1.54,2.4699999999999998,0.9400000000000001,9.490000000000043
1.54,2.4699999999999998,0.9600000000000001,9.090000000000042
1.54,2.4699999999999998,0.9800000000000001,8.850000000000044
1.54,2.4699999999999998,1.0,8.770000000000044
1.54,2.4699999999999998,1.02,8.850000000000044
1.54,2.4699999999999998,1.04,9.090000000000044
1.54,2.4699999999999998,1.06,9.490000000000045
1.54,2.4699999999999998,1.08,10.050000000000047
1.54,2.4699999999999998,1.1,10.770000000000048
1.54,2.48,0.9,9.520000000000012
1.54,2.48,0.92,8.800000000000011
1.54,2.48,0.9400000000000001,8.24000000000001
1.54,2.48,0.9600000000000001,7.840000000000011
1.54,2.48,0.9800000000000001,7.600000000000012
1.54,2.48,1.0,7.520000000000013
1.54,2.48,1.02,7.600000000000013
1.54,2.48,1.04,7.840000000000013
1.54,2.48,1.06,8.240000000000014
1.54,2.48,1.08,8.800000000000015
1.54,2.48,1.1,9.520000000000017
1.54,2.4899999999999998,0.9,8.370000000000035
1.54,2.4899999999999998,0.92,7.650000000000034
1.54,2.4899999999999998,0.9400000000000001,7.0900000000000345
1.54,2.4899999999999998,0.9600000000000001,6.690000000000034
1.54,2.4899999999999998,0.9800000000000001,6.450000000000035
1.54,2.4899999999999998,1.0,6.370000000000036
1.54,2.4899999999999998,1.02,6.450000000000036
1.54,2.4899999999999998,1.04,6.690000000000036
1.54,2.4899999999999998,1.06,7.090000000000037
1.54,2.4899999999999998,1.08,7.650000000000038
1.54,2.4899999999999998,1.1,8.37000000000004
1.54,2.5,0.9,7.320000000000008
1.54,2.5,0.92,6.600000000000008
1.54,2.5,0.9400000000000001,6.040000000000008
1.54,2.5,0.9600000000000001,5.640000000000008
1.54,2.5,0.9800000000000001,5.400000000000008
1.54,2.5,1.0,5.320000000000009
1.54,2.5,1.02,5.400000000000009
1.54,2.5,1.04,5.6400000000000095
1.54,2.5,1.06,6.040000000000011
1.54,2.5,1.08,6.600000000000011
1.54,2.5,1.1,7.320000000000013
1.54,2.51,0.9,6.370000000000027
1.54,2.51,0.92,5.650000000000026
1.54,2.51,0.9400000000000001,5.0900000000000265
1.54,2.51,0.9600000000000001,4.690000000000026
1.54,2.51,0.9800000000000001,4.450000000000027
1.54,2.51,1.0,4.370000000000028
1.54,2.51,1.02,4.450000000000028
1.54,2.51,1.04,4.690000000000028
1.54,2.51,1.06,5.090000000000029
1.54,2.51,1.08,5.65000000000003
1.54,2.51,1.1,6.370000000000031
1.54,2.52,0.9,5.520000000000006
1.54,2.52,0.92,4.800000000000005
1.54,2.52,0.9400000000000001,4.2400000000000055
1.54,2.52,0.9600000000000001,3.8400000000000056
1.54,2.52,0.9800000000000001,3.600000000000006
1.54,2.52,1.0,3.5200000000000067
1.54,2.52,1.02,3.6000000000000068
1.54,2.52,1.04,3.8400000000000074
1.54,2.52,1.06,4.240000000000008
1.54,2.52,1.08,4.800000000000009
1.54,2.52,1.1,5.52000000000001
1.54,2.53,0.9,4.770000000000019
1.54,2.53,0.92,4.050000000000019
1.54,2.53,0.9400000000000001,3.490000000000019
1.54,2.53,0.9600000000000001,3.0900000000000194
1.54,2.53,0.9800000000000001,2.8500000000000196
1.54,2.53,1.0,2.7700000000000204
1.54,2.53,1.02,2.8500000000000205
1.54,2.53,1.04,3.090000000000021
1.54,2.53,1.06,3.4900000000000215
1.54,2.53,1.08,4.050000000000023
1.54,2.53,1.1,4.770000000000024
1.54,2.54,0.9,4.120000000000003
1.54,2.54,0.92,3.400000000000002
1.54,2.54,0.9400000000000001,2.8400000000000025
1.54,2.54,0.9600000000000001,2.4400000000000026
1.54,2.54,0.9800000000000001,2.200000000000003
1.54,2.54,1.0,2.1200000000000037
1.54,2.54,1.02,2.2000000000000037
1.54,2.54,1.04,2.4400000000000044
1.54,2.54,1.06,2.840000000000005
1.54,2.54,1.08,3.4000000000000057
1.54,2.54,1.1,4.120000000000007
1.54,2.55,0.9,3.5700000000000127
1.54,2.55,0.92,2.8500000000000125
1.54,2.55,0.9400000000000001,2.2900000000000125
1.54,2.55,0.9600000000000001,1.8900000000000126
1.54,2.55,0.9800000000000001,1.650000000000013
1.54,2.55,1.0,1.5700000000000138
1.54,2.55,1.02,1.650000000000014
1.54,2.55,1.04,1.8900000000000143
1.54,2.55,1.06,2.290000000000015
1.54,2.55,1.08,2.850000000000016
1.54,2.55,1.1,3.570000000000017
1.54,2.56,0.9,3.120000000000001
1.54,2.56,0.92,2.400000000000001
1.54,2.56,0.9400000000000001,1.8400000000000007
1.54,2.56,0.9600000000000001,1.4400000000000008
1.54,2.56,0.9800000000000001,1.2000000000000013
1.54,2.56,1.0,1.120000000000002
1.54,2.56,1.02,1.2000000000000022
1.54,2.56,1.04,1.4400000000000026
1.54,2.56,1.06,1.8400000000000034
1.54,2.56,1.08,2.4000000000000044
1.54,2.56,1.1,3.1200000000000054
1.54,2.57,0.9,2.770000000000007
1.54,2.57,0.92,2.050000000000007
1.54,2.57,0.9400000000000001,1.4900000000000067
1.54,2.57,0.9600000000000001,1.0900000000000067
1.54,2.57,0.9800000000000001,0.8500000000000073
1.54,2.57,1.0,0.770000000000008
1.54,2.57,1.02,0.8500000000000082
1.54,2.57,1.04,1.0900000000000085
1.54,2.57,1.06,1.4900000000000093
1.54,2.57,1.08,2.0500000000000105
1.54,2.57,1.1,2.7700000000000116
1.54,2.58,0.9,2.52
1.54,2.58,0.92,1.7999999999999996
1.54,2.58,0.9400000000000001,1.2399999999999995
1.54,2.58,0.9600000000000001,0.8399999999999996
1.54,2.58,0.9800000000000001,0.6000000000000002
1.54,2.58,1.0,0.5200000000000009
1.54,2.58,1.02,0.6000000000000011
1.54,2.58,1.04,0.8400000000000014
1.54,2.58,1.06,1.2400000000000022
1.54,2.58,1.08,1.8000000000000032
1.54,2.58,1.1,2.5200000000000045
1.54,2.59,0.9,2.370000000000002
1.54,2.59,0.92,1.6500000000000017
1.54,2.59,0.9400000000000001,1.0900000000000016
1.54,2.59,0.9600000000000001,0.6900000000000017
1.54,2.59,0.9800000000000001,0.4500000000000021
1.54,2.59,1.0,0.3700000000000029
1.54,2.59,1.02,0.450000000000003
1.54,2.59,1.04,0.6900000000000035
1.54,2.59,1.06,1.0900000000000043
1.54,2.59,1.08,1.6500000000000052
1.54,2.59,1.1,2.3700000000000063
1.54,2.5999999999999996,0.9,2.32
1.54,2.5999999999999996,0.92,1.5999999999999992
1.54,2.5999999999999996,0.9400000000000001,1.0399999999999991
1.54,2.5999999999999996,0.9600000000000001,0.6399999999999993
1.54,2.5999999999999996,0.9800000000000001,0.3999999999999998
1.54,2.5999999999999996,1.0,0.32000000000000056
1.54,2.5999999999999996,1.02,0.4000000000000007
1.54,2.5999999999999996,1.04,0.6400000000000011
1.54,2.5999999999999996,1.06,1.0400000000000018
1.54,2.5999999999999996,1.08,1.6000000000000028
1.54,2.5999999999999996,1.1,2.3200000000000043
1.54,2.61,0.9,2.3699999999999974
1.54,2.61,0.92,1.6499999999999972
1.54,2.61,0.9400000000000001,1.0899999999999972
1.54,2.61,0.9600000000000001,0.6899999999999973
1.54,2.61,0.9800000000000001,0.4499999999999977
1.54,2.61,1.0,0.36999999999999844
1.54,2.61,1.02,0.44999999999999857
1.54,2.61,1.04,0.6899999999999991
1.54,2.61,1.06,1.0899999999999999
1.54,2.61,1.08,1.6500000000000008
1.54,2.61,1.1,2.370000000000002
1.54,2.62,0.9,2.52
1.54,2.62,0.92,1.7999999999999996
1.54,2.62,0.9400000000000001,1.2399999999999995
1.54,2.62,0.9600000000000001,0.8399999999999996
1.54,2.62,0.9800000000000001,0.6000000000000002
1.54,2.62,1.0,0.5200000000000009
1.54,2.62,1.02,0.6000000000000011
1.54,2.62,1.04,0.8400000000000014
1.54,2.62,1.06,1.2400000000000022
1.54,2.62,1.08,1.8000000000000032
1.54,2.62,1.1,2.5200000000000045
1.54,2.63,0.9,2.769999999999994
1.54,2.63,0.92,2.0499999999999936
1.54,2.63,0.9400000000000001,1.4899999999999933
1.54,2.63,0.9600000000000001,1.0899999999999934
1.54,2.63,0.9800000000000001,0.849999999999994
1.54,2.63,1.0,0.7699999999999947
1.54,2.63,1.02,0.8499999999999949
1.54,2.63,1.04,1.0899999999999952
1.54,2.63,1.06,1.489999999999996
1.54,2.63,1.08,2.049999999999997
1.54,2.63,1.1,2.7699999999999982
1.54,2.6399999999999997,0.9,3.1199999999999832
1.54,2.6399999999999997,0.92,2.3999999999999826
1.54,2.6399999999999997,0.9400000000000001,1.8399999999999828
1.54,2.6399999999999997,0.9600000000000001,1.4399999999999828
1.54,2.6399999999999997,0.9800000000000001,1.1999999999999833
1.54,2.6399999999999997,1.0,1.1199999999999841
1.54,2.6399999999999997,1.02,1.1999999999999842
1.54,2.6399999999999997,1.04,1.4399999999999846
1.54,2.6399999999999997,1.06,1.8399999999999854
1.54,2.6399999999999997,1.08,2.399999999999986
1.54,2.6399999999999997,1.1,3.1199999999999877
1.54,2.65,0.9,3.5699999999999905
1.54,2.65,0.92,2.8499999999999903
1.54,2.65,0.9400000000000001,2.2899999999999903
1.54,2.65,0.9600000000000001,1.8899999999999904
1.54,2.65,0.9800000000000001,1.6499999999999908
1.54,2.65,1.0,1.5699999999999916
1.54,2.65,1.02,1.6499999999999917
1.54,2.65,1.04,1.8899999999999921
1.54,2.65,1.06,2.289999999999993
1.54,2.65,1.08,2.849999999999994
1.54,2.65,1.1,3.569999999999995
1.54,2.6599999999999997,0.9,4.119999999999976
1.54,2.6599999999999997,0.92,3.3999999999999755
1.54,2.6599999999999997,0.9400000000000001,2.839999999999976
1.54,2.6599999999999997,0.9600000000000001,2.439999999999976
1.54,2.6599999999999997,0.9800000000000001,2.199999999999976
1.54,2.6599999999999997,1.0,2.119999999999977
1.54,2.6599999999999997,1.02,2.199999999999977
1.54,2.6599999999999997,1.04,2.4399999999999777
1.54,2.6599999999999997,1.06,2.8399999999999785
1.54,2.6599999999999997,1.08,3.399999999999979
1.54,2.6599999999999997,1.1,4.119999999999981
1.54,2.67,0.9,4.769999999999989
1.54,2.67,0.92,4.049999999999988
1.54,2.67,0.9400000000000001,3.489999999999988
1.54,2.67,0.9600000000000001,3.0899999999999883
1.54,2.67,0.9800000000000001,2.8499999999999885
1.54,2.67,1.0,2.7699999999999894
1.54,2.67,1.02,2.8499999999999894
1.54,2.67,1.04,3.08999999999999
1.54,2.67,1.06,3.4899999999999904
1.54,2.67,1.08,4.049999999999992
1.54,2.67,1.1,4.7699999999999925
1.54,2.6799999999999997,0.9,5.51999999999997
1.54,2.6799999999999997,0.92,4.79999999999997
1.54,2.6799999999999997,0.9400000000000001,4.23999999999997
1.54,2.6799999999999997,0.9600000000000001,3.83999999999997
1.54,2.6799999999999997,0.9800000000000001,3.5999999999999703
1.54,2.6799999999999997,1.0,3.519999999999971
1.54,2.6799999999999997,1.02,3.5999999999999712
1.54,2.6799999999999997,1.04,3.839999999999972
1.54,2.6799999999999997,1.06,4.239999999999973
1.54,2.6799999999999997,1.08,4.799999999999973
1.54,2.6799999999999997,1.1,5.519999999999975
1.54,2.69,0.9,6.369999999999987
1.54,2.69,0.92,5.649999999999986
1.54,2.69,0.9400000000000001,5.0899999999999865
1.54,2.69,0.9600000000000001,4.689999999999986
1.54,2.69,0.9800000000000001,4.449999999999987
1.54,2.69,1.0,4.369999999999988
1.54,2.69,1.02,4.449999999999988
1.54,2.69,1.04,4.689999999999988
1.54,2.69,1.06,5.089999999999989
1.54,2.69,1.08,5.64999999999999
1.54,2.69,1.1,6.369999999999991
1.54,2.6999999999999997,0.9,7.319999999999964
1.54,2.6999999999999997,0.92,6.599999999999963
1.54,2.6999999999999997,0.9400000000000001,6.039999999999964
1.54,2.6999999999999997,0.9600000000000001,5.639999999999963
1.54,2.6999999999999997,0.9800000000000001,5.399999999999964
1.54,2.6999999999999997,1.0,5.319999999999965
1.54,2.6999999999999997,1.02,5.399999999999965
1.54,2.6999999999999997,1.04,5.639999999999965
1.54,2.6999999999999997,1.06,6.039999999999966
1.54,2.6999999999999997,1.08,6.599999999999967
1.54,2.6999999999999997,1.1,7.319999999999968
1.54,2.71,0.9,8.369999999999985
1.54,2.71,0.92,7.649999999999984
1.54,2.71,0.9400000000000001,7.089999999999985
1.54,2.71,0.9600000000000001,6.689999999999984
1.54,2.71,0.9800000000000001,6.449999999999985
1.54,2.71,1.0,6.369999999999986
1.54,2.71,1.02,6.449999999999986
1.54,2.71,1.04,6.689999999999986
1.54,2.71,1.06,7.089999999999987
1.54,2.71,1.08,7.649999999999988
1.54,2.71,1.1,8.36999999999999
1.54,2.7199999999999998,0.9,9.51999999999996
1.54,2.7199999999999998,0.92,8.79999999999996
1.54,2.7199999999999998,0.9400000000000001,8.23999999999996
1.54,2.7199999999999998,0.9600000000000001,7.839999999999959
1.54,2.7199999999999998,0.9800000000000001,7.59999999999996
1.54,2.7199999999999998,1.0,7.5199999999999605
1.54,2.7199999999999998,1.02,7.599999999999961
1.54,2.7199999999999998,1.04,7.839999999999961
1.54,2.7199999999999998,1.06,8.239999999999961
1.54,2.7199999999999998,1.08,8.799999999999963
1.54,2.7199999999999998,1.1,9.519999999999964
1.54,2.73,0.9,10.769999999999985
1.54,2.73,0.92,10.049999999999985
1.54,2.73,0.9400000000000001,9.489999999999984
1.54,2.73,0.9600000000000001,9.089999999999984
1.54,2.73,0.9800000000000001,8.849999999999985
1.54,2.73,1.0,8.769999999999985
1.54,2.73,1.02,8.849999999999985
1.54,2.73,1.04,9.089999999999986
1.54,2.73,1.06,9.489999999999986
1.54,2.73,1.08,10.049999999999988
1.54,2.73,1.1,10.769999999999989
1.54,2.7399999999999998,0.9,12.119999999999955
1.54,2.7399999999999998,0.92,11.399999999999954
1.54,2.7399999999999998,0.9400000000000001,10.839999999999954
1.54,2.7399999999999998,0.9600000000000001,10.439999999999953
1.54,2.7399999999999998,0.9800000000000001,10.199999999999955
1.54,2.7399999999999998,1.0,10.119999999999955
1.54,2.7399999999999998,1.02,10.199999999999955
1.54,2.7399999999999998,1.04,10.439999999999955
1.54,2.7399999999999998,1.06,10.839999999999955
1.54,2.7399999999999998,1.08,11.399999999999958
1.54,2.7399999999999998,1.1,12.119999999999958
1.54,2.75,0.9,13.569999999999986
1.54,2.75,0.92,12.849999999999987
1.54,2.75,0.9400000000000001,12.289999999999987
1.54,2.75,0.9600000000000001,11.889999999999986
1.54,2.75,0.9800000000000001,11.649999999999988
1.54,2.75,1.0,11.569999999999988
1.54,2.75,1.02,11.649999999999988
1.54,2.75,1.04,11.889999999999988
1.54,2.75,1.06,12.289999999999988
1.54,2.75,1.08,12.84999999999999
1.54,2.75,1.1,13.569999999999991
1.54,2.76,0.9,15.119999999999951
1.54,2.76,0.92,14.399999999999952
1.54,2.76,0.9400000000000001,13.839999999999952
1.54,2.76,0.9600000000000001,13.439999999999952
1.54,2.76,0.9800000000000001,13.199999999999953
1.54,2.76,1.0,13.119999999999953
1.54,2.76,1.02,13.199999999999953
1.54,2.76,1.04,13.439999999999953
1.54,2.76,1.06,13.839999999999954
1.54,2.76,1.08,14.399999999999956
1.54,2.76,1.1,15.119999999999957
1.54,2.77,0.9,16.769999999999985
1.54,2.77,0.92,16.049999999999986
1.54,2.77,0.9400000000000001,15.489999999999986
1.54,2.77,0.9600000000000001,15.089999999999986
1.54,2.77,0.9800000000000001,14.849999999999987
1.54,2.77,1.0,14.769999999999987
1.54,2.77,1.02,14.849999999999987
1.54,2.77,1.04,15.089999999999987
1.54,2.77,1.06,15.489999999999988
1.54,2.77,1.08,16.04999999999999
1.54,2.77,1.1,16.76999999999999
1.54,2.78,0.9,18.51999999999995
1.54,2.78,0.92,17.799999999999947
1.54,2.78,0.9400000000000001,17.23999999999995
1.54,2.78,0.9600000000000001,16.83999999999995
1.54,2.78,0.9800000000000001,16.599999999999948
1.54,2.78,1.0,16.51999999999995
1.54,2.78,1.02,16.59999999999995
1.54,2.78,1.04,16.83999999999995
1.54,2.78,1.06,17.239999999999952
1.54,2.78,1.08,17.79999999999995
1.54,2.78,1.1,18.519999999999953
1.54,2.79,0.9,20.36999999999999
1.54,2.79,0.92,19.649999999999988
1.54,2.79,0.9400000000000001,19.08999999999999
1.54,2.79,0.9600000000000001,18.68999999999999
1.54,2.79,0.9800000000000001,18.44999999999999
1.54,2.79,1.0,18.36999999999999
1.54,2.79,1.02,18.449999999999992
1.54,2.79,1.04,18.68999999999999
1.54,2.79,1.06,19.089999999999993
1.54,2.79,1.08,19.64999999999999
1.54,2.79,1.1,20.369999999999994
1.54,2.8,0.9,22.319999999999947
1.54,2.8,0.92,21.599999999999945
1.54,2.8,0.9400000000000001,21.039999999999946
1.54,2.8,0.9600000000000001,20.639999999999947
1.54,2.8,0.9800000000000001,20.399999999999945
1.54,2.8,1.0,20.319999999999947
1.54,2.8,1.02,20.39999999999995
1.54,2.8,1.04,20.639999999999947
1.54,2.8,1.06,21.03999999999995
1.54,2.8,1.08,21.599999999999948
1.54,2.8,1.1,22.31999999999995
1.5499999999999998,2.4,0.9,22.08000000000004
1.5499999999999998,2.4,0.92,21.36000000000004
1.5499999999999998,2.4,0.9400000000000001,20.80000000000004
1.5499999999999998,2.4,0.9600000000000001,20.40000000000004
1.5499999999999998,2.4,0.9800000000000001,20.16000000000004
1.5499999999999998,2.4,1.0,20.08000000000004
1.5499999999999998,2.4,1.02,20.160000000000043
1.5499999999999998,2.4,1.04,20.40000000000004
1.5499999999999998,2.4,1.06,20.800000000000043
1.5499999999999998,2.4,1.08,21.360000000000042
1.5499999999999998,2.4,1.1,22.080000000000044
1.5499999999999998,2.4099999999999997,0.9,20.130000000000077
1.5499999999999998,2.4099999999999997,0.92,19.410000000000075
1.5499999999999998,2.4099999999999997,0.9400000000000001,18.850000000000076
1.5499999999999998,2.4099999999999997,0.9600000000000001,18.450000000000077
1.5499999999999998,2.4099999999999997,0.9800000000000001,18.210000000000075
1.5499999999999998,2.4099999999999997,1.0,18.130000000000077
1.5499999999999998,2.4099999999999997,1.02,18.21000000000008
1.5499999999999998,2.4099999999999997,1.04,18.450000000000077
1.5499999999999998,2.4099999999999997,1.06,18.85000000000008
1.5499999999999998,2.4099999999999997,1.08,19.41000000000008
1.5499999999999998,2.4099999999999997,1.1,20.13000000000008
1.5499999999999998,2.42,0.9,18.280000000000037
1.5499999999999998,2.42,0.92,17.560000000000034
1.5499999999999998,2.42,0.9400000000000001,17.000000000000036
1.5499999999999998,2.42,0.9600000000000001,16.600000000000037
1.5499999999999998,2.42,0.9800000000000001,16.360000000000035
1.5499999999999998,2.42,1.0,16.280000000000037
1.5499999999999998,2.42,1.02,16.36000000000004
1.5499999999999998,2.42,1.04,16.600000000000037
1.5499999999999998,2.42,1.06,17.00000000000004
1.5499999999999998,2.42,1.08,17.560000000000038
1.5499999999999998,2.42,1.1,18.28000000000004
1.5499999999999998,2.4299999999999997,0.9,16.530000000000065
1.5499999999999998,2.4299999999999997,0.92,15.810000000000066
1.5499999999999998,2.4299999999999997,0.9400000000000001,15.250000000000066
1.5499999999999998,2.4299999999999997,0.9600000000000001,14.850000000000065
1.5499999999999998,2.4299999999999997,0.9800000000000001,14.610000000000067
1.5499999999999998,2.4299999999999997,1.0,14.530000000000067
1.5499999999999998,2.4299999999999997,1.02,14.610000000000067
1.5499999999999998,2.4299999999999997,1.04,14.850000000000067
1.5499999999999998,2.4299999999999997,1.06,15.250000000000068
1.5499999999999998,2.4299999999999997,1.08,15.81000000000007
1.5499999999999998,2.4299999999999997,1.1,16.530000000000072
1.5499999999999998,2.44,0.9,14.880000000000027
1.5499999999999998,2.44,0.92,14.160000000000027
1.5499999999999998,2.44,0.9400000000000001,13.600000000000026
1.5499999999999998,2.44,0.9600000000000001,13.200000000000026
1.5499999999999998,2.44,0.9800000000000001,12.960000000000027
1.5499999999999998,2.44,1.0,12.880000000000027
1.5499999999999998,2.44,1.02,12.960000000000027
1.5499999999999998,2.44,1.04,13.200000000000028
1.5499999999999998,2.44,1.06,13.600000000000028
1.5499999999999998,2.44,1.08,14.16000000000003
1.5499999999999998,2.44,1.1,14.880000000000031
1.5499999999999998,2.4499999999999997,0.9,13.330000000000055
1.5499999999999998,2.4499999999999997,0.92,12.610000000000056
1.5499999999999998,2.4499999999999997,0.9400000000000001,12.050000000000056
1.5499999999999998,2.4499999999999997,0.9600000000000001,11.650000000000055
1.5499999999999998,2.4499999999999997,0.9800000000000001,11.410000000000057
1.5499999999999998,2.4499999999999997,1.0,11.330000000000057
1.5499999999999998,2.4499999999999997,1.02,11.410000000000057
1.5499999999999998,2.4499999999999997,1.04,11.650000000000057
1.5499999999999998,2.4499999999999997,1.06,12.050000000000058
1.5499999999999998,2.4499999999999997,1.08,12.61000000000006
1.5499999999999998,2.4499999999999997,1.1,13.33000000000006
1.5499999999999998,2.46,0.9,11.88000000000002
1.5499999999999998,2.46,0.92,11.16000000000002
1.5499999999999998,2.46,0.9400000000000001,10.60000000000002
1.5499999999999998,2.46,0.9600000000000001,10.200000000000019
1.5499999999999998,2.46,0.9800000000000001,9.96000000000002
1.5499999999999998,2.46,1.0,9.88000000000002
1.5499999999999998,2.46,1.02,9.96000000000002
1.5499999999999998,2.46,1.04,10.20000000000002
1.5499999999999998,2.46,1.06,10.600000000000021
1.5499999999999998,2.46,1.08,11.160000000000023
1.5499999999999998,2.46,1.1,11.880000000000024
1.5499999999999998,2.4699999999999998,0.9,10.530000000000047
1.5499999999999998,2.4699999999999998,0.92,9.810000000000047
1.5499999999999998,2.4699999999999998,0.9400000000000001,9.250000000000046
1.5499999999999998,2.4699999999999998,0.9600000000000001,8.850000000000046
1.5499999999999998,2.4699999999999998,0.9800000000000001,8.610000000000047
1.5499999999999998,2.4699999999999998,1.0,8.530000000000047
1.5499999999999998,2.4699999999999998,1.02,8.610000000000047
1.5499999999999998,2.4699999999999998,1.04,8.850000000000048
1.5499999999999998,2.4699999999999998,1.06,9.250000000000048
1.5499999999999998,2.4699999999999998,1.08,9.81000000000005
1.5499999999999998,2.4699999999999998,1.1,10.53000000000005
1.5499999999999998,2.48,0.9,9.280000000000015
1.5499999999999998,2.48,0.92,8.560000000000015
1.5499999999999998,2.48,0.9400000000000001,8.000000000000014
1.5499999999999998,2.48,0.9600000000000001,7.600000000000015
1.5499999999999998,2.48,0.9800000000000001,7.360000000000015
1.5499999999999998,2.48,1.0,7.280000000000016
1.5499999999999998,2.48,1.02,7.360000000000016
1.5499999999999998,2.48,1.04,7.6000000000000165
1.5499999999999998,2.48,1.06,8.000000000000018
1.5499999999999998,2.48,1.08,8.560000000000018
1.5499999999999998,2.48,1.1,9.280000000000019
1.5499999999999998,2.4899999999999998,0.9,8.130000000000038
1.5499999999999998,2.4899999999999998,0.92,7.4100000000000374
1.5499999999999998,2.4899999999999998,0.9400000000000001,6.850000000000038
1.5499999999999998,2.4899999999999998,0.9600000000000001,6.4500000000000375
1.5499999999999998,2.4899999999999998,0.9800000000000001,6.210000000000038
1.5499999999999998,2.4899999999999998,1.0,6.130000000000039
1.5499999999999998,2.4899999999999998,1.02,6.210000000000039
1.5499999999999998,2.4899999999999998,1.04,6.450000000000039
1.5499999999999998,2.4899999999999998,1.06,6.8500000000000405
1.5499999999999998,2.4899999999999998,1.08,7.410000000000041
1.5499999999999998,2.4899999999999998,1.1,8.130000000000042
1.5499999999999998,2.5,0.9,7.080000000000012
1.5499999999999998,2.5,0.92,6.360000000000011
1.5499999999999998,2.5,0.9400000000000001,5.800000000000011
1.5499999999999998,2.5,0.9600000000000001,5.400000000000011
1.5499999999999998,2.5,0.9800000000000001,5.160000000000012
1.5499999999999998,2.5,1.0,5.0800000000000125
1.5499999999999998,2.5,1.02,5.160000000000013
1.5499999999999998,2.5,1.04,5.400000000000013
1.5499999999999998,2.5,1.06,5.800000000000014
1.5499999999999998,2.5,1.08,6.3600000000000145
1.5499999999999998,2.5,1.1,7.080000000000016
1.5499999999999998,2.51,0.9,6.13000000000003
1.5499999999999998,2.51,0.92,5.4100000000000295
1.5499999999999998,2.51,0.9400000000000001,4.85000000000003
1.5499999999999998,2.51,0.9600000000000001,4.4500000000000295
1.5499999999999998,2.51,0.9800000000000001,4.21000000000003
1.5499999999999998,2.51,1.0,4.130000000000031
1.5499999999999998,2.51,1.02,4.210000000000031
1.5499999999999998,2.51,1.04,4.450000000000031
1.5499999999999998,2.51,1.06,4.8500000000000325
1.5499999999999998,2.51,1.08,5.410000000000033
1.5499999999999998,2.51,1.1,6.1300000000000345
1.5499999999999998,2.52,0.9,5.280000000000008
1.5499999999999998,2.52,0.92,4.5600000000000085
1.5499999999999998,2.52,0.9400000000000001,4.000000000000008
1.5499999999999998,2.52,0.9600000000000001,3.6000000000000085
1.5499999999999998,2.52,0.9800000000000001,3.3600000000000088
1.5499999999999998,2.52,1.0,3.2800000000000096
1.5499999999999998,2.52,1.02,3.3600000000000096
1.5499999999999998,2.52,1.04,3.6000000000000103
1.5499999999999998,2.52,1.06,4.000000000000011
1.5499999999999998,2.52,1.08,4.560000000000012
1.5499999999999998,2.52,1.1,5.280000000000014
1.5499999999999998,2.53,0.9,4.5300000000000225
1.5499999999999998,2.53,0.92,3.810000000000022
1.5499999999999998,2.53,0.9400000000000001,3.250000000000022
1.5499999999999998,2.53,0.9600000000000001,2.8500000000000223
1.5499999999999998,2.53,0.9800000000000001,2.6100000000000225
1.5499999999999998,2.53,1.0,2.5300000000000233
1.5499999999999998,2.53,1.02,2.6100000000000234
1.5499999999999998,2.53,1.04,2.850000000000024
1.5499999999999998,2.53,1.06,3.250000000000025
1.5499999999999998,2.53,1.08,3.8100000000000254
1.5499999999999998,2.53,1.1,4.530000000000027
1.5499999999999998,2.54,0.9,3.880000000000006
1.5499999999999998,2.54,0.92,3.1600000000000055
1.5499999999999998,2.54,0.9400000000000001,2.6000000000000054
1.5499999999999998,2.54,0.9600000000000001,2.2000000000000055
1.5499999999999998,2.54,0.9800000000000001,1.960000000000006
1.5499999999999998,2.54,1.0,1.8800000000000068
1.5499999999999998,2.54,1.02,1.9600000000000068
1.5499999999999998,2.54,1.04,2.2000000000000073
1.5499999999999998,2.54,1.06,2.600000000000008
1.5499999999999998,2.54,1.08,3.160000000000009
1.5499999999999998,2.54,1.1,3.8800000000000106
1.5499999999999998,2.55,0.9,3.330000000000016
1.5499999999999998,2.55,0.92,2.6100000000000154
1.5499999999999998,2.55,0.9400000000000001,2.050000000000016
1.5499999999999998,2.55,0.9600000000000001,1.6500000000000157
1.5499999999999998,2.55,0.9800000000000001,1.4100000000000161
1.5499999999999998,2.55,1.0,1.330000000000017
1.5499999999999998,2.55,1.02,1.410000000000017
1.5499999999999998,2.55,1.04,1.6500000000000175
1.5499999999999998,2.55,1.06,2.0500000000000185
1.5499999999999998,2.55,1.08,2.610000000000019
1.5499999999999998,2.55,1.1,3.3300000000000205
1.5499999999999998,2.56,0.9,2.8800000000000043
1.5499999999999998,2.56,0.92,2.1600000000000037
1.5499999999999998,2.56,0.9400000000000001,1.6000000000000039
1.5499999999999998,2.56,0.9600000000000001,1.200000000000004
1.5499999999999998,2.56,0.9800000000000001,0.9600000000000045
1.5499999999999998,2.56,1.0,0.8800000000000052
1.5499999999999998,2.56,1.02,0.9600000000000054
1.5499999999999998,2.56,1.04,1.2000000000000057
1.5499999999999998,2.56,1.06,1.6000000000000065
1.5499999999999998,2.56,1.08,2.1600000000000072
1.5499999999999998,2.56,1.1,2.8800000000000088
1.5499999999999998,2.57,0.9,2.53000000000001
1.5499999999999998,2.57,0.92,1.8100000000000098
1.5499999999999998,2.57,0.9400000000000001,1.2500000000000098
1.5499999999999998,2.57,0.9600000000000001,0.8500000000000099
1.5499999999999998,2.57,0.9800000000000001,0.6100000000000104
1.5499999999999998,2.57,1.0,0.5300000000000111
1.5499999999999998,2.57,1.02,0.6100000000000113
1.5499999999999998,2.57,1.04,0.8500000000000116
1.5499999999999998,2.57,1.06,1.2500000000000124
1.5499999999999998,2.57,1.08,1.8100000000000134
1.5499999999999998,2.57,1.1,2.5300000000000145
1.5499999999999998,2.58,0.9,2.2800000000000034
1.5499999999999998,2.58,0.92,1.5600000000000027
1.5499999999999998,2.58,0.9400000000000001,1.0000000000000027
1.5499999999999998,2.58,0.9600000000000001,0.6000000000000029
1.5499999999999998,2.58,0.9800000000000001,0.3600000000000033
1.5499999999999998,2.58,1.0,0.2800000000000041
1.5499999999999998,2.58,1.02,0.3600000000000042
1.5499999999999998,2.58,1.04,0.6000000000000046
1.5499999999999998,2.58,1.06,1.0000000000000053
1.5499999999999998,2.58,1.08,1.5600000000000063
1.5499999999999998,2.58,1.1,2.280000000000008
1.5499999999999998,2.59,0.9,2.1300000000000052
1.5499999999999998,2.59,0.92,1.4100000000000046
1.5499999999999998,2.59,0.9400000000000001,0.8500000000000046
1.5499999999999998,2.59,0.9600000000000001,0.4500000000000048
1.5499999999999998,2.59,0.9800000000000001,0.21000000000000524
1.5499999999999998,2.59,1.0,0.130000000000006
1.5499999999999998,2.59,1.02,0.21000000000000613
1.5499999999999998,2.59,1.04,0.45000000000000656
1.5499999999999998,2.59,1.06,0.8500000000000073
1.5499999999999998,2.59,1.08,1.4100000000000081
1.5499999999999998,2.59,1.1,2.1300000000000097
1.5499999999999998,2.5999999999999996,0.9,2.0800000000000027
1.5499999999999998,2.5999999999999996,0.92,1.3600000000000023
1.5499999999999998,2.5999999999999996,0.9400000000000001,0.8000000000000024
1.5499999999999998,2.5999999999999996,0.9600000000000001,0.40000000000000246
1.5499999999999998,2.5999999999999996,0.9800000000000001,0.16000000000000295
1.5499999999999998,2.5999999999999996,1.0,0.0800000000000037
1.5499999999999998,2.5999999999999996,1.02,0.16000000000000383
1.5499999999999998,2.5999999999999996,1.04,0.40000000000000424
1.5499999999999998,2.5999999999999996,1.06,0.800000000000005
1.5499999999999998,2.5999999999999996,1.08,1.3600000000000059
1.5499999999999998,2.5999999999999996,1.1,2.080000000000007
1.5499999999999998,2.61,0.9,2.130000000000001
1.5499999999999998,2.61,0.92,1.4100000000000001
1.5499999999999998,2.61,0.9400000000000001,0.8500000000000002
1.5499999999999998,2.61,0.9600000000000001,0.45000000000000034
1.5499999999999998,2.61,0.9800000000000001,0.2100000000000008
1.5499999999999998,2.61,1.0,0.13000000000000156
1.5499999999999998,2.61,1.02,0.21000000000000169
1.5499999999999998,2.61,1.04,0.4500000000000021
1.5499999999999998,2.61,1.06,0.8500000000000029
1.5499999999999998,2.61,1.08,1.4100000000000037
1.5499999999999998,2.61,1.1,2.1300000000000052
1.5499999999999998,2.62,0.9,2.2800000000000034
1.5499999999999998,2.62,0.92,1.5600000000000027
1.5499999999999998,2.62,0.9400000000000001,1.0000000000000027
1.5499999999999998,2.62,0.9600000000000001,0.6000000000000029
1.5499999999999998,2.62,0.9800000000000001,0.3600000000000033
1.5499999999999998,2.62,1.0,0.2800000000000041
1.5499999999999998,2.62,1.02,0.3600000000000042
1.5499999999999998,2.62,1.04,0.6000000000000046
1.5499999999999998,2.62,1.06,1.0000000000000053
1.5499999999999998,2.62,1.08,1.5600000000000063
1.5499999999999998,2.62,1.1,2.280000000000008
1.5499999999999998,2.63,0.9,2.5299999999999967
1.5499999999999998,2.63,0.92,1.8099999999999965
1.5499999999999998,2.63,0.9400000000000001,1.2499999999999964
1.5499999999999998,2.63,0.9600000000000001,0.8499999999999965
1.5499999999999998,2.63,0.9800000000000001,0.6099999999999971
1.5499999999999998,2.63,1.0,0.5299999999999978
1.5499999999999998,2.63,1.02,0.609999999999998
1.5499999999999998,2.63,1.04,0.8499999999999983
1.5499999999999998,2.63,1.06,1.2499999999999991
1.5499999999999998,2.63,1.08,1.81
1.5499999999999998,2.63,1.1,2.530000000000001
1.5499999999999998,2.6399999999999997,0.9,2.8799999999999866
1.5499999999999998,2.6399999999999997,0.92,2.159999999999986
1.5499999999999998,2.6399999999999997,0.9400000000000001,1.5999999999999859
1.5499999999999998,2.6399999999999997,0.9600000000000001,1.1999999999999862
1.5499999999999998,2.6399999999999997,0.9800000000000001,0.9599999999999866
1.5499999999999998,2.6399999999999997,1.0,0.8799999999999873
1.5499999999999998,2.6399999999999997,1.02,0.9599999999999875
1.5499999999999998,2.6399999999999997,1.04,1.199999999999988
1.5499999999999998,2.6399999999999997,1.06,1.5999999999999885
1.5499999999999998,2.6399999999999997,1.08,2.1599999999999895
1.5499999999999998,2.6399999999999997,1.1,2.879999999999991
1.5499999999999998,2.65,0.9,3.329999999999994
1.5499999999999998,2.65,0.92,2.609999999999993
1.5499999999999998,2.65,0.9400000000000001,2.0499999999999936
1.5499999999999998,2.65,0.9600000000000001,1.6499999999999935
1.5499999999999998,2.65,0.9800000000000001,1.409999999999994
1.5499999999999998,2.65,1.0,1.3299999999999947
1.5499999999999998,2.65,1.02,1.4099999999999948
1.5499999999999998,2.65,1.04,1.6499999999999952
1.5499999999999998,2.65,1.06,2.0499999999999963
1.5499999999999998,2.65,1.08,2.6099999999999968
1.5499999999999998,2.65,1.1,3.3299999999999983
1.5499999999999998,2.6599999999999997,0.9,3.8799999999999795
1.5499999999999998,2.6599999999999997,0.92,3.159999999999979
1.5499999999999998,2.6599999999999997,0.9400000000000001,2.5999999999999788
1.5499999999999998,2.6599999999999997,0.9600000000000001,2.199999999999979
1.5499999999999998,2.6599999999999997,0.9800000000000001,1.9599999999999793
1.5499999999999998,2.6599999999999997,1.0,1.8799999999999801
1.5499999999999998,2.6599999999999997,1.02,1.9599999999999802
1.5499999999999998,2.6599999999999997,1.04,2.1999999999999806
1.5499999999999998,2.6599999999999997,1.06,2.5999999999999814
1.5499999999999998,2.6599999999999997,1.08,3.1599999999999824
1.5499999999999998,2.6599999999999997,1.1,3.879999999999984
1.5499999999999998,2.67,0.9,4.529999999999991
1.5499999999999998,2.67,0.92,3.8099999999999907
1.5499999999999998,2.67,0.9400000000000001,3.249999999999991
1.5499999999999998,2.67,0.9600000000000001,2.849999999999991
1.5499999999999998,2.67,0.9800000000000001,2.6099999999999914
1.5499999999999998,2.67,1.0,2.5299999999999923
1.5499999999999998,2.67,1.02,2.6099999999999923
1.5499999999999998,2.67,1.04,2.849999999999993
1.5499999999999998,2.67,1.06,3.249999999999994
1.5499999999999998,2.67,1.08,3.8099999999999943
1.5499999999999998,2.67,1.1,4.529999999999996
1.5499999999999998,2.6799999999999997,0.9,5.279999999999973
1.5499999999999998,2.6799999999999997,0.92,4.559999999999973
1.5499999999999998,2.6799999999999997,0.9400000000000001,3.9999999999999725
1.5499999999999998,2.6799999999999997,0.9600000000000001,3.599999999999973
1.5499999999999998,2.6799999999999997,0.9800000000000001,3.3599999999999732
1.5499999999999998,2.6799999999999997,1.0,3.279999999999974
1.5499999999999998,2.6799999999999997,1.02,3.359999999999974
1.5499999999999998,2.6799999999999997,1.04,3.5999999999999748
1.5499999999999998,2.6799999999999997,1.06,3.999999999999975
1.5499999999999998,2.6799999999999997,1.08,4.5599999999999765
1.5499999999999998,2.6799999999999997,1.1,5.279999999999978
1.5499999999999998,2.69,0.9,6.12999999999999
1.5499999999999998,2.69,0.92,5.4099999999999895
1.5499999999999998,2.69,0.9400000000000001,4.84999999999999
1.5499999999999998,2.69,0.9600000000000001,4.4499999999999895
1.5499999999999998,2.69,0.9800000000000001,4.20999999999999
1.5499999999999998,2.69,1.0,4.129999999999991
1.5499999999999998,2.69,1.02,4.209999999999991
1.5499999999999998,2.69,1.04,4.449999999999991
1.5499999999999998,2.69,1.06,4.8499999999999925
1.5499999999999998,2.69,1.08,5.409999999999993
1.5499999999999998,2.69,1.1,6.129999999999995
1.5499999999999998,2.6999999999999997,0.9,7.079999999999967
1.5499999999999998,2.6999999999999997,0.92,6.359999999999967
1.5499999999999998,2.6999999999999997,0.9400000000000001,5.799999999999967
1.5499999999999998,2.6999999999999997,0.9600000000000001,5.399999999999967
1.5499999999999998,2.6999999999999997,0.9800000000000001,5.159999999999967
1.5499999999999998,2.6999999999999997,1.0,5.079999999999968
1.5499999999999998,2.6999999999999997,1.02,5.159999999999968
1.5499999999999998,2.6999999999999997,1.04,5.399999999999968
1.5499999999999998,2.6999999999999997,1.06,5.79999999999997
1.5499999999999998,2.6999999999999997,1.08,6.35999999999997
1.5499999999999998,2.6999999999999997,1.1,7.079999999999972
1.5499999999999998,2.71,0.9,8.129999999999988
1.5499999999999998,2.71,0.92,7.409999999999988
1.5499999999999998,2.71,0.9400000000000001,6.849999999999988
1.5499999999999998,2.71,0.9600000000000001,6.449999999999988
1.5499999999999998,2.71,0.9800000000000001,6.209999999999988
1.5499999999999998,2.71,1.0,6.129999999999989
1.5499999999999998,2.71,1.02,6.209999999999989
1.5499999999999998,2.71,1.04,6.4499999999999895
1.5499999999999998,2.71,1.06,6.849999999999991
1.5499999999999998,2.71,1.08,7.409999999999991
1.5499999999999998,2.71,1.1,8.129999999999992
1.5499999999999998,2.7199999999999998,0.9,9.279999999999962
1.5499999999999998,2.7199999999999998,0.92,8.559999999999963
1.5499999999999998,2.7199999999999998,0.9400000000000001,7.999999999999963
1.5499999999999998,2.7199999999999998,0.9600000000000001,7.599999999999962
1.5499999999999998,2.7199999999999998,0.9800000000000001,7.359999999999963
1.5499999999999998,2.7199999999999998,1.0,7.279999999999964
1.5499999999999998,2.7199999999999998,1.02,7.359999999999964
1.5499999999999998,2.7199999999999998,1.04,7.599999999999964
1.5499999999999998,2.7199999999999998,1.06,7.999999999999965
1.5499999999999998,2.7199999999999998,1.08,8.559999999999967
1.5499999999999998,2.7199999999999998,1.1,9.279999999999967
1.5499999999999998,2.73,0.9,10.529999999999987
1.5499999999999998,2.73,0.92,9.809999999999988
1.5499999999999998,2.73,0.9400000000000001,9.249999999999988
1.5499999999999998,2.73,0.9600000000000001,8.849999999999987
1.5499999999999998,2.73,0.9800000000000001,8.609999999999989
1.5499999999999998,2.73,1.0,8.529999999999989
1.5499999999999998,2.73,1.02,8.609999999999989
1.5499999999999998,2.73,1.04,8.849999999999989
1.5499999999999998,2.73,1.06,9.24999999999999
1.5499999999999998,2.73,1.08,9.809999999999992
1.5499999999999998,2.73,1.1,10.529999999999992
1.5499999999999998,2.7399999999999998,0.9,11.879999999999956
1.5499999999999998,2.7399999999999998,0.92,11.159999999999958
1.5499999999999998,2.7399999999999998,0.9400000000000001,10.599999999999957
1.5499999999999998,2.7399999999999998,0.9600000000000001,10.199999999999957
1.5499999999999998,2.7399999999999998,0.9800000000000001,9.959999999999958
1.5499999999999998,2.7399999999999998,1.0,9.879999999999958
1.5499999999999998,2.7399999999999998,1.02,9.959999999999958
1.5499999999999998,2.7399999999999998,1.04,10.199999999999958
1.5499999999999998,2.7399999999999998,1.06,10.599999999999959
1.5499999999999998,2.7399999999999998,1.08,11.159999999999961
1.5499999999999998,2.7399999999999998,1.1,11.879999999999962
1.5499999999999998,2.75,0.9,13.329999999999991
1.5499999999999998,2.75,0.92,12.60999999999999
1.5499999999999998,2.75,0.9400000000000001,12.04999999999999
1.5499999999999998,2.75,0.9600000000000001,11.64999999999999
1.5499999999999998,2.75,0.9800000000000001,11.409999999999991
1.5499999999999998,2.75,1.0,11.329999999999991
1.5499999999999998,2.75,1.02,11.409999999999991
1.5499999999999998,2.75,1.04,11.649999999999991
1.5499999999999998,2.75,1.06,12.049999999999992
1.5499999999999998,2.75,1.08,12.609999999999994
1.5499999999999998,2.75,1.1,13.329999999999995
1.5499999999999998,2.76,0.9,14.879999999999956
1.5499999999999998,2.76,0.92,14.159999999999956
1.5499999999999998,2.76,0.9400000000000001,13.599999999999955
1.5499999999999998,2.76,0.9600000000000001,13.199999999999955
1.5499999999999998,2.76,0.9800000000000001,12.959999999999956
1.5499999999999998,2.76,1.0,12.879999999999956
1.5499999999999998,2.76,1.02,12.959999999999956
1.5499999999999998,2.76,1.04,13.199999999999957
1.5499999999999998,2.76,1.06,13.599999999999957
1.5499999999999998,2.76,1.08,14.15999999999996
1.5499999999999998,2.76,1.1,14.87999999999996
1.5499999999999998,2.77,0.9,16.52999999999999
1.5499999999999998,2.77,0.92,15.80999999999999
1.5499999999999998,2.77,0.9400000000000001,15.24999999999999
1.5499999999999998,2.77,0.9600000000000001,14.849999999999989
1.5499999999999998,2.77,0.9800000000000001,14.60999999999999
1.5499999999999998,2.77,1.0,14.52999999999999
1.5499999999999998,2.77,1.02,14.60999999999999
1.5499999999999998,2.77,1.04,14.84999999999999
1.5499999999999998,2.77,1.06,15.249999999999991
1.5499999999999998,2.77,1.08,15.809999999999993
1.5499999999999998,2.77,1.1,16.529999999999994
1.5499999999999998,2.78,0.9,18.279999999999955
1.5499999999999998,2.78,0.92,17.559999999999953
1.5499999999999998,2.78,0.9400000000000001,16.999999999999954
1.5499999999999998,2.78,0.9600000000000001,16.599999999999955
1.5499999999999998,2.78,0.9800000000000001,16.359999999999953
1.5499999999999998,2.78,1.0,16.279999999999955
1.5499999999999998,2.78,1.02,16.359999999999957
1.5499999999999998,2.78,1.04,16.599999999999955
1.5499999999999998,2.78,1.06,16.999999999999957
1.5499999999999998,2.78,1.08,17.559999999999956
1.5499999999999998,2.78,1.1,18.27999999999996
1.5499999999999998,2.79,0.9,20.129999999999995
1.5499999999999998,2.79,0.92,19.409999999999993
1.5499999999999998,2.79,0.9400000000000001,18.849999999999994
1.5499999999999998,2.79,0.9600000000000001,18.449999999999996
1.5499999999999998,2.79,0.9800000000000001,18.209999999999994
1.5499999999999998,2.79,1.0,18.129999999999995
1.5499999999999998,2.79,1.02,18.209999999999997
1.5499999999999998,2.79,1.04,18.449999999999996
1.5499999999999998,2.79,1.06,18.849999999999998
1.5499999999999998,2.79,1.08,19.409999999999997
1.5499999999999998,2.79,1.1,20.13
1.5499999999999998,2.8,0.9,22.079999999999952
1.5499999999999998,2.8,0.92,21.35999999999995
1.5499999999999998,2.8,0.9400000000000001,20.79999999999995
1.5499999999999998,2.8,0.9600000000000001,20.399999999999952
1.5499999999999998,2.8,0.9800000000000001,20.15999999999995
1.5499999999999998,2.8,1.0,20.079999999999952
1.5499999999999998,2.8,1.02,20.159999999999954
1.5499999999999998,2.8,1.04,20.399999999999952
1.5499999999999998,2.8,1.06,20.799999999999955
1.5499999999999998,2.8,1.08,21.359999999999953
1.5499999999999998,2.8,1.1,22.079999999999956
1.56,2.4,0.9,22.000000000000036
1.56,2.4,0.92,21.280000000000033
1.56,2.4,0.9400000000000001,20.720000000000034
1.56,2.4,0.9600000000000001,20.320000000000036
1.56,2.4,0.9800000000000001,20.080000000000034
1.56,2.4,1.0,20.000000000000036
1.56,2.4,1.02,20.080000000000037
1.56,2.4,1.04,20.320000000000036
1.56,2.4,1.06,20.720000000000038
1.56,2.4,1.08,21.280000000000037
1.56,2.4,1.1,22.00000000000004
1.56,2.4099999999999997,0.9,20.05000000000007
1.56,2.4099999999999997,0.92,19.33000000000007
1.56,2.4099999999999997,0.9400000000000001,18.77000000000007
1.56,2.4099999999999997,0.9600000000000001,18.370000000000072
1.56,2.4099999999999997,0.9800000000000001,18.13000000000007
1.56,2.4099999999999997,1.0,18.05000000000007
1.56,2.4099999999999997,1.02,18.130000000000074
1.56,2.4099999999999997,1.04,18.370000000000072
1.56,2.4099999999999997,1.06,18.770000000000074
1.56,2.4099999999999997,1.08,19.330000000000073
1.56,2.4099999999999997,1.1,20.050000000000075
1.56,2.42,0.9,18.20000000000003
1.56,2.42,0.92,17.48000000000003
1.56,2.42,0.9400000000000001,16.92000000000003
1.56,2.42,0.9600000000000001,16.52000000000003
1.56,2.42,0.9800000000000001,16.28000000000003
1.56,2.42,1.0,16.20000000000003
1.56,2.42,1.02,16.280000000000033
1.56,2.42,1.04,16.52000000000003
1.56,2.42,1.06,16.920000000000034
1.56,2.42,1.08,17.480000000000032
1.56,2.42,1.1,18.200000000000035
1.56,2.4299999999999997,0.9,16.450000000000063
1.56,2.4299999999999997,0.92,15.730000000000063
1.56,2.4299999999999997,0.9400000000000001,15.170000000000062
1.56,2.4299999999999997,0.9600000000000001,14.770000000000062
1.56,2.4299999999999997,0.9800000000000001,14.530000000000063
1.56,2.4299999999999997,1.0,14.450000000000063
1.56,2.4299999999999997,1.02,14.530000000000063
1.56,2.4299999999999997,1.04,14.770000000000064
1.56,2.4299999999999997,1.06,15.170000000000064
1.56,2.4299999999999997,1.08,15.730000000000066
1.56,2.4299999999999997,1.1,16.450000000000067
1.56,2.44,0.9,14.800000000000022
1.56,2.44,0.92,14.080000000000023
1.56,2.44,0.9400000000000001,13.520000000000023
1.56,2.44,0.9600000000000001,13.120000000000022
1.56,2.44,0.9800000000000001,12.880000000000024
1.56,2.44,1.0,12.800000000000024
1.56,2.44,1.02,12.880000000000024
1.56,2.44,1.04,13.120000000000024
1.56,2.44,1.06,13.520000000000024
1.56,2.44,1.08,14.080000000000027
1.56,2.44,1.1,14.800000000000027
1.56,2.4499999999999997,0.9,13.250000000000053
1.56,2.4499999999999997,0.92,12.530000000000053
1.56,2.4499999999999997,0.9400000000000001,11.970000000000052
1.56,2.4499999999999997,0.9600000000000001,11.570000000000052
1.56,2.4499999999999997,0.9800000000000001,11.330000000000053
1.56,2.4499999999999997,1.0,11.250000000000053
1.56,2.4499999999999997,1.02,11.330000000000053
1.56,2.4499999999999997,1.04,11.570000000000054
1.56,2.4499999999999997,1.06,11.970000000000054
1.56,2.4499999999999997,1.08,12.530000000000056
1.56,2.4499999999999997,1.1,13.250000000000057
1.56,2.46,0.9,11.800000000000015
1.56,2.46,0.92,11.080000000000016
1.56,2.46,0.9400000000000001,10.520000000000016
1.56,2.46,0.9600000000000001,10.120000000000015
1.56,2.46,0.9800000000000001,9.880000000000017
1.56,2.46,1.0,9.800000000000017
1.56,2.46,1.02,9.880000000000017
1.56,2.46,1.04,10.120000000000017
1.56,2.46,1.06,10.520000000000017
1.56,2.46,1.08,11.08000000000002
1.56,2.46,1.1,11.80000000000002
1.56,2.4699999999999998,0.9,10.450000000000042
1.56,2.4699999999999998,0.92,9.730000000000043
1.56,2.4699999999999998,0.9400000000000001,9.170000000000043
1.56,2.4699999999999998,0.9600000000000001,8.770000000000042
1.56,2.4699999999999998,0.9800000000000001,8.530000000000044
1.56,2.4699999999999998,1.0,8.450000000000044
1.56,2.4699999999999998,1.02,8.530000000000044
1.56,2.4699999999999998,1.04,8.770000000000044
1.56,2.4699999999999998,1.06,9.170000000000044
1.56,2.4699999999999998,1.08,9.730000000000047
1.56,2.4699999999999998,1.1,10.450000000000047
1.56,2.48,0.9,9.200000000000012
1.56,2.48,0.92,8.480000000000011
1.56,2.48,0.9400000000000001,7.9200000000000115
1.56,2.48,0.9600000000000001,7.520000000000011
1.56,2.48,0.9800000000000001,7.280000000000012
1.56,2.48,1.0,7.200000000000013
1.56,2.48,1.02,7.280000000000013
1.56,2.48,1.04,7.520000000000013
1.56,2.48,1.06,7.920000000000014
1.56,2.48,1.08,8.480000000000015
1.56,2.48,1.1,9.200000000000017
1.56,2.4899999999999998,0.9,8.050000000000034
1.56,2.4899999999999998,0.92,7.330000000000034
1.56,2.4899999999999998,0.9400000000000001,6.770000000000034
1.56,2.4899999999999998,0.9600000000000001,6.370000000000034
1.56,2.4899999999999998,0.9800000000000001,6.1300000000000345
1.56,2.4899999999999998,1.0,6.050000000000035
1.56,2.4899999999999998,1.02,6.130000000000035
1.56,2.4899999999999998,1.04,6.370000000000036
1.56,2.4899999999999998,1.06,6.770000000000037
1.56,2.4899999999999998,1.08,7.330000000000037
1.56,2.4899999999999998,1.1,8.05000000000004
1.56,2.5,0.9,7.000000000000008
1.56,2.5,0.92,6.280000000000007
1.56,2.5,0.9400000000000001,5.720000000000008
1.56,2.5,0.9600000000000001,5.320000000000007
1.56,2.5,0.9800000000000001,5.080000000000008
1.56,2.5,1.0,5.000000000000009
1.56,2.5,1.02,5.080000000000009
1.56,2.5,1.04,5.320000000000009
1.56,2.5,1.06,5.72000000000001
1.56,2.5,1.08,6.280000000000011
1.56,2.5,1.1,7.000000000000012
1.56,2.51,0.9,6.0500000000000265
1.56,2.51,0.92,5.330000000000026
1.56,2.51,0.9400000000000001,4.770000000000026
1.56,2.51,0.9600000000000001,4.370000000000026
1.56,2.51,0.9800000000000001,4.1300000000000265
1.56,2.51,1.0,4.050000000000027
1.56,2.51,1.02,4.130000000000027
1.56,2.51,1.04,4.370000000000028
1.56,2.51,1.06,4.770000000000029
1.56,2.51,1.08,5.330000000000029
1.56,2.51,1.1,6.050000000000031
1.56,2.52,0.9,5.200000000000005
1.56,2.52,0.92,4.480000000000005
1.56,2.52,0.9400000000000001,3.9200000000000044
1.56,2.52,0.9600000000000001,3.520000000000005
1.56,2.52,0.9800000000000001,3.280000000000005
1.56,2.52,1.0,3.200000000000006
1.56,2.52,1.02,3.280000000000006
1.56,2.52,1.04,3.5200000000000067
1.56,2.52,1.06,3.920000000000007
1.56,2.52,1.08,4.480000000000008
1.56,2.52,1.1,5.20000000000001
1.56,2.53,0.9,4.450000000000019
1.56,2.53,0.92,3.730000000000018
1.56,2.53,0.9400000000000001,3.1700000000000186
1.56,2.53,0.9600000000000001,2.7700000000000187
1.56,2.53,0.9800000000000001,2.530000000000019
1.56,2.53,1.0,2.4500000000000197
1.56,2.53,1.02,2.53000000000002
1.56,2.53,1.04,2.7700000000000204
1.56,2.53,1.06,3.1700000000000212
1.56,2.53,1.08,3.7300000000000217
1.56,2.53,1.1,4.450000000000023
1.56,2.54,0.9,3.8000000000000025
1.56,2.54,0.92,3.080000000000002
1.56,2.54,0.9400000000000001,2.520000000000002
1.56,2.54,0.9600000000000001,2.120000000000002
1.56,2.54,0.9800000000000001,1.8800000000000023
1.56,2.54,1.0,1.8000000000000032
1.56,2.54,1.02,1.8800000000000032
1.56,2.54,1.04,2.1200000000000037
1.56,2.54,1.06,2.5200000000000045
1.56,2.54,1.08,3.0800000000000054
1.56,2.54,1.1,3.800000000000007
1.56,2.55,0.9,3.2500000000000124
1.56,2.55,0.92,2.530000000000012
1.56,2.55,0.9400000000000001,1.970000000000012
1.56,2.55,0.9600000000000001,1.570000000000012
1.56,2.55,0.9800000000000001,1.3300000000000125
1.56,2.55,1.0,1.2500000000000133
1.56,2.55,1.02,1.3300000000000134
1.56,2.55,1.04,1.5700000000000138
1.56,2.55,1.06,1.9700000000000146
1.56,2.55,1.08,2.5300000000000153
1.56,2.55,1.1,3.250000000000017
1.56,2.56,0.9,2.8000000000000007
1.56,2.56,0.92,2.08
1.56,2.56,0.9400000000000001,1.52
1.56,2.56,0.9600000000000001,1.1200000000000003
1.56,2.56,0.9800000000000001,0.8800000000000008
1.56,2.56,1.0,0.8000000000000015
1.56,2.56,1.02,0.8800000000000017
1.56,2.56,1.04,1.120000000000002
1.56,2.56,1.06,1.5200000000000027
1.56,2.56,1.08,2.0800000000000036
1.56,2.56,1.1,2.800000000000005
1.56,2.57,0.9,2.4500000000000064
1.56,2.57,0.92,1.7300000000000062
1.56,2.57,0.9400000000000001,1.1700000000000061
1.56,2.57,0.9600000000000001,0.7700000000000062
1.56,2.57,0.9800000000000001,0.5300000000000067
1.56,2.57,1.0,0.45000000000000745
1.56,2.57,1.02,0.5300000000000076
1.56,2.57,1.04,0.770000000000008
1.56,2.57,1.06,1.1700000000000088
1.56,2.57,1.08,1.7300000000000098
1.56,2.57,1.1,2.450000000000011
1.56,2.58,0.9,2.1999999999999993
1.56,2.58,0.92,1.479999999999999
1.56,2.58,0.9400000000000001,0.919999999999999
1.56,2.58,0.9600000000000001,0.5199999999999991
1.56,2.58,0.9800000000000001,0.27999999999999964
1.56,2.58,1.0,0.20000000000000037
1.56,2.58,1.02,0.2800000000000005
1.56,2.58,1.04,0.5200000000000009
1.56,2.58,1.06,0.9200000000000017
1.56,2.58,1.08,1.4800000000000026
1.56,2.58,1.1,2.2000000000000037
1.56,2.59,0.9,2.0500000000000016
1.56,2.59,0.92,1.330000000000001
1.56,2.59,0.9400000000000001,0.7700000000000009
1.56,2.59,0.9600000000000001,0.3700000000000011
1.56,2.59,0.9800000000000001,0.13000000000000156
1.56,2.59,1.0,0.050000000000002306
1.56,2.59,1.02,0.13000000000000245
1.56,2.59,1.04,0.3700000000000029
1.56,2.59,1.06,0.7700000000000036
1.56,2.59,1.08,1.3300000000000045
1.56,2.59,1.1,2.050000000000006
1.56,2.5999999999999996,0.9,1.9999999999999991
1.56,2.5999999999999996,0.92,1.2799999999999987
1.56,2.5999999999999996,0.9400000000000001,0.7199999999999986
1.56,2.5999999999999996,0.9600000000000001,0.3199999999999988
1.56,2.5999999999999996,0.9800000000000001,0.07999999999999925
1.56,2.5999999999999996,1.0,9.860761315262648e-29
1.56,2.5999999999999996,1.02,0.08000000000000014
1.56,2.5999999999999996,1.04,0.32000000000000056
1.56,2.5999999999999996,1.06,0.7200000000000013
1.56,2.5999999999999996,1.08,1.2800000000000022
1.56,2.5999999999999996,1.1,2.0000000000000036
1.56,2.61,0.9,2.049999999999997
1.56,2.61,0.92,1.3299999999999965
1.56,2.61,0.9400000000000001,0.7699999999999965
1.56,2.61,0.9600000000000001,0.36999999999999666
1.56,2.61,0.9800000000000001,0.12999999999999712
1.56,2.61,1.0,0.049999999999997866
1.56,2.61,1.02,0.129999999999998
1.56,2.61,1.04,0.36999999999999844
1.56,2.61,1.06,0.7699999999999991
1.56,2.61,1.08,1.33
1.56,2.61,1.1,2.0500000000000016
1.56,2.62,0.9,2.1999999999999993
1.56,2.62,0.92,1.479999999999999
1.56,2.62,0.9400000000000001,0.919999999999999
1.56,2.62,0.9600000000000001,0.5199999999999991
1.56,2.62,0.9800000000000001,0.27999999999999964
1.56,2.62,1.0,0.20000000000000037
1.56,2.62,1.02,0.2800000000000005
1.56,2.62,1.04,0.5200000000000009
1.56,2.62,1.06,0.9200000000000017
1.56,2.62,1.08,1.4800000000000026
1.56,2.62,1.1,2.2000000000000037
1.56,2.63,0.9,2.449999999999993
1.56,2.63,0.92,1.7299999999999929
1.56,2.63,0.9400000000000001,1.1699999999999928
1.56,2.63,0.9600000000000001,0.7699999999999929
1.56,2.63,0.9800000000000001,0.5299999999999934
1.56,2.63,1.0,0.4499999999999941
1.56,2.63,1.02,0.5299999999999943
1.56,2.63,1.04,0.7699999999999947
1.56,2.63,1.06,1.1699999999999955
1.56,2.63,1.08,1.7299999999999964
1.56,2.63,1.1,2.4499999999999975
1.56,2.6399999999999997,0.9,2.799999999999983
1.56,2.6399999999999997,0.92,2.0799999999999823
1.56,2.6399999999999997,0.9400000000000001,1.5199999999999823
1.56,2.6399999999999997,0.9600000000000001,1.1199999999999823
1.56,2.6399999999999997,0.9800000000000001,0.8799999999999829
1.56,2.6399999999999997,1.0,0.7999999999999836
1.56,2.6399999999999997,1.02,0.8799999999999838
1.56,2.6399999999999997,1.04,1.1199999999999841
1.56,2.6399999999999997,1.06,1.519999999999985
1.56,2.6399999999999997,1.08,2.079999999999986
1.56,2.6399999999999997,1.1,2.7999999999999874
1.56,2.65,0.9,3.2499999999999902
1.56,2.65,0.92,2.5299999999999896
1.56,2.65,0.9400000000000001,1.9699999999999898
1.56,2.65,0.9600000000000001,1.5699999999999898
1.56,2.65,0.9800000000000001,1.3299999999999903
1.56,2.65,1.0,1.2499999999999911
1.56,2.65,1.02,1.3299999999999912
1.56,2.65,1.04,1.5699999999999916
1.56,2.65,1.06,1.9699999999999924
1.56,2.65,1.08,2.529999999999993
1.56,2.65,1.1,3.2499999999999947
1.56,2.6599999999999997,0.9,3.799999999999976
1.56,2.6599999999999997,0.92,3.079999999999975
1.56,2.6599999999999997,0.9400000000000001,2.519999999999975
1.56,2.6599999999999997,0.9600000000000001,2.1199999999999752
1.56,2.6599999999999997,0.9800000000000001,1.8799999999999757
1.56,2.6599999999999997,1.0,1.7999999999999765
1.56,2.6599999999999997,1.02,1.8799999999999766
1.56,2.6599999999999997,1.04,2.119999999999977
1.56,2.6599999999999997,1.06,2.519999999999978
1.56,2.6599999999999997,1.08,3.0799999999999788
1.56,2.6599999999999997,1.1,3.7999999999999803
1.56,2.67,0.9,4.449999999999988
1.56,2.67,0.92,3.729999999999987
1.56,2.67,0.9400000000000001,3.1699999999999875
1.56,2.67,0.9600000000000001,2.7699999999999876
1.56,2.67,0.9800000000000001,2.529999999999988
1.56,2.67,1.0,2.4499999999999886
1.56,2.67,1.02,2.5299999999999887
1.56,2.67,1.04,2.7699999999999894
1.56,2.67,1.06,3.16999999999999
1.56,2.67,1.08,3.7299999999999907
1.56,2.67,1.1,4.449999999999992
1.56,2.6799999999999997,0.9,5.199999999999969
1.56,2.6799999999999997,0.92,4.479999999999969
1.56,2.6799999999999997,0.9400000000000001,3.919999999999969
1.56,2.6799999999999997,0.9600000000000001,3.5199999999999694
1.56,2.6799999999999997,0.9800000000000001,3.2799999999999696
1.56,2.6799999999999997,1.0,3.1999999999999704
1.56,2.6799999999999997,1.02,3.2799999999999705
1.56,2.6799999999999997,1.04,3.519999999999971
1.56,2.6799999999999997,1.06,3.9199999999999715
1.56,2.6799999999999997,1.08,4.479999999999973
1.56,2.6799999999999997,1.1,5.199999999999974
1.56,2.69,0.9,6.0499999999999865
1.56,2.69,0.92,5.329999999999986
1.56,2.69,0.9400000000000001,4.769999999999986
1.56,2.69,0.9600000000000001,4.369999999999986
1.56,2.69,0.9800000000000001,4.129999999999987
1.56,2.69,1.0,4.049999999999987
1.56,2.69,1.02,4.1299999999999875
1.56,2.69,1.04,4.369999999999988
1.56,2.69,1.06,4.769999999999989
1.56,2.69,1.08,5.329999999999989
1.56,2.69,1.1,6.049999999999991
1.56,2.6999999999999997,0.9,6.999999999999964
1.56,2.6999999999999997,0.92,6.279999999999963
1.56,2.6999999999999997,0.9400000000000001,5.719999999999963
1.56,2.6999999999999997,0.9600000000000001,5.319999999999963
1.56,2.6999999999999997,0.9800000000000001,5.079999999999964
1.56,2.6999999999999997,1.0,4.9999999999999645
1.56,2.6999999999999997,1.02,5.0799999999999645
1.56,2.6999999999999997,1.04,5.319999999999965
1.56,2.6999999999999997,1.06,5.719999999999966
1.56,2.6999999999999997,1.08,6.2799999999999665
1.56,2.6999999999999997,1.1,6.999999999999968
1.56,2.71,0.9,8.049999999999985
1.56,2.71,0.92,7.329999999999984
1.56,2.71,0.9400000000000001,6.7699999999999845
1.56,2.71,0.9600000000000001,6.369999999999984
1.56,2.71,0.9800000000000001,6.129999999999985
1.56,2.71,1.0,6.049999999999986
1.56,2.71,1.02,6.129999999999986
1.56,2.71,1.04,6.369999999999986
1.56,2.71,1.06,6.769999999999987
1.56,2.71,1.08,7.329999999999988
1.56,2.71,1.1,8.04999999999999
1.56,2.7199999999999998,0.9,9.19999999999996
1.56,2.7199999999999998,0.92,8.47999999999996
1.56,2.7199999999999998,0.9400000000000001,7.919999999999959
1.56,2.7199999999999998,0.9600000000000001,7.519999999999959
1.56,2.7199999999999998,0.9800000000000001,7.279999999999959
1.56,2.7199999999999998,1.0,7.19999999999996
1.56,2.7199999999999998,1.02,7.27999999999996
1.56,2.7199999999999998,1.04,7.5199999999999605
1.56,2.7199999999999998,1.06,7.919999999999962
1.56,2.7199999999999998,1.08,8.479999999999963
1.56,2.7199999999999998,1.1,9.199999999999964
1.56,2.73,0.9,10.449999999999985
1.56,2.73,0.92,9.729999999999984
1.56,2.73,0.9400000000000001,9.169999999999984
1.56,2.73,0.9600000000000001,8.769999999999984
1.56,2.73,0.9800000000000001,8.529999999999985
1.56,2.73,1.0,8.449999999999985
1.56,2.73,1.02,8.529999999999985
1.56,2.73,1.04,8.769999999999985
1.56,2.73,1.06,9.169999999999986
1.56,2.73,1.08,9.729999999999988
1.56,2.73,1.1,10.449999999999989
1.56,2.7399999999999998,0.9,11.799999999999955
1.56,2.7399999999999998,0.92,11.079999999999954
1.56,2.7399999999999998,0.9400000000000001,10.519999999999953
1.56,2.7399999999999998,0.9600000000000001,10.119999999999953
1.56,2.7399999999999998,0.9800000000000001,9.879999999999955
1.56,2.7399999999999998,1.0,9.799999999999955
1.56,2.7399999999999998,1.02,9.879999999999955
1.56,2.7399999999999998,1.04,10.119999999999955
1.56,2.7399999999999998,1.06,10.519999999999955
1.56,2.7399999999999998,1.08,11.079999999999957
1.56,2.7399999999999998,1.1,11.799999999999958
1.56,2.75,0.9,13.249999999999986
1.56,2.75,0.92,12.529999999999987
1.56,2.75,0.9400000000000001,11.969999999999986
1.56,2.75,0.9600000000000001,11.569999999999986
1.56,2.75,0.9800000000000001,11.329999999999988
1.56,2.75,1.0,11.249999999999988
1.56,2.75,1.02,11.329999999999988
1.56,2.75,1.04,11.569999999999988
1.56,2.75,1.06,11.969999999999988
1.56,2.75,1.08,12.52999999999999
1.56,2.75,1.1,13.249999999999991
1.56,2.76,0.9,14.799999999999951
1.56,2.76,0.92,14.079999999999952
1.56,2.76,0.9400000000000001,13.519999999999952
1.56,2.76,0.9600000000000001,13.119999999999951
1.56,2.76,0.9800000000000001,12.879999999999953
1.56,2.76,1.0,12.799999999999953
1.56,2.76,1.02,12.879999999999953
1.56,2.76,1.04,13.119999999999953
1.56,2.76,1.06,13.519999999999953
1.56,2.76,1.08,14.079999999999956
1.56,2.76,1.1,14.799999999999956
1.56,2.77,0.9,16.449999999999985
1.56,2.77,0.92,15.729999999999986
1.56,2.77,0.9400000000000001,15.169999999999986
1.56,2.77,0.9600000000000001,14.769999999999985
1.56,2.77,0.9800000000000001,14.529999999999987
1.56,2.77,1.0,14.449999999999987
1.56,2.77,1.02,14.529999999999987
1.56,2.77,1.04,14.769999999999987
1.56,2.77,1.06,15.169999999999987
1.56,2.77,1.08,15.72999999999999
1.56,2.77,1.1,16.44999999999999
1.56,2.78,0.9,18.19999999999995
1.56,2.78,0.92,17.479999999999947
1.56,2.78,0.9400000000000001,16.91999999999995
1.56,2.78,0.9600000000000001,16.51999999999995
1.56,2.78,0.9800000000000001,16.279999999999948
1.56,2.78,1.0,16.19999999999995
1.56,2.78,1.02,16.27999999999995
1.56,2.78,1.04,16.51999999999995
1.56,2.78,1.06,16.919999999999952
1.56,2.78,1.08,17.47999999999995
1.56,2.78,1.1,18.199999999999953
1.56,2.79,0.9,20.04999999999999
1.56,2.79,0.92,19.329999999999988
1.56,2.79,0.9400000000000001,18.76999999999999
1.56,2.79,0.9600000000000001,18.36999999999999
1.56,2.79,0.9800000000000001,18.12999999999999
1.56,2.79,1.0,18.04999999999999
1.56,2.79,1.02,18.129999999999992
1.56,2.79,1.04,18.36999999999999
1.56,2.79,1.06,18.769999999999992
1.56,2.79,1.08,19.32999999999999
1.56,2.79,1.1,20.049999999999994
1.56,2.8,0.9,21.999999999999947
1.56,2.8,0.92,21.279999999999944
1.56,2.8,0.9400000000000001,20.719999999999946
1.56,2.8,0.9600000000000001,20.319999999999947
1.56,2.8,0.9800000000000001,20.079999999999945
1.56,2.8,1.0,19.999999999999947
1.56,2.8,1.02,20.07999999999995
1.56,2.8,1.04,20.319999999999947
1.56,2.8,1.06,20.71999999999995
1.56,2.8,1.08,21.279999999999948
1.56,2.8,1.1,21.99999999999995
1.5699999999999998,2.4,0.9,22.080000000000034
1.5699999999999998,2.4,0.92,21.36000000000003
1.5699999999999998,2.4,0.9400000000000001,20.800000000000033
1.5699999999999998,2.4,0.9600000000000001,20.400000000000034
1.5699999999999998,2.4,0.9800000000000001,20.160000000000032
1.5699999999999998,2.4,1.0,20.080000000000034
1.5699999999999998,2.4,1.02,20.160000000000036
1.5699999999999998,2.4,1.04,20.400000000000034
1.5699999999999998,2.4,1.06,20.800000000000036
1.5699999999999998,2.4,1.08,21.360000000000035
1.5699999999999998,2.4,1.1,22.080000000000037
1.5699999999999998,2.4099999999999997,0.9,20.13000000000007
1.5699999999999998,2.4099999999999997,0.92,19.410000000000068
1.5699999999999998,2.4099999999999997,0.9400000000000001,18.85000000000007
1.5699999999999998,2.4099999999999997,0.9600000000000001,18.45000000000007
1.5699999999999998,2.4099999999999997,0.9800000000000001,18.21000000000007
1.5699999999999998,2.4099999999999997,1.0,18.13000000000007
1.5699999999999998,2.4099999999999997,1.02,18.210000000000072
1.5699999999999998,2.4099999999999997,1.04,18.45000000000007
1.5699999999999998,2.4099999999999997,1.06,18.850000000000072
1.5699999999999998,2.4099999999999997,1.08,19.41000000000007
1.5699999999999998,2.4099999999999997,1.1,20.130000000000074
1.5699999999999998,2.42,0.9,18.28000000000003
1.5699999999999998,2.42,0.92,17.560000000000027
1.5699999999999998,2.42,0.9400000000000001,17.00000000000003
1.5699999999999998,2.42,0.9600000000000001,16.60000000000003
1.5699999999999998,2.42,0.9800000000000001,16.360000000000028
1.5699999999999998,2.42,1.0,16.28000000000003
1.5699999999999998,2.42,1.02,16.36000000000003
1.5699999999999998,2.42,1.04,16.60000000000003
1.5699999999999998,2.42,1.06,17.000000000000032
1.5699999999999998,2.42,1.08,17.56000000000003
1.5699999999999998,2.42,1.1,18.280000000000033
1.5699999999999998,2.4299999999999997,0.9,16.530000000000058
1.5699999999999998,2.4299999999999997,0.92,15.81000000000006
1.5699999999999998,2.4299999999999997,0.9400000000000001,15.250000000000059
1.5699999999999998,2.4299999999999997,0.9600000000000001,14.850000000000058
1.5699999999999998,2.4299999999999997,0.9800000000000001,14.61000000000006
1.5699999999999998,2.4299999999999997,1.0,14.53000000000006
1.5699999999999998,2.4299999999999997,1.02,14.61000000000006
1.5699999999999998,2.4299999999999997,1.04,14.85000000000006
1.5699999999999998,2.4299999999999997,1.06,15.25000000000006
1.5699999999999998,2.4299999999999997,1.08,15.810000000000063
1.5699999999999998,2.4299999999999997,1.1,16.530000000000065
1.5699999999999998,2.44,0.9,14.88000000000002
1.5699999999999998,2.44,0.92,14.16000000000002
1.5699999999999998,2.44,0.9400000000000001,13.60000000000002
1.5699999999999998,2.44,0.9600000000000001,13.200000000000019
1.5699999999999998,2.44,0.9800000000000001,12.96000000000002
1.5699999999999998,2.44,1.0,12.88000000000002
1.5699999999999998,2.44,1.02,12.96000000000002
1.5699999999999998,2.44,1.04,13.20000000000002
1.5699999999999998,2.44,1.06,13.600000000000021
1.5699999999999998,2.44,1.08,14.160000000000023
1.5699999999999998,2.44,1.1,14.880000000000024
1.5699999999999998,2.4499999999999997,0.9,13.330000000000048
1.5699999999999998,2.4499999999999997,0.92,12.61000000000005
1.5699999999999998,2.4499999999999997,0.9400000000000001,12.050000000000049
1.5699999999999998,2.4499999999999997,0.9600000000000001,11.650000000000048
1.5699999999999998,2.4499999999999997,0.9800000000000001,11.41000000000005
1.5699999999999998,2.4499999999999997,1.0,11.33000000000005
1.5699999999999998,2.4499999999999997,1.02,11.41000000000005
1.5699999999999998,2.4499999999999997,1.04,11.65000000000005
1.5699999999999998,2.4499999999999997,1.06,12.05000000000005
1.5699999999999998,2.4499999999999997,1.08,12.610000000000053
1.5699999999999998,2.4499999999999997,1.1,13.330000000000053
1.5699999999999998,2.46,0.9,11.880000000000013
1.5699999999999998,2.46,0.92,11.160000000000013
1.5699999999999998,2.46,0.9400000000000001,10.600000000000012
1.5699999999999998,2.46,0.9600000000000001,10.200000000000012
1.5699999999999998,2.46,0.9800000000000001,9.960000000000013
1.5699999999999998,2.46,1.0,9.880000000000013
1.5699999999999998,2.46,1.02,9.960000000000013
1.5699999999999998,2.46,1.04,10.200000000000014
1.5699999999999998,2.46,1.06,10.600000000000014
1.5699999999999998,2.46,1.08,11.160000000000016
1.5699999999999998,2.46,1.1,11.880000000000017
1.5699999999999998,2.4699999999999998,0.9,10.53000000000004
1.5699999999999998,2.4699999999999998,0.92,9.81000000000004
1.5699999999999998,2.4699999999999998,0.9400000000000001,9.250000000000039
1.5699999999999998,2.4699999999999998,0.9600000000000001,8.850000000000039
1.5699999999999998,2.4699999999999998,0.9800000000000001,8.61000000000004
1.5699999999999998,2.4699999999999998,1.0,8.53000000000004
1.5699999999999998,2.4699999999999998,1.02,8.61000000000004
1.5699999999999998,2.4699999999999998,1.04,8.85000000000004
1.5699999999999998,2.4699999999999998,1.06,9.25000000000004
1.5699999999999998,2.4699999999999998,1.08,9.810000000000043
1.5699999999999998,2.4699999999999998,1.1,10.530000000000044
1.5699999999999998,2.48,0.9,9.280000000000008
1.5699999999999998,2.48,0.92,8.560000000000008
1.5699999999999998,2.48,0.9400000000000001,8.000000000000007
1.5699999999999998,2.48,0.9600000000000001,7.600000000000008
1.5699999999999998,2.48,0.9800000000000001,7.360000000000008
1.5699999999999998,2.48,1.0,7.280000000000009
1.5699999999999998,2.48,1.02,7.360000000000009
1.5699999999999998,2.48,1.04,7.600000000000009
1.5699999999999998,2.48,1.06,8.00000000000001
1.5699999999999998,2.48,1.08,8.560000000000011
1.5699999999999998,2.48,1.1,9.280000000000012
1.5699999999999998,2.4899999999999998,0.9,8.130000000000031
1.5699999999999998,2.4899999999999998,0.92,7.41000000000003
1.5699999999999998,2.4899999999999998,0.9400000000000001,6.850000000000031
1.5699999999999998,2.4899999999999998,0.9600000000000001,6.45000000000003
1.5699999999999998,2.4899999999999998,0.9800000000000001,6.210000000000031
1.5699999999999998,2.4899999999999998,1.0,6.130000000000032
1.5699999999999998,2.4899999999999998,1.02,6.210000000000032
1.5699999999999998,2.4899999999999998,1.04,6.450000000000032
1.5699999999999998,2.4899999999999998,1.06,6.850000000000033
1.5699999999999998,2.4899999999999998,1.08,7.410000000000034
1.5699999999999998,2.4899999999999998,1.1,8.130000000000035
1.5699999999999998,2.5,0.9,7.0800000000000045
1.5699999999999998,2.5,0.92,6.360000000000004
1.5699999999999998,2.5,0.9400000000000001,5.800000000000004
1.5699999999999998,2.5,0.9600000000000001,5.400000000000004
1.5699999999999998,2.5,0.9800000000000001,5.160000000000005
1.5699999999999998,2.5,1.0,5.080000000000005
1.5699999999999998,2.5,1.02,5.1600000000000055
1.5699999999999998,2.5,1.04,5.400000000000006
1.5699999999999998,2.5,1.06,5.800000000000007
1.5699999999999998,2.5,1.08,6.360000000000007
1.5699999999999998,2.5,1.1,7.080000000000009
1.5699999999999998,2.51,0.9,6.130000000000023
1.5699999999999998,2.51,0.92,5.410000000000022
1.5699999999999998,2.51,0.9400000000000001,4.850000000000023
1.5699999999999998,2.51,0.9600000000000001,4.450000000000022
1.5699999999999998,2.51,0.9800000000000001,4.210000000000023
1.5699999999999998,2.51,1.0,4.130000000000024
1.5699999999999998,2.51,1.02,4.210000000000024
1.5699999999999998,2.51,1.04,4.450000000000024
1.5699999999999998,2.51,1.06,4.850000000000025
1.5699999999999998,2.51,1.08,5.410000000000026
1.5699999999999998,2.51,1.1,6.130000000000027
1.5699999999999998,2.52,0.9,5.280000000000001
1.5699999999999998,2.52,0.92,4.560000000000001
1.5699999999999998,2.52,0.9400000000000001,4.000000000000001
1.5699999999999998,2.52,0.9600000000000001,3.6000000000000014
1.5699999999999998,2.52,0.9800000000000001,3.3600000000000017
1.5699999999999998,2.52,1.0,3.2800000000000025
1.5699999999999998,2.52,1.02,3.3600000000000025
1.5699999999999998,2.52,1.04,3.600000000000003
1.5699999999999998,2.52,1.06,4.0000000000000036
1.5699999999999998,2.52,1.08,4.560000000000005
1.5699999999999998,2.52,1.1,5.2800000000000065
1.5699999999999998,2.53,0.9,4.530000000000015
1.5699999999999998,2.53,0.92,3.8100000000000147
1.5699999999999998,2.53,0.9400000000000001,3.250000000000015
1.5699999999999998,2.53,0.9600000000000001,2.850000000000015
1.5699999999999998,2.53,0.9800000000000001,2.6100000000000154
1.5699999999999998,2.53,1.0,2.5300000000000162
1.5699999999999998,2.53,1.02,2.6100000000000163
1.5699999999999998,2.53,1.04,2.850000000000017
1.5699999999999998,2.53,1.06,3.2500000000000178
1.5699999999999998,2.53,1.08,3.8100000000000183
1.5699999999999998,2.53,1.1,4.53000000000002
1.5699999999999998,2.54,0.9,3.879999999999999
1.5699999999999998,2.54,0.92,3.1599999999999984
1.5699999999999998,2.54,0.9400000000000001,2.5999999999999983
1.5699999999999998,2.54,0.9600000000000001,2.1999999999999984
1.5699999999999998,2.54,0.9800000000000001,1.9599999999999989
1.5699999999999998,2.54,1.0,1.8799999999999997
1.5699999999999998,2.54,1.02,1.9599999999999997
1.5699999999999998,2.54,1.04,2.2
1.5699999999999998,2.54,1.06,2.600000000000001
1.5699999999999998,2.54,1.08,3.160000000000002
1.5699999999999998,2.54,1.1,3.8800000000000034
1.5699999999999998,2.55,0.9,3.330000000000009
1.5699999999999998,2.55,0.92,2.6100000000000083
1.5699999999999998,2.55,0.9400000000000001,2.0500000000000087
1.5699999999999998,2.55,0.9600000000000001,1.6500000000000086
1.5699999999999998,2.55,0.9800000000000001,1.410000000000009
1.5699999999999998,2.55,1.0,1.3300000000000098
1.5699999999999998,2.55,1.02,1.41000000000001
1.5699999999999998,2.55,1.04,1.6500000000000103
1.5699999999999998,2.55,1.06,2.0500000000000114
1.5699999999999998,2.55,1.08,2.610000000000012
1.5699999999999998,2.55,1.1,3.3300000000000134
1.5699999999999998,2.56,0.9,2.8799999999999972
1.5699999999999998,2.56,0.92,2.1599999999999966
1.5699999999999998,2.56,0.9400000000000001,1.5999999999999968
1.5699999999999998,2.56,0.9600000000000001,1.1999999999999968
1.5699999999999998,2.56,0.9800000000000001,0.9599999999999974
1.5699999999999998,2.56,1.0,0.8799999999999981
1.5699999999999998,2.56,1.02,0.9599999999999983
1.5699999999999998,2.56,1.04,1.1999999999999986
1.5699999999999998,2.56,1.06,1.5999999999999994
1.5699999999999998,2.56,1.08,2.16
1.5699999999999998,2.56,1.1,2.8800000000000017
1.5699999999999998,2.57,0.9,2.530000000000003
1.5699999999999998,2.57,0.92,1.8100000000000027
1.5699999999999998,2.57,0.9400000000000001,1.2500000000000027
1.5699999999999998,2.57,0.9600000000000001,0.8500000000000028
1.5699999999999998,2.57,0.9800000000000001,0.6100000000000033
1.5699999999999998,2.57,1.0,0.530000000000004
1.5699999999999998,2.57,1.02,0.6100000000000042
1.5699999999999998,2.57,1.04,0.8500000000000045
1.5699999999999998,2.57,1.06,1.2500000000000053
1.5699999999999998,2.57,1.08,1.8100000000000063
1.5699999999999998,2.57,1.1,2.5300000000000074
1.5699999999999998,2.58,0.9,2.2799999999999963
1.5699999999999998,2.58,0.92,1.5599999999999956
1.5699999999999998,2.58,0.9400000000000001,0.9999999999999956
1.5699999999999998,2.58,0.9600000000000001,0.5999999999999958
1.5699999999999998,2.58,0.9800000000000001,0.3599999999999962
1.5699999999999998,2.58,1.0,0.279999999999997
1.5699999999999998,2.58,1.02,0.3599999999999971
1.5699999999999998,2.58,1.04,0.5999999999999975
1.5699999999999998,2.58,1.06,0.9999999999999982
1.5699999999999998,2.58,1.08,1.5599999999999992
1.5699999999999998,2.58,1.1,2.2800000000000007
1.5699999999999998,2.59,0.9,2.129999999999998
1.5699999999999998,2.59,0.92,1.4099999999999975
1.5699999999999998,2.59,0.9400000000000001,0.8499999999999975
1.5699999999999998,2.59,0.9600000000000001,0.4499999999999977
1.5699999999999998,2.59,0.9800000000000001,0.20999999999999813
1.5699999999999998,2.59,1.0,0.1299999999999989
1.5699999999999998,2.59,1.02,0.20999999999999902
1.5699999999999998,2.59,1.04,0.44999999999999946
1.5699999999999998,2.59,1.06,0.8500000000000002
1.5699999999999998,2.59,1.08,1.410000000000001
1.5699999999999998,2.59,1.1,2.1300000000000026
1.5699999999999998,2.5999999999999996,0.9,2.0799999999999956
1.5699999999999998,2.5999999999999996,0.92,1.3599999999999952
1.5699999999999998,2.5999999999999996,0.9400000000000001,0.7999999999999953
1.5699999999999998,2.5999999999999996,0.9600000000000001,0.39999999999999536
1.5699999999999998,2.5999999999999996,0.9800000000000001,0.15999999999999584
1.5699999999999998,2.5999999999999996,1.0,0.07999999999999659
1.5699999999999998,2.5999999999999996,1.02,0.15999999999999673
1.5699999999999998,2.5999999999999996,1.04,0.39999999999999714
1.5699999999999998,2.5999999999999996,1.06,0.7999999999999979
1.5699999999999998,2.5999999999999996,1.08,1.3599999999999988
1.5699999999999998,2.5999999999999996,1.1,2.08
1.5699999999999998,2.61,0.9,2.1299999999999937
1.5699999999999998,2.61,0.92,1.409999999999993
1.5699999999999998,2.61,0.9400000000000001,0.8499999999999931
1.5699999999999998,2.61,0.9600000000000001,0.44999999999999324
1.5699999999999998,2.61,0.9800000000000001,0.2099999999999937
1.5699999999999998,2.61,1.0,0.12999999999999445
1.5699999999999998,2.61,1.02,0.20999999999999458
1.5699999999999998,2.61,1.04,0.449999999999995
1.5699999999999998,2.61,1.06,0.8499999999999958
1.5699999999999998,2.61,1.08,1.4099999999999966
1.5699999999999998,2.61,1.1,2.129999999999998
1.5699999999999998,2.62,0.9,2.2799999999999963
1.5699999999999998,2.62,0.92,1.5599999999999956
1.5699999999999998,2.62,0.9400000000000001,0.9999999999999956
1.5699999999999998,2.62,0.9600000000000001,0.5999999999999958
1.5699999999999998,2.62,0.9800000000000001,0.3599999999999962
1.5699999999999998,2.62,1.0,0.279999999999997
1.5699999999999998,2.62,1.02,0.3599999999999971
1.5699999999999998,2.62,1.04,0.5999999999999975
1.5699999999999998,2.62,1.06,0.9999999999999982
1.5699999999999998,2.62,1.08,1.5599999999999992
1.5699999999999998,2.62,1.1,2.2800000000000007
1.5699999999999998,2.63,0.9,2.5299999999999896
1.5699999999999998,2.63,0.92,1.8099999999999894
1.5699999999999998,2.63,0.9400000000000001,1.2499999999999893
1.5699999999999998,2.63,0.9600000000000001,0.8499999999999894
1.5699999999999998,2.63,0.9800000000000001,0.60999999999999
1.5699999999999998,2.63,1.0,0.5299999999999907
1.5699999999999998,2.63,1.02,0.6099999999999909
1.5699999999999998,2.63,1.04,0.8499999999999912
1.5699999999999998,2.63,1.06,1.249999999999992
1.5699999999999998,2.63,1.08,1.809999999999993
1.5699999999999998,2.63,1.1,2.529999999999994
1.5699999999999998,2.6399999999999997,0.9,2.8799999999999795
1.5699999999999998,2.6399999999999997,0.92,2.159999999999979
1.5699999999999998,2.6399999999999997,0.9400000000000001,1.5999999999999788
1.5699999999999998,2.6399999999999997,0.9600000000000001,1.199999999999979
1.5699999999999998,2.6399999999999997,0.9800000000000001,0.9599999999999795
1.5699999999999998,2.6399999999999997,1.0,0.8799999999999802
1.5699999999999998,2.6399999999999997,1.02,0.9599999999999804
1.5699999999999998,2.6399999999999997,1.04,1.1999999999999809
1.5699999999999998,2.6399999999999997,1.06,1.5999999999999814
1.5699999999999998,2.6399999999999997,1.08,2.1599999999999824
1.5699999999999998,2.6399999999999997,1.1,2.879999999999984
1.5699999999999998,2.65,0.9,3.3299999999999867
1.5699999999999998,2.65,0.92,2.609999999999986
1.5699999999999998,2.65,0.9400000000000001,2.0499999999999865
1.5699999999999998,2.65,0.9600000000000001,1.6499999999999864
1.5699999999999998,2.65,0.9800000000000001,1.4099999999999868
1.5699999999999998,2.65,1.0,1.3299999999999876
1.5699999999999998,2.65,1.02,1.4099999999999877
1.5699999999999998,2.65,1.04,1.6499999999999881
1.5699999999999998,2.65,1.06,2.049999999999989
1.5699999999999998,2.65,1.08,2.6099999999999897
1.5699999999999998,2.65,1.1,3.329999999999991
1.5699999999999998,2.6599999999999997,0.9,3.8799999999999724
1.5699999999999998,2.6599999999999997,0.92,3.1599999999999717
1.5699999999999998,2.6599999999999997,0.9400000000000001,2.5999999999999717
1.5699999999999998,2.6599999999999997,0.9600000000000001,2.1999999999999718
1.5699999999999998,2.6599999999999997,0.9800000000000001,1.9599999999999722
1.5699999999999998,2.6599999999999997,1.0,1.879999999999973
1.5699999999999998,2.6599999999999997,1.02,1.959999999999973
1.5699999999999998,2.6599999999999997,1.04,2.1999999999999735
1.5699999999999998,2.6599999999999997,1.06,2.5999999999999743
1.5699999999999998,2.6599999999999997,1.08,3.1599999999999753
1.5699999999999998,2.6599999999999997,1.1,3.879999999999977
1.5699999999999998,2.67,0.9,4.529999999999984
1.5699999999999998,2.67,0.92,3.8099999999999836
1.5699999999999998,2.67,0.9400000000000001,3.249999999999984
1.5699999999999998,2.67,0.9600000000000001,2.849999999999984
1.5699999999999998,2.67,0.9800000000000001,2.6099999999999843
1.5699999999999998,2.67,1.0,2.529999999999985
1.5699999999999998,2.67,1.02,2.609999999999985
1.5699999999999998,2.67,1.04,2.849999999999986
1.5699999999999998,2.67,1.06,3.2499999999999867
1.5699999999999998,2.67,1.08,3.809999999999987
1.5699999999999998,2.67,1.1,4.529999999999989
1.5699999999999998,2.6799999999999997,0.9,5.279999999999966
1.5699999999999998,2.6799999999999997,0.92,4.559999999999966
1.5699999999999998,2.6799999999999997,0.9400000000000001,3.9999999999999654
1.5699999999999998,2.6799999999999997,0.9600000000000001,3.599999999999966
1.5699999999999998,2.6799999999999997,0.9800000000000001,3.359999999999966
1.5699999999999998,2.6799999999999997,1.0,3.279999999999967
1.5699999999999998,2.6799999999999997,1.02,3.359999999999967
1.5699999999999998,2.6799999999999997,1.04,3.5999999999999677
1.5699999999999998,2.6799999999999997,1.06,3.999999999999968
1.5699999999999998,2.6799999999999997,1.08,4.559999999999969
1.5699999999999998,2.6799999999999997,1.1,5.279999999999971
1.5699999999999998,2.69,0.9,6.129999999999983
1.5699999999999998,2.69,0.92,5.409999999999982
1.5699999999999998,2.69,0.9400000000000001,4.849999999999983
1.5699999999999998,2.69,0.9600000000000001,4.449999999999982
1.5699999999999998,2.69,0.9800000000000001,4.209999999999983
1.5699999999999998,2.69,1.0,4.129999999999984
1.5699999999999998,2.69,1.02,4.209999999999984
1.5699999999999998,2.69,1.04,4.449999999999984
1.5699999999999998,2.69,1.06,4.849999999999985
1.5699999999999998,2.69,1.08,5.409999999999986
1.5699999999999998,2.69,1.1,6.1299999999999875
1.5699999999999998,2.6999999999999997,0.9,7.07999999999996
1.5699999999999998,2.6999999999999997,0.92,6.3599999999999595
1.5699999999999998,2.6999999999999997,0.9400000000000001,5.79999999999996
1.5699999999999998,2.6999999999999997,0.9600000000000001,5.3999999999999595
1.5699999999999998,2.6999999999999997,0.9800000000000001,5.15999999999996
1.5699999999999998,2.6999999999999997,1.0,5.079999999999961
1.5699999999999998,2.6999999999999997,1.02,5.159999999999961
1.5699999999999998,2.6999999999999997,1.04,5.399999999999961
1.5699999999999998,2.6999999999999997,1.06,5.7999999999999625
1.5699999999999998,2.6999999999999997,1.08,6.359999999999963
1.5699999999999998,2.6999999999999997,1.1,7.0799999999999645
1.5699999999999998,2.71,0.9,8.129999999999981
1.5699999999999998,2.71,0.92,7.409999999999981
1.5699999999999998,2.71,0.9400000000000001,6.849999999999981
1.5699999999999998,2.71,0.9600000000000001,6.449999999999981
1.5699999999999998,2.71,0.9800000000000001,6.209999999999981
1.5699999999999998,2.71,1.0,6.129999999999982
1.5699999999999998,2.71,1.02,6.209999999999982
1.5699999999999998,2.71,1.04,6.449999999999982
1.5699999999999998,2.71,1.06,6.849999999999984
1.5699999999999998,2.71,1.08,7.409999999999984
1.5699999999999998,2.71,1.1,8.129999999999985
1.5699999999999998,2.7199999999999998,0.9,9.279999999999955
1.5699999999999998,2.7199999999999998,0.92,8.559999999999956
1.5699999999999998,2.7199999999999998,0.9400000000000001,7.999999999999956
1.5699999999999998,2.7199999999999998,0.9600000000000001,7.599999999999955
1.5699999999999998,2.7199999999999998,0.9800000000000001,7.359999999999956
1.5699999999999998,2.7199999999999998,1.0,7.279999999999957
1.5699999999999998,2.7199999999999998,1.02,7.359999999999957
1.5699999999999998,2.7199999999999998,1.04,7.599999999999957
1.5699999999999998,2.7199999999999998,1.06,7.999999999999958
1.5699999999999998,2.7199999999999998,1.08,8.55999999999996
1.5699999999999998,2.7199999999999998,1.1,9.27999999999996
1.5699999999999998,2.73,0.9,10.52999999999998
1.5699999999999998,2.73,0.92,9.809999999999981
1.5699999999999998,2.73,0.9400000000000001,9.24999999999998
1.5699999999999998,2.73,0.9600000000000001,8.84999999999998
1.5699999999999998,2.73,0.9800000000000001,8.609999999999982
1.5699999999999998,2.73,1.0,8.529999999999982
1.5699999999999998,2.73,1.02,8.609999999999982
1.5699999999999998,2.73,1.04,8.849999999999982
1.5699999999999998,2.73,1.06,9.249999999999982
1.5699999999999998,2.73,1.08,9.809999999999985
1.5699999999999998,2.73,1.1,10.529999999999985
1.5699999999999998,2.7399999999999998,0.9,11.87999999999995
1.5699999999999998,2.7399999999999998,0.92,11.15999999999995
1.5699999999999998,2.7399999999999998,0.9400000000000001,10.59999999999995
1.5699999999999998,2.7399999999999998,0.9600000000000001,10.19999999999995
1.5699999999999998,2.7399999999999998,0.9800000000000001,9.959999999999951
1.5699999999999998,2.7399999999999998,1.0,9.879999999999951
1.5699999999999998,2.7399999999999998,1.02,9.959999999999951
1.5699999999999998,2.7399999999999998,1.04,10.199999999999951
1.5699999999999998,2.7399999999999998,1.06,10.599999999999952
1.5699999999999998,2.7399999999999998,1.08,11.159999999999954
1.5699999999999998,2.7399999999999998,1.1,11.879999999999955
1.5699999999999998,2.75,0.9,13.329999999999984
1.5699999999999998,2.75,0.92,12.609999999999983
1.5699999999999998,2.75,0.9400000000000001,12.049999999999983
1.5699999999999998,2.75,0.9600000000000001,11.649999999999983
1.5699999999999998,2.75,0.9800000000000001,11.409999999999984
1.5699999999999998,2.75,1.0,11.329999999999984
1.5699999999999998,2.75,1.02,11.409999999999984
1.5699999999999998,2.75,1.04,11.649999999999984
1.5699999999999998,2.75,1.06,12.049999999999985
1.5699999999999998,2.75,1.08,12.609999999999987
1.5699999999999998,2.75,1.1,13.329999999999988
1.5699999999999998,2.76,0.9,14.87999999999995
1.5699999999999998,2.76,0.92,14.159999999999949
1.5699999999999998,2.76,0.9400000000000001,13.599999999999948
1.5699999999999998,2.76,0.9600000000000001,13.199999999999948
1.5699999999999998,2.76,0.9800000000000001,12.95999999999995
1.5699999999999998,2.76,1.0,12.87999999999995
1.5699999999999998,2.76,1.02,12.95999999999995
1.5699999999999998,2.76,1.04,13.19999999999995
1.5699999999999998,2.76,1.06,13.59999999999995
1.5699999999999998,2.76,1.08,14.159999999999952
1.5699999999999998,2.76,1.1,14.879999999999953
1.5699999999999998,2.77,0.9,16.529999999999983
1.5699999999999998,2.77,0.92,15.809999999999983
1.5699999999999998,2.77,0.9400000000000001,15.249999999999982
1.5699999999999998,2.77,0.9600000000000001,14.849999999999982
1.5699999999999998,2.77,0.9800000000000001,14.609999999999983
1.5699999999999998,2.77,1.0,14.529999999999983
1.5699999999999998,2.77,1.02,14.609999999999983
1.5699999999999998,2.77,1.04,14.849999999999984
1.5699999999999998,2.77,1.06,15.249999999999984
1.5699999999999998,2.77,1.08,15.809999999999986
1.5699999999999998,2.77,1.1,16.529999999999987
1.5699999999999998,2.78,0.9,18.279999999999948
1.5699999999999998,2.78,0.92,17.559999999999945
1.5699999999999998,2.78,0.9400000000000001,16.999999999999947
1.5699999999999998,2.78,0.9600000000000001,16.599999999999948
1.5699999999999998,2.78,0.9800000000000001,16.359999999999946
1.5699999999999998,2.78,1.0,16.279999999999948
1.5699999999999998,2.78,1.02,16.35999999999995
1.5699999999999998,2.78,1.04,16.599999999999948
1.5699999999999998,2.78,1.06,16.99999999999995
1.5699999999999998,2.78,1.08,17.55999999999995
1.5699999999999998,2.78,1.1,18.27999999999995
1.5699999999999998,2.79,0.9,20.12999999999999
1.5699999999999998,2.79,0.92,19.409999999999986
1.5699999999999998,2.79,0.9400000000000001,18.849999999999987
1.5699999999999998,2.79,0.9600000000000001,18.44999999999999
1.5699999999999998,2.79,0.9800000000000001,18.209999999999987
1.5699999999999998,2.79,1.0,18.12999999999999
1.5699999999999998,2.79,1.02,18.20999999999999
1.5699999999999998,2.79,1.04,18.44999999999999
1.5699999999999998,2.79,1.06,18.84999999999999
1.5699999999999998,2.79,1.08,19.40999999999999
1.5699999999999998,2.79,1.1,20.129999999999992
1.5699999999999998,2.8,0.9,22.079999999999945
1.5699999999999998,2.8,0.92,21.359999999999943
1.5699999999999998,2.8,0.9400000000000001,20.799999999999944
1.5699999999999998,2.8,0.9600000000000001,20.399999999999945
1.5699999999999998,2.8,0.9800000000000001,20.159999999999943
1.5699999999999998,2.8,1.0,20.079999999999945
1.5699999999999998,2.8,1.02,20.159999999999947
1.5699999999999998,2.8,1.04,20.399999999999945
1.5699999999999998,2.8,1.06,20.799999999999947
1.5699999999999998,2.8,1.08,21.359999999999946
1.5699999999999998,2.8,1.1,22.07999999999995
1.58,2.4,0.9,22.320000000000036
1.58,2.4,0.92,21.600000000000033
1.58,2.4,0.9400000000000001,21.040000000000035
1.58,2.4,0.9600000000000001,20.640000000000036
1.58,2.4,0.9800000000000001,20.400000000000034
1.58,2.4,1.0,20.320000000000036
1.58,2.4,1.02,20.400000000000038
1.58,2.4,1.04,20.640000000000036
1.58,2.4,1.06,21.04000000000004
1.58,2.4,1.08,21.600000000000037
1.58,2.4,1.1,22.32000000000004
1.58,2.4099999999999997,0.9,20.370000000000072
1.58,2.4099999999999997,0.92,19.65000000000007
1.58,2.4099999999999997,0.9400000000000001,19.09000000000007
1.58,2.4099999999999997,0.9600000000000001,18.690000000000072
1.58,2.4099999999999997,0.9800000000000001,18.45000000000007
1.58,2.4099999999999997,1.0,18.370000000000072
1.58,2.4099999999999997,1.02,18.450000000000074
1.58,2.4099999999999997,1.04,18.690000000000072
1.58,2.4099999999999997,1.06,19.090000000000074
1.58,2.4099999999999997,1.08,19.650000000000073
1.58,2.4099999999999997,1.1,20.370000000000076
1.58,2.42,0.9,18.52000000000003
1.58,2.42,0.92,17.80000000000003
1.58,2.42,0.9400000000000001,17.24000000000003
1.58,2.42,0.9600000000000001,16.840000000000032
1.58,2.42,0.9800000000000001,16.60000000000003
1.58,2.42,1.0,16.52000000000003
1.58,2.42,1.02,16.600000000000033
1.58,2.42,1.04,16.840000000000032
1.58,2.42,1.06,17.240000000000034
1.58,2.42,1.08,17.800000000000033
1.58,2.42,1.1,18.520000000000035
1.58,2.4299999999999997,0.9,16.770000000000064
1.58,2.4299999999999997,0.92,16.05000000000006
1.58,2.4299999999999997,0.9400000000000001,15.490000000000062
1.58,2.4299999999999997,0.9600000000000001,15.090000000000062
1.58,2.4299999999999997,0.9800000000000001,14.850000000000064
1.58,2.4299999999999997,1.0,14.770000000000064
1.58,2.4299999999999997,1.02,14.850000000000064
1.58,2.4299999999999997,1.04,15.090000000000064
1.58,2.4299999999999997,1.06,15.490000000000064
1.58,2.4299999999999997,1.08,16.050000000000065
1.58,2.4299999999999997,1.1,16.770000000000067
1.58,2.44,0.9,15.120000000000022
1.58,2.44,0.92,14.400000000000023
1.58,2.44,0.9400000000000001,13.840000000000023
1.58,2.44,0.9600000000000001,13.440000000000023
1.58,2.44,0.9800000000000001,13.200000000000024
1.58,2.44,1.0,13.120000000000024
1.58,2.44,1.02,13.200000000000024
1.58,2.44,1.04,13.440000000000024
1.58,2.44,1.06,13.840000000000025
1.58,2.44,1.08,14.400000000000027
1.58,2.44,1.1,15.120000000000028
1.58,2.4499999999999997,0.9,13.570000000000054
1.58,2.4499999999999997,0.92,12.850000000000053
1.58,2.4499999999999997,0.9400000000000001,12.290000000000052
1.58,2.4499999999999997,0.9600000000000001,11.890000000000052
1.58,2.4499999999999997,0.9800000000000001,11.650000000000054
1.58,2.4499999999999997,1.0,11.570000000000054
1.58,2.4499999999999997,1.02,11.650000000000054
1.58,2.4499999999999997,1.04,11.890000000000054
1.58,2.4499999999999997,1.06,12.290000000000054
1.58,2.4499999999999997,1.08,12.850000000000056
1.58,2.4499999999999997,1.1,13.570000000000057
1.58,2.46,0.9,12.120000000000015
1.58,2.46,0.92,11.400000000000016
1.58,2.46,0.9400000000000001,10.840000000000016
1.58,2.46,0.9600000000000001,10.440000000000015
1.58,2.46,0.9800000000000001,10.200000000000017
1.58,2.46,1.0,10.120000000000017
1.58,2.46,1.02,10.200000000000017
1.58,2.46,1.04,10.440000000000017
1.58,2.46,1.06,10.840000000000018
1.58,2.46,1.08,11.40000000000002
1.58,2.46,1.1,12.12000000000002
1.58,2.4699999999999998,0.9,10.770000000000042
1.58,2.4699999999999998,0.92,10.050000000000043
1.58,2.4699999999999998,0.9400000000000001,9.490000000000043
1.58,2.4699999999999998,0.9600000000000001,9.090000000000042
1.58,2.4699999999999998,0.9800000000000001,8.850000000000044
1.58,2.4699999999999998,1.0,8.770000000000044
1.58,2.4699999999999998,1.02,8.850000000000044
1.58,2.4699999999999998,1.04,9.090000000000044
1.58,2.4699999999999998,1.06,9.490000000000045
1.58,2.4699999999999998,1.08,10.050000000000047
1.58,2.4699999999999998,1.1,10.770000000000048
1.58,2.48,0.9,9.520000000000012
1.58,2.48,0.92,8.800000000000011
1.58,2.48,0.9400000000000001,8.24000000000001
1.58,2.48,0.9600000000000001,7.840000000000011
1.58,2.48,0.9800000000000001,7.600000000000012
1.58,2.48,1.0,7.520000000000013
1.58,2.48,1.02,7.600000000000013
1.58,2.48,1.04,7.840000000000013
1.58,2.48,1.06,8.240000000000014
1.58,2.48,1.08,8.800000000000015
1.58,2.48,1.1,9.520000000000017
1.58,2.4899999999999998,0.9,8.370000000000035
1.58,2.4899999999999998,0.92,7.650000000000034
1.58,2.4899999999999998,0.9400000000000001,7.0900000000000345
1.58,2.4899999999999998,0.9600000000000001,6.690000000000034
1.58,2.4899999999999998,0.9800000000000001,6.450000000000035
1.58,2.4899999999999998,1.0,6.370000000000036
1.58,2.4899999999999998,1.02,6.450000000000036
1.58,2.4899999999999998,1.04,6.690000000000036
1.58,2.4899999999999998,1.06,7.090000000000037
1.58,2.4899999999999998,1.08,7.650000000000038
1.58,2.4899999999999998,1.1,8.37000000000004
1.58,2.5,0.9,7.320000000000008
1.58,2.5,0.92,6.600000000000008
1.58,2.5,0.9400000000000001,6.040000000000008
1.58,2.5,0.9600000000000001,5.640000000000008
1.58,2.5,0.9800000000000001,5.400000000000008
1.58,2.5,1.0,5.320000000000009
1.58,2.5,1.02,5.400000000000009
1.58,2.5,1.04,5.6400000000000095
1.58,2.5,1.06,6.040000000000011
1.58,2.5,1.08,6.600000000000011
1.58,2.5,1.1,7.320000000000013
1.58,2.51,0.9,6.370000000000027
1.58,2.51,0.92,5.650000000000026
1.58,2.51,0.9400000000000001,5.0900000000000265
1.58,2.51,0.9600000000000001,4.690000000000026
1.58,2.51,0.9800000000000001,4.450000000000027
1.58,2.51,1.0,4.370000000000028
1.58,2.51,1.02,4.450000000000028
1.58,2.51,1.04,4.690000000000028
1.58,2.51,1.06,5.090000000000029
1.58,2.51,1.08,5.65000000000003
1.58,2.51,1.1,6.370000000000031
1.58,2.52,0.9,5.520000000000006
1.58,2.52,0.92,4.800000000000005
1.58,2.52,0.9400000000000001,4.2400000000000055
1.58,2.52,0.9600000000000001,3.8400000000000056
1.58,2.52,0.9800000000000001,3.600000000000006
1.58,2.52,1.0,3.5200000000000067
1.58,2.52,1.02,3.6000000000000068
1.58,2.52,1.04,3.8400000000000074
1.58,2.52,1.06,4.240000000000008
1.58,2.52,1.08,4.800000000000009
1.58,2.52,1.1,5.52000000000001
1.58,2.53,0.9,4.770000000000019
1.58,2.53,0.92,4.050000000000019
1.58,2.53,0.9400000000000001,3.490000000000019
1.58,2.53,0.9600000000000001,3.0900000000000194
1.58,2.53,0.9800000000000001,2.8500000000000196
1.58,2.53,1.0,2.7700000000000204
1.58,2.53,1.02,2.8500000000000205
1.58,2.53,1.04,3.090000000000021
1.58,2.53,1.06,3.4900000000000215
1.58,2.53,1.08,4.050000000000023
1.58,2.53,1.1,4.770000000000024
1.58,2.54,0.9,4.120000000000003
1.58,2.54,0.92,3.400000000000002
1.58,2.54,0.9400000000000001,2.8400000000000025
1.58,2.54,0.9600000000000001,2.4400000000000026
1.58,2.54,0.9800000000000001,2.200000000000003
1.58,2.54,1.0,2.1200000000000037
1.58,2.54,1.02,2.2000000000000037
1.58,2.54,1.04,2.4400000000000044
1.58,2.54,1.06,2.840000000000005
1.58,2.54,1.08,3.4000000000000057
1.58,2.54,1.1,4.120000000000007
1.58,2.55,0.9,3.5700000000000127
1.58,2.55,0.92,2.8500000000000125
1.58,2.55,0.9400000000000001,2.2900000000000125
1.58,2.55,0.9600000000000001,1.8900000000000126
1.58,2.55,0.9800000000000001,1.650000000000013
1.58,2.55,1.0,1.5700000000000138
1.58,2.55,1.02,1.650000000000014
1.58,2.55,1.04,1.8900000000000143
1.58,2.55,1.06,2.290000000000015
1.58,2.55,1.08,2.850000000000016
1.58,2.55,1.1,3.570000000000017
1.58,2.56,0.9,3.120000000000001
1.58,2.56,0.92,2.400000000000001
1.58,2.56,0.9400000000000001,1.8400000000000007
1.58,2.56,0.9600000000000001,1.4400000000000008
1.58,2.56,0.9800000000000001,1.2000000000000013
1.58,2.56,1.0,1.120000000000002
1.58,2.56,1.02,1.2000000000000022
1.58,2.56,1.04,1.4400000000000026
1.58,2.56,1.06,1.8400000000000034
1.58,2.56,1.08,2.4000000000000044
1.58,2.56,1.1,3.1200000000000054
1.58,2.57,0.9,2.770000000000007
1.58,2.57,0.92,2.050000000000007
1.58,2.57,0.9400000000000001,1.4900000000000067
1.58,2.57,0.9600000000000001,1.0900000000000067
1.58,2.57,0.9800000000000001,0.8500000000000073
1.58,2.57,1.0,0.770000000000008
1.58,2.57,1.02,0.8500000000000082
1.58,2.57,1.04,1.0900000000000085
1.58,2.57,1.06,1.4900000000000093
1.58,2.57,1.08,2.0500000000000105
1.58,2.57,1.1,2.7700000000000116
1.58,2.58,0.9,2.52
1.58,2.58,0.92,1.7999999999999996
1.58,2.58,0.9400000000000001,1.2399999999999995
1.58,2.58,0.9600000000000001,0.8399999999999996
1.58,2.58,0.9800000000000001,0.6000000000000002
1.58,2.58,1.0,0.5200000000000009
1.58,2.58,1.02,0.6000000000000011
1.58,2.58,1.04,0.8400000000000014
1.58,2.58,1.06,1.2400000000000022
1.58,2.58,1.08,1.8000000000000032
1.58,2.58,1.1,2.5200000000000045
1.58,2.59,0.9,2.370000000000002
1.58,2.59,0.92,1.6500000000000017
1.58,2.59,0.9400000000000001,1.0900000000000016
1.58,2.59,0.9600000000000001,0.6900000000000017
1.58,2.59,0.9800000000000001,0.4500000000000021
1.58,2.59,1.0,0.3700000000000029
1.58,2.59,1.02,0.450000000000003
1.58,2.59,1.04,0.6900000000000035
1.58,2.59,1.06,1.0900000000000043
1.58,2.59,1.08,1.6500000000000052
1.58,2.59,1.1,2.3700000000000063
1.58,2.5999999999999996,0.9,2.32
1.58,2.5999999999999996,0.92,1.5999999999999992
1.58,2.5999999999999996,0.9400000000000001,1.0399999999999991
1.58,2.5999999999999996,0.9600000000000001,0.6399999999999993
1.58,2.5999999999999996,0.9800000000000001,0.3999999999999998
1.58,2.5999999999999996,1.0,0.32000000000000056
1.58,2.5999999999999996,1.02,0.4000000000000007
1.58,2.5999999999999996,1.04,0.6400000000000011
1.58,2.5999999999999996,1.06,1.0400000000000018
1.58,2.5999999999999996,1.08,1.6000000000000028
1.58,2.5999999999999996,1.1,2.3200000000000043
1.58,2.61,0.9,2.3699999999999974
1.58,2.61,0.92,1.6499999999999972
1.58,2.61,0.9400000000000001,1.0899999999999972
1.58,2.61,0.9600000000000001,0.6899999999999973
1.58,2.61,0.9800000000000001,0.4499999999999977
1.58,2.61,1.0,0.36999999999999844
1.58,2.61,1.02,0.44999999999999857
1.58,2.61,1.04,0.6899999999999991
1.58,2.61,1.06,1.0899999999999999
1.58,2.61,1.08,1.6500000000000008
1.58,2.61,1.1,2.370000000000002
1.58,2.62,0.9,2.52
1.58,2.62,0.92,1.7999999999999996
1.58,2.62,0.9400000000000001,1.2399999999999995
1.58,2.62,0.9600000000000001,0.8399999999999996
1.58,2.62,0.9800000000000001,0.6000000000000002
1.58,2.62,1.0,0.5200000000000009
1.58,2.62,1.02,0.6000000000000011
1.58,2.62,1.04,0.8400000000000014
1.58,2.62,1.06,1.2400000000000022
1.58,2.62,1.08,1.8000000000000032
1.58,2.62,1.1,2.5200000000000045
1.58,2.63,0.9,2.769999999999994
1.58,2.63,0.92,2.0499999999999936
1.58,2.63,0.9400000000000001,1.4899999999999933
1.58,2.63,0.9600000000000001,1.0899999999999934
1.58,2.63,0.9800000000000001,0.849999999999994
1.58,2.63,1.0,0.7699999999999947
1.58,2.63,1.02,0.8499999999999949
1.58,2.63,1.04,1.0899999999999952
1.58,2.63,1.06,1.489999999999996
1.58,2.63,1.08,2.049999999999997
1.58,2.63,1.1,2.7699999999999982
1.58,2.6399999999999997,0.9,3.1199999999999832
1.58,2.6399999999999997,0.92,2.3999999999999826
1.58,2.6399999999999997,0.9400000000000001,1.8399999999999828
1.58,2.6399999999999997,0.9600000000000001,1.4399999999999828
1.58,2.6399999999999997,0.9800000000000001,1.1999999999999833
1.58,2.6399999999999997,1.0,1.1199999999999841
1.58,2.6399999999999997,1.02,1.1999999999999842
1.58,2.6399999999999997,1.04,1.4399999999999846
1.58,2.6399999999999997,1.06,1.8399999999999854
1.58,2.6399999999999997,1.08,2.399999999999986
1.58,2.6399999999999997,1.1,3.1199999999999877
1.58,2.65,0.9,3.5699999999999905
1.58,2.65,0.92,2.8499999999999903
1.58,2.65,0.9400000000000001,2.2899999999999903
1.58,2.65,0.9600000000000001,1.8899999999999904
1.58,2.65,0.9800000000000001,1.6499999999999908
1.58,2.65,1.0,1.5699999999999916
1.58,2.65,1.02,1.6499999999999917
1.58,2.65,1.04,1.8899999999999921
1.58,2.65,1.06,2.289999999999993
1.58,2.65,1.08,2.849999999999994
1.58,2.65,1.1,3.569999999999995
1.58,2.6599999999999997,0.9,4.119999999999976
1.58,2.6599999999999997,0.92,3.3999999999999755
1.58,2.6599999999999997,0.9400000000000001,2.839999999999976
1.58,2.6599999999999997,0.9600000000000001,2.439999999999976
1.58,2.6599999999999997,0.9800000000000001,2.199999999999976
1.58,2.6599999999999997,1.0,2.119999999999977
1.58,2.6599999999999997,1.02,2.199999999999977
1.58,2.6599999999999997,1.04,2.4399999999999777
1.58,2.6599999999999997,1.06,2.8399999999999785
1.58,2.6599999999999997,1.08,3.399999999999979
1.58,2.6599999999999997,1.1,4.119999999999981
1.58,2.67,0.9,4.769999999999989
1.58,2.67,0.92,4.049999999999988
1.58,2.67,0.9400000000000001,3.489999999999988
1.58,2.67,0.9600000000000001,3.0899999999999883
1.58,2.67,0.9800000000000001,2.8499999999999885
1.58,2.67,1.0,2.7699999999999894
1.58,2.67,1.02,2.8499999999999894
1.58,2.67,1.04,3.08999999999999
1.58,2.67,1.06,3.4899999999999904
1.58,2.67,1.08,4.049999999999992
1.58,2.67,1.1,4.7699999999999925
1.58,2.6799999999999997,0.9,5.51999999999997
1.58,2.6799999999999997,0.92,4.79999999999997
1.58,2.6799999999999997,0.9400000000000001,4.23999999999997
1.58,2.6799999999999997,0.9600000000000001,3.83999999999997
1.58,2.6799999999999997,0.9800000000000001,3.5999999999999703
1.58,2.6799999999999997,1.0,3.519999999999971
1.58,2.6799999999999997,1.02,3.5999999999999712
1.58,2.6799999999999997,1.04,3.839999999999972
1.58,2.6799999999999997,1.06,4.239999999999973
1.58,2.6799999999999997,1.08,4.799999999999973
1.58,2.6799999999999997,1.1,5.519999999999975
1.58,2.69,0.9,6.369999999999987
1.58,2.69,0.92,5.649999999999986
1.58,2.69,0.9400000000000001,5.0899999999999865
1.58,2.69,0.9600000000000001,4.689999999999986
1.58,2.69,0.9800000000000001,4.449999999999987
1.58,2.69,1.0,4.369999999999988
1.58,2.69,1.02,4.449999999999988
1.58,2.69,1.04,4.689999999999988
1.58,2.69,1.06,5.089999999999989
1.58,2.69,1.08,5.64999999999999
1.58,2.69,1.1,6.369999999999991
1.58,2.6999999999999997,0.9,7.319999999999964
1.58,2.6999999999999997,0.92,6.599999999999963
1.58,2.6999999999999997,0.9400000000000001,6.039999999999964
1.58,2.6999999999999997,0.9600000000000001,5.639999999999963
1.58,2.6999999999999997,0.9800000000000001,5.399999999999964
1.58,2.6999999999999997,1.0,5.319999999999965
1.58,2.6999999999999997,1.02,5.399999999999965
1.58,2.6999999999999997,1.04,5.639999999999965
1.58,2.6999999999999997,1.06,6.039999999999966
1.58,2.6999999999999997,1.08,6.599999999999967
1.58,2.6999999999999997,1.1,7.319999999999968
1.58,2.71,0.9,8.369999999999985
1.58,2.71,0.92,7.649999999999984
1.58,2.71,0.9400000000000001,7.089999999999985
1.58,2.71,0.9600000000000001,6.689999999999984
1.58,2.71,0.9800000000000001,6.449999999999985
1.58,2.71,1.0,6.369999999999986
1.58,2.71,1.02,6.449999999999986
1.58,2.71,1.04,6.689999999999986
1.58,2.71,1.06,7.089999999999987
1.58,2.71,1.08,7.649999999999988
1.58,2.71,1.1,8.36999999999999
1.58,2.7199999999999998,0.9,9.51999999999996
1.58,2.7199999999999998,0.92,8.79999999999996
1.58,2.7199999999999998,0.9400000000000001,8.23999999999996
1.58,2.7199999999999998,0.9600000000000001,7.839999999999959
1.58,2.7199999999999998,0.9800000000000001,7.59999999999996
1.58,2.7199999999999998,1.0,7.5199999999999605
1.58,2.7199999999999998,1.02,7.599999999999961
1.58,2.7199999999999998,1.04,7.839999999999961
1.58,2.7199999999999998,1.06,8.239999999999961
1.58,2.7199999999999998,1.08,8.799999999999963
1.58,2.7199999999999998,1.1,9.519999999999964
1.58,2.73,0.9,10.769999999999985
1.58,2.73,0.92,10.049999999999985
1.58,2.73,0.9400000000000001,9.489999999999984
1.58,2.73,0.9600000000000001,9.089999999999984
1.58,2.73,0.9800000000000001,8.849999999999985
1.58,2.73,1.0,8.769999999999985
1.58,2.73,1.02,8.849999999999985
1.58,2.73,1.04,9.089999999999986
1.58,2.73,1.06,9.489999999999986
1.58,2.73,1.08,10.049999999999988
1.58,2.73,1.1,10.769999999999989
1.58,2.7399999999999998,0.9,12.119999999999955
1.58,2.7399999999999998,0.92,11.399999999999954
1.58,2.7399999999999998,0.9400000000000001,10.839999999999954
1.58,2.7399999999999998,0.9600000000000001,10.439999999999953
1.58,2.7399999999999998,0.9800000000000001,10.199999999999955
1.58,2.7399999999999998,1.0,10.119999999999955
1.58,2.7399999999999998,1.02,10.199999999999955
1.58,2.7399999999999998,1.04,10.439999999999955
1.58,2.7399999999999998,1.06,10.839999999999955
1.58,2.7399999999999998,1.08,11.399999999999958
1.58,2.7399999999999998,1.1,12.119999999999958
1.58,2.75,0.9,13.569999999999986
1.58,2.75,0.92,12.849999999999987
1.58,2.75,0.9400000000000001,12.289999999999987
1.58,2.75,0.9600000000000001,11.889999999999986
1.58,2.75,0.9800000000000001,11.649999999999988
1.58,2.75,1.0,11.569999999999988
1.58,2.75,1.02,11.649999999999988
1.58,2.75,1.04,11.889999999999988
1.58,2.75,1.06,12.289999999999988
1.58,2.75,1.08,12.84999999999999
1.58,2.75,1.1,13.569999999999991
1.58,2.76,0.9,15.119999999999951
1.58,2.76,0.92,14.399999999999952
1.58,2.76,0.9400000000000001,13.839999999999952
1.58,2.76,0.9600000000000001,13.439999999999952
1.58,2.76,0.9800000000000001,13.199999999999953
1.58,2.76,1.0,13.119999999999953
1.58,2.76,1.02,13.199999999999953
1.58,2.76,1.04,13.439999999999953
1.58,2.76,1.06,13.839999999999954
1.58,2.76,1.08,14.399999999999956
1.58,2.76,1.1,15.119999999999957
1.58,2.77,0.9,16.769999999999985
1.58,2.77,0.92,16.049999999999986
1.58,2.77,0.9400000000000001,15.489999999999986
1.58,2.77,0.9600000000000001,15.089999999999986
1.58,2.77,0.9800000000000001,14.849999999999987
1.58,2.77,1.0,14.769999999999987
1.58,2.77,1.02,14.849999999999987
1.58,2.77,1.04,15.089999999999987
1.58,2.77,1.06,15.489999999999988
1.58,2.77,1.08,16.04999999999999
1.58,2.77,1.1,16.76999999999999
1.58,2.78,0.9,18.51999999999995
1.58,2.78,0.92,17.799999999999947
1.58,2.78,0.9400000000000001,17.23999999999995
1.58,2.78,0.9600000000000001,16.83999999999995
1.58,2.78,0.9800000000000001,16.599999999999948
1.58,2.78,1.0,16.51999999999995
1.58,2.78,1.02,16.59999999999995
1.58,2.78,1.04,16.83999999999995
1.58,2.78,1.06,17.239999999999952
1.58,2.78,1.08,17.79999999999995
1.58,2.78,1.1,18.519999999999953
1.58,2.79,0.9,20.36999999999999
1.58,2.79,0.92,19.649999999999988
1.58,2.79,0.9400000000000001,19.08999999999999
1.58,2.79,0.9600000000000001,18.68999999999999
1.58,2.79,0.9800000000000001,18.44999999999999
1.58,2.79,1.0,18.36999999999999
1.58,2.79,1.02,18.449999999999992
1.58,2.79,1.04,18.68999999999999
1.58,2.79,1.06,19.089999999999993
1.58,2.79,1.08,19.64999999999999
1.58,2.79,1.1,20.369999999999994
1.58,2.8,0.9,22.319999999999947
1.58,2.8,0.92,21.599999999999945
1.58,2.8,0.9400000000000001,21.039999999999946
1.58,2.8,0.9600000000000001,20.639999999999947
1.58,2.8,0.9800000000000001,20.399999999999945
1.58,2.8,1.0,20.319999999999947
1.58,2.8,1.02,20.39999999999995
1.58,2.8,1.04,20.639999999999947
1.58,2.8,1.06,21.03999999999995
1.58,2.8,1.08,21.599999999999948
1.58,2.8,1.1,22.31999999999995
1.5899999999999999,2.4,0.9,22.720000000000027
1.5899999999999999,2.4,0.92,22.000000000000025
1.5899999999999999,2.4,0.9400000000000001,21.440000000000026
1.5899999999999999,2.4,0.9600000000000001,21.040000000000028
1.5899999999999999,2.4,0.9800000000000001,20.800000000000026
1.5899999999999999,2.4,1.0,20.720000000000027
1.5899999999999999,2.4,1.02,20.80000000000003
1.5899999999999999,2.4,1.04,21.040000000000028
1.5899999999999999,2.4,1.06,21.44000000000003
1.5899999999999999,2.4,1.08,22.00000000000003
1.5899999999999999,2.4,1.1,22.72000000000003
1.5899999999999999,2.4099999999999997,0.9,20.770000000000064
1.5899999999999999,2.4099999999999997,0.92,20.05000000000006
1.5899999999999999,2.4099999999999997,0.9400000000000001,19.490000000000062
1.5899999999999999,2.4099999999999997,0.9600000000000001,19.090000000000064
1.5899999999999999,2.4099999999999997,0.9800000000000001,18.850000000000062
1.5899999999999999,2.4099999999999997,1.0,18.770000000000064
1.5899999999999999,2.4099999999999997,1.02,18.850000000000065
1.5899999999999999,2.4099999999999997,1.04,19.090000000000064
1.5899999999999999,2.4099999999999997,1.06,19.490000000000066
1.5899999999999999,2.4099999999999997,1.08,20.050000000000065
1.5899999999999999,2.4099999999999997,1.1,20.770000000000067
1.5899999999999999,2.42,0.9,18.920000000000023
1.5899999999999999,2.42,0.92,18.20000000000002
1.5899999999999999,2.42,0.9400000000000001,17.640000000000022
1.5899999999999999,2.42,0.9600000000000001,17.240000000000023
1.5899999999999999,2.42,0.9800000000000001,17.00000000000002
1.5899999999999999,2.42,1.0,16.920000000000023
1.5899999999999999,2.42,1.02,17.000000000000025
1.5899999999999999,2.42,1.04,17.240000000000023
1.5899999999999999,2.42,1.06,17.640000000000025
1.5899999999999999,2.42,1.08,18.200000000000024
1.5899999999999999,2.42,1.1,18.920000000000027
1.5899999999999999,2.4299999999999997,0.9,17.17000000000005
1.5899999999999999,2.4299999999999997,0.92,16.450000000000053
1.5899999999999999,2.4299999999999997,0.9400000000000001,15.890000000000052
1.5899999999999999,2.4299999999999997,0.9600000000000001,15.490000000000052
1.5899999999999999,2.4299999999999997,0.9800000000000001,15.250000000000053
1.5899999999999999,2.4299999999999997,1.0,15.170000000000053
1.5899999999999999,2.4299999999999997,1.02,15.250000000000053
1.5899999999999999,2.4299999999999997,1.04,15.490000000000054
1.5899999999999999,2.4299999999999997,1.06,15.890000000000054
1.5899999999999999,2.4299999999999997,1.08,16.450000000000056
1.5899999999999999,2.4299999999999997,1.1,17.17000000000006
1.5899999999999999,2.44,0.9,15.520000000000014
1.5899999999999999,2.44,0.92,14.800000000000013
1.5899999999999999,2.44,0.9400000000000001,14.240000000000013
1.5899999999999999,2.44,0.9600000000000001,13.840000000000012
1.5899999999999999,2.44,0.9800000000000001,13.600000000000014
1.5899999999999999,2.44,1.0,13.520000000000014
1.5899999999999999,2.44,1.02,13.600000000000014
1.5899999999999999,2.44,1.04,13.840000000000014
1.5899999999999999,2.44,1.06,14.240000000000014
1.5899999999999999,2.44,1.08,14.800000000000017
1.5899999999999999,2.44,1.1,15.520000000000017
1.5899999999999999,2.4499999999999997,0.9,13.970000000000041
1.5899999999999999,2.4499999999999997,0.92,13.250000000000043
1.5899999999999999,2.4499999999999997,0.9400000000000001,12.690000000000042
1.5899999999999999,2.4499999999999997,0.9600000000000001,12.290000000000042
1.5899999999999999,2.4499999999999997,0.9800000000000001,12.050000000000043
1.5899999999999999,2.4499999999999997,1.0,11.970000000000043
1.5899999999999999,2.4499999999999997,1.02,12.050000000000043
1.5899999999999999,2.4499999999999997,1.04,12.290000000000044
1.5899999999999999,2.4499999999999997,1.06,12.690000000000044
1.5899999999999999,2.4499999999999997,1.08,13.250000000000046
1.5899999999999999,2.4499999999999997,1.1,13.970000000000047
1.5899999999999999,2.46,0.9,12.520000000000007
1.5899999999999999,2.46,0.92,11.800000000000006
1.5899999999999999,2.46,0.9400000000000001,11.240000000000006
1.5899999999999999,2.46,0.9600000000000001,10.840000000000005
1.5899999999999999,2.46,0.9800000000000001,10.600000000000007
1.5899999999999999,2.46,1.0,10.520000000000007
1.5899999999999999,2.46,1.02,10.600000000000007
1.5899999999999999,2.46,1.04,10.840000000000007
1.5899999999999999,2.46,1.06,11.240000000000007
1.5899999999999999,2.46,1.08,11.80000000000001
1.5899999999999999,2.46,1.1,12.52000000000001
1.5899999999999999,2.4699999999999998,0.9,11.170000000000034
1.5899999999999999,2.4699999999999998,0.92,10.450000000000033
1.5899999999999999,2.4699999999999998,0.9400000000000001,9.890000000000033
1.5899999999999999,2.4699999999999998,0.9600000000000001,9.490000000000032
1.5899999999999999,2.4699999999999998,0.9800000000000001,9.250000000000034
1.5899999999999999,2.4699999999999998,1.0,9.170000000000034
1.5899999999999999,2.4699999999999998,1.02,9.250000000000034
1.5899999999999999,2.4699999999999998,1.04,9.490000000000034
1.5899999999999999,2.4699999999999998,1.06,9.890000000000034
1.5899999999999999,2.4699999999999998,1.08,10.450000000000037
1.5899999999999999,2.4699999999999998,1.1,11.170000000000037
1.5899999999999999,2.48,0.9,9.920000000000002
1.5899999999999999,2.48,0.92,9.200000000000003
1.5899999999999999,2.48,0.9400000000000001,8.640000000000002
1.5899999999999999,2.48,0.9600000000000001,8.240000000000002
1.5899999999999999,2.48,0.9800000000000001,8.000000000000004
1.5899999999999999,2.48,1.0,7.9200000000000035
1.5899999999999999,2.48,1.02,8.000000000000004
1.5899999999999999,2.48,1.04,8.240000000000004
1.5899999999999999,2.48,1.06,8.640000000000004
1.5899999999999999,2.48,1.08,9.200000000000006
1.5899999999999999,2.48,1.1,9.920000000000007
1.5899999999999999,2.4899999999999998,0.9,8.770000000000024
1.5899999999999999,2.4899999999999998,0.92,8.050000000000026
1.5899999999999999,2.4899999999999998,0.9400000000000001,7.490000000000025
1.5899999999999999,2.4899999999999998,0.9600000000000001,7.090000000000025
1.5899999999999999,2.4899999999999998,0.9800000000000001,6.850000000000025
1.5899999999999999,2.4899999999999998,1.0,6.770000000000026
1.5899999999999999,2.4899999999999998,1.02,6.850000000000026
1.5899999999999999,2.4899999999999998,1.04,7.0900000000000265
1.5899999999999999,2.4899999999999998,1.06,7.490000000000028
1.5899999999999999,2.4899999999999998,1.08,8.05000000000003
1.5899999999999999,2.4899999999999998,1.1,8.77000000000003
1.5899999999999999,2.5,0.9,7.719999999999999
1.5899999999999999,2.5,0.92,6.999999999999998
1.5899999999999999,2.5,0.9400000000000001,6.439999999999999
1.5899999999999999,2.5,0.9600000000000001,6.039999999999998
1.5899999999999999,2.5,0.9800000000000001,5.799999999999999
1.5899999999999999,2.5,1.0,5.72
1.5899999999999999,2.5,1.02,5.8
1.5899999999999999,2.5,1.04,6.04
1.5899999999999999,2.5,1.06,6.440000000000001
1.5899999999999999,2.5,1.08,7.000000000000002
1.5899999999999999,2.5,1.1,7.720000000000003
1.5899999999999999,2.51,0.9,6.770000000000017
1.5899999999999999,2.51,0.92,6.050000000000017
1.5899999999999999,2.51,0.9400000000000001,5.490000000000017
1.5899999999999999,2.51,0.9600000000000001,5.090000000000017
1.5899999999999999,2.51,0.9800000000000001,4.850000000000017
1.5899999999999999,2.51,1.0,4.770000000000018
1.5899999999999999,2.51,1.02,4.850000000000018
1.5899999999999999,2.51,1.04,5.0900000000000185
1.5899999999999999,2.51,1.06,5.49000000000002
1.5899999999999999,2.51,1.08,6.05000000000002
1.5899999999999999,2.51,1.1,6.770000000000022
1.5899999999999999,2.52,0.9,5.9199999999999955
1.5899999999999999,2.52,0.92,5.199999999999995
1.5899999999999999,2.52,0.9400000000000001,4.639999999999995
1.5899999999999999,2.52,0.9600000000000001,4.239999999999995
1.5899999999999999,2.52,0.9800000000000001,3.9999999999999956
1.5899999999999999,2.52,1.0,3.9199999999999964
1.5899999999999999,2.52,1.02,3.9999999999999964
1.5899999999999999,2.52,1.04,4.239999999999997
1.5899999999999999,2.52,1.06,4.639999999999998
1.5899999999999999,2.52,1.08,5.199999999999998
1.5899999999999999,2.52,1.1,5.92
1.5899999999999999,2.53,0.9,5.17000000000001
1.5899999999999999,2.53,0.92,4.450000000000009
1.5899999999999999,2.53,0.9400000000000001,3.8900000000000095
1.5899999999999999,2.53,0.9600000000000001,3.4900000000000095
1.5899999999999999,2.53,0.9800000000000001,3.2500000000000098
1.5899999999999999,2.53,1.0,3.1700000000000106
1.5899999999999999,2.53,1.02,3.2500000000000107
1.5899999999999999,2.53,1.04,3.4900000000000113
1.5899999999999999,2.53,1.06,3.890000000000012
1.5899999999999999,2.53,1.08,4.450000000000013
1.5899999999999999,2.53,1.1,5.170000000000014
1.5899999999999999,2.54,0.9,4.5199999999999925
1.5899999999999999,2.54,0.92,3.7999999999999927
1.5899999999999999,2.54,0.9400000000000001,3.239999999999992
1.5899999999999999,2.54,0.9600000000000001,2.8399999999999928
1.5899999999999999,2.54,0.9800000000000001,2.599999999999993
1.5899999999999999,2.54,1.0,2.519999999999994
1.5899999999999999,2.54,1.02,2.599999999999994
1.5899999999999999,2.54,1.04,2.8399999999999945
1.5899999999999999,2.54,1.06,3.239999999999995
1.5899999999999999,2.54,1.08,3.7999999999999963
1.5899999999999999,2.54,1.1,4.519999999999998
1.5899999999999999,2.55,0.9,3.9700000000000033
1.5899999999999999,2.55,0.92,3.2500000000000027
1.5899999999999999,2.55,0.9400000000000001,2.6900000000000026
1.5899999999999999,2.55,0.9600000000000001,2.2900000000000027
1.5899999999999999,2.55,0.9800000000000001,2.0500000000000034
1.5899999999999999,2.55,1.0,1.970000000000004
1.5899999999999999,2.55,1.02,2.0500000000000043
1.5899999999999999,2.55,1.04,2.2900000000000045
1.5899999999999999,2.55,1.06,2.6900000000000053
1.5899999999999999,2.55,1.08,3.250000000000006
1.5899999999999999,2.55,1.1,3.9700000000000077
1.5899999999999999,2.56,0.9,3.519999999999991
1.5899999999999999,2.56,0.92,2.799999999999991
1.5899999999999999,2.56,0.9400000000000001,2.2399999999999904
1.5899999999999999,2.56,0.9600000000000001,1.8399999999999908
1.5899999999999999,2.56,0.9800000000000001,1.5999999999999912
1.5899999999999999,2.56,1.0,1.519999999999992
1.5899999999999999,2.56,1.02,1.599999999999992
1.5899999999999999,2.56,1.04,1.8399999999999925
1.5899999999999999,2.56,1.06,2.239999999999993
1.5899999999999999,2.56,1.08,2.7999999999999945
1.5899999999999999,2.56,1.1,3.5199999999999956
1.5899999999999999,2.57,0.9,3.1699999999999973
1.5899999999999999,2.57,0.92,2.4499999999999966
1.5899999999999999,2.57,0.9400000000000001,1.8899999999999968
1.5899999999999999,2.57,0.9600000000000001,1.4899999999999969
1.5899999999999999,2.57,0.9800000000000001,1.2499999999999973
1.5899999999999999,2.57,1.0,1.1699999999999982
1.5899999999999999,2.57,1.02,1.2499999999999982
1.5899999999999999,2.57,1.04,1.4899999999999987
1.5899999999999999,2.57,1.06,1.8899999999999995
1.5899999999999999,2.57,1.08,2.45
1.5899999999999999,2.57,1.1,3.1700000000000017
1.5899999999999999,2.58,0.9,2.91999999999999
1.5899999999999999,2.58,0.92,2.1999999999999895
1.5899999999999999,2.58,0.9400000000000001,1.6399999999999897
1.5899999999999999,2.58,0.9600000000000001,1.2399999999999898
1.5899999999999999,2.58,0.9800000000000001,0.9999999999999903
1.5899999999999999,2.58,1.0,0.919999999999991
1.5899999999999999,2.58,1.02,0.9999999999999912
1.5899999999999999,2.58,1.04,1.2399999999999916
1.5899999999999999,2.58,1.06,1.6399999999999924
1.5899999999999999,2.58,1.08,2.199999999999993
1.5899999999999999,2.58,1.1,2.9199999999999946
1.5899999999999999,2.59,0.9,2.769999999999992
1.5899999999999999,2.59,0.92,2.049999999999992
1.5899999999999999,2.59,0.9400000000000001,1.4899999999999916
1.5899999999999999,2.59,0.9600000000000001,1.0899999999999916
1.5899999999999999,2.59,0.9800000000000001,0.8499999999999922
1.5899999999999999,2.59,1.0,0.7699999999999929
1.5899999999999999,2.59,1.02,0.8499999999999931
1.5899999999999999,2.59,1.04,1.0899999999999934
1.5899999999999999,2.59,1.06,1.4899999999999942
1.5899999999999999,2.59,1.08,2.0499999999999954
1.5899999999999999,2.59,1.1,2.7699999999999965
1.5899999999999999,2.5999999999999996,0.9,2.71999999999999
1.5899999999999999,2.5999999999999996,0.92,1.9999999999999893
1.5899999999999999,2.5999999999999996,0.9400000000000001,1.4399999999999893
1.5899999999999999,2.5999999999999996,0.9600000000000001,1.0399999999999894
1.5899999999999999,2.5999999999999996,0.9800000000000001,0.7999999999999899
1.5899999999999999,2.5999999999999996,1.0,0.7199999999999906
1.5899999999999999,2.5999999999999996,1.02,0.7999999999999908
1.5899999999999999,2.5999999999999996,1.04,1.0399999999999912
1.5899999999999999,2.5999999999999996,1.06,1.439999999999992
1.5899999999999999,2.5999999999999996,1.08,1.999999999999993
1.5899999999999999,2.5999999999999996,1.1,2.7199999999999944
1.5899999999999999,2.61,0.9,2.7699999999999876
1.5899999999999999,2.61,0.92,2.0499999999999874
1.5899999999999999,2.61,0.9400000000000001,1.4899999999999871
1.5899999999999999,2.61,0.9600000000000001,1.0899999999999872
1.5899999999999999,2.61,0.9800000000000001,0.8499999999999878
1.5899999999999999,2.61,1.0,0.7699999999999885
1.5899999999999999,2.61,1.02,0.8499999999999887
1.5899999999999999,2.61,1.04,1.089999999999989
1.5899999999999999,2.61,1.06,1.4899999999999898
1.5899999999999999,2.61,1.08,2.049999999999991
1.5899999999999999,2.61,1.1,2.769999999999992
1.5899999999999999,2.62,0.9,2.91999999999999
1.5899999999999999,2.62,0.92,2.1999999999999895
1.5899999999999999,2.62,0.9400000000000001,1.6399999999999897
1.5899999999999999,2.62,0.9600000000000001,1.2399999999999898
1.5899999999999999,2.62,0.9800000000000001,0.9999999999999903
1.5899999999999999,2.62,1.0,0.919999999999991
1.5899999999999999,2.62,1.02,0.9999999999999912
1.5899999999999999,2.62,1.04,1.2399999999999916
1.5899999999999999,2.62,1.06,1.6399999999999924
1.5899999999999999,2.62,1.08,2.199999999999993
1.5899999999999999,2.62,1.1,2.9199999999999946
1.5899999999999999,2.63,0.9,3.169999999999984
1.5899999999999999,2.63,0.92,2.4499999999999833
1.5899999999999999,2.63,0.9400000000000001,1.8899999999999835
1.5899999999999999,2.63,0.9600000000000001,1.4899999999999836
1.5899999999999999,2.63,0.9800000000000001,1.249999999999984
1.5899999999999999,2.63,1.0,1.1699999999999848
1.5899999999999999,2.63,1.02,1.249999999999985
1.5899999999999999,2.63,1.04,1.4899999999999853
1.5899999999999999,2.63,1.06,1.8899999999999861
1.5899999999999999,2.63,1.08,2.449999999999987
1.5899999999999999,2.63,1.1,3.1699999999999884
1.5899999999999999,2.6399999999999997,0.9,3.5199999999999734
1.5899999999999999,2.6399999999999997,0.92,2.799999999999973
1.5899999999999999,2.6399999999999997,0.9400000000000001,2.2399999999999727
1.5899999999999999,2.6399999999999997,0.9600000000000001,1.839999999999973
1.5899999999999999,2.6399999999999997,0.9800000000000001,1.5999999999999734
1.5899999999999999,2.6399999999999997,1.0,1.5199999999999743
1.5899999999999999,2.6399999999999997,1.02,1.5999999999999743
1.5899999999999999,2.6399999999999997,1.04,1.8399999999999748
1.5899999999999999,2.6399999999999997,1.06,2.2399999999999753
1.5899999999999999,2.6399999999999997,1.08,2.7999999999999767
1.5899999999999999,2.6399999999999997,1.1,3.519999999999978
1.5899999999999999,2.65,0.9,3.969999999999981
1.5899999999999999,2.65,0.92,3.2499999999999805
1.5899999999999999,2.65,0.9400000000000001,2.6899999999999804
1.5899999999999999,2.65,0.9600000000000001,2.2899999999999805
1.5899999999999999,2.65,0.9800000000000001,2.049999999999981
1.5899999999999999,2.65,1.0,1.9699999999999818
1.5899999999999999,2.65,1.02,2.049999999999982
1.5899999999999999,2.65,1.04,2.2899999999999823
1.5899999999999999,2.65,1.06,2.689999999999983
1.5899999999999999,2.65,1.08,3.249999999999984
1.5899999999999999,2.65,1.1,3.9699999999999855
1.5899999999999999,2.6599999999999997,0.9,4.519999999999966
1.5899999999999999,2.6599999999999997,0.92,3.799999999999966
1.5899999999999999,2.6599999999999997,0.9400000000000001,3.2399999999999656
1.5899999999999999,2.6599999999999997,0.9600000000000001,2.839999999999966
1.5899999999999999,2.6599999999999997,0.9800000000000001,2.5999999999999663
1.5899999999999999,2.6599999999999997,1.0,2.519999999999967
1.5899999999999999,2.6599999999999997,1.02,2.5999999999999672
1.5899999999999999,2.6599999999999997,1.04,2.839999999999968
1.5899999999999999,2.6599999999999997,1.06,3.2399999999999682
1.5899999999999999,2.6599999999999997,1.08,3.7999999999999696
1.5899999999999999,2.6599999999999997,1.1,4.519999999999971
1.5899999999999999,2.67,0.9,5.169999999999979
1.5899999999999999,2.67,0.92,4.449999999999978
1.5899999999999999,2.67,0.9400000000000001,3.8899999999999784
1.5899999999999999,2.67,0.9600000000000001,3.4899999999999785
1.5899999999999999,2.67,0.9800000000000001,3.2499999999999787
1.5899999999999999,2.67,1.0,3.1699999999999795
1.5899999999999999,2.67,1.02,3.2499999999999796
1.5899999999999999,2.67,1.04,3.4899999999999802
1.5899999999999999,2.67,1.06,3.889999999999981
1.5899999999999999,2.67,1.08,4.4499999999999815
1.5899999999999999,2.67,1.1,5.169999999999983
1.5899999999999999,2.6799999999999997,0.9,5.91999999999996
1.5899999999999999,2.6799999999999997,0.92,5.199999999999959
1.5899999999999999,2.6799999999999997,0.9400000000000001,4.63999999999996
1.5899999999999999,2.6799999999999997,0.9600000000000001,4.239999999999959
1.5899999999999999,2.6799999999999997,0.9800000000000001,3.99999999999996
1.5899999999999999,2.6799999999999997,1.0,3.919999999999961
1.5899999999999999,2.6799999999999997,1.02,3.999999999999961
1.5899999999999999,2.6799999999999997,1.04,4.239999999999961
1.5899999999999999,2.6799999999999997,1.06,4.639999999999962
1.5899999999999999,2.6799999999999997,1.08,5.199999999999963
1.5899999999999999,2.6799999999999997,1.1,5.919999999999964
1.5899999999999999,2.69,0.9,6.769999999999977
1.5899999999999999,2.69,0.92,6.049999999999977
1.5899999999999999,2.69,0.9400000000000001,5.489999999999977
1.5899999999999999,2.69,0.9600000000000001,5.089999999999977
1.5899999999999999,2.69,0.9800000000000001,4.849999999999977
1.5899999999999999,2.69,1.0,4.769999999999978
1.5899999999999999,2.69,1.02,4.849999999999978
1.5899999999999999,2.69,1.04,5.0899999999999785
1.5899999999999999,2.69,1.06,5.48999999999998
1.5899999999999999,2.69,1.08,6.04999999999998
1.5899999999999999,2.69,1.1,6.769999999999982
1.5899999999999999,2.6999999999999997,0.9,7.7199999999999545
1.5899999999999999,2.6999999999999997,0.92,6.999999999999954
1.5899999999999999,2.6999999999999997,0.9400000000000001,6.439999999999954
1.5899999999999999,2.6999999999999997,0.9600000000000001,6.039999999999954
1.5899999999999999,2.6999999999999997,0.9800000000000001,5.7999999999999545
1.5899999999999999,2.6999999999999997,1.0,5.719999999999955
1.5899999999999999,2.6999999999999997,1.02,5.799999999999955
1.5899999999999999,2.6999999999999997,1.04,6.039999999999956
1.5899999999999999,2.6999999999999997,1.06,6.439999999999957
1.5899999999999999,2.6999999999999997,1.08,6.999999999999957
1.5899999999999999,2.6999999999999997,1.1,7.719999999999959
1.5899999999999999,2.71,0.9,8.769999999999975
1.5899999999999999,2.71,0.92,8.049999999999976
1.5899999999999999,2.71,0.9400000000000001,7.489999999999975
1.5899999999999999,2.71,0.9600000000000001,7.089999999999975
1.5899999999999999,2.71,0.9800000000000001,6.849999999999976
1.5899999999999999,2.71,1.0,6.7699999999999765
1.5899999999999999,2.71,1.02,6.8499999999999766
1.5899999999999999,2.71,1.04,7.089999999999977
1.5899999999999999,2.71,1.06,7.489999999999978
1.5899999999999999,2.71,1.08,8.04999999999998
1.5899999999999999,2.71,1.1,8.76999999999998
1.5899999999999999,2.7199999999999998,0.9,9.91999999999995
1.5899999999999999,2.7199999999999998,0.92,9.19999999999995
1.5899999999999999,2.7199999999999998,0.9400000000000001,8.639999999999949
1.5899999999999999,2.7199999999999998,0.9600000000000001,8.23999999999995
1.5899999999999999,2.7199999999999998,0.9800000000000001,7.99999999999995
1.5899999999999999,2.7199999999999998,1.0,7.919999999999951
1.5899999999999999,2.7199999999999998,1.02,7.999999999999951
1.5899999999999999,2.7199999999999998,1.04,8.239999999999952
1.5899999999999999,2.7199999999999998,1.06,8.639999999999953
1.5899999999999999,2.7199999999999998,1.08,9.199999999999953
1.5899999999999999,2.7199999999999998,1.1,9.919999999999956
1.5899999999999999,2.73,0.9,11.169999999999973
1.5899999999999999,2.73,0.92,10.449999999999974
1.5899999999999999,2.73,0.9400000000000001,9.889999999999974
1.5899999999999999,2.73,0.9600000000000001,9.489999999999974
1.5899999999999999,2.73,0.9800000000000001,9.249999999999975
1.5899999999999999,2.73,1.0,9.169999999999975
1.5899999999999999,2.73,1.02,9.249999999999975
1.5899999999999999,2.73,1.04,9.489999999999975
1.5899999999999999,2.73,1.06,9.889999999999976
1.5899999999999999,2.73,1.08,10.449999999999978
1.5899999999999999,2.73,1.1,11.169999999999979
1.5899999999999999,2.7399999999999998,0.9,12.519999999999943
1.5899999999999999,2.7399999999999998,0.92,11.799999999999944
1.5899999999999999,2.7399999999999998,0.9400000000000001,11.239999999999943
1.5899999999999999,2.7399999999999998,0.9600000000000001,10.839999999999943
1.5899999999999999,2.7399999999999998,0.9800000000000001,10.599999999999945
1.5899999999999999,2.7399999999999998,1.0,10.519999999999945
1.5899999999999999,2.7399999999999998,1.02,10.599999999999945
1.5899999999999999,2.7399999999999998,1.04,10.839999999999945
1.5899999999999999,2.7399999999999998,1.06,11.239999999999945
1.5899999999999999,2.7399999999999998,1.08,11.799999999999947
1.5899999999999999,2.7399999999999998,1.1,12.519999999999948
1.5899999999999999,2.75,0.9,13.969999999999978
1.5899999999999999,2.75,0.92,13.249999999999977
1.5899999999999999,2.75,0.9400000000000001,12.689999999999976
1.5899999999999999,2.75,0.9600000000000001,12.289999999999976
1.5899999999999999,2.75,0.9800000000000001,12.049999999999978
1.5899999999999999,2.75,1.0,11.969999999999978
1.5899999999999999,2.75,1.02,12.049999999999978
1.5899999999999999,2.75,1.04,12.289999999999978
1.5899999999999999,2.75,1.06,12.689999999999978
1.5899999999999999,2.75,1.08,13.24999999999998
1.5899999999999999,2.75,1.1,13.969999999999981
1.5899999999999999,2.76,0.9,15.519999999999943
1.5899999999999999,2.76,0.92,14.799999999999942
1.5899999999999999,2.76,0.9400000000000001,14.239999999999942
1.5899999999999999,2.76,0.9600000000000001,13.839999999999941
1.5899999999999999,2.76,0.9800000000000001,13.599999999999943
1.5899999999999999,2.76,1.0,13.519999999999943
1.5899999999999999,2.76,1.02,13.599999999999943
1.5899999999999999,2.76,1.04,13.839999999999943
1.5899999999999999,2.76,1.06,14.239999999999943
1.5899999999999999,2.76,1.08,14.799999999999946
1.5899999999999999,2.76,1.1,15.519999999999946
1.5899999999999999,2.77,0.9,17.169999999999977
1.5899999999999999,2.77,0.92,16.449999999999974
1.5899999999999999,2.77,0.9400000000000001,15.889999999999976
1.5899999999999999,2.77,0.9600000000000001,15.489999999999975
1.5899999999999999,2.77,0.9800000000000001,15.249999999999977
1.5899999999999999,2.77,1.0,15.169999999999977
1.5899999999999999,2.77,1.02,15.249999999999977
1.5899999999999999,2.77,1.04,15.489999999999977
1.5899999999999999,2.77,1.06,15.889999999999977
1.5899999999999999,2.77,1.08,16.449999999999978
1.5899999999999999,2.77,1.1,17.16999999999998
1.5899999999999999,2.78,0.9,18.91999999999994
1.5899999999999999,2.78,0.92,18.19999999999994
1.5899999999999999,2.78,0.9400000000000001,17.63999999999994
1.5899999999999999,2.78,0.9600000000000001,17.23999999999994
1.5899999999999999,2.78,0.9800000000000001,16.99999999999994
1.5899999999999999,2.78,1.0,16.91999999999994
1.5899999999999999,2.78,1.02,16.999999999999943
1.5899999999999999,2.78,1.04,17.23999999999994
1.5899999999999999,2.78,1.06,17.639999999999944
1.5899999999999999,2.78,1.08,18.199999999999942
1.5899999999999999,2.78,1.1,18.919999999999945
1.5899999999999999,2.79,0.9,20.769999999999982
1.5899999999999999,2.79,0.92,20.04999999999998
1.5899999999999999,2.79,0.9400000000000001,19.48999999999998
1.5899999999999999,2.79,0.9600000000000001,19.089999999999982
1.5899999999999999,2.79,0.9800000000000001,18.84999999999998
1.5899999999999999,2.79,1.0,18.769999999999982
1.5899999999999999,2.79,1.02,18.849999999999984
1.5899999999999999,2.79,1.04,19.089999999999982
1.5899999999999999,2.79,1.06,19.489999999999984
1.5899999999999999,2.79,1.08,20.049999999999983
1.5899999999999999,2.79,1.1,20.769999999999985
1.5899999999999999,2.8,0.9,22.71999999999994
1.5899999999999999,2.8,0.92,21.999999999999936
1.5899999999999999,2.8,0.9400000000000001,21.439999999999937
1.5899999999999999,2.8,0.9600000000000001,21.03999999999994
1.5899999999999999,2.8,0.9800000000000001,20.799999999999937
1.5899999999999999,2.8,1.0,20.71999999999994
1.5899999999999999,2.8,1.02,20.79999999999994
1.5899999999999999,2.8,1.04,21.03999999999994
1.5899999999999999,2.8,1.06,21.43999999999994
1.5899999999999999,2.8,1.08,21.99999999999994
1.5899999999999999,2.8,1.1,22.719999999999942
1.5999999999999999,2.4,0.9,23.280000000000022
1.5999999999999999,2.4,0.92,22.56000000000002
1.5999999999999999,2.4,0.9400000000000001,22.00000000000002
1.5999999999999999,2.4,0.9600000000000001,21.600000000000023
1.5999999999999999,2.4,0.9800000000000001,21.36000000000002
1.5999999999999999,2.4,1.0,21.280000000000022
1.5999999999999999,2.4,1.02,21.360000000000024
1.5999999999999999,2.4,1.04,21.600000000000023
1.5999999999999999,2.4,1.06,22.000000000000025
1.5999999999999999,2.4,1.08,22.560000000000024
1.5999999999999999,2.4,1.1,23.280000000000026
1.5999999999999999,2.4099999999999997,0.9,21.33000000000006
1.5999999999999999,2.4099999999999997,0.92,20.610000000000056
1.5999999999999999,2.4099999999999997,0.9400000000000001,20.050000000000058
1.5999999999999999,2.4099999999999997,0.9600000000000001,19.65000000000006
1.5999999999999999,2.4099999999999997,0.9800000000000001,19.410000000000057
1.5999999999999999,2.4099999999999997,1.0,19.33000000000006
1.5999999999999999,2.4099999999999997,1.02,19.41000000000006
1.5999999999999999,2.4099999999999997,1.04,19.65000000000006
1.5999999999999999,2.4099999999999997,1.06,20.05000000000006
1.5999999999999999,2.4099999999999997,1.08,20.61000000000006
1.5999999999999999,2.4099999999999997,1.1,21.330000000000062
1.5999999999999999,2.42,0.9,19.480000000000018
1.5999999999999999,2.42,0.92,18.760000000000016
1.5999999999999999,2.42,0.9400000000000001,18.200000000000017
1.5999999999999999,2.42,0.9600000000000001,17.80000000000002
1.5999999999999999,2.42,0.9800000000000001,17.560000000000016
1.5999999999999999,2.42,1.0,17.480000000000018
1.5999999999999999,2.42,1.02,17.56000000000002
1.5999999999999999,2.42,1.04,17.80000000000002
1.5999999999999999,2.42,1.06,18.20000000000002
1.5999999999999999,2.42,1.08,18.76000000000002
1.5999999999999999,2.42,1.1,19.48000000000002
1.5999999999999999,2.4299999999999997,0.9,17.73000000000005
1.5999999999999999,2.4299999999999997,0.92,17.01000000000005
1.5999999999999999,2.4299999999999997,0.9400000000000001,16.45000000000005
1.5999999999999999,2.4299999999999997,0.9600000000000001,16.05000000000005
1.5999999999999999,2.4299999999999997,0.9800000000000001,15.810000000000052
1.5999999999999999,2.4299999999999997,1.0,15.730000000000052
1.5999999999999999,2.4299999999999997,1.02,15.810000000000052
1.5999999999999999,2.4299999999999997,1.04,16.050000000000054
1.5999999999999999,2.4299999999999997,1.06,16.450000000000053
1.5999999999999999,2.4299999999999997,1.08,17.010000000000055
1.5999999999999999,2.4299999999999997,1.1,17.730000000000054
1.5999999999999999,2.44,0.9,16.080000000000013
1.5999999999999999,2.44,0.92,15.360000000000012
1.5999999999999999,2.44,0.9400000000000001,14.800000000000011
1.5999999999999999,2.44,0.9600000000000001,14.400000000000011
1.5999999999999999,2.44,0.9800000000000001,14.160000000000013
1.5999999999999999,2.44,1.0,14.080000000000013
1.5999999999999999,2.44,1.02,14.160000000000013
1.5999999999999999,2.44,1.04,14.400000000000013
1.5999999999999999,2.44,1.06,14.800000000000013
1.5999999999999999,2.44,1.08,15.360000000000015
1.5999999999999999,2.44,1.1,16.080000000000016
1.5999999999999999,2.4499999999999997,0.9,14.53000000000004
1.5999999999999999,2.4499999999999997,0.92,13.810000000000041
1.5999999999999999,2.4499999999999997,0.9400000000000001,13.25000000000004
1.5999999999999999,2.4499999999999997,0.9600000000000001,12.85000000000004
1.5999999999999999,2.4499999999999997,0.9800000000000001,12.610000000000042
1.5999999999999999,2.4499999999999997,1.0,12.530000000000042
1.5999999999999999,2.4499999999999997,1.02,12.610000000000042
1.5999999999999999,2.4499999999999997,1.04,12.850000000000042
1.5999999999999999,2.4499999999999997,1.06,13.250000000000043
1.5999999999999999,2.4499999999999997,1.08,13.810000000000045
1.5999999999999999,2.4499999999999997,1.1,14.530000000000046
1.5999999999999999,2.46,0.9,13.080000000000005
1.5999999999999999,2.46,0.92,12.360000000000005
1.5999999999999999,2.46,0.9400000000000001,11.800000000000004
1.5999999999999999,2.46,0.9600000000000001,11.400000000000004
1.5999999999999999,2.46,0.9800000000000001,11.160000000000005
1.5999999999999999,2.46,1.0,11.080000000000005
1.5999999999999999,2.46,1.02,11.160000000000005
1.5999999999999999,2.46,1.04,11.400000000000006
1.5999999999999999,2.46,1.06,11.800000000000006
1.5999999999999999,2.46,1.08,12.360000000000008
1.5999999999999999,2.46,1.1,13.080000000000009
1.5999999999999999,2.4699999999999998,0.9,11.730000000000032
1.5999999999999999,2.4699999999999998,0.92,11.010000000000032
1.5999999999999999,2.4699999999999998,0.9400000000000001,10.450000000000031
1.5999999999999999,2.4699999999999998,0.9600000000000001,10.050000000000031
1.5999999999999999,2.4699999999999998,0.9800000000000001,9.810000000000032
1.5999999999999999,2.4699999999999998,1.0,9.730000000000032
1.5999999999999999,2.4699999999999998,1.02,9.810000000000032
1.5999999999999999,2.4699999999999998,1.04,10.050000000000033
1.5999999999999999,2.4699999999999998,1.06,10.450000000000033
1.5999999999999999,2.4699999999999998,1.08,11.010000000000035
1.5999999999999999,2.4699999999999998,1.1,11.730000000000036
1.5999999999999999,2.48,0.9,10.48
1.5999999999999999,2.48,0.92,9.76
1.5999999999999999,2.48,0.9400000000000001,9.2
1.5999999999999999,2.48,0.9600000000000001,8.799999999999999
1.5999999999999999,2.48,0.9800000000000001,8.56
1.5999999999999999,2.48,1.0,8.48
1.5999999999999999,2.48,1.02,8.56
1.5999999999999999,2.48,1.04,8.8
1.5999999999999999,2.48,1.06,9.200000000000001
1.5999999999999999,2.48,1.08,9.760000000000003
1.5999999999999999,2.48,1.1,10.480000000000004
1.5999999999999999,2.4899999999999998,0.9,9.330000000000023
1.5999999999999999,2.4899999999999998,0.92,8.610000000000023
1.5999999999999999,2.4899999999999998,0.9400000000000001,8.050000000000022
1.5999999999999999,2.4899999999999998,0.9600000000000001,7.650000000000022
1.5999999999999999,2.4899999999999998,0.9800000000000001,7.410000000000022
1.5999999999999999,2.4899999999999998,1.0,7.330000000000023
1.5999999999999999,2.4899999999999998,1.02,7.410000000000023
1.5999999999999999,2.4899999999999998,1.04,7.6500000000000234
1.5999999999999999,2.4899999999999998,1.06,8.050000000000024
1.5999999999999999,2.4899999999999998,1.08,8.610000000000026
1.5999999999999999,2.4899999999999998,1.1,9.330000000000027
1.5999999999999999,2.5,0.9,8.279999999999996
1.5999999999999999,2.5,0.92,7.559999999999995
1.5999999999999999,2.5,0.9400000000000001,6.999999999999996
1.5999999999999999,2.5,0.9600000000000001,6.599999999999995
1.5999999999999999,2.5,0.9800000000000001,6.359999999999996
1.5999999999999999,2.5,1.0,6.279999999999997
1.5999999999999999,2.5,1.02,6.359999999999997
1.5999999999999999,2.5,1.04,6.599999999999997
1.5999999999999999,2.5,1.06,6.999999999999998
1.5999999999999999,2.5,1.08,7.559999999999999
1.5999999999999999,2.5,1.1,8.280000000000001
1.5999999999999999,2.51,0.9,7.330000000000014
1.5999999999999999,2.51,0.92,6.610000000000014
1.5999999999999999,2.51,0.9400000000000001,6.050000000000014
1.5999999999999999,2.51,0.9600000000000001,5.650000000000014
1.5999999999999999,2.51,0.9800000000000001,5.410000000000014
1.5999999999999999,2.51,1.0,5.330000000000015
1.5999999999999999,2.51,1.02,5.410000000000015
1.5999999999999999,2.51,1.04,5.6500000000000155
1.5999999999999999,2.51,1.06,6.050000000000017
1.5999999999999999,2.51,1.08,6.610000000000017
1.5999999999999999,2.51,1.1,7.330000000000019
1.5999999999999999,2.52,0.9,6.479999999999993
1.5999999999999999,2.52,0.92,5.759999999999993
1.5999999999999999,2.52,0.9400000000000001,5.199999999999993
1.5999999999999999,2.52,0.9600000000000001,4.799999999999993
1.5999999999999999,2.52,0.9800000000000001,4.559999999999993
1.5999999999999999,2.52,1.0,4.479999999999994
1.5999999999999999,2.52,1.02,4.559999999999994
1.5999999999999999,2.52,1.04,4.7999999999999945
1.5999999999999999,2.52,1.06,5.199999999999996
1.5999999999999999,2.52,1.08,5.759999999999996
1.5999999999999999,2.52,1.1,6.479999999999998
1.5999999999999999,2.53,0.9,5.730000000000007
1.5999999999999999,2.53,0.92,5.010000000000006
1.5999999999999999,2.53,0.9400000000000001,4.450000000000006
1.5999999999999999,2.53,0.9600000000000001,4.050000000000006
1.5999999999999999,2.53,0.9800000000000001,3.8100000000000067
1.5999999999999999,2.53,1.0,3.7300000000000075
1.5999999999999999,2.53,1.02,3.8100000000000076
1.5999999999999999,2.53,1.04,4.050000000000008
1.5999999999999999,2.53,1.06,4.450000000000009
1.5999999999999999,2.53,1.08,5.01000000000001
1.5999999999999999,2.53,1.1,5.730000000000011
1.5999999999999999,2.54,0.9,5.07999999999999
1.5999999999999999,2.54,0.92,4.35999999999999
1.5999999999999999,2.54,0.9400000000000001,3.79999999999999
1.5999999999999999,2.54,0.9600000000000001,3.39999999999999
1.5999999999999999,2.54,0.9800000000000001,3.1599999999999904
1.5999999999999999,2.54,1.0,3.079999999999991
1.5999999999999999,2.54,1.02,3.1599999999999913
1.5999999999999999,2.54,1.04,3.399999999999992
1.5999999999999999,2.54,1.06,3.7999999999999927
1.5999999999999999,2.54,1.08,4.359999999999993
1.5999999999999999,2.54,1.1,5.079999999999995
1.5999999999999999,2.55,0.9,4.53
1.5999999999999999,2.55,0.92,3.8099999999999996
1.5999999999999999,2.55,0.9400000000000001,3.25
1.5999999999999999,2.55,0.9600000000000001,2.85
1.5999999999999999,2.55,0.9800000000000001,2.6100000000000003
1.5999999999999999,2.55,1.0,2.530000000000001
1.5999999999999999,2.55,1.02,2.610000000000001
1.5999999999999999,2.55,1.04,2.850000000000002
1.5999999999999999,2.55,1.06,3.2500000000000027
1.5999999999999999,2.55,1.08,3.810000000000003
1.5999999999999999,2.55,1.1,4.530000000000005
1.5999999999999999,2.56,0.9,4.0799999999999885
1.5999999999999999,2.56,0.92,3.359999999999988
1.5999999999999999,2.56,0.9400000000000001,2.7999999999999883
1.5999999999999999,2.56,0.9600000000000001,2.3999999999999884
1.5999999999999999,2.56,0.9800000000000001,2.1599999999999886
1.5999999999999999,2.56,1.0,2.0799999999999894
1.5999999999999999,2.56,1.02,2.1599999999999895
1.5999999999999999,2.56,1.04,2.39999999999999
1.5999999999999999,2.56,1.06,2.799999999999991
1.5999999999999999,2.56,1.08,3.3599999999999914
1.5999999999999999,2.56,1.1,4.079999999999993
1.5999999999999999,2.57,0.9,3.7299999999999947
1.5999999999999999,2.57,0.92,3.0099999999999945
1.5999999999999999,2.57,0.9400000000000001,2.449999999999994
1.5999999999999999,2.57,0.9600000000000001,2.0499999999999945
1.5999999999999999,2.57,0.9800000000000001,1.8099999999999947
1.5999999999999999,2.57,1.0,1.7299999999999955
1.5999999999999999,2.57,1.02,1.8099999999999956
1.5999999999999999,2.57,1.04,2.0499999999999963
1.5999999999999999,2.57,1.06,2.4499999999999966
1.5999999999999999,2.57,1.08,3.009999999999998
1.5999999999999999,2.57,1.1,3.729999999999999
1.5999999999999999,2.58,0.9,3.4799999999999875
1.5999999999999999,2.58,0.92,2.7599999999999874
1.5999999999999999,2.58,0.9400000000000001,2.199999999999987
1.5999999999999999,2.58,0.9600000000000001,1.7999999999999872
1.5999999999999999,2.58,0.9800000000000001,1.5599999999999876
1.5999999999999999,2.58,1.0,1.4799999999999884
1.5999999999999999,2.58,1.02,1.5599999999999885
1.5999999999999999,2.58,1.04,1.799999999999989
1.5999999999999999,2.58,1.06,2.1999999999999895
1.5999999999999999,2.58,1.08,2.759999999999991
1.5999999999999999,2.58,1.1,3.479999999999992
1.5999999999999999,2.59,0.9,3.3299999999999894
1.5999999999999999,2.59,0.92,2.6099999999999888
1.5999999999999999,2.59,0.9400000000000001,2.049999999999989
1.5999999999999999,2.59,0.9600000000000001,1.649999999999989
1.5999999999999999,2.59,0.9800000000000001,1.4099999999999895
1.5999999999999999,2.59,1.0,1.3299999999999903
1.5999999999999999,2.59,1.02,1.4099999999999904
1.5999999999999999,2.59,1.04,1.6499999999999908
1.5999999999999999,2.59,1.06,2.049999999999992
1.5999999999999999,2.59,1.08,2.6099999999999923
1.5999999999999999,2.59,1.1,3.329999999999994
1.5999999999999999,2.5999999999999996,0.9,3.279999999999987
1.5999999999999999,2.5999999999999996,0.92,2.5599999999999867
1.5999999999999999,2.5999999999999996,0.9400000000000001,1.9999999999999867
1.5999999999999999,2.5999999999999996,0.9600000000000001,1.5999999999999868
1.5999999999999999,2.5999999999999996,0.9800000000000001,1.3599999999999872
1.5999999999999999,2.5999999999999996,1.0,1.279999999999988
1.5999999999999999,2.5999999999999996,1.02,1.359999999999988
1.5999999999999999,2.5999999999999996,1.04,1.5999999999999885
1.5999999999999999,2.5999999999999996,1.06,1.9999999999999893
1.5999999999999999,2.5999999999999996,1.08,2.5599999999999903
1.5999999999999999,2.5999999999999996,1.1,3.2799999999999914
1.5999999999999999,2.61,0.9,3.329999999999985
1.5999999999999999,2.61,0.92,2.6099999999999843
1.5999999999999999,2.61,0.9400000000000001,2.0499999999999847
1.5999999999999999,2.61,0.9600000000000001,1.6499999999999846
1.5999999999999999,2.61,0.9800000000000001,1.409999999999985
1.5999999999999999,2.61,1.0,1.3299999999999859
1.5999999999999999,2.61,1.02,1.409999999999986
1.5999999999999999,2.61,1.04,1.6499999999999864
1.5999999999999999,2.61,1.06,2.0499999999999874
1.5999999999999999,2.61,1.08,2.609999999999988
1.5999999999999999,2.61,1.1,3.3299999999999894
1.5999999999999999,2.62,0.9,3.4799999999999875
1.5999999999999999,2.62,0.92,2.7599999999999874
1.5999999999999999,2.62,0.9400000000000001,2.199999999999987
1.5999999999999999,2.62,0.9600000000000001,1.7999999999999872
1.5999999999999999,2.62,0.9800000000000001,1.5599999999999876
1.5999999999999999,2.62,1.0,1.4799999999999884
1.5999999999999999,2.62,1.02,1.5599999999999885
1.5999999999999999,2.62,1.04,1.799999999999989
1.5999999999999999,2.62,1.06,2.1999999999999895
1.5999999999999999,2.62,1.08,2.759999999999991
1.5999999999999999,2.62,1.1,3.479999999999992
1.5999999999999999,2.63,0.9,3.7299999999999813
1.5999999999999999,2.63,0.92,3.009999999999981
1.5999999999999999,2.63,0.9400000000000001,2.4499999999999806
1.5999999999999999,2.63,0.9600000000000001,2.049999999999981
1.5999999999999999,2.63,0.9800000000000001,1.8099999999999814
1.5999999999999999,2.63,1.0,1.7299999999999822
1.5999999999999999,2.63,1.02,1.8099999999999823
1.5999999999999999,2.63,1.04,2.049999999999983
1.5999999999999999,2.63,1.06,2.4499999999999833
1.5999999999999999,2.63,1.08,3.0099999999999847
1.5999999999999999,2.63,1.1,3.7299999999999858
1.5999999999999999,2.6399999999999997,0.9,4.079999999999971
1.5999999999999999,2.6399999999999997,0.92,3.35999999999997
1.5999999999999999,2.6399999999999997,0.9400000000000001,2.7999999999999705
1.5999999999999999,2.6399999999999997,0.9600000000000001,2.3999999999999706
1.5999999999999999,2.6399999999999997,0.9800000000000001,2.159999999999971
1.5999999999999999,2.6399999999999997,1.0,2.0799999999999716
1.5999999999999999,2.6399999999999997,1.02,2.1599999999999717
1.5999999999999999,2.6399999999999997,1.04,2.3999999999999724
1.5999999999999999,2.6399999999999997,1.06,2.799999999999973
1.5999999999999999,2.6399999999999997,1.08,3.3599999999999737
1.5999999999999999,2.6399999999999997,1.1,4.079999999999975
1.5999999999999999,2.65,0.9,4.529999999999978
1.5999999999999999,2.65,0.92,3.8099999999999774
1.5999999999999999,2.65,0.9400000000000001,3.249999999999978
1.5999999999999999,2.65,0.9600000000000001,2.849999999999978
1.5999999999999999,2.65,0.9800000000000001,2.609999999999978
1.5999999999999999,2.65,1.0,2.529999999999979
1.5999999999999999,2.65,1.02,2.609999999999979
1.5999999999999999,2.65,1.04,2.8499999999999797
1.5999999999999999,2.65,1.06,3.2499999999999805
1.5999999999999999,2.65,1.08,3.809999999999981
1.5999999999999999,2.65,1.1,4.5299999999999825
1.5999999999999999,2.6599999999999997,0.9,5.079999999999964
1.5999999999999999,2.6599999999999997,0.92,4.359999999999963
1.5999999999999999,2.6599999999999997,0.9400000000000001,3.7999999999999634
1.5999999999999999,2.6599999999999997,0.9600000000000001,3.3999999999999635
1.5999999999999999,2.6599999999999997,0.9800000000000001,3.1599999999999637
1.5999999999999999,2.6599999999999997,1.0,3.0799999999999645
1.5999999999999999,2.6599999999999997,1.02,3.1599999999999646
1.5999999999999999,2.6599999999999997,1.04,3.3999999999999653
1.5999999999999999,2.6599999999999997,1.06,3.799999999999966
1.5999999999999999,2.6599999999999997,1.08,4.359999999999967
1.5999999999999999,2.6599999999999997,1.1,5.079999999999968
1.5999999999999999,2.67,0.9,5.729999999999976
1.5999999999999999,2.67,0.92,5.009999999999975
1.5999999999999999,2.67,0.9400000000000001,4.449999999999975
1.5999999999999999,2.67,0.9600000000000001,4.049999999999975
1.5999999999999999,2.67,0.9800000000000001,3.8099999999999756
1.5999999999999999,2.67,1.0,3.7299999999999764
1.5999999999999999,2.67,1.02,3.8099999999999765
1.5999999999999999,2.67,1.04,4.049999999999977
1.5999999999999999,2.67,1.06,4.449999999999978
1.5999999999999999,2.67,1.08,5.0099999999999785
1.5999999999999999,2.67,1.1,5.72999999999998
1.5999999999999999,2.6799999999999997,0.9,6.479999999999958
1.5999999999999999,2.6799999999999997,0.92,5.759999999999957
1.5999999999999999,2.6799999999999997,0.9400000000000001,5.1999999999999575
1.5999999999999999,2.6799999999999997,0.9600000000000001,4.799999999999957
1.5999999999999999,2.6799999999999997,0.9800000000000001,4.559999999999958
1.5999999999999999,2.6799999999999997,1.0,4.479999999999959
1.5999999999999999,2.6799999999999997,1.02,4.559999999999959
1.5999999999999999,2.6799999999999997,1.04,4.799999999999959
1.5999999999999999,2.6799999999999997,1.06,5.19999999999996
1.5999999999999999,2.6799999999999997,1.08,5.759999999999961
1.5999999999999999,2.6799999999999997,1.1,6.479999999999962
1.5999999999999999,2.69,0.9,7.329999999999974
1.5999999999999999,2.69,0.92,6.609999999999974
1.5999999999999999,2.69,0.9400000000000001,6.049999999999974
1.5999999999999999,2.69,0.9600000000000001,5.649999999999974
1.5999999999999999,2.69,0.9800000000000001,5.409999999999974
1.5999999999999999,2.69,1.0,5.329999999999975
1.5999999999999999,2.69,1.02,5.409999999999975
1.5999999999999999,2.69,1.04,5.6499999999999755
1.5999999999999999,2.69,1.06,6.049999999999977
1.5999999999999999,2.69,1.08,6.609999999999977
1.5999999999999999,2.69,1.1,7.329999999999979
1.5999999999999999,2.6999999999999997,0.9,8.279999999999951
1.5999999999999999,2.6999999999999997,0.92,7.559999999999951
1.5999999999999999,2.6999999999999997,0.9400000000000001,6.999999999999951
1.5999999999999999,2.6999999999999997,0.9600000000000001,6.599999999999951
1.5999999999999999,2.6999999999999997,0.9800000000000001,6.3599999999999515
1.5999999999999999,2.6999999999999997,1.0,6.279999999999952
1.5999999999999999,2.6999999999999997,1.02,6.359999999999952
1.5999999999999999,2.6999999999999997,1.04,6.599999999999953
1.5999999999999999,2.6999999999999997,1.06,6.999999999999954
1.5999999999999999,2.6999999999999997,1.08,7.559999999999954
1.5999999999999999,2.6999999999999997,1.1,8.279999999999955
1.5999999999999999,2.71,0.9,9.329999999999973
1.5999999999999999,2.71,0.92,8.609999999999973
1.5999999999999999,2.71,0.9400000000000001,8.049999999999972
1.5999999999999999,2.71,0.9600000000000001,7.649999999999972
1.5999999999999999,2.71,0.9800000000000001,7.409999999999973
1.5999999999999999,2.71,1.0,7.329999999999973
1.5999999999999999,2.71,1.02,7.4099999999999735
1.5999999999999999,2.71,1.04,7.649999999999974
1.5999999999999999,2.71,1.06,8.049999999999974
1.5999999999999999,2.71,1.08,8.609999999999976
1.5999999999999999,2.71,1.1,9.329999999999977
1.5999999999999999,2.7199999999999998,0.9,10.479999999999947
1.5999999999999999,2.7199999999999998,0.92,9.759999999999948
1.5999999999999999,2.7199999999999998,0.9400000000000001,9.199999999999948
1.5999999999999999,2.7199999999999998,0.9600000000000001,8.799999999999947
1.5999999999999999,2.7199999999999998,0.9800000000000001,8.559999999999949
1.5999999999999999,2.7199999999999998,1.0,8.479999999999949
1.5999999999999999,2.7199999999999998,1.02,8.559999999999949
1.5999999999999999,2.7199999999999998,1.04,8.79999999999995
1.5999999999999999,2.7199999999999998,1.06,9.19999999999995
1.5999999999999999,2.7199999999999998,1.08,9.759999999999952
1.5999999999999999,2.7199999999999998,1.1,10.479999999999952
1.5999999999999999,2.73,0.9,11.729999999999972
1.5999999999999999,2.73,0.92,11.009999999999973
1.5999999999999999,2.73,0.9400000000000001,10.449999999999973
1.5999999999999999,2.73,0.9600000000000001,10.049999999999972
1.5999999999999999,2.73,0.9800000000000001,9.809999999999974
1.5999999999999999,2.73,1.0,9.729999999999974
1.5999999999999999,2.73,1.02,9.809999999999974
1.5999999999999999,2.73,1.04,10.049999999999974
1.5999999999999999,2.73,1.06,10.449999999999974
1.5999999999999999,2.73,1.08,11.009999999999977
1.5999999999999999,2.73,1.1,11.729999999999977
1.5999999999999999,2.7399999999999998,0.9,13.079999999999941
1.5999999999999999,2.7399999999999998,0.92,12.359999999999943
1.5999999999999999,2.7399999999999998,0.9400000000000001,11.799999999999942
1.5999999999999999,2.7399999999999998,0.9600000000000001,11.399999999999942
1.5999999999999999,2.7399999999999998,0.9800000000000001,11.159999999999943
1.5999999999999999,2.7399999999999998,1.0,11.079999999999943
1.5999999999999999,2.7399999999999998,1.02,11.159999999999943
1.5999999999999999,2.7399999999999998,1.04,11.399999999999944
1.5999999999999999,2.7399999999999998,1.06,11.799999999999944
1.5999999999999999,2.7399999999999998,1.08,12.359999999999946
1.5999999999999999,2.7399999999999998,1.1,13.079999999999947
1.5999999999999999,2.75,0.9,14.529999999999976
1.5999999999999999,2.75,0.92,13.809999999999976
1.5999999999999999,2.75,0.9400000000000001,13.249999999999975
1.5999999999999999,2.75,0.9600000000000001,12.849999999999975
1.5999999999999999,2.75,0.9800000000000001,12.609999999999976
1.5999999999999999,2.75,1.0,12.529999999999976
1.5999999999999999,2.75,1.02,12.609999999999976
1.5999999999999999,2.75,1.04,12.849999999999977
1.5999999999999999,2.75,1.06,13.249999999999977
1.5999999999999999,2.75,1.08,13.80999999999998
1.5999999999999999,2.75,1.1,14.52999999999998
1.5999999999999999,2.76,0.9,16.07999999999994
1.5999999999999999,2.76,0.92,15.35999999999994
1.5999999999999999,2.76,0.9400000000000001,14.79999999999994
1.5999999999999999,2.76,0.9600000000000001,14.39999999999994
1.5999999999999999,2.76,0.9800000000000001,14.159999999999942
1.5999999999999999,2.76,1.0,14.079999999999941
1.5999999999999999,2.76,1.02,14.159999999999942
1.5999999999999999,2.76,1.04,14.399999999999942
1.5999999999999999,2.76,1.06,14.799999999999942
1.5999999999999999,2.76,1.08,15.359999999999944
1.5999999999999999,2.76,1.1,16.079999999999945
1.5999999999999999,2.77,0.9,17.729999999999976
1.5999999999999999,2.77,0.92,17.009999999999973
1.5999999999999999,2.77,0.9400000000000001,16.449999999999974
1.5999999999999999,2.77,0.9600000000000001,16.049999999999976
1.5999999999999999,2.77,0.9800000000000001,15.809999999999976
1.5999999999999999,2.77,1.0,15.729999999999976
1.5999999999999999,2.77,1.02,15.809999999999976
1.5999999999999999,2.77,1.04,16.049999999999976
1.5999999999999999,2.77,1.06,16.449999999999978
1.5999999999999999,2.77,1.08,17.009999999999977
1.5999999999999999,2.77,1.1,17.72999999999998
1.5999999999999999,2.78,0.9,19.479999999999936
1.5999999999999999,2.78,0.92,18.759999999999934
1.5999999999999999,2.78,0.9400000000000001,18.199999999999935
1.5999999999999999,2.78,0.9600000000000001,17.799999999999937
1.5999999999999999,2.78,0.9800000000000001,17.559999999999935
1.5999999999999999,2.78,1.0,17.479999999999936
1.5999999999999999,2.78,1.02,17.55999999999994
1.5999999999999999,2.78,1.04,17.799999999999937
1.5999999999999999,2.78,1.06,18.19999999999994
1.5999999999999999,2.78,1.08,18.759999999999938
1.5999999999999999,2.78,1.1,19.47999999999994
1.5999999999999999,2.79,0.9,21.329999999999977
1.5999999999999999,2.79,0.92,20.609999999999975
1.5999999999999999,2.79,0.9400000000000001,20.049999999999976
1.5999999999999999,2.79,0.9600000000000001,19.649999999999977
1.5999999999999999,2.79,0.9800000000000001,19.409999999999975
1.5999999999999999,2.79,1.0,19.329999999999977
1.5999999999999999,2.79,1.02,19.40999999999998
1.5999999999999999,2.79,1.04,19.649999999999977
1.5999999999999999,2.79,1.06,20.04999999999998
1.5999999999999999,2.79,1.08,20.609999999999978
1.5999999999999999,2.79,1.1,21.32999999999998
1.5999999999999999,2.8,0.9,23.279999999999934
1.5999999999999999,2.8,0.92,22.55999999999993
1.5999999999999999,2.8,0.9400000000000001,21.999999999999932
1.5999999999999999,2.8,0.9600000000000001,21.599999999999934
1.5999999999999999,2.8,0.9800000000000001,21.359999999999932
1.5999999999999999,2.8,1.0,21.279999999999934
1.5999999999999999,2.8,1.02,21.359999999999935
1.5999999999999999,2.8,1.04,21.599999999999934
1.5999999999999999,2.8,1.06,21.999999999999936
1.5999999999999999,2.8,1.08,22.559999999999935
1.5999999999999999,2.8,1.1,23.279999999999937
1.6099999999999999,2.4,0.9,24.00000000000002
1.6099999999999999,2.4,0.92,23.28000000000002
1.6099999999999999,2.4,0.9400000000000001,22.72000000000002
1.6099999999999999,2.4,0.9600000000000001,22.32000000000002
1.6099999999999999,2.4,0.9800000000000001,22.08000000000002
1.6099999999999999,2.4,1.0,22.00000000000002
1.6099999999999999,2.4,1.02,22.080000000000023
1.6099999999999999,2.4,1.04,22.32000000000002
1.6099999999999999,2.4,1.06,22.720000000000024
1.6099999999999999,2.4,1.08,23.280000000000022
1.6099999999999999,2.4,1.1,24.000000000000025
1.6099999999999999,2.4099999999999997,0.9,22.050000000000058
1.6099999999999999,2.4099999999999997,0.92,21.330000000000055
1.6099999999999999,2.4099999999999997,0.9400000000000001,20.770000000000056
1.6099999999999999,2.4099999999999997,0.9600000000000001,20.370000000000058
1.6099999999999999,2.4099999999999997,0.9800000000000001,20.130000000000056
1.6099999999999999,2.4099999999999997,1.0,20.050000000000058
1.6099999999999999,2.4099999999999997,1.02,20.13000000000006
1.6099999999999999,2.4099999999999997,1.04,20.370000000000058
1.6099999999999999,2.4099999999999997,1.06,20.77000000000006
1.6099999999999999,2.4099999999999997,1.08,21.33000000000006
1.6099999999999999,2.4099999999999997,1.1,22.05000000000006
1.6099999999999999,2.42,0.9,20.200000000000017
1.6099999999999999,2.42,0.92,19.480000000000015
1.6099999999999999,2.42,0.9400000000000001,18.920000000000016
1.6099999999999999,2.42,0.9600000000000001,18.520000000000017
1.6099999999999999,2.42,0.9800000000000001,18.280000000000015
1.6099999999999999,2.42,1.0,18.200000000000017
1.6099999999999999,2.42,1.02,18.28000000000002
1.6099999999999999,2.42,1.04,18.520000000000017
1.6099999999999999,2.42,1.06,18.92000000000002
1.6099999999999999,2.42,1.08,19.480000000000018
1.6099999999999999,2.42,1.1,20.20000000000002
1.6099999999999999,2.4299999999999997,0.9,18.45000000000005
1.6099999999999999,2.4299999999999997,0.92,17.730000000000047
1.6099999999999999,2.4299999999999997,0.9400000000000001,17.170000000000048
1.6099999999999999,2.4299999999999997,0.9600000000000001,16.77000000000005
1.6099999999999999,2.4299999999999997,0.9800000000000001,16.530000000000047
1.6099999999999999,2.4299999999999997,1.0,16.45000000000005
1.6099999999999999,2.4299999999999997,1.02,16.53000000000005
1.6099999999999999,2.4299999999999997,1.04,16.77000000000005
1.6099999999999999,2.4299999999999997,1.06,17.17000000000005
1.6099999999999999,2.4299999999999997,1.08,17.73000000000005
1.6099999999999999,2.4299999999999997,1.1,18.450000000000053
1.6099999999999999,2.44,0.9,16.800000000000008
1.6099999999999999,2.44,0.92,16.08000000000001
1.6099999999999999,2.44,0.9400000000000001,15.520000000000008
1.6099999999999999,2.44,0.9600000000000001,15.120000000000008
1.6099999999999999,2.44,0.9800000000000001,14.88000000000001
1.6099999999999999,2.44,1.0,14.80000000000001
1.6099999999999999,2.44,1.02,14.88000000000001
1.6099999999999999,2.44,1.04,15.12000000000001
1.6099999999999999,2.44,1.06,15.52000000000001
1.6099999999999999,2.44,1.08,16.080000000000013
1.6099999999999999,2.44,1.1,16.80000000000001
1.6099999999999999,2.4499999999999997,0.9,15.250000000000039
1.6099999999999999,2.4499999999999997,0.92,14.530000000000038
1.6099999999999999,2.4499999999999997,0.9400000000000001,13.970000000000038
1.6099999999999999,2.4499999999999997,0.9600000000000001,13.570000000000038
1.6099999999999999,2.4499999999999997,0.9800000000000001,13.33000000000004
1.6099999999999999,2.4499999999999997,1.0,13.250000000000039
1.6099999999999999,2.4499999999999997,1.02,13.33000000000004
1.6099999999999999,2.4499999999999997,1.04,13.57000000000004
1.6099999999999999,2.4499999999999997,1.06,13.97000000000004
1.6099999999999999,2.4499999999999997,1.08,14.530000000000042
1.6099999999999999,2.4499999999999997,1.1,15.250000000000043
1.6099999999999999,2.46,0.9,13.8
1.6099999999999999,2.46,0.92,13.080000000000002
1.6099999999999999,2.46,0.9400000000000001,12.520000000000001
1.6099999999999999,2.46,0.9600000000000001,12.120000000000001
1.6099999999999999,2.46,0.9800000000000001,11.880000000000003
1.6099999999999999,2.46,1.0,11.800000000000002
1.6099999999999999,2.46,1.02,11.880000000000003
1.6099999999999999,2.46,1.04,12.120000000000003
1.6099999999999999,2.46,1.06,12.520000000000003
1.6099999999999999,2.46,1.08,13.080000000000005
1.6099999999999999,2.46,1.1,13.800000000000006
1.6099999999999999,2.4699999999999998,0.9,12.450000000000028
1.6099999999999999,2.4699999999999998,0.92,11.730000000000029
1.6099999999999999,2.4699999999999998,0.9400000000000001,11.170000000000028
1.6099999999999999,2.4699999999999998,0.9600000000000001,10.770000000000028
1.6099999999999999,2.4699999999999998,0.9800000000000001,10.53000000000003
1.6099999999999999,2.4699999999999998,1.0,10.45000000000003
1.6099999999999999,2.4699999999999998,1.02,10.53000000000003
1.6099999999999999,2.4699999999999998,1.04,10.77000000000003
1.6099999999999999,2.4699999999999998,1.06,11.17000000000003
1.6099999999999999,2.4699999999999998,1.08,11.730000000000032
1.6099999999999999,2.4699999999999998,1.1,12.450000000000033
1.6099999999999999,2.48,0.9,11.2
1.6099999999999999,2.48,0.92,10.479999999999999
1.6099999999999999,2.48,0.9400000000000001,9.919999999999998
1.6099999999999999,2.48,0.9600000000000001,9.519999999999998
1.6099999999999999,2.48,0.9800000000000001,9.28
1.6099999999999999,2.48,1.0,9.2
1.6099999999999999,2.48,1.02,9.28
1.6099999999999999,2.48,1.04,9.52
1.6099999999999999,2.48,1.06,9.92
1.6099999999999999,2.48,1.08,10.480000000000002
1.6099999999999999,2.48,1.1,11.200000000000003
1.6099999999999999,2.4899999999999998,0.9,10.050000000000022
1.6099999999999999,2.4899999999999998,0.92,9.330000000000021
1.6099999999999999,2.4899999999999998,0.9400000000000001,8.770000000000021
1.6099999999999999,2.4899999999999998,0.9600000000000001,8.37000000000002
1.6099999999999999,2.4899999999999998,0.9800000000000001,8.130000000000022
1.6099999999999999,2.4899999999999998,1.0,8.050000000000022
1.6099999999999999,2.4899999999999998,1.02,8.130000000000022
1.6099999999999999,2.4899999999999998,1.04,8.370000000000022
1.6099999999999999,2.4899999999999998,1.06,8.770000000000023
1.6099999999999999,2.4899999999999998,1.08,9.330000000000025
1.6099999999999999,2.4899999999999998,1.1,10.050000000000026
1.6099999999999999,2.5,0.9,8.999999999999993
1.6099999999999999,2.5,0.92,8.279999999999994
1.6099999999999999,2.5,0.9400000000000001,7.7199999999999935
1.6099999999999999,2.5,0.9600000000000001,7.319999999999993
1.6099999999999999,2.5,0.9800000000000001,7.079999999999994
1.6099999999999999,2.5,1.0,6.999999999999995
1.6099999999999999,2.5,1.02,7.079999999999995
1.6099999999999999,2.5,1.04,7.319999999999995
1.6099999999999999,2.5,1.06,7.719999999999996
1.6099999999999999,2.5,1.08,8.279999999999998
1.6099999999999999,2.5,1.1,8.999999999999998
1.6099999999999999,2.51,0.9,8.050000000000011
1.6099999999999999,2.51,0.92,7.330000000000012
1.6099999999999999,2.51,0.9400000000000001,6.770000000000012
1.6099999999999999,2.51,0.9600000000000001,6.370000000000012
1.6099999999999999,2.51,0.9800000000000001,6.130000000000012
1.6099999999999999,2.51,1.0,6.050000000000013
1.6099999999999999,2.51,1.02,6.130000000000013
1.6099999999999999,2.51,1.04,6.370000000000013
1.6099999999999999,2.51,1.06,6.770000000000015
1.6099999999999999,2.51,1.08,7.330000000000015
1.6099999999999999,2.51,1.1,8.050000000000017
1.6099999999999999,2.52,0.9,7.199999999999991
1.6099999999999999,2.52,0.92,6.479999999999991
1.6099999999999999,2.52,0.9400000000000001,5.919999999999991
1.6099999999999999,2.52,0.9600000000000001,5.519999999999991
1.6099999999999999,2.52,0.9800000000000001,5.279999999999991
1.6099999999999999,2.52,1.0,5.199999999999992
1.6099999999999999,2.52,1.02,5.279999999999992
1.6099999999999999,2.52,1.04,5.5199999999999925
1.6099999999999999,2.52,1.06,5.919999999999994
1.6099999999999999,2.52,1.08,6.479999999999994
1.6099999999999999,2.52,1.1,7.199999999999996
1.6099999999999999,2.53,0.9,6.450000000000005
1.6099999999999999,2.53,0.92,5.730000000000004
1.6099999999999999,2.53,0.9400000000000001,5.170000000000004
1.6099999999999999,2.53,0.9600000000000001,4.770000000000004
1.6099999999999999,2.53,0.9800000000000001,4.530000000000005
1.6099999999999999,2.53,1.0,4.4500000000000055
1.6099999999999999,2.53,1.02,4.530000000000006
1.6099999999999999,2.53,1.04,4.770000000000006
1.6099999999999999,2.53,1.06,5.170000000000007
1.6099999999999999,2.53,1.08,5.7300000000000075
1.6099999999999999,2.53,1.1,6.450000000000009
1.6099999999999999,2.54,0.9,5.799999999999988
1.6099999999999999,2.54,0.92,5.079999999999988
1.6099999999999999,2.54,0.9400000000000001,4.519999999999988
1.6099999999999999,2.54,0.9600000000000001,4.119999999999988
1.6099999999999999,2.54,0.9800000000000001,3.8799999999999883
1.6099999999999999,2.54,1.0,3.799999999999989
1.6099999999999999,2.54,1.02,3.8799999999999892
1.6099999999999999,2.54,1.04,4.1199999999999894
1.6099999999999999,2.54,1.06,4.519999999999991
1.6099999999999999,2.54,1.08,5.079999999999991
1.6099999999999999,2.54,1.1,5.799999999999993
1.6099999999999999,2.55,0.9,5.249999999999998
1.6099999999999999,2.55,0.92,4.529999999999998
1.6099999999999999,2.55,0.9400000000000001,3.969999999999998
1.6099999999999999,2.55,0.9600000000000001,3.569999999999998
1.6099999999999999,2.55,0.9800000000000001,3.3299999999999983
1.6099999999999999,2.55,1.0,3.249999999999999
1.6099999999999999,2.55,1.02,3.329999999999999
1.6099999999999999,2.55,1.04,3.57
1.6099999999999999,2.55,1.06,3.9700000000000006
1.6099999999999999,2.55,1.08,4.530000000000001
1.6099999999999999,2.55,1.1,5.250000000000003
1.6099999999999999,2.56,0.9,4.7999999999999865
1.6099999999999999,2.56,0.92,4.079999999999986
1.6099999999999999,2.56,0.9400000000000001,3.5199999999999863
1.6099999999999999,2.56,0.9600000000000001,3.1199999999999863
1.6099999999999999,2.56,0.9800000000000001,2.8799999999999866
1.6099999999999999,2.56,1.0,2.7999999999999874
1.6099999999999999,2.56,1.02,2.8799999999999875
1.6099999999999999,2.56,1.04,3.119999999999988
1.6099999999999999,2.56,1.06,3.519999999999989
1.6099999999999999,2.56,1.08,4.079999999999989
1.6099999999999999,2.56,1.1,4.799999999999991
1.6099999999999999,2.57,0.9,4.449999999999992
1.6099999999999999,2.57,0.92,3.7299999999999915
1.6099999999999999,2.57,0.9400000000000001,3.169999999999992
1.6099999999999999,2.57,0.9600000000000001,2.769999999999992
1.6099999999999999,2.57,0.9800000000000001,2.5299999999999923
1.6099999999999999,2.57,1.0,2.449999999999993
1.6099999999999999,2.57,1.02,2.529999999999993
1.6099999999999999,2.57,1.04,2.769999999999994
1.6099999999999999,2.57,1.06,3.1699999999999946
1.6099999999999999,2.57,1.08,3.729999999999995
1.6099999999999999,2.57,1.1,4.449999999999997
1.6099999999999999,2.58,0.9,4.199999999999985
1.6099999999999999,2.58,0.92,3.4799999999999844
1.6099999999999999,2.58,0.9400000000000001,2.919999999999985
1.6099999999999999,2.58,0.9600000000000001,2.519999999999985
1.6099999999999999,2.58,0.9800000000000001,2.279999999999985
1.6099999999999999,2.58,1.0,2.199999999999986
1.6099999999999999,2.58,1.02,2.279999999999986
1.6099999999999999,2.58,1.04,2.5199999999999867
1.6099999999999999,2.58,1.06,2.9199999999999875
1.6099999999999999,2.58,1.08,3.479999999999988
1.6099999999999999,2.58,1.1,4.1999999999999895
1.6099999999999999,2.59,0.9,4.049999999999987
1.6099999999999999,2.59,0.92,3.3299999999999867
1.6099999999999999,2.59,0.9400000000000001,2.769999999999987
1.6099999999999999,2.59,0.9600000000000001,2.3699999999999872
1.6099999999999999,2.59,0.9800000000000001,2.1299999999999875
1.6099999999999999,2.59,1.0,2.0499999999999883
1.6099999999999999,2.59,1.02,2.1299999999999883
1.6099999999999999,2.59,1.04,2.369999999999989
1.6099999999999999,2.59,1.06,2.76999999999999
1.6099999999999999,2.59,1.08,3.3299999999999903
1.6099999999999999,2.59,1.1,4.049999999999992
1.6099999999999999,2.5999999999999996,0.9,3.999999999999985
1.6099999999999999,2.5999999999999996,0.92,3.2799999999999843
1.6099999999999999,2.5999999999999996,0.9400000000000001,2.7199999999999847
1.6099999999999999,2.5999999999999996,0.9600000000000001,2.3199999999999847
1.6099999999999999,2.5999999999999996,0.9800000000000001,2.079999999999985
1.6099999999999999,2.5999999999999996,1.0,1.9999999999999858
1.6099999999999999,2.5999999999999996,1.02,2.079999999999986
1.6099999999999999,2.5999999999999996,1.04,2.3199999999999865
1.6099999999999999,2.5999999999999996,1.06,2.7199999999999873
1.6099999999999999,2.5999999999999996,1.08,3.279999999999988
1.6099999999999999,2.5999999999999996,1.1,3.9999999999999893
1.6099999999999999,2.61,0.9,4.049999999999983
1.6099999999999999,2.61,0.92,3.3299999999999823
1.6099999999999999,2.61,0.9400000000000001,2.7699999999999827
1.6099999999999999,2.61,0.9600000000000001,2.369999999999983
1.6099999999999999,2.61,0.9800000000000001,2.129999999999983
1.6099999999999999,2.61,1.0,2.049999999999984
1.6099999999999999,2.61,1.02,2.129999999999984
1.6099999999999999,2.61,1.04,2.3699999999999846
1.6099999999999999,2.61,1.06,2.7699999999999854
1.6099999999999999,2.61,1.08,3.329999999999986
1.6099999999999999,2.61,1.1,4.049999999999987
1.6099999999999999,2.62,0.9,4.199999999999985
1.6099999999999999,2.62,0.92,3.4799999999999844
1.6099999999999999,2.62,0.9400000000000001,2.919999999999985
1.6099999999999999,2.62,0.9600000000000001,2.519999999999985
1.6099999999999999,2.62,0.9800000000000001,2.279999999999985
1.6099999999999999,2.62,1.0,2.199999999999986
1.6099999999999999,2.62,1.02,2.279999999999986
1.6099999999999999,2.62,1.04,2.5199999999999867
1.6099999999999999,2.62,1.06,2.9199999999999875
1.6099999999999999,2.62,1.08,3.479999999999988
1.6099999999999999,2.62,1.1,4.1999999999999895
1.6099999999999999,2.63,0.9,4.449999999999979
1.6099999999999999,2.63,0.92,3.729999999999978
1.6099999999999999,2.63,0.9400000000000001,3.1699999999999786
1.6099999999999999,2.63,0.9600000000000001,2.7699999999999787
1.6099999999999999,2.63,0.9800000000000001,2.529999999999979
1.6099999999999999,2.63,1.0,2.4499999999999797
1.6099999999999999,2.63,1.02,2.52999999999998
1.6099999999999999,2.63,1.04,2.7699999999999805
1.6099999999999999,2.63,1.06,3.1699999999999813
1.6099999999999999,2.63,1.08,3.7299999999999818
1.6099999999999999,2.63,1.1,4.449999999999983
1.6099999999999999,2.6399999999999997,0.9,4.799999999999969
1.6099999999999999,2.6399999999999997,0.92,4.079999999999968
1.6099999999999999,2.6399999999999997,0.9400000000000001,3.5199999999999685
1.6099999999999999,2.6399999999999997,0.9600000000000001,3.1199999999999686
1.6099999999999999,2.6399999999999997,0.9800000000000001,2.879999999999969
1.6099999999999999,2.6399999999999997,1.0,2.7999999999999696
1.6099999999999999,2.6399999999999997,1.02,2.8799999999999697
1.6099999999999999,2.6399999999999997,1.04,3.1199999999999704
1.6099999999999999,2.6399999999999997,1.06,3.519999999999971
1.6099999999999999,2.6399999999999997,1.08,4.079999999999972
1.6099999999999999,2.6399999999999997,1.1,4.799999999999973
1.6099999999999999,2.65,0.9,5.249999999999976
1.6099999999999999,2.65,0.92,4.529999999999975
1.6099999999999999,2.65,0.9400000000000001,3.9699999999999758
1.6099999999999999,2.65,0.9600000000000001,3.569999999999976
1.6099999999999999,2.65,0.9800000000000001,3.329999999999976
1.6099999999999999,2.65,1.0,3.249999999999977
1.6099999999999999,2.65,1.02,3.329999999999977
1.6099999999999999,2.65,1.04,3.5699999999999776
1.6099999999999999,2.65,1.06,3.9699999999999784
1.6099999999999999,2.65,1.08,4.529999999999979
1.6099999999999999,2.65,1.1,5.2499999999999805
1.6099999999999999,2.6599999999999997,0.9,5.799999999999962
1.6099999999999999,2.6599999999999997,0.92,5.079999999999961
1.6099999999999999,2.6599999999999997,0.9400000000000001,4.519999999999961
1.6099999999999999,2.6599999999999997,0.9600000000000001,4.119999999999961
1.6099999999999999,2.6599999999999997,0.9800000000000001,3.8799999999999617
1.6099999999999999,2.6599999999999997,1.0,3.7999999999999625
1.6099999999999999,2.6599999999999997,1.02,3.8799999999999626
1.6099999999999999,2.6599999999999997,1.04,4.119999999999963
1.6099999999999999,2.6599999999999997,1.06,4.519999999999964
1.6099999999999999,2.6599999999999997,1.08,5.0799999999999645
1.6099999999999999,2.6599999999999997,1.1,5.799999999999966
1.6099999999999999,2.67,0.9,6.4499999999999735
1.6099999999999999,2.67,0.92,5.729999999999973
1.6099999999999999,2.67,0.9400000000000001,5.169999999999973
1.6099999999999999,2.67,0.9600000000000001,4.769999999999973
1.6099999999999999,2.67,0.9800000000000001,4.529999999999974
1.6099999999999999,2.67,1.0,4.449999999999974
1.6099999999999999,2.67,1.02,4.5299999999999745
1.6099999999999999,2.67,1.04,4.769999999999975
1.6099999999999999,2.67,1.06,5.169999999999976
1.6099999999999999,2.67,1.08,5.7299999999999764
1.6099999999999999,2.67,1.1,6.449999999999978
1.6099999999999999,2.6799999999999997,0.9,7.199999999999956
1.6099999999999999,2.6799999999999997,0.92,6.479999999999955
1.6099999999999999,2.6799999999999997,0.9400000000000001,5.9199999999999555
1.6099999999999999,2.6799999999999997,0.9600000000000001,5.519999999999955
1.6099999999999999,2.6799999999999997,0.9800000000000001,5.279999999999956
1.6099999999999999,2.6799999999999997,1.0,5.199999999999957
1.6099999999999999,2.6799999999999997,1.02,5.279999999999957
1.6099999999999999,2.6799999999999997,1.04,5.519999999999957
1.6099999999999999,2.6799999999999997,1.06,5.919999999999958
1.6099999999999999,2.6799999999999997,1.08,6.479999999999959
1.6099999999999999,2.6799999999999997,1.1,7.19999999999996
1.6099999999999999,2.69,0.9,8.049999999999972
1.6099999999999999,2.69,0.92,7.329999999999972
1.6099999999999999,2.69,0.9400000000000001,6.769999999999972
1.6099999999999999,2.69,0.9600000000000001,6.369999999999972
1.6099999999999999,2.69,0.9800000000000001,6.129999999999972
1.6099999999999999,2.69,1.0,6.049999999999973
1.6099999999999999,2.69,1.02,6.129999999999973
1.6099999999999999,2.69,1.04,6.3699999999999735
1.6099999999999999,2.69,1.06,6.769999999999975
1.6099999999999999,2.69,1.08,7.329999999999975
1.6099999999999999,2.69,1.1,8.049999999999976
1.6099999999999999,2.6999999999999997,0.9,8.99999999999995
1.6099999999999999,2.6999999999999997,0.92,8.27999999999995
1.6099999999999999,2.6999999999999997,0.9400000000000001,7.719999999999949
1.6099999999999999,2.6999999999999997,0.9600000000000001,7.319999999999949
1.6099999999999999,2.6999999999999997,0.9800000000000001,7.0799999999999494
1.6099999999999999,2.6999999999999997,1.0,6.99999999999995
1.6099999999999999,2.6999999999999997,1.02,7.07999999999995
1.6099999999999999,2.6999999999999997,1.04,7.3199999999999505
1.6099999999999999,2.6999999999999997,1.06,7.719999999999952
1.6099999999999999,2.6999999999999997,1.08,8.279999999999953
1.6099999999999999,2.6999999999999997,1.1,8.999999999999954
1.6099999999999999,2.71,0.9,10.049999999999972
1.6099999999999999,2.71,0.92,9.329999999999972
1.6099999999999999,2.71,0.9400000000000001,8.769999999999971
1.6099999999999999,2.71,0.9600000000000001,8.36999999999997
1.6099999999999999,2.71,0.9800000000000001,8.129999999999972
1.6099999999999999,2.71,1.0,8.049999999999972
1.6099999999999999,2.71,1.02,8.129999999999972
1.6099999999999999,2.71,1.04,8.369999999999973
1.6099999999999999,2.71,1.06,8.769999999999973
1.6099999999999999,2.71,1.08,9.329999999999975
1.6099999999999999,2.71,1.1,10.049999999999976
1.6099999999999999,2.7199999999999998,0.9,11.199999999999946
1.6099999999999999,2.7199999999999998,0.92,10.479999999999945
1.6099999999999999,2.7199999999999998,0.9400000000000001,9.919999999999945
1.6099999999999999,2.7199999999999998,0.9600000000000001,9.519999999999945
1.6099999999999999,2.7199999999999998,0.9800000000000001,9.279999999999946
1.6099999999999999,2.7199999999999998,1.0,9.199999999999946
1.6099999999999999,2.7199999999999998,1.02,9.279999999999946
1.6099999999999999,2.7199999999999998,1.04,9.519999999999946
1.6099999999999999,2.7199999999999998,1.06,9.919999999999947
1.6099999999999999,2.7199999999999998,1.08,10.479999999999949
1.6099999999999999,2.7199999999999998,1.1,11.19999999999995
1.6099999999999999,2.73,0.9,12.44999999999997
1.6099999999999999,2.73,0.92,11.72999999999997
1.6099999999999999,2.73,0.9400000000000001,11.16999999999997
1.6099999999999999,2.73,0.9600000000000001,10.76999999999997
1.6099999999999999,2.73,0.9800000000000001,10.529999999999971
1.6099999999999999,2.73,1.0,10.44999999999997
1.6099999999999999,2.73,1.02,10.529999999999971
1.6099999999999999,2.73,1.04,10.769999999999971
1.6099999999999999,2.73,1.06,11.169999999999972
1.6099999999999999,2.73,1.08,11.729999999999974
1.6099999999999999,2.73,1.1,12.449999999999974
1.6099999999999999,2.7399999999999998,0.9,13.79999999999994
1.6099999999999999,2.7399999999999998,0.92,13.07999999999994
1.6099999999999999,2.7399999999999998,0.9400000000000001,12.51999999999994
1.6099999999999999,2.7399999999999998,0.9600000000000001,12.119999999999939
1.6099999999999999,2.7399999999999998,0.9800000000000001,11.87999999999994
1.6099999999999999,2.7399999999999998,1.0,11.79999999999994
1.6099999999999999,2.7399999999999998,1.02,11.87999999999994
1.6099999999999999,2.7399999999999998,1.04,12.11999999999994
1.6099999999999999,2.7399999999999998,1.06,12.519999999999941
1.6099999999999999,2.7399999999999998,1.08,13.079999999999943
1.6099999999999999,2.7399999999999998,1.1,13.799999999999944
1.6099999999999999,2.75,0.9,15.249999999999972
1.6099999999999999,2.75,0.92,14.529999999999973
1.6099999999999999,2.75,0.9400000000000001,13.969999999999972
1.6099999999999999,2.75,0.9600000000000001,13.569999999999972
1.6099999999999999,2.75,0.9800000000000001,13.329999999999973
1.6099999999999999,2.75,1.0,13.249999999999973
1.6099999999999999,2.75,1.02,13.329999999999973
1.6099999999999999,2.75,1.04,13.569999999999974
1.6099999999999999,2.75,1.06,13.969999999999974
1.6099999999999999,2.75,1.08,14.529999999999976
1.6099999999999999,2.75,1.1,15.249999999999977
1.6099999999999999,2.76,0.9,16.799999999999937
1.6099999999999999,2.76,0.92,16.079999999999938
1.6099999999999999,2.76,0.9400000000000001,15.519999999999937
1.6099999999999999,2.76,0.9600000000000001,15.119999999999937
1.6099999999999999,2.76,0.9800000000000001,14.879999999999939
1.6099999999999999,2.76,1.0,14.799999999999939
1.6099999999999999,2.76,1.02,14.879999999999939
1.6099999999999999,2.76,1.04,15.119999999999939
1.6099999999999999,2.76,1.06,15.51999999999994
1.6099999999999999,2.76,1.08,16.07999999999994
1.6099999999999999,2.76,1.1,16.79999999999994
1.6099999999999999,2.77,0.9,18.449999999999974
1.6099999999999999,2.77,0.92,17.729999999999972
1.6099999999999999,2.77,0.9400000000000001,17.169999999999973
1.6099999999999999,2.77,0.9600000000000001,16.769999999999975
1.6099999999999999,2.77,0.9800000000000001,16.529999999999973
1.6099999999999999,2.77,1.0,16.449999999999974
1.6099999999999999,2.77,1.02,16.529999999999976
1.6099999999999999,2.77,1.04,16.769999999999975
1.6099999999999999,2.77,1.06,17.169999999999977
1.6099999999999999,2.77,1.08,17.729999999999976
1.6099999999999999,2.77,1.1,18.449999999999978
1.6099999999999999,2.78,0.9,20.199999999999935
1.6099999999999999,2.78,0.92,19.479999999999933
1.6099999999999999,2.78,0.9400000000000001,18.919999999999934
1.6099999999999999,2.78,0.9600000000000001,18.519999999999936
1.6099999999999999,2.78,0.9800000000000001,18.279999999999934
1.6099999999999999,2.78,1.0,18.199999999999935
1.6099999999999999,2.78,1.02,18.279999999999937
1.6099999999999999,2.78,1.04,18.519999999999936
1.6099999999999999,2.78,1.06,18.919999999999938
1.6099999999999999,2.78,1.08,19.479999999999936
1.6099999999999999,2.78,1.1,20.19999999999994
1.6099999999999999,2.79,0.9,22.049999999999976
1.6099999999999999,2.79,0.92,21.329999999999973
1.6099999999999999,2.79,0.9400000000000001,20.769999999999975
1.6099999999999999,2.79,0.9600000000000001,20.369999999999976
1.6099999999999999,2.79,0.9800000000000001,20.129999999999974
1.6099999999999999,2.79,1.0,20.049999999999976
1.6099999999999999,2.79,1.02,20.129999999999978
1.6099999999999999,2.79,1.04,20.369999999999976
1.6099999999999999,2.79,1.06,20.76999999999998
1.6099999999999999,2.79,1.08,21.329999999999977
1.6099999999999999,2.79,1.1,22.04999999999998
1.6099999999999999,2.8,0.9,23.999999999999932
1.6099999999999999,2.8,0.92,23.27999999999993
1.6099999999999999,2.8,0.9400000000000001,22.71999999999993
1.6099999999999999,2.8,0.9600000000000001,22.319999999999933
1.6099999999999999,2.8,0.9800000000000001,22.07999999999993
1.6099999999999999,2.8,1.0,21.999999999999932
1.6099999999999999,2.8,1.02,22.079999999999934
1.6099999999999999,2.8,1.04,22.319999999999933
1.6099999999999999,2.8,1.06,22.719999999999935
1.6099999999999999,2.8,1.08,23.279999999999934
1.6099999999999999,2.8,1.1,23.999999999999936
1.6199999999999999,2.4,0.9,24.88000000000002
1.6199999999999999,2.4,0.92,24.160000000000018
1.6199999999999999,2.4,0.9400000000000001,23.60000000000002
1.6199999999999999,2.4,0.9600000000000001,23.20000000000002
1.6199999999999999,2.4,0.9800000000000001,22.96000000000002
1.6199999999999999,2.4,1.0,22.88000000000002
1.6199999999999999,2.4,1.02,22.960000000000022
1.6199999999999999,2.4,1.04,23.20000000000002
1.6199999999999999,2.4,1.06,23.600000000000023
1.6199999999999999,2.4,1.08,24.16000000000002
1.6199999999999999,2.4,1.1,24.880000000000024
1.6199999999999999,2.4099999999999997,0.9,22.930000000000057
1.6199999999999999,2.4099999999999997,0.92,22.210000000000054
1.6199999999999999,2.4099999999999997,0.9400000000000001,21.650000000000055
1.6199999999999999,2.4099999999999997,0.9600000000000001,21.250000000000057
1.6199999999999999,2.4099999999999997,0.9800000000000001,21.010000000000055
1.6199999999999999,2.4099999999999997,1.0,20.930000000000057
1.6199999999999999,2.4099999999999997,1.02,21.01000000000006
1.6199999999999999,2.4099999999999997,1.04,21.250000000000057
1.6199999999999999,2.4099999999999997,1.06,21.65000000000006
1.6199999999999999,2.4099999999999997,1.08,22.210000000000058
1.6199999999999999,2.4099999999999997,1.1,22.93000000000006
1.6199999999999999,2.42,0.9,21.080000000000016
1.6199999999999999,2.42,0.92,20.360000000000014
1.6199999999999999,2.42,0.9400000000000001,19.800000000000015
1.6199999999999999,2.42,0.9600000000000001,19.400000000000016
1.6199999999999999,2.42,0.9800000000000001,19.160000000000014
1.6199999999999999,2.42,1.0,19.080000000000016
1.6199999999999999,2.42,1.02,19.160000000000018
1.6199999999999999,2.42,1.04,19.400000000000016
1.6199999999999999,2.42,1.06,19.80000000000002
1.6199999999999999,2.42,1.08,20.360000000000017
1.6199999999999999,2.42,1.1,21.08000000000002
1.6199999999999999,2.4299999999999997,0.9,19.330000000000048
1.6199999999999999,2.4299999999999997,0.92,18.610000000000046
1.6199999999999999,2.4299999999999997,0.9400000000000001,18.050000000000047
1.6199999999999999,2.4299999999999997,0.9600000000000001,17.65000000000005
1.6199999999999999,2.4299999999999997,0.9800000000000001,17.410000000000046
1.6199999999999999,2.4299999999999997,1.0,17.330000000000048
1.6199999999999999,2.4299999999999997,1.02,17.41000000000005
1.6199999999999999,2.4299999999999997,1.04,17.65000000000005
1.6199999999999999,2.4299999999999997,1.06,18.05000000000005
1.6199999999999999,2.4299999999999997,1.08,18.61000000000005
1.6199999999999999,2.4299999999999997,1.1,19.33000000000005
1.6199999999999999,2.44,0.9,17.680000000000007
1.6199999999999999,2.44,0.92,16.960000000000004
1.6199999999999999,2.44,0.9400000000000001,16.400000000000006
1.6199999999999999,2.44,0.9600000000000001,16.000000000000007
1.6199999999999999,2.44,0.9800000000000001,15.760000000000007
1.6199999999999999,2.44,1.0,15.680000000000007
1.6199999999999999,2.44,1.02,15.760000000000007
1.6199999999999999,2.44,1.04,16.000000000000007
1.6199999999999999,2.44,1.06,16.40000000000001
1.6199999999999999,2.44,1.08,16.960000000000008
1.6199999999999999,2.44,1.1,17.68000000000001
1.6199999999999999,2.4499999999999997,0.9,16.130000000000038
1.6199999999999999,2.4499999999999997,0.92,15.410000000000037
1.6199999999999999,2.4499999999999997,0.9400000000000001,14.850000000000037
1.6199999999999999,2.4499999999999997,0.9600000000000001,14.450000000000037
1.6199999999999999,2.4499999999999997,0.9800000000000001,14.210000000000038
1.6199999999999999,2.4499999999999997,1.0,14.130000000000038
1.6199999999999999,2.4499999999999997,1.02,14.210000000000038
1.6199999999999999,2.4499999999999997,1.04,14.450000000000038
1.6199999999999999,2.4499999999999997,1.06,14.850000000000039
1.6199999999999999,2.4499999999999997,1.08,15.410000000000041
1.6199999999999999,2.4499999999999997,1.1,16.13000000000004
1.6199999999999999,2.46,0.9,14.68
1.6199999999999999,2.46,0.92,13.959999999999999
1.6199999999999999,2.46,0.9400000000000001,13.399999999999999
1.6199999999999999,2.46,0.9600000000000001,12.999999999999998
1.6199999999999999,2.46,0.9800000000000001,12.76
1.6199999999999999,2.46,1.0,12.68
1.6199999999999999,2.46,1.02,12.76
1.6199999999999999,2.46,1.04,13.0
1.6199999999999999,2.46,1.06,13.4
1.6199999999999999,2.46,1.08,13.960000000000003
1.6199999999999999,2.46,1.1,14.680000000000003
1.6199999999999999,2.4699999999999998,0.9,13.330000000000027
1.6199999999999999,2.4699999999999998,0.92,12.610000000000026
1.6199999999999999,2.4699999999999998,0.9400000000000001,12.050000000000026
1.6199999999999999,2.4699999999999998,0.9600000000000001,11.650000000000025
1.6199999999999999,2.4699999999999998,0.9800000000000001,11.410000000000027
1.6199999999999999,2.4699999999999998,1.0,11.330000000000027
1.6199999999999999,2.4699999999999998,1.02,11.410000000000027
1.6199999999999999,2.4699999999999998,1.04,11.650000000000027
1.6199999999999999,2.4699999999999998,1.06,12.050000000000027
1.6199999999999999,2.4699999999999998,1.08,12.61000000000003
1.6199999999999999,2.4699999999999998,1.1,13.33000000000003
1.6199999999999999,2.48,0.9,12.079999999999995
1.6199999999999999,2.48,0.92,11.359999999999996
1.6199999999999999,2.48,0.9400000000000001,10.799999999999995
1.6199999999999999,2.48,0.9600000000000001,10.399999999999995
1.6199999999999999,2.48,0.9800000000000001,10.159999999999997
1.6199999999999999,2.48,1.0,10.079999999999997
1.6199999999999999,2.48,1.02,10.159999999999997
1.6199999999999999,2.48,1.04,10.399999999999997
1.6199999999999999,2.48,1.06,10.799999999999997
1.6199999999999999,2.48,1.08,11.36
1.6199999999999999,2.48,1.1,12.08
1.6199999999999999,2.4899999999999998,0.9,10.930000000000017
1.6199999999999999,2.4899999999999998,0.92,10.210000000000019
1.6199999999999999,2.4899999999999998,0.9400000000000001,9.650000000000018
1.6199999999999999,2.4899999999999998,0.9600000000000001,9.250000000000018
1.6199999999999999,2.4899999999999998,0.9800000000000001,9.01000000000002
1.6199999999999999,2.4899999999999998,1.0,8.93000000000002
1.6199999999999999,2.4899999999999998,1.02,9.01000000000002
1.6199999999999999,2.4899999999999998,1.04,9.25000000000002
1.6199999999999999,2.4899999999999998,1.06,9.65000000000002
1.6199999999999999,2.4899999999999998,1.08,10.210000000000022
1.6199999999999999,2.4899999999999998,1.1,10.930000000000023
1.6199999999999999,2.5,0.9,9.879999999999992
1.6199999999999999,2.5,0.92,9.159999999999991
1.6199999999999999,2.5,0.9400000000000001,8.59999999999999
1.6199999999999999,2.5,0.9600000000000001,8.199999999999992
1.6199999999999999,2.5,0.9800000000000001,7.959999999999992
1.6199999999999999,2.5,1.0,7.879999999999993
1.6199999999999999,2.5,1.02,7.959999999999993
1.6199999999999999,2.5,1.04,8.199999999999994
1.6199999999999999,2.5,1.06,8.599999999999994
1.6199999999999999,2.5,1.08,9.159999999999995
1.6199999999999999,2.5,1.1,9.879999999999995
1.6199999999999999,2.51,0.9,8.93000000000001
1.6199999999999999,2.51,0.92,8.21000000000001
1.6199999999999999,2.51,0.9400000000000001,7.65000000000001
1.6199999999999999,2.51,0.9600000000000001,7.25000000000001
1.6199999999999999,2.51,0.9800000000000001,7.0100000000000104
1.6199999999999999,2.51,1.0,6.930000000000011
1.6199999999999999,2.51,1.02,7.010000000000011
1.6199999999999999,2.51,1.04,7.2500000000000115
1.6199999999999999,2.51,1.06,7.650000000000013
1.6199999999999999,2.51,1.08,8.210000000000013
1.6199999999999999,2.51,1.1,8.930000000000014
1.6199999999999999,2.52,0.9,8.079999999999988
1.6199999999999999,2.52,0.92,7.359999999999988
1.6199999999999999,2.52,0.9400000000000001,6.799999999999988
1.6199999999999999,2.52,0.9600000000000001,6.399999999999988
1.6199999999999999,2.52,0.9800000000000001,6.159999999999989
1.6199999999999999,2.52,1.0,6.079999999999989
1.6199999999999999,2.52,1.02,6.1599999999999895
1.6199999999999999,2.52,1.04,6.39999999999999
1.6199999999999999,2.52,1.06,6.799999999999991
1.6199999999999999,2.52,1.08,7.359999999999991
1.6199999999999999,2.52,1.1,8.079999999999993
1.6199999999999999,2.53,0.9,7.330000000000003
1.6199999999999999,2.53,0.92,6.610000000000002
1.6199999999999999,2.53,0.9400000000000001,6.0500000000000025
1.6199999999999999,2.53,0.9600000000000001,5.650000000000002
1.6199999999999999,2.53,0.9800000000000001,5.410000000000003
1.6199999999999999,2.53,1.0,5.330000000000004
1.6199999999999999,2.53,1.02,5.410000000000004
1.6199999999999999,2.53,1.04,5.650000000000004
1.6199999999999999,2.53,1.06,6.050000000000005
1.6199999999999999,2.53,1.08,6.610000000000006
1.6199999999999999,2.53,1.1,7.330000000000007
1.6199999999999999,2.54,0.9,6.679999999999986
1.6199999999999999,2.54,0.92,5.959999999999986
1.6199999999999999,2.54,0.9400000000000001,5.399999999999986
1.6199999999999999,2.54,0.9600000000000001,4.999999999999986
1.6199999999999999,2.54,0.9800000000000001,4.7599999999999865
1.6199999999999999,2.54,1.0,4.679999999999987
1.6199999999999999,2.54,1.02,4.759999999999987
1.6199999999999999,2.54,1.04,4.999999999999988
1.6199999999999999,2.54,1.06,5.399999999999989
1.6199999999999999,2.54,1.08,5.959999999999989
1.6199999999999999,2.54,1.1,6.679999999999991
1.6199999999999999,2.55,0.9,6.129999999999996
1.6199999999999999,2.55,0.92,5.409999999999996
1.6199999999999999,2.55,0.9400000000000001,4.849999999999996
1.6199999999999999,2.55,0.9600000000000001,4.449999999999996
1.6199999999999999,2.55,0.9800000000000001,4.209999999999996
1.6199999999999999,2.55,1.0,4.129999999999997
1.6199999999999999,2.55,1.02,4.209999999999997
1.6199999999999999,2.55,1.04,4.4499999999999975
1.6199999999999999,2.55,1.06,4.849999999999999
1.6199999999999999,2.55,1.08,5.409999999999999
1.6199999999999999,2.55,1.1,6.130000000000001
1.6199999999999999,2.56,0.9,5.679999999999985
1.6199999999999999,2.56,0.92,4.959999999999984
1.6199999999999999,2.56,0.9400000000000001,4.399999999999984
1.6199999999999999,2.56,0.9600000000000001,3.9999999999999845
1.6199999999999999,2.56,0.9800000000000001,3.7599999999999847
1.6199999999999999,2.56,1.0,3.6799999999999855
1.6199999999999999,2.56,1.02,3.7599999999999856
1.6199999999999999,2.56,1.04,3.9999999999999862
1.6199999999999999,2.56,1.06,4.399999999999987
1.6199999999999999,2.56,1.08,4.9599999999999875
1.6199999999999999,2.56,1.1,5.679999999999989
1.6199999999999999,2.57,0.9,5.32999999999999
1.6199999999999999,2.57,0.92,4.60999999999999
1.6199999999999999,2.57,0.9400000000000001,4.04999999999999
1.6199999999999999,2.57,0.9600000000000001,3.64999999999999
1.6199999999999999,2.57,0.9800000000000001,3.4099999999999904
1.6199999999999999,2.57,1.0,3.329999999999991
1.6199999999999999,2.57,1.02,3.4099999999999913
1.6199999999999999,2.57,1.04,3.649999999999992
1.6199999999999999,2.57,1.06,4.049999999999993
1.6199999999999999,2.57,1.08,4.609999999999993
1.6199999999999999,2.57,1.1,5.329999999999995
1.6199999999999999,2.58,0.9,5.079999999999983
1.6199999999999999,2.58,0.92,4.359999999999983
1.6199999999999999,2.58,0.9400000000000001,3.799999999999983
1.6199999999999999,2.58,0.9600000000000001,3.399999999999983
1.6199999999999999,2.58,0.9800000000000001,3.1599999999999833
1.6199999999999999,2.58,1.0,3.079999999999984
1.6199999999999999,2.58,1.02,3.159999999999984
1.6199999999999999,2.58,1.04,3.399999999999985
1.6199999999999999,2.58,1.06,3.7999999999999856
1.6199999999999999,2.58,1.08,4.359999999999986
1.6199999999999999,2.58,1.1,5.079999999999988
1.6199999999999999,2.59,0.9,4.9299999999999855
1.6199999999999999,2.59,0.92,4.209999999999985
1.6199999999999999,2.59,0.9400000000000001,3.6499999999999853
1.6199999999999999,2.59,0.9600000000000001,3.2499999999999853
1.6199999999999999,2.59,0.9800000000000001,3.0099999999999856
1.6199999999999999,2.59,1.0,2.9299999999999864
1.6199999999999999,2.59,1.02,3.0099999999999865
1.6199999999999999,2.59,1.04,3.249999999999987
1.6199999999999999,2.59,1.06,3.649999999999988
1.6199999999999999,2.59,1.08,4.209999999999988
1.6199999999999999,2.59,1.1,4.92999999999999
1.6199999999999999,2.5999999999999996,0.9,4.879999999999983
1.6199999999999999,2.5999999999999996,0.92,4.159999999999982
1.6199999999999999,2.5999999999999996,0.9400000000000001,3.5999999999999828
1.6199999999999999,2.5999999999999996,0.9600000000000001,3.199999999999983
1.6199999999999999,2.5999999999999996,0.9800000000000001,2.959999999999983
1.6199999999999999,2.5999999999999996,1.0,2.879999999999984
1.6199999999999999,2.5999999999999996,1.02,2.959999999999984
1.6199999999999999,2.5999999999999996,1.04,3.1999999999999846
1.6199999999999999,2.5999999999999996,1.06,3.5999999999999854
1.6199999999999999,2.5999999999999996,1.08,4.159999999999986
1.6199999999999999,2.5999999999999996,1.1,4.8799999999999875
1.6199999999999999,2.61,0.9,4.929999999999981
1.6199999999999999,2.61,0.92,4.20999999999998
1.6199999999999999,2.61,0.9400000000000001,3.649999999999981
1.6199999999999999,2.61,0.9600000000000001,3.249999999999981
1.6199999999999999,2.61,0.9800000000000001,3.009999999999981
1.6199999999999999,2.61,1.0,2.929999999999982
1.6199999999999999,2.61,1.02,3.009999999999982
1.6199999999999999,2.61,1.04,3.2499999999999827
1.6199999999999999,2.61,1.06,3.6499999999999835
1.6199999999999999,2.61,1.08,4.209999999999984
1.6199999999999999,2.61,1.1,4.9299999999999855
1.6199999999999999,2.62,0.9,5.079999999999983
1.6199999999999999,2.62,0.92,4.359999999999983
1.6199999999999999,2.62,0.9400000000000001,3.799999999999983
1.6199999999999999,2.62,0.9600000000000001,3.399999999999983
1.6199999999999999,2.62,0.9800000000000001,3.1599999999999833
1.6199999999999999,2.62,1.0,3.079999999999984
1.6199999999999999,2.62,1.02,3.159999999999984
1.6199999999999999,2.62,1.04,3.399999999999985
1.6199999999999999,2.62,1.06,3.7999999999999856
1.6199999999999999,2.62,1.08,4.359999999999986
1.6199999999999999,2.62,1.1,5.079999999999988
1.6199999999999999,2.63,0.9,5.329999999999977
1.6199999999999999,2.63,0.92,4.609999999999976
1.6199999999999999,2.63,0.9400000000000001,4.049999999999977
1.6199999999999999,2.63,0.9600000000000001,3.649999999999977
1.6199999999999999,2.63,0.9800000000000001,3.409999999999977
1.6199999999999999,2.63,1.0,3.329999999999978
1.6199999999999999,2.63,1.02,3.409999999999978
1.6199999999999999,2.63,1.04,3.6499999999999786
1.6199999999999999,2.63,1.06,4.049999999999979
1.6199999999999999,2.63,1.08,4.60999999999998
1.6199999999999999,2.63,1.1,5.329999999999981
1.6199999999999999,2.6399999999999997,0.9,5.679999999999967
1.6199999999999999,2.6399999999999997,0.92,4.959999999999966
1.6199999999999999,2.6399999999999997,0.9400000000000001,4.399999999999967
1.6199999999999999,2.6399999999999997,0.9600000000000001,3.9999999999999667
1.6199999999999999,2.6399999999999997,0.9800000000000001,3.759999999999967
1.6199999999999999,2.6399999999999997,1.0,3.6799999999999677
1.6199999999999999,2.6399999999999997,1.02,3.759999999999968
1.6199999999999999,2.6399999999999997,1.04,3.9999999999999685
1.6199999999999999,2.6399999999999997,1.06,4.399999999999969
1.6199999999999999,2.6399999999999997,1.08,4.95999999999997
1.6199999999999999,2.6399999999999997,1.1,5.679999999999971
1.6199999999999999,2.65,0.9,6.129999999999974
1.6199999999999999,2.65,0.92,5.4099999999999735
1.6199999999999999,2.65,0.9400000000000001,4.849999999999974
1.6199999999999999,2.65,0.9600000000000001,4.4499999999999735
1.6199999999999999,2.65,0.9800000000000001,4.209999999999974
1.6199999999999999,2.65,1.0,4.129999999999975
1.6199999999999999,2.65,1.02,4.209999999999975
1.6199999999999999,2.65,1.04,4.449999999999975
1.6199999999999999,2.65,1.06,4.8499999999999766
1.6199999999999999,2.65,1.08,5.409999999999977
1.6199999999999999,2.65,1.1,6.129999999999979
1.6199999999999999,2.6599999999999997,0.9,6.67999999999996
1.6199999999999999,2.6599999999999997,0.92,5.959999999999959
1.6199999999999999,2.6599999999999997,0.9400000000000001,5.3999999999999595
1.6199999999999999,2.6599999999999997,0.9600000000000001,4.999999999999959
1.6199999999999999,2.6599999999999997,0.9800000000000001,4.75999999999996
1.6199999999999999,2.6599999999999997,1.0,4.679999999999961
1.6199999999999999,2.6599999999999997,1.02,4.759999999999961
1.6199999999999999,2.6599999999999997,1.04,4.999999999999961
1.6199999999999999,2.6599999999999997,1.06,5.399999999999962
1.6199999999999999,2.6599999999999997,1.08,5.959999999999963
1.6199999999999999,2.6599999999999997,1.1,6.679999999999964
1.6199999999999999,2.67,0.9,7.329999999999972
1.6199999999999999,2.67,0.92,6.609999999999971
1.6199999999999999,2.67,0.9400000000000001,6.049999999999971
1.6199999999999999,2.67,0.9600000000000001,5.649999999999971
1.6199999999999999,2.67,0.9800000000000001,5.409999999999972
1.6199999999999999,2.67,1.0,5.3299999999999725
1.6199999999999999,2.67,1.02,5.409999999999973
1.6199999999999999,2.67,1.04,5.649999999999973
1.6199999999999999,2.67,1.06,6.049999999999974
1.6199999999999999,2.67,1.08,6.609999999999975
1.6199999999999999,2.67,1.1,7.329999999999976
1.6199999999999999,2.6799999999999997,0.9,8.079999999999952
1.6199999999999999,2.6799999999999997,0.92,7.359999999999952
1.6199999999999999,2.6799999999999997,0.9400000000000001,6.799999999999953
1.6199999999999999,2.6799999999999997,0.9600000000000001,6.399999999999952
1.6199999999999999,2.6799999999999997,0.9800000000000001,6.159999999999953
1.6199999999999999,2.6799999999999997,1.0,6.079999999999954
1.6199999999999999,2.6799999999999997,1.02,6.159999999999954
1.6199999999999999,2.6799999999999997,1.04,6.399999999999954
1.6199999999999999,2.6799999999999997,1.06,6.799999999999955
1.6199999999999999,2.6799999999999997,1.08,7.359999999999956
1.6199999999999999,2.6799999999999997,1.1,8.079999999999957
1.6199999999999999,2.69,0.9,8.929999999999971
1.6199999999999999,2.69,0.92,8.20999999999997
1.6199999999999999,2.69,0.9400000000000001,7.64999999999997
1.6199999999999999,2.69,0.9600000000000001,7.24999999999997
1.6199999999999999,2.69,0.9800000000000001,7.0099999999999705
1.6199999999999999,2.69,1.0,6.929999999999971
1.6199999999999999,2.69,1.02,7.009999999999971
1.6199999999999999,2.69,1.04,7.249999999999972
1.6199999999999999,2.69,1.06,7.649999999999973
1.6199999999999999,2.69,1.08,8.209999999999974
1.6199999999999999,2.69,1.1,8.929999999999975
1.6199999999999999,2.6999999999999997,0.9,9.879999999999947
1.6199999999999999,2.6999999999999997,0.92,9.159999999999947
1.6199999999999999,2.6999999999999997,0.9400000000000001,8.599999999999946
1.6199999999999999,2.6999999999999997,0.9600000000000001,8.199999999999948
1.6199999999999999,2.6999999999999997,0.9800000000000001,7.959999999999948
1.6199999999999999,2.6999999999999997,1.0,7.879999999999948
1.6199999999999999,2.6999999999999997,1.02,7.9599999999999485
1.6199999999999999,2.6999999999999997,1.04,8.19999999999995
1.6199999999999999,2.6999999999999997,1.06,8.59999999999995
1.6199999999999999,2.6999999999999997,1.08,9.15999999999995
1.6199999999999999,2.6999999999999997,1.1,9.879999999999953
1.6199999999999999,2.71,0.9,10.929999999999968
1.6199999999999999,2.71,0.92,10.209999999999969
1.6199999999999999,2.71,0.9400000000000001,9.649999999999968
1.6199999999999999,2.71,0.9600000000000001,9.249999999999968
1.6199999999999999,2.71,0.9800000000000001,9.00999999999997
1.6199999999999999,2.71,1.0,8.92999999999997
1.6199999999999999,2.71,1.02,9.00999999999997
1.6199999999999999,2.71,1.04,9.24999999999997
1.6199999999999999,2.71,1.06,9.64999999999997
1.6199999999999999,2.71,1.08,10.209999999999972
1.6199999999999999,2.71,1.1,10.929999999999973
1.6199999999999999,2.7199999999999998,0.9,12.079999999999945
1.6199999999999999,2.7199999999999998,0.92,11.359999999999944
1.6199999999999999,2.7199999999999998,0.9400000000000001,10.799999999999944
1.6199999999999999,2.7199999999999998,0.9600000000000001,10.399999999999944
1.6199999999999999,2.7199999999999998,0.9800000000000001,10.159999999999945
1.6199999999999999,2.7199999999999998,1.0,10.079999999999945
1.6199999999999999,2.7199999999999998,1.02,10.159999999999945
1.6199999999999999,2.7199999999999998,1.04,10.399999999999945
1.6199999999999999,2.7199999999999998,1.06,10.799999999999946
1.6199999999999999,2.7199999999999998,1.08,11.359999999999948
1.6199999999999999,2.7199999999999998,1.1,12.079999999999949
1.6199999999999999,2.73,0.9,13.32999999999997
1.6199999999999999,2.73,0.92,12.60999999999997
1.6199999999999999,2.73,0.9400000000000001,12.049999999999969
1.6199999999999999,2.73,0.9600000000000001,11.649999999999968
1.6199999999999999,2.73,0.9800000000000001,11.40999999999997
1.6199999999999999,2.73,1.0,11.32999999999997
1.6199999999999999,2.73,1.02,11.40999999999997
1.6199999999999999,2.73,1.04,11.64999999999997
1.6199999999999999,2.73,1.06,12.04999999999997
1.6199999999999999,2.73,1.08,12.609999999999973
1.6199999999999999,2.73,1.1,13.329999999999973
1.6199999999999999,2.7399999999999998,0.9,14.67999999999994
1.6199999999999999,2.7399999999999998,0.92,13.959999999999939
1.6199999999999999,2.7399999999999998,0.9400000000000001,13.399999999999938
1.6199999999999999,2.7399999999999998,0.9600000000000001,12.999999999999938
1.6199999999999999,2.7399999999999998,0.9800000000000001,12.75999999999994
1.6199999999999999,2.7399999999999998,1.0,12.67999999999994
1.6199999999999999,2.7399999999999998,1.02,12.75999999999994
1.6199999999999999,2.7399999999999998,1.04,12.99999999999994
1.6199999999999999,2.7399999999999998,1.06,13.39999999999994
1.6199999999999999,2.7399999999999998,1.08,13.959999999999942
1.6199999999999999,2.7399999999999998,1.1,14.679999999999943
1.6199999999999999,2.75,0.9,16.12999999999997
1.6199999999999999,2.75,0.92,15.40999999999997
1.6199999999999999,2.75,0.9400000000000001,14.84999999999997
1.6199999999999999,2.75,0.9600000000000001,14.449999999999969
1.6199999999999999,2.75,0.9800000000000001,14.20999999999997
1.6199999999999999,2.75,1.0,14.12999999999997
1.6199999999999999,2.75,1.02,14.20999999999997
1.6199999999999999,2.75,1.04,14.44999999999997
1.6199999999999999,2.75,1.06,14.849999999999971
1.6199999999999999,2.75,1.08,15.409999999999973
1.6199999999999999,2.75,1.1,16.129999999999974
1.6199999999999999,2.76,0.9,17.679999999999936
1.6199999999999999,2.76,0.92,16.959999999999933
1.6199999999999999,2.76,0.9400000000000001,16.399999999999935
1.6199999999999999,2.76,0.9600000000000001,15.999999999999934
1.6199999999999999,2.76,0.9800000000000001,15.759999999999936
1.6199999999999999,2.76,1.0,15.679999999999936
1.6199999999999999,2.76,1.02,15.759999999999936
1.6199999999999999,2.76,1.04,15.999999999999936
1.6199999999999999,2.76,1.06,16.399999999999938
1.6199999999999999,2.76,1.08,16.959999999999937
1.6199999999999999,2.76,1.1,17.67999999999994
1.6199999999999999,2.77,0.9,19.32999999999997
1.6199999999999999,2.77,0.92,18.609999999999967
1.6199999999999999,2.77,0.9400000000000001,18.04999999999997
1.6199999999999999,2.77,0.9600000000000001,17.64999999999997
1.6199999999999999,2.77,0.9800000000000001,17.409999999999968
1.6199999999999999,2.77,1.0,17.32999999999997
1.6199999999999999,2.77,1.02,17.40999999999997
1.6199999999999999,2.77,1.04,17.64999999999997
1.6199999999999999,2.77,1.06,18.049999999999972
1.6199999999999999,2.77,1.08,18.60999999999997
1.6199999999999999,2.77,1.1,19.329999999999973
1.6199999999999999,2.78,0.9,21.079999999999934
1.6199999999999999,2.78,0.92,20.359999999999932
1.6199999999999999,2.78,0.9400000000000001,19.799999999999933
1.6199999999999999,2.78,0.9600000000000001,19.399999999999935
1.6199999999999999,2.78,0.9800000000000001,19.159999999999933
1.6199999999999999,2.78,1.0,19.079999999999934
1.6199999999999999,2.78,1.02,19.159999999999936
1.6199999999999999,2.78,1.04,19.399999999999935
1.6199999999999999,2.78,1.06,19.799999999999937
1.6199999999999999,2.78,1.08,20.359999999999935
1.6199999999999999,2.78,1.1,21.079999999999938
1.6199999999999999,2.79,0.9,22.929999999999975
1.6199999999999999,2.79,0.92,22.209999999999972
1.6199999999999999,2.79,0.9400000000000001,21.649999999999974
1.6199999999999999,2.79,0.9600000000000001,21.249999999999975
1.6199999999999999,2.79,0.9800000000000001,21.009999999999973
1.6199999999999999,2.79,1.0,20.929999999999975
1.6199999999999999,2.79,1.02,21.009999999999977
1.6199999999999999,2.79,1.04,21.249999999999975
1.6199999999999999,2.79,1.06,21.649999999999977
1.6199999999999999,2.79,1.08,22.209999999999976
1.6199999999999999,2.79,1.1,22.92999999999998
1.6199999999999999,2.8,0.9,24.87999999999993
1.6199999999999999,2.8,0.92,24.15999999999993
1.6199999999999999,2.8,0.9400000000000001,23.59999999999993
1.6199999999999999,2.8,0.9600000000000001,23.199999999999932
1.6199999999999999,2.8,0.9800000000000001,22.95999999999993
1.6199999999999999,2.8,1.0,22.87999999999993
1.6199999999999999,2.8,1.02,22.959999999999933
1.6199999999999999,2.8,1.04,23.199999999999932
1.6199999999999999,2.8,1.06,23.599999999999934
1.6199999999999999,2.8,1.08,24.159999999999933
1.6199999999999999,2.8,1.1,24.879999999999935
1.63,2.4,0.9,25.920000000000016
1.63,2.4,0.92,25.200000000000014
1.63,2.4,0.9400000000000001,24.640000000000015
1.63,2.4,0.9600000000000001,24.240000000000016
1.63,2.4,0.9800000000000001,24.000000000000014
1.63,2.4,1.0,23.920000000000016
1.63,2.4,1.02,24.000000000000018
1.63,2.4,1.04,24.240000000000016
1.63,2.4,1.06,24.64000000000002
1.63,2.4,1.08,25.200000000000017
1.63,2.4,1.1,25.92000000000002
1.63,2.4099999999999997,0.9,23.970000000000052
1.63,2.4099999999999997,0.92,23.25000000000005
1.63,2.4099999999999997,0.9400000000000001,22.69000000000005
1.63,2.4099999999999997,0.9600000000000001,22.290000000000052
1.63,2.4099999999999997,0.9800000000000001,22.05000000000005
1.63,2.4099999999999997,1.0,21.970000000000052
1.63,2.4099999999999997,1.02,22.050000000000054
1.63,2.4099999999999997,1.04,22.290000000000052
1.63,2.4099999999999997,1.06,22.690000000000055
1.63,2.4099999999999997,1.08,23.250000000000053
1.63,2.4099999999999997,1.1,23.970000000000056
1.63,2.42,0.9,22.12000000000001
1.63,2.42,0.92,21.40000000000001
1.63,2.42,0.9400000000000001,20.84000000000001
1.63,2.42,0.9600000000000001,20.440000000000012
1.63,2.42,0.9800000000000001,20.20000000000001
1.63,2.42,1.0,20.12000000000001
1.63,2.42,1.02,20.200000000000014
1.63,2.42,1.04,20.440000000000012
1.63,2.42,1.06,20.840000000000014
1.63,2.42,1.08,21.400000000000013
1.63,2.42,1.1,22.120000000000015
1.63,2.4299999999999997,0.9,20.370000000000044
1.63,2.4299999999999997,0.92,19.65000000000004
1.63,2.4299999999999997,0.9400000000000001,19.090000000000042
1.63,2.4299999999999997,0.9600000000000001,18.690000000000044
1.63,2.4299999999999997,0.9800000000000001,18.450000000000042
1.63,2.4299999999999997,1.0,18.370000000000044
1.63,2.4299999999999997,1.02,18.450000000000045
1.63,2.4299999999999997,1.04,18.690000000000044
1.63,2.4299999999999997,1.06,19.090000000000046
1.63,2.4299999999999997,1.08,19.650000000000045
1.63,2.4299999999999997,1.1,20.370000000000047
1.63,2.44,0.9,18.720000000000006
1.63,2.44,0.92,18.000000000000004
1.63,2.44,0.9400000000000001,17.440000000000005
1.63,2.44,0.9600000000000001,17.040000000000006
1.63,2.44,0.9800000000000001,16.800000000000004
1.63,2.44,1.0,16.720000000000006
1.63,2.44,1.02,16.800000000000008
1.63,2.44,1.04,17.040000000000006
1.63,2.44,1.06,17.44000000000001
1.63,2.44,1.08,18.000000000000007
1.63,2.44,1.1,18.72000000000001
1.63,2.4499999999999997,0.9,17.170000000000034
1.63,2.4499999999999997,0.92,16.450000000000035
1.63,2.4499999999999997,0.9400000000000001,15.890000000000034
1.63,2.4499999999999997,0.9600000000000001,15.490000000000034
1.63,2.4499999999999997,0.9800000000000001,15.250000000000036
1.63,2.4499999999999997,1.0,15.170000000000035
1.63,2.4499999999999997,1.02,15.250000000000036
1.63,2.4499999999999997,1.04,15.490000000000036
1.63,2.4499999999999997,1.06,15.890000000000036
1.63,2.4499999999999997,1.08,16.45000000000004
1.63,2.4499999999999997,1.1,17.170000000000037
1.63,2.46,0.9,15.719999999999999
1.63,2.46,0.92,14.999999999999998
1.63,2.46,0.9400000000000001,14.439999999999998
1.63,2.46,0.9600000000000001,14.039999999999997
1.63,2.46,0.9800000000000001,13.799999999999999
1.63,2.46,1.0,13.719999999999999
1.63,2.46,1.02,13.799999999999999
1.63,2.46,1.04,14.04
1.63,2.46,1.06,14.44
1.63,2.46,1.08,15.000000000000002
1.63,2.46,1.1,15.720000000000002
1.63,2.4699999999999998,0.9,14.370000000000026
1.63,2.4699999999999998,0.92,13.650000000000025
1.63,2.4699999999999998,0.9400000000000001,13.090000000000025
1.63,2.4699999999999998,0.9600000000000001,12.690000000000024
1.63,2.4699999999999998,0.9800000000000001,12.450000000000026
1.63,2.4699999999999998,1.0,12.370000000000026
1.63,2.4699999999999998,1.02,12.450000000000026
1.63,2.4699999999999998,1.04,12.690000000000026
1.63,2.4699999999999998,1.06,13.090000000000027
1.63,2.4699999999999998,1.08,13.650000000000029
1.63,2.4699999999999998,1.1,14.37000000000003
1.63,2.48,0.9,13.119999999999994
1.63,2.48,0.92,12.399999999999993
1.63,2.48,0.9400000000000001,11.839999999999993
1.63,2.48,0.9600000000000001,11.439999999999992
1.63,2.48,0.9800000000000001,11.199999999999994
1.63,2.48,1.0,11.119999999999994
1.63,2.48,1.02,11.199999999999994
1.63,2.48,1.04,11.439999999999994
1.63,2.48,1.06,11.839999999999995
1.63,2.48,1.08,12.399999999999997
1.63,2.48,1.1,13.119999999999997
1.63,2.4899999999999998,0.9,11.970000000000017
1.63,2.4899999999999998,0.92,11.250000000000016
1.63,2.4899999999999998,0.9400000000000001,10.690000000000015
1.63,2.4899999999999998,0.9600000000000001,10.290000000000015
1.63,2.4899999999999998,0.9800000000000001,10.050000000000017
1.63,2.4899999999999998,1.0,9.970000000000017
1.63,2.4899999999999998,1.02,10.050000000000017
1.63,2.4899999999999998,1.04,10.290000000000017
1.63,2.4899999999999998,1.06,10.690000000000017
1.63,2.4899999999999998,1.08,11.25000000000002
1.63,2.4899999999999998,1.1,11.97000000000002
1.63,2.5,0.9,10.919999999999991
1.63,2.5,0.92,10.19999999999999
1.63,2.5,0.9400000000000001,9.63999999999999
1.63,2.5,0.9600000000000001,9.23999999999999
1.63,2.5,0.9800000000000001,8.999999999999991
1.63,2.5,1.0,8.919999999999991
1.63,2.5,1.02,8.999999999999991
1.63,2.5,1.04,9.239999999999991
1.63,2.5,1.06,9.639999999999992
1.63,2.5,1.08,10.199999999999994
1.63,2.5,1.1,10.919999999999995
1.63,2.51,0.9,9.97000000000001
1.63,2.51,0.92,9.250000000000009
1.63,2.51,0.9400000000000001,8.690000000000008
1.63,2.51,0.9600000000000001,8.290000000000008
1.63,2.51,0.9800000000000001,8.05000000000001
1.63,2.51,1.0,7.9700000000000095
1.63,2.51,1.02,8.05000000000001
1.63,2.51,1.04,8.29000000000001
1.63,2.51,1.06,8.69000000000001
1.63,2.51,1.08,9.250000000000012
1.63,2.51,1.1,9.970000000000013
1.63,2.52,0.9,9.119999999999987
1.63,2.52,0.92,8.399999999999986
1.63,2.52,0.9400000000000001,7.8399999999999865
1.63,2.52,0.9600000000000001,7.439999999999986
1.63,2.52,0.9800000000000001,7.199999999999987
1.63,2.52,1.0,7.119999999999988
1.63,2.52,1.02,7.199999999999988
1.63,2.52,1.04,7.439999999999988
1.63,2.52,1.06,7.839999999999989
1.63,2.52,1.08,8.39999999999999
1.63,2.52,1.1,9.11999999999999
1.63,2.53,0.9,8.370000000000001
1.63,2.53,0.92,7.6499999999999995
1.63,2.53,0.9400000000000001,7.09
1.63,2.53,0.9600000000000001,6.6899999999999995
1.63,2.53,0.9800000000000001,6.45
1.63,2.53,1.0,6.370000000000001
1.63,2.53,1.02,6.450000000000001
1.63,2.53,1.04,6.690000000000001
1.63,2.53,1.06,7.0900000000000025
1.63,2.53,1.08,7.650000000000003
1.63,2.53,1.1,8.370000000000005
1.63,2.54,0.9,7.719999999999984
1.63,2.54,0.92,6.999999999999983
1.63,2.54,0.9400000000000001,6.4399999999999835
1.63,2.54,0.9600000000000001,6.039999999999983
1.63,2.54,0.9800000000000001,5.799999999999984
1.63,2.54,1.0,5.719999999999985
1.63,2.54,1.02,5.799999999999985
1.63,2.54,1.04,6.039999999999985
1.63,2.54,1.06,6.439999999999986
1.63,2.54,1.08,6.999999999999987
1.63,2.54,1.1,7.719999999999988
1.63,2.55,0.9,7.169999999999994
1.63,2.55,0.92,6.449999999999993
1.63,2.55,0.9400000000000001,5.8899999999999935
1.63,2.55,0.9600000000000001,5.489999999999993
1.63,2.55,0.9800000000000001,5.249999999999994
1.63,2.55,1.0,5.169999999999995
1.63,2.55,1.02,5.249999999999995
1.63,2.55,1.04,5.489999999999995
1.63,2.55,1.06,5.889999999999996
1.63,2.55,1.08,6.449999999999997
1.63,2.55,1.1,7.169999999999998
1.63,2.56,0.9,6.719999999999982
1.63,2.56,0.92,5.999999999999981
1.63,2.56,0.9400000000000001,5.439999999999982
1.63,2.56,0.9600000000000001,5.039999999999981
1.63,2.56,0.9800000000000001,4.799999999999982
1.63,2.56,1.0,4.719999999999983
1.63,2.56,1.02,4.799999999999983
1.63,2.56,1.04,5.039999999999983
1.63,2.56,1.06,5.439999999999984
1.63,2.56,1.08,5.999999999999985
1.63,2.56,1.1,6.719999999999986
1.63,2.57,0.9,6.369999999999989
1.63,2.57,0.92,5.649999999999988
1.63,2.57,0.9400000000000001,5.089999999999988
1.63,2.57,0.9600000000000001,4.689999999999988
1.63,2.57,0.9800000000000001,4.449999999999989
1.63,2.57,1.0,4.3699999999999894
1.63,2.57,1.02,4.4499999999999895
1.63,2.57,1.04,4.68999999999999
1.63,2.57,1.06,5.089999999999991
1.63,2.57,1.08,5.6499999999999915
1.63,2.57,1.1,6.369999999999993
1.63,2.58,0.9,6.1199999999999815
1.63,2.58,0.92,5.399999999999981
1.63,2.58,0.9400000000000001,4.839999999999981
1.63,2.58,0.9600000000000001,4.439999999999981
1.63,2.58,0.9800000000000001,4.1999999999999815
1.63,2.58,1.0,4.119999999999982
1.63,2.58,1.02,4.199999999999982
1.63,2.58,1.04,4.439999999999983
1.63,2.58,1.06,4.839999999999984
1.63,2.58,1.08,5.399999999999984
1.63,2.58,1.1,6.119999999999986
1.63,2.59,0.9,5.969999999999983
1.63,2.59,0.92,5.249999999999983
1.63,2.59,0.9400000000000001,4.689999999999983
1.63,2.59,0.9600000000000001,4.289999999999983
1.63,2.59,0.9800000000000001,4.049999999999984
1.63,2.59,1.0,3.969999999999984
1.63,2.59,1.02,4.049999999999985
1.63,2.59,1.04,4.289999999999985
1.63,2.59,1.06,4.689999999999985
1.63,2.59,1.08,5.249999999999987
1.63,2.59,1.1,5.969999999999988
1.63,2.5999999999999996,0.9,5.91999999999998
1.63,2.5999999999999996,0.92,5.199999999999981
1.63,2.5999999999999996,0.9400000000000001,4.63999999999998
1.63,2.5999999999999996,0.9600000000000001,4.239999999999981
1.63,2.5999999999999996,0.9800000000000001,3.999999999999981
1.63,2.5999999999999996,1.0,3.9199999999999817
1.63,2.5999999999999996,1.02,3.999999999999982
1.63,2.5999999999999996,1.04,4.2399999999999824
1.63,2.5999999999999996,1.06,4.639999999999983
1.63,2.5999999999999996,1.08,5.199999999999984
1.63,2.5999999999999996,1.1,5.919999999999986
1.63,2.61,0.9,5.969999999999979
1.63,2.61,0.92,5.249999999999979
1.63,2.61,0.9400000000000001,4.689999999999978
1.63,2.61,0.9600000000000001,4.289999999999979
1.63,2.61,0.9800000000000001,4.049999999999979
1.63,2.61,1.0,3.9699999999999798
1.63,2.61,1.02,4.04999999999998
1.63,2.61,1.04,4.2899999999999805
1.63,2.61,1.06,4.689999999999981
1.63,2.61,1.08,5.249999999999982
1.63,2.61,1.1,5.969999999999983
1.63,2.62,0.9,6.1199999999999815
1.63,2.62,0.92,5.399999999999981
1.63,2.62,0.9400000000000001,4.839999999999981
1.63,2.62,0.9600000000000001,4.439999999999981
1.63,2.62,0.9800000000000001,4.1999999999999815
1.63,2.62,1.0,4.119999999999982
1.63,2.62,1.02,4.199999999999982
1.63,2.62,1.04,4.439999999999983
1.63,2.62,1.06,4.839999999999984
1.63,2.62,1.08,5.399999999999984
1.63,2.62,1.1,6.119999999999986
1.63,2.63,0.9,6.369999999999975
1.63,2.63,0.92,5.649999999999975
1.63,2.63,0.9400000000000001,5.089999999999975
1.63,2.63,0.9600000000000001,4.689999999999975
1.63,2.63,0.9800000000000001,4.449999999999975
1.63,2.63,1.0,4.369999999999976
1.63,2.63,1.02,4.449999999999976
1.63,2.63,1.04,4.689999999999976
1.63,2.63,1.06,5.089999999999978
1.63,2.63,1.08,5.649999999999978
1.63,2.63,1.1,6.36999999999998
1.63,2.6399999999999997,0.9,6.719999999999964
1.63,2.6399999999999997,0.92,5.999999999999964
1.63,2.6399999999999997,0.9400000000000001,5.439999999999964
1.63,2.6399999999999997,0.9600000000000001,5.039999999999964
1.63,2.6399999999999997,0.9800000000000001,4.799999999999964
1.63,2.6399999999999997,1.0,4.719999999999965
1.63,2.6399999999999997,1.02,4.799999999999965
1.63,2.6399999999999997,1.04,5.039999999999965
1.63,2.6399999999999997,1.06,5.439999999999967
1.63,2.6399999999999997,1.08,5.999999999999967
1.63,2.6399999999999997,1.1,6.719999999999969
1.63,2.65,0.9,7.169999999999972
1.63,2.65,0.92,6.449999999999972
1.63,2.65,0.9400000000000001,5.889999999999972
1.63,2.65,0.9600000000000001,5.489999999999972
1.63,2.65,0.9800000000000001,5.2499999999999725
1.63,2.65,1.0,5.169999999999973
1.63,2.65,1.02,5.249999999999973
1.63,2.65,1.04,5.489999999999974
1.63,2.65,1.06,5.889999999999975
1.63,2.65,1.08,6.449999999999975
1.63,2.65,1.1,7.169999999999977
1.63,2.6599999999999997,0.9,7.719999999999957
1.63,2.6599999999999997,0.92,6.9999999999999565
1.63,2.6599999999999997,0.9400000000000001,6.439999999999957
1.63,2.6599999999999997,0.9600000000000001,6.0399999999999565
1.63,2.6599999999999997,0.9800000000000001,5.799999999999957
1.63,2.6599999999999997,1.0,5.719999999999958
1.63,2.6599999999999997,1.02,5.799999999999958
1.63,2.6599999999999997,1.04,6.039999999999958
1.63,2.6599999999999997,1.06,6.4399999999999595
1.63,2.6599999999999997,1.08,6.99999999999996
1.63,2.6599999999999997,1.1,7.719999999999962
1.63,2.67,0.9,8.369999999999969
1.63,2.67,0.92,7.649999999999969
1.63,2.67,0.9400000000000001,7.08999999999997
1.63,2.67,0.9600000000000001,6.689999999999969
1.63,2.67,0.9800000000000001,6.44999999999997
1.63,2.67,1.0,6.369999999999971
1.63,2.67,1.02,6.449999999999971
1.63,2.67,1.04,6.689999999999971
1.63,2.67,1.06,7.089999999999972
1.63,2.67,1.08,7.649999999999973
1.63,2.67,1.1,8.369999999999974
1.63,2.6799999999999997,0.9,9.119999999999951
1.63,2.6799999999999997,0.92,8.39999999999995
1.63,2.6799999999999997,0.9400000000000001,7.839999999999951
1.63,2.6799999999999997,0.9600000000000001,7.439999999999951
1.63,2.6799999999999997,0.9800000000000001,7.199999999999951
1.63,2.6799999999999997,1.0,7.119999999999952
1.63,2.6799999999999997,1.02,7.199999999999952
1.63,2.6799999999999997,1.04,7.439999999999952
1.63,2.6799999999999997,1.06,7.839999999999954
1.63,2.6799999999999997,1.08,8.399999999999954
1.63,2.6799999999999997,1.1,9.119999999999955
1.63,2.69,0.9,9.969999999999967
1.63,2.69,0.92,9.249999999999968
1.63,2.69,0.9400000000000001,8.689999999999968
1.63,2.69,0.9600000000000001,8.289999999999967
1.63,2.69,0.9800000000000001,8.049999999999969
1.63,2.69,1.0,7.969999999999969
1.63,2.69,1.02,8.049999999999969
1.63,2.69,1.04,8.289999999999969
1.63,2.69,1.06,8.68999999999997
1.63,2.69,1.08,9.249999999999972
1.63,2.69,1.1,9.969999999999972
1.63,2.6999999999999997,0.9,10.919999999999945
1.63,2.6999999999999997,0.92,10.199999999999946
1.63,2.6999999999999997,0.9400000000000001,9.639999999999946
1.63,2.6999999999999997,0.9600000000000001,9.239999999999945
1.63,2.6999999999999997,0.9800000000000001,8.999999999999947
1.63,2.6999999999999997,1.0,8.919999999999947
1.63,2.6999999999999997,1.02,8.999999999999947
1.63,2.6999999999999997,1.04,9.239999999999947
1.63,2.6999999999999997,1.06,9.639999999999947
1.63,2.6999999999999997,1.08,10.19999999999995
1.63,2.6999999999999997,1.1,10.91999999999995
1.63,2.71,0.9,11.969999999999967
1.63,2.71,0.92,11.249999999999966
1.63,2.71,0.9400000000000001,10.689999999999966
1.63,2.71,0.9600000000000001,10.289999999999965
1.63,2.71,0.9800000000000001,10.049999999999967
1.63,2.71,1.0,9.969999999999967
1.63,2.71,1.02,10.049999999999967
1.63,2.71,1.04,10.289999999999967
1.63,2.71,1.06,10.689999999999968
1.63,2.71,1.08,11.24999999999997
1.63,2.71,1.1,11.96999999999997
1.63,2.7199999999999998,0.9,13.11999999999994
1.63,2.7199999999999998,0.92,12.399999999999942
1.63,2.7199999999999998,0.9400000000000001,11.839999999999941
1.63,2.7199999999999998,0.9600000000000001,11.43999999999994
1.63,2.7199999999999998,0.9800000000000001,11.199999999999942
1.63,2.7199999999999998,1.0,11.119999999999942
1.63,2.7199999999999998,1.02,11.199999999999942
1.63,2.7199999999999998,1.04,11.439999999999943
1.63,2.7199999999999998,1.06,11.839999999999943
1.63,2.7199999999999998,1.08,12.399999999999945
1.63,2.7199999999999998,1.1,13.119999999999946
1.63,2.73,0.9,14.369999999999965
1.63,2.73,0.92,13.649999999999967
1.63,2.73,0.9400000000000001,13.089999999999966
1.63,2.73,0.9600000000000001,12.689999999999966
1.63,2.73,0.9800000000000001,12.449999999999967
1.63,2.73,1.0,12.369999999999967
1.63,2.73,1.02,12.449999999999967
1.63,2.73,1.04,12.689999999999968
1.63,2.73,1.06,13.089999999999968
1.63,2.73,1.08,13.64999999999997
1.63,2.73,1.1,14.36999999999997
1.63,2.7399999999999998,0.9,15.719999999999935
1.63,2.7399999999999998,0.92,14.999999999999936
1.63,2.7399999999999998,0.9400000000000001,14.439999999999936
1.63,2.7399999999999998,0.9600000000000001,14.039999999999935
1.63,2.7399999999999998,0.9800000000000001,13.799999999999937
1.63,2.7399999999999998,1.0,13.719999999999937
1.63,2.7399999999999998,1.02,13.799999999999937
1.63,2.7399999999999998,1.04,14.039999999999937
1.63,2.7399999999999998,1.06,14.439999999999937
1.63,2.7399999999999998,1.08,14.99999999999994
1.63,2.7399999999999998,1.1,15.71999999999994
1.63,2.75,0.9,17.16999999999997
1.63,2.75,0.92,16.449999999999967
1.63,2.75,0.9400000000000001,15.889999999999969
1.63,2.75,0.9600000000000001,15.489999999999968
1.63,2.75,0.9800000000000001,15.24999999999997
1.63,2.75,1.0,15.16999999999997
1.63,2.75,1.02,15.24999999999997
1.63,2.75,1.04,15.48999999999997
1.63,2.75,1.06,15.88999999999997
1.63,2.75,1.08,16.44999999999997
1.63,2.75,1.1,17.169999999999973
1.63,2.76,0.9,18.719999999999935
1.63,2.76,0.92,17.999999999999932
1.63,2.76,0.9400000000000001,17.439999999999934
1.63,2.76,0.9600000000000001,17.039999999999935
1.63,2.76,0.9800000000000001,16.799999999999933
1.63,2.76,1.0,16.719999999999935
1.63,2.76,1.02,16.799999999999937
1.63,2.76,1.04,17.039999999999935
1.63,2.76,1.06,17.439999999999937
1.63,2.76,1.08,17.999999999999936
1.63,2.76,1.1,18.71999999999994
1.63,2.77,0.9,20.36999999999997
1.63,2.77,0.92,19.649999999999967
1.63,2.77,0.9400000000000001,19.089999999999968
1.63,2.77,0.9600000000000001,18.68999999999997
1.63,2.77,0.9800000000000001,18.449999999999967
1.63,2.77,1.0,18.36999999999997
1.63,2.77,1.02,18.44999999999997
1.63,2.77,1.04,18.68999999999997
1.63,2.77,1.06,19.08999999999997
1.63,2.77,1.08,19.64999999999997
1.63,2.77,1.1,20.369999999999973
1.63,2.78,0.9,22.11999999999993
1.63,2.78,0.92,21.399999999999928
1.63,2.78,0.9400000000000001,20.83999999999993
1.63,2.78,0.9600000000000001,20.43999999999993
1.63,2.78,0.9800000000000001,20.19999999999993
1.63,2.78,1.0,20.11999999999993
1.63,2.78,1.02,20.199999999999932
1.63,2.78,1.04,20.43999999999993
1.63,2.78,1.06,20.839999999999932
1.63,2.78,1.08,21.39999999999993
1.63,2.78,1.1,22.119999999999933
1.63,2.79,0.9,23.96999999999997
1.63,2.79,0.92,23.249999999999968
1.63,2.79,0.9400000000000001,22.68999999999997
1.63,2.79,0.9600000000000001,22.28999999999997
1.63,2.79,0.9800000000000001,22.04999999999997
1.63,2.79,1.0,21.96999999999997
1.63,2.79,1.02,22.049999999999972
1.63,2.79,1.04,22.28999999999997
1.63,2.79,1.06,22.689999999999973
1.63,2.79,1.08,23.24999999999997
1.63,2.79,1.1,23.969999999999974
1.63,2.8,0.9,25.919999999999927
1.63,2.8,0.92,25.199999999999925
1.63,2.8,0.9400000000000001,24.639999999999926
1.63,2.8,0.9600000000000001,24.239999999999927
1.63,2.8,0.9800000000000001,23.999999999999925
1.63,2.8,1.0,23.919999999999927
1.63,2.8,1.02,23.99999999999993
1.63,2.8,1.04,24.239999999999927
1.63,2.8,1.06,24.63999999999993
1.63,2.8,1.08,25.19999999999993
1.63,2.8,1.1,25.91999999999993
1.64,2.4,0.9,27.120000000000015
1.64,2.4,0.92,26.400000000000013
1.64,2.4,0.9400000000000001,25.840000000000014
1.64,2.4,0.9600000000000001,25.440000000000015
1.64,2.4,0.9800000000000001,25.200000000000014
1.64,2.4,1.0,25.120000000000015
1.64,2.4,1.02,25.200000000000017
1.64,2.4,1.04,25.440000000000015
1.64,2.4,1.06,25.840000000000018
1.64,2.4,1.08,26.400000000000016
1.64,2.4,1.1,27.12000000000002
1.64,2.4099999999999997,0.9,25.17000000000005
1.64,2.4099999999999997,0.92,24.45000000000005
1.64,2.4099999999999997,0.9400000000000001,23.89000000000005
1.64,2.4099999999999997,0.9600000000000001,23.49000000000005
1.64,2.4099999999999997,0.9800000000000001,23.25000000000005
1.64,2.4099999999999997,1.0,23.17000000000005
1.64,2.4099999999999997,1.02,23.250000000000053
1.64,2.4099999999999997,1.04,23.49000000000005
1.64,2.4099999999999997,1.06,23.890000000000054
1.64,2.4099999999999997,1.08,24.450000000000053
1.64,2.4099999999999997,1.1,25.170000000000055
1.64,2.42,0.9,23.32000000000001
1.64,2.42,0.92,22.60000000000001
1.64,2.42,0.9400000000000001,22.04000000000001
1.64,2.42,0.9600000000000001,21.64000000000001
1.64,2.42,0.9800000000000001,21.40000000000001
1.64,2.42,1.0,21.32000000000001
1.64,2.42,1.02,21.400000000000013
1.64,2.42,1.04,21.64000000000001
1.64,2.42,1.06,22.040000000000013
1.64,2.42,1.08,22.600000000000012
1.64,2.42,1.1,23.320000000000014
1.64,2.4299999999999997,0.9,21.570000000000043
1.64,2.4299999999999997,0.92,20.85000000000004
1.64,2.4299999999999997,0.9400000000000001,20.290000000000042
1.64,2.4299999999999997,0.9600000000000001,19.890000000000043
1.64,2.4299999999999997,0.9800000000000001,19.65000000000004
1.64,2.4299999999999997,1.0,19.570000000000043
1.64,2.4299999999999997,1.02,19.650000000000045
1.64,2.4299999999999997,1.04,19.890000000000043
1.64,2.4299999999999997,1.06,20.290000000000045
1.64,2.4299999999999997,1.08,20.850000000000044
1.64,2.4299999999999997,1.1,21.570000000000046
1.64,2.44,0.9,19.920000000000005
1.64,2.44,0.92,19.200000000000003
1.64,2.44,0.9400000000000001,18.640000000000004
1.64,2.44,0.9600000000000001,18.240000000000006
1.64,2.44,0.9800000000000001,18.000000000000004
1.64,2.44,1.0,17.920000000000005
1.64,2.44,1.02,18.000000000000007
1.64,2.44,1.04,18.240000000000006
1.64,2.44,1.06,18.640000000000008
1.64,2.44,1.08,19.200000000000006
1.64,2.44,1.1,19.92000000000001
1.64,2.4499999999999997,0.9,18.370000000000033
1.64,2.4499999999999997,0.92,17.65000000000003
1.64,2.4499999999999997,0.9400000000000001,17.090000000000032
1.64,2.4499999999999997,0.9600000000000001,16.690000000000033
1.64,2.4499999999999997,0.9800000000000001,16.45000000000003
1.64,2.4499999999999997,1.0,16.370000000000033
1.64,2.4499999999999997,1.02,16.450000000000035
1.64,2.4499999999999997,1.04,16.690000000000033
1.64,2.4499999999999997,1.06,17.090000000000035
1.64,2.4499999999999997,1.08,17.650000000000034
1.64,2.4499999999999997,1.1,18.370000000000037
1.64,2.46,0.9,16.919999999999998
1.64,2.46,0.92,16.199999999999996
1.64,2.46,0.9400000000000001,15.639999999999997
1.64,2.46,0.9600000000000001,15.239999999999997
1.64,2.46,0.9800000000000001,14.999999999999998
1.64,2.46,1.0,14.919999999999998
1.64,2.46,1.02,14.999999999999998
1.64,2.46,1.04,15.239999999999998
1.64,2.46,1.06,15.639999999999999
1.64,2.46,1.08,16.2
1.64,2.46,1.1,16.92
1.64,2.4699999999999998,0.9,15.570000000000025
1.64,2.4699999999999998,0.92,14.850000000000025
1.64,2.4699999999999998,0.9400000000000001,14.290000000000024
1.64,2.4699999999999998,0.9600000000000001,13.890000000000024
1.64,2.4699999999999998,0.9800000000000001,13.650000000000025
1.64,2.4699999999999998,1.0,13.570000000000025
1.64,2.4699999999999998,1.02,13.650000000000025
1.64,2.4699999999999998,1.04,13.890000000000025
1.64,2.4699999999999998,1.06,14.290000000000026
1.64,2.4699999999999998,1.08,14.850000000000028
1.64,2.4699999999999998,1.1,15.570000000000029
1.64,2.48,0.9,14.319999999999993
1.64,2.48,0.92,13.599999999999993
1.64,2.48,0.9400000000000001,13.039999999999992
1.64,2.48,0.9600000000000001,12.639999999999992
1.64,2.48,0.9800000000000001,12.399999999999993
1.64,2.48,1.0,12.319999999999993
1.64,2.48,1.02,12.399999999999993
1.64,2.48,1.04,12.639999999999993
1.64,2.48,1.06,13.039999999999994
1.64,2.48,1.08,13.599999999999996
1.64,2.48,1.1,14.319999999999997
1.64,2.4899999999999998,0.9,13.170000000000016
1.64,2.4899999999999998,0.92,12.450000000000015
1.64,2.4899999999999998,0.9400000000000001,11.890000000000015
1.64,2.4899999999999998,0.9600000000000001,11.490000000000014
1.64,2.4899999999999998,0.9800000000000001,11.250000000000016
1.64,2.4899999999999998,1.0,11.170000000000016
1.64,2.4899999999999998,1.02,11.250000000000016
1.64,2.4899999999999998,1.04,11.490000000000016
1.64,2.4899999999999998,1.06,11.890000000000017
1.64,2.4899999999999998,1.08,12.450000000000019
1.64,2.4899999999999998,1.1,13.17000000000002
1.64,2.5,0.9,12.11999999999999
1.64,2.5,0.92,11.39999999999999
1.64,2.5,0.9400000000000001,10.83999999999999
1.64,2.5,0.9600000000000001,10.439999999999989
1.64,2.5,0.9800000000000001,10.19999999999999
1.64,2.5,1.0,10.11999999999999
1.64,2.5,1.02,10.19999999999999
1.64,2.5,1.04,10.43999999999999
1.64,2.5,1.06,10.839999999999991
1.64,2.5,1.08,11.399999999999993
1.64,2.5,1.1,12.119999999999994
1.64,2.51,0.9,11.170000000000009
1.64,2.51,0.92,10.450000000000008
1.64,2.51,0.9400000000000001,9.890000000000008
1.64,2.51,0.9600000000000001,9.490000000000007
1.64,2.51,0.9800000000000001,9.250000000000009
1.64,2.51,1.0,9.170000000000009
1.64,2.51,1.02,9.250000000000009
1.64,2.51,1.04,9.490000000000009
1.64,2.51,1.06,9.89000000000001
1.64,2.51,1.08,10.450000000000012
1.64,2.51,1.1,11.170000000000012
1.64,2.52,0.9,10.319999999999986
1.64,2.52,0.92,9.599999999999985
1.64,2.52,0.9400000000000001,9.039999999999985
1.64,2.52,0.9600000000000001,8.639999999999985
1.64,2.52,0.9800000000000001,8.399999999999986
1.64,2.52,1.0,8.319999999999986
1.64,2.52,1.02,8.399999999999986
1.64,2.52,1.04,8.639999999999986
1.64,2.52,1.06,9.039999999999987
1.64,2.52,1.08,9.599999999999989
1.64,2.52,1.1,10.31999999999999
1.64,2.53,0.9,9.57
1.64,2.53,0.92,8.85
1.64,2.53,0.9400000000000001,8.29
1.64,2.53,0.9600000000000001,7.889999999999999
1.64,2.53,0.9800000000000001,7.6499999999999995
1.64,2.53,1.0,7.57
1.64,2.53,1.02,7.65
1.64,2.53,1.04,7.890000000000001
1.64,2.53,1.06,8.290000000000001
1.64,2.53,1.08,8.850000000000003
1.64,2.53,1.1,9.570000000000004
1.64,2.54,0.9,8.919999999999984
1.64,2.54,0.92,8.199999999999983
1.64,2.54,0.9400000000000001,7.639999999999983
1.64,2.54,0.9600000000000001,7.2399999999999824
1.64,2.54,0.9800000000000001,6.999999999999983
1.64,2.54,1.0,6.919999999999984
1.64,2.54,1.02,6.999999999999984
1.64,2.54,1.04,7.239999999999984
1.64,2.54,1.06,7.6399999999999855
1.64,2.54,1.08,8.199999999999987
1.64,2.54,1.1,8.919999999999987
1.64,2.55,0.9,8.369999999999994
1.64,2.55,0.92,7.649999999999992
1.64,2.55,0.9400000000000001,7.089999999999993
1.64,2.55,0.9600000000000001,6.689999999999992
1.64,2.55,0.9800000000000001,6.449999999999993
1.64,2.55,1.0,6.369999999999994
1.64,2.55,1.02,6.449999999999994
1.64,2.55,1.04,6.689999999999994
1.64,2.55,1.06,7.089999999999995
1.64,2.55,1.08,7.649999999999996
1.64,2.55,1.1,8.369999999999997
1.64,2.56,0.9,7.919999999999981
1.64,2.56,0.92,7.199999999999981
1.64,2.56,0.9400000000000001,6.639999999999981
1.64,2.56,0.9600000000000001,6.239999999999981
1.64,2.56,0.9800000000000001,5.999999999999981
1.64,2.56,1.0,5.919999999999982
1.64,2.56,1.02,5.999999999999982
1.64,2.56,1.04,6.2399999999999824
1.64,2.56,1.06,6.639999999999984
1.64,2.56,1.08,7.199999999999984
1.64,2.56,1.1,7.919999999999986
1.64,2.57,0.9,7.569999999999987
1.64,2.57,0.92,6.849999999999986
1.64,2.57,0.9400000000000001,6.289999999999987
1.64,2.57,0.9600000000000001,5.889999999999986
1.64,2.57,0.9800000000000001,5.649999999999987
1.64,2.57,1.0,5.569999999999988
1.64,2.57,1.02,5.649999999999988
1.64,2.57,1.04,5.889999999999988
1.64,2.57,1.06,6.289999999999989
1.64,2.57,1.08,6.84999999999999
1.64,2.57,1.1,7.569999999999991
1.64,2.58,0.9,7.31999999999998
1.64,2.58,0.92,6.599999999999979
1.64,2.58,0.9400000000000001,6.03999999999998
1.64,2.58,0.9600000000000001,5.639999999999979
1.64,2.58,0.9800000000000001,5.39999999999998
1.64,2.58,1.0,5.319999999999981
1.64,2.58,1.02,5.399999999999981
1.64,2.58,1.04,5.639999999999981
1.64,2.58,1.06,6.039999999999982
1.64,2.58,1.08,6.599999999999983
1.64,2.58,1.1,7.319999999999984
1.64,2.59,0.9,7.169999999999982
1.64,2.59,0.92,6.4499999999999815
1.64,2.59,0.9400000000000001,5.889999999999982
1.64,2.59,0.9600000000000001,5.489999999999982
1.64,2.59,0.9800000000000001,5.249999999999982
1.64,2.59,1.0,5.169999999999983
1.64,2.59,1.02,5.249999999999983
1.64,2.59,1.04,5.489999999999983
1.64,2.59,1.06,5.889999999999985
1.64,2.59,1.08,6.449999999999985
1.64,2.59,1.1,7.169999999999987
1.64,2.5999999999999996,0.9,7.11999999999998
1.64,2.5999999999999996,0.92,6.399999999999979
1.64,2.5999999999999996,0.9400000000000001,5.839999999999979
1.64,2.5999999999999996,0.9600000000000001,5.439999999999979
1.64,2.5999999999999996,0.9800000000000001,5.19999999999998
1.64,2.5999999999999996,1.0,5.119999999999981
1.64,2.5999999999999996,1.02,5.199999999999981
1.64,2.5999999999999996,1.04,5.439999999999981
1.64,2.5999999999999996,1.06,5.839999999999982
1.64,2.5999999999999996,1.08,6.399999999999983
1.64,2.5999999999999996,1.1,7.119999999999984
1.64,2.61,0.9,7.169999999999978
1.64,2.61,0.92,6.449999999999977
1.64,2.61,0.9400000000000001,5.8899999999999775
1.64,2.61,0.9600000000000001,5.489999999999977
1.64,2.61,0.9800000000000001,5.249999999999978
1.64,2.61,1.0,5.169999999999979
1.64,2.61,1.02,5.249999999999979
1.64,2.61,1.04,5.489999999999979
1.64,2.61,1.06,5.88999999999998
1.64,2.61,1.08,6.449999999999981
1.64,2.61,1.1,7.169999999999982
1.64,2.62,0.9,7.31999999999998
1.64,2.62,0.92,6.599999999999979
1.64,2.62,0.9400000000000001,6.03999999999998
1.64,2.62,0.9600000000000001,5.639999999999979
1.64,2.62,0.9800000000000001,5.39999999999998
1.64,2.62,1.0,5.319999999999981
1.64,2.62,1.02,5.399999999999981
1.64,2.62,1.04,5.639999999999981
1.64,2.62,1.06,6.039999999999982
1.64,2.62,1.08,6.599999999999983
1.64,2.62,1.1,7.319999999999984
1.64,2.63,0.9,7.569999999999974
1.64,2.63,0.92,6.849999999999973
1.64,2.63,0.9400000000000001,6.289999999999973
1.64,2.63,0.9600000000000001,5.889999999999973
1.64,2.63,0.9800000000000001,5.649999999999974
1.64,2.63,1.0,5.5699999999999745
1.64,2.63,1.02,5.649999999999975
1.64,2.63,1.04,5.889999999999975
1.64,2.63,1.06,6.289999999999976
1.64,2.63,1.08,6.8499999999999766
1.64,2.63,1.1,7.569999999999978
1.64,2.6399999999999997,0.9,7.9199999999999635
1.64,2.6399999999999997,0.92,7.199999999999963
1.64,2.6399999999999997,0.9400000000000001,6.639999999999963
1.64,2.6399999999999997,0.9600000000000001,6.239999999999963
1.64,2.6399999999999997,0.9800000000000001,5.999999999999964
1.64,2.6399999999999997,1.0,5.919999999999964
1.64,2.6399999999999997,1.02,5.9999999999999645
1.64,2.6399999999999997,1.04,6.239999999999965
1.64,2.6399999999999997,1.06,6.639999999999966
1.64,2.6399999999999997,1.08,7.199999999999966
1.64,2.6399999999999997,1.1,7.919999999999968
1.64,2.65,0.9,8.36999999999997
1.64,2.65,0.92,7.64999999999997
1.64,2.65,0.9400000000000001,7.0899999999999705
1.64,2.65,0.9600000000000001,6.68999999999997
1.64,2.65,0.9800000000000001,6.449999999999971
1.64,2.65,1.0,6.369999999999972
1.64,2.65,1.02,6.449999999999972
1.64,2.65,1.04,6.689999999999972
1.64,2.65,1.06,7.089999999999973
1.64,2.65,1.08,7.649999999999974
1.64,2.65,1.1,8.369999999999976
1.64,2.6599999999999997,0.9,8.919999999999956
1.64,2.6599999999999997,0.92,8.199999999999957
1.64,2.6599999999999997,0.9400000000000001,7.639999999999956
1.64,2.6599999999999997,0.9600000000000001,7.239999999999956
1.64,2.6599999999999997,0.9800000000000001,6.9999999999999565
1.64,2.6599999999999997,1.0,6.919999999999957
1.64,2.6599999999999997,1.02,6.999999999999957
1.64,2.6599999999999997,1.04,7.239999999999958
1.64,2.6599999999999997,1.06,7.639999999999959
1.64,2.6599999999999997,1.08,8.19999999999996
1.64,2.6599999999999997,1.1,8.91999999999996
1.64,2.67,0.9,9.569999999999968
1.64,2.67,0.92,8.849999999999968
1.64,2.67,0.9400000000000001,8.289999999999967
1.64,2.67,0.9600000000000001,7.889999999999968
1.64,2.67,0.9800000000000001,7.649999999999968
1.64,2.67,1.0,7.569999999999969
1.64,2.67,1.02,7.649999999999969
1.64,2.67,1.04,7.8899999999999695
1.64,2.67,1.06,8.28999999999997
1.64,2.67,1.08,8.849999999999971
1.64,2.67,1.1,9.569999999999972
1.64,2.6799999999999997,0.9,10.31999999999995
1.64,2.6799999999999997,0.92,9.59999999999995
1.64,2.6799999999999997,0.9400000000000001,9.03999999999995
1.64,2.6799999999999997,0.9600000000000001,8.639999999999949
1.64,2.6799999999999997,0.9800000000000001,8.39999999999995
1.64,2.6799999999999997,1.0,8.31999999999995
1.64,2.6799999999999997,1.02,8.39999999999995
1.64,2.6799999999999997,1.04,8.63999999999995
1.64,2.6799999999999997,1.06,9.039999999999951
1.64,2.6799999999999997,1.08,9.599999999999953
1.64,2.6799999999999997,1.1,10.319999999999954
1.64,2.69,0.9,11.169999999999966
1.64,2.69,0.92,10.449999999999967
1.64,2.69,0.9400000000000001,9.889999999999967
1.64,2.69,0.9600000000000001,9.489999999999966
1.64,2.69,0.9800000000000001,9.249999999999968
1.64,2.69,1.0,9.169999999999968
1.64,2.69,1.02,9.249999999999968
1.64,2.69,1.04,9.489999999999968
1.64,2.69,1.06,9.889999999999969
1.64,2.69,1.08,10.44999999999997
1.64,2.69,1.1,11.169999999999972
1.64,2.6999999999999997,0.9,12.119999999999944
1.64,2.6999999999999997,0.92,11.399999999999944
1.64,2.6999999999999997,0.9400000000000001,10.839999999999943
1.64,2.6999999999999997,0.9600000000000001,10.439999999999943
1.64,2.6999999999999997,0.9800000000000001,10.199999999999944
1.64,2.6999999999999997,1.0,10.119999999999944
1.64,2.6999999999999997,1.02,10.199999999999944
1.64,2.6999999999999997,1.04,10.439999999999944
1.64,2.6999999999999997,1.06,10.839999999999945
1.64,2.6999999999999997,1.08,11.399999999999947
1.64,2.6999999999999997,1.1,12.119999999999948
1.64,2.71,0.9,13.169999999999966
1.64,2.71,0.92,12.449999999999966
1.64,2.71,0.9400000000000001,11.889999999999965
1.64,2.71,0.9600000000000001,11.489999999999965
1.64,2.71,0.9800000000000001,11.249999999999966
1.64,2.71,1.0,11.169999999999966
1.64,2.71,1.02,11.249999999999966
1.64,2.71,1.04,11.489999999999966
1.64,2.71,1.06,11.889999999999967
1.64,2.71,1.08,12.449999999999969
1.64,2.71,1.1,13.16999999999997
1.64,2.7199999999999998,0.9,14.31999999999994
1.64,2.7199999999999998,0.92,13.59999999999994
1.64,2.7199999999999998,0.9400000000000001,13.039999999999939
1.64,2.7199999999999998,0.9600000000000001,12.639999999999938
1.64,2.7199999999999998,0.9800000000000001,12.39999999999994
1.64,2.7199999999999998,1.0,12.31999999999994
1.64,2.7199999999999998,1.02,12.39999999999994
1.64,2.7199999999999998,1.04,12.63999999999994
1.64,2.7199999999999998,1.06,13.03999999999994
1.64,2.7199999999999998,1.08,13.599999999999943
1.64,2.7199999999999998,1.1,14.319999999999943
1.64,2.73,0.9,15.569999999999965
1.64,2.73,0.92,14.849999999999964
1.64,2.73,0.9400000000000001,14.289999999999964
1.64,2.73,0.9600000000000001,13.889999999999963
1.64,2.73,0.9800000000000001,13.649999999999965
1.64,2.73,1.0,13.569999999999965
1.64,2.73,1.02,13.649999999999965
1.64,2.73,1.04,13.889999999999965
1.64,2.73,1.06,14.289999999999965
1.64,2.73,1.08,14.849999999999968
1.64,2.73,1.1,15.569999999999968
1.64,2.7399999999999998,0.9,16.919999999999934
1.64,2.7399999999999998,0.92,16.199999999999932
1.64,2.7399999999999998,0.9400000000000001,15.639999999999933
1.64,2.7399999999999998,0.9600000000000001,15.239999999999933
1.64,2.7399999999999998,0.9800000000000001,14.999999999999934
1.64,2.7399999999999998,1.0,14.919999999999934
1.64,2.7399999999999998,1.02,14.999999999999934
1.64,2.7399999999999998,1.04,15.239999999999934
1.64,2.7399999999999998,1.06,15.639999999999935
1.64,2.7399999999999998,1.08,16.199999999999935
1.64,2.7399999999999998,1.1,16.919999999999938
1.64,2.75,0.9,18.36999999999997
1.64,2.75,0.92,17.649999999999967
1.64,2.75,0.9400000000000001,17.089999999999968
1.64,2.75,0.9600000000000001,16.68999999999997
1.64,2.75,0.9800000000000001,16.449999999999967
1.64,2.75,1.0,16.36999999999997
1.64,2.75,1.02,16.44999999999997
1.64,2.75,1.04,16.68999999999997
1.64,2.75,1.06,17.08999999999997
1.64,2.75,1.08,17.64999999999997
1.64,2.75,1.1,18.369999999999973
1.64,2.76,0.9,19.919999999999934
1.64,2.76,0.92,19.199999999999932
1.64,2.76,0.9400000000000001,18.639999999999933
1.64,2.76,0.9600000000000001,18.239999999999934
1.64,2.76,0.9800000000000001,17.999999999999932
1.64,2.76,1.0,17.919999999999934
1.64,2.76,1.02,17.999999999999936
1.64,2.76,1.04,18.239999999999934
1.64,2.76,1.06,18.639999999999937
1.64,2.76,1.08,19.199999999999935
1.64,2.76,1.1,19.919999999999938
1.64,2.77,0.9,21.56999999999997
1.64,2.77,0.92,20.849999999999966
1.64,2.77,0.9400000000000001,20.289999999999967
1.64,2.77,0.9600000000000001,19.88999999999997
1.64,2.77,0.9800000000000001,19.649999999999967
1.64,2.77,1.0,19.56999999999997
1.64,2.77,1.02,19.64999999999997
1.64,2.77,1.04,19.88999999999997
1.64,2.77,1.06,20.28999999999997
1.64,2.77,1.08,20.84999999999997
1.64,2.77,1.1,21.569999999999972
1.64,2.78,0.9,23.31999999999993
1.64,2.78,0.92,22.599999999999927
1.64,2.78,0.9400000000000001,22.039999999999928
1.64,2.78,0.9600000000000001,21.63999999999993
1.64,2.78,0.9800000000000001,21.399999999999928
1.64,2.78,1.0,21.31999999999993
1.64,2.78,1.02,21.39999999999993
1.64,2.78,1.04,21.63999999999993
1.64,2.78,1.06,22.03999999999993
1.64,2.78,1.08,22.59999999999993
1.64,2.78,1.1,23.319999999999933
1.64,2.79,0.9,25.16999999999997
1.64,2.79,0.92,24.449999999999967
1.64,2.79,0.9400000000000001,23.88999999999997
1.64,2.79,0.9600000000000001,23.48999999999997
1.64,2.79,0.9800000000000001,23.249999999999968
1.64,2.79,1.0,23.16999999999997
1.64,2.79,1.02,23.24999999999997
1.64,2.79,1.04,23.48999999999997
1.64,2.79,1.06,23.889999999999972
1.64,2.79,1.08,24.44999999999997
1.64,2.79,1.1,25.169999999999973
1.64,2.8,0.9,27.119999999999926
1.64,2.8,0.92,26.399999999999924
1.64,2.8,0.9400000000000001,25.839999999999925
1.64,2.8,0.9600000000000001,25.439999999999927
1.64,2.8,0.9800000000000001,25.199999999999925
1.64,2.8,1.0,25.119999999999926
1.64,2.8,1.02,25.19999999999993
1.64,2.8,1.04,25.439999999999927
1.64,2.8,1.06,25.83999999999993
1.64,2.8,1.08,26.399999999999928
1.64,2.8,1.1,27.11999999999993
1.65,2.4,0.9,28.480000000000015
1.65,2.4,0.92,27.760000000000012
1.65,2.4,0.9400000000000001,27.200000000000014
1.65,2.4,0.9600000000000001,26.800000000000015
1.65,2.4,0.9800000000000001,26.560000000000013
1.65,2.4,1.0,26.480000000000015
1.65,2.4,1.02,26.560000000000016
1.65,2.4,1.04,26.800000000000015
1.65,2.4,1.06,27.200000000000017
1.65,2.4,1.08,27.760000000000016
1.65,2.4,1.1,28.480000000000018
1.65,2.4099999999999997,0.9,26.53000000000005
1.65,2.4099999999999997,0.92,25.81000000000005
1.65,2.4099999999999997,0.9400000000000001,25.25000000000005
1.65,2.4099999999999997,0.9600000000000001,24.85000000000005
1.65,2.4099999999999997,0.9800000000000001,24.61000000000005
1.65,2.4099999999999997,1.0,24.53000000000005
1.65,2.4099999999999997,1.02,24.610000000000053
1.65,2.4099999999999997,1.04,24.85000000000005
1.65,2.4099999999999997,1.06,25.250000000000053
1.65,2.4099999999999997,1.08,25.810000000000052
1.65,2.4099999999999997,1.1,26.530000000000054
1.65,2.42,0.9,24.68000000000001
1.65,2.42,0.92,23.960000000000008
1.65,2.42,0.9400000000000001,23.40000000000001
1.65,2.42,0.9600000000000001,23.00000000000001
1.65,2.42,0.9800000000000001,22.76000000000001
1.65,2.42,1.0,22.68000000000001
1.65,2.42,1.02,22.760000000000012
1.65,2.42,1.04,23.00000000000001
1.65,2.42,1.06,23.400000000000013
1.65,2.42,1.08,23.96000000000001
1.65,2.42,1.1,24.680000000000014
1.65,2.4299999999999997,0.9,22.930000000000042
1.65,2.4299999999999997,0.92,22.21000000000004
1.65,2.4299999999999997,0.9400000000000001,21.65000000000004
1.65,2.4299999999999997,0.9600000000000001,21.250000000000043
1.65,2.4299999999999997,0.9800000000000001,21.01000000000004
1.65,2.4299999999999997,1.0,20.930000000000042
1.65,2.4299999999999997,1.02,21.010000000000044
1.65,2.4299999999999997,1.04,21.250000000000043
1.65,2.4299999999999997,1.06,21.650000000000045
1.65,2.4299999999999997,1.08,22.210000000000043
1.65,2.4299999999999997,1.1,22.930000000000046
1.65,2.44,0.9,21.280000000000005
1.65,2.44,0.92,20.560000000000002
1.65,2.44,0.9400000000000001,20.000000000000004
1.65,2.44,0.9600000000000001,19.600000000000005
1.65,2.44,0.9800000000000001,19.360000000000003
1.65,2.44,1.0,19.280000000000005
1.65,2.44,1.02,19.360000000000007
1.65,2.44,1.04,19.600000000000005
1.65,2.44,1.06,20.000000000000007
1.65,2.44,1.08,20.560000000000006
1.65,2.44,1.1,21.28000000000001
1.65,2.4499999999999997,0.9,19.730000000000032
1.65,2.4499999999999997,0.92,19.01000000000003
1.65,2.4499999999999997,0.9400000000000001,18.45000000000003
1.65,2.4499999999999997,0.9600000000000001,18.050000000000033
1.65,2.4499999999999997,0.9800000000000001,17.81000000000003
1.65,2.4499999999999997,1.0,17.730000000000032
1.65,2.4499999999999997,1.02,17.810000000000034
1.65,2.4499999999999997,1.04,18.050000000000033
1.65,2.4499999999999997,1.06,18.450000000000035
1.65,2.4499999999999997,1.08,19.010000000000034
1.65,2.4499999999999997,1.1,19.730000000000036
1.65,2.46,0.9,18.279999999999998
1.65,2.46,0.92,17.559999999999995
1.65,2.46,0.9400000000000001,16.999999999999996
1.65,2.46,0.9600000000000001,16.599999999999998
1.65,2.46,0.9800000000000001,16.359999999999996
1.65,2.46,1.0,16.279999999999998
1.65,2.46,1.02,16.36
1.65,2.46,1.04,16.599999999999998
1.65,2.46,1.06,17.0
1.65,2.46,1.08,17.56
1.65,2.46,1.1,18.28
1.65,2.4699999999999998,0.9,16.930000000000025
1.65,2.4699999999999998,0.92,16.210000000000022
1.65,2.4699999999999998,0.9400000000000001,15.650000000000023
1.65,2.4699999999999998,0.9600000000000001,15.250000000000023
1.65,2.4699999999999998,0.9800000000000001,15.010000000000025
1.65,2.4699999999999998,1.0,14.930000000000025
1.65,2.4699999999999998,1.02,15.010000000000025
1.65,2.4699999999999998,1.04,15.250000000000025
1.65,2.4699999999999998,1.06,15.650000000000025
1.65,2.4699999999999998,1.08,16.210000000000026
1.65,2.4699999999999998,1.1,16.930000000000028
1.65,2.48,0.9,15.679999999999993
1.65,2.48,0.92,14.959999999999992
1.65,2.48,0.9400000000000001,14.399999999999991
1.65,2.48,0.9600000000000001,13.999999999999991
1.65,2.48,0.9800000000000001,13.759999999999993
1.65,2.48,1.0,13.679999999999993
1.65,2.48,1.02,13.759999999999993
1.65,2.48,1.04,13.999999999999993
1.65,2.48,1.06,14.399999999999993
1.65,2.48,1.08,14.959999999999996
1.65,2.48,1.1,15.679999999999996
1.65,2.4899999999999998,0.9,14.530000000000015
1.65,2.4899999999999998,0.92,13.810000000000015
1.65,2.4899999999999998,0.9400000000000001,13.250000000000014
1.65,2.4899999999999998,0.9600000000000001,12.850000000000014
1.65,2.4899999999999998,0.9800000000000001,12.610000000000015
1.65,2.4899999999999998,1.0,12.530000000000015
1.65,2.4899999999999998,1.02,12.610000000000015
1.65,2.4899999999999998,1.04,12.850000000000016
1.65,2.4899999999999998,1.06,13.250000000000016
1.65,2.4899999999999998,1.08,13.810000000000018
1.65,2.4899999999999998,1.1,14.530000000000019
1.65,2.5,0.9,13.47999999999999
1.65,2.5,0.92,12.75999999999999
1.65,2.5,0.9400000000000001,12.199999999999989
1.65,2.5,0.9600000000000001,11.799999999999988
1.65,2.5,0.9800000000000001,11.55999999999999
1.65,2.5,1.0,11.47999999999999
1.65,2.5,1.02,11.55999999999999
1.65,2.5,1.04,11.79999999999999
1.65,2.5,1.06,12.19999999999999
1.65,2.5,1.08,12.759999999999993
1.65,2.5,1.1,13.479999999999993
1.65,2.51,0.9,12.530000000000008
1.65,2.51,0.92,11.810000000000008
1.65,2.51,0.9400000000000001,11.250000000000007
1.65,2.51,0.9600000000000001,10.850000000000007
1.65,2.51,0.9800000000000001,10.610000000000008
1.65,2.51,1.0,10.530000000000008
1.65,2.51,1.02,10.610000000000008
1.65,2.51,1.04,10.850000000000009
1.65,2.51,1.06,11.250000000000009
1.65,2.51,1.08,11.810000000000011
1.65,2.51,1.1,12.530000000000012
1.65,2.52,0.9,11.679999999999986
1.65,2.52,0.92,10.959999999999985
1.65,2.52,0.9400000000000001,10.399999999999984
1.65,2.52,0.9600000000000001,9.999999999999984
1.65,2.52,0.9800000000000001,9.759999999999986
1.65,2.52,1.0,9.679999999999986
1.65,2.52,1.02,9.759999999999986
1.65,2.52,1.04,9.999999999999986
1.65,2.52,1.06,10.399999999999986
1.65,2.52,1.08,10.959999999999988
1.65,2.52,1.1,11.679999999999989
1.65,2.53,0.9,10.93
1.65,2.53,0.92,10.209999999999999
1.65,2.53,0.9400000000000001,9.649999999999999
1.65,2.53,0.9600000000000001,9.249999999999998
1.65,2.53,0.9800000000000001,9.01
1.65,2.53,1.0,8.93
1.65,2.53,1.02,9.01
1.65,2.53,1.04,9.25
1.65,2.53,1.06,9.65
1.65,2.53,1.08,10.210000000000003
1.65,2.53,1.1,10.930000000000003
1.65,2.54,0.9,10.279999999999983
1.65,2.54,0.92,9.559999999999983
1.65,2.54,0.9400000000000001,8.999999999999982
1.65,2.54,0.9600000000000001,8.599999999999982
1.65,2.54,0.9800000000000001,8.359999999999983
1.65,2.54,1.0,8.279999999999983
1.65,2.54,1.02,8.359999999999983
1.65,2.54,1.04,8.599999999999984
1.65,2.54,1.06,8.999999999999984
1.65,2.54,1.08,9.559999999999986
1.65,2.54,1.1,10.279999999999987
1.65,2.55,0.9,9.729999999999993
1.65,2.55,0.92,9.009999999999993
1.65,2.55,0.9400000000000001,8.449999999999992
1.65,2.55,0.9600000000000001,8.049999999999992
1.65,2.55,0.9800000000000001,7.8099999999999925
1.65,2.55,1.0,7.729999999999993
1.65,2.55,1.02,7.809999999999993
1.65,2.55,1.04,8.049999999999994
1.65,2.55,1.06,8.449999999999994
1.65,2.55,1.08,9.009999999999996
1.65,2.55,1.1,9.729999999999997
1.65,2.56,0.9,9.27999999999998
1.65,2.56,0.92,8.559999999999981
1.65,2.56,0.9400000000000001,7.9999999999999805
1.65,2.56,0.9600000000000001,7.59999999999998
1.65,2.56,0.9800000000000001,7.359999999999981
1.65,2.56,1.0,7.279999999999982
1.65,2.56,1.02,7.359999999999982
1.65,2.56,1.04,7.599999999999982
1.65,2.56,1.06,7.999999999999983
1.65,2.56,1.08,8.559999999999985
1.65,2.56,1.1,9.279999999999985
1.65,2.57,0.9,8.929999999999986
1.65,2.57,0.92,8.209999999999987
1.65,2.57,0.9400000000000001,7.649999999999986
1.65,2.57,0.9600000000000001,7.249999999999986
1.65,2.57,0.9800000000000001,7.0099999999999865
1.65,2.57,1.0,6.929999999999987
1.65,2.57,1.02,7.009999999999987
1.65,2.57,1.04,7.249999999999988
1.65,2.57,1.06,7.649999999999989
1.65,2.57,1.08,8.20999999999999
1.65,2.57,1.1,8.92999999999999
1.65,2.58,0.9,8.679999999999978
1.65,2.58,0.92,7.959999999999979
1.65,2.58,0.9400000000000001,7.399999999999979
1.65,2.58,0.9600000000000001,6.999999999999979
1.65,2.58,0.9800000000000001,6.759999999999979
1.65,2.58,1.0,6.67999999999998
1.65,2.58,1.02,6.75999999999998
1.65,2.58,1.04,6.9999999999999805
1.65,2.58,1.06,7.399999999999982
1.65,2.58,1.08,7.959999999999982
1.65,2.58,1.1,8.679999999999984
1.65,2.59,0.9,8.529999999999982
1.65,2.59,0.92,7.809999999999981
1.65,2.59,0.9400000000000001,7.249999999999981
1.65,2.59,0.9600000000000001,6.849999999999981
1.65,2.59,0.9800000000000001,6.609999999999982
1.65,2.59,1.0,6.5299999999999825
1.65,2.59,1.02,6.609999999999983
1.65,2.59,1.04,6.849999999999983
1.65,2.59,1.06,7.249999999999984
1.65,2.59,1.08,7.8099999999999845
1.65,2.59,1.1,8.529999999999987
1.65,2.5999999999999996,0.9,8.479999999999979
1.65,2.5999999999999996,0.92,7.7599999999999785
1.65,2.5999999999999996,0.9400000000000001,7.199999999999979
1.65,2.5999999999999996,0.9600000000000001,6.7999999999999785
1.65,2.5999999999999996,0.9800000000000001,6.559999999999979
1.65,2.5999999999999996,1.0,6.47999999999998
1.65,2.5999999999999996,1.02,6.55999999999998
1.65,2.5999999999999996,1.04,6.79999999999998
1.65,2.5999999999999996,1.06,7.1999999999999815
1.65,2.5999999999999996,1.08,7.759999999999982
1.65,2.5999999999999996,1.1,8.479999999999983
1.65,2.61,0.9,8.529999999999976
1.65,2.61,0.92,7.8099999999999765
1.65,2.61,0.9400000000000001,7.249999999999977
1.65,2.61,0.9600000000000001,6.8499999999999766
1.65,2.61,0.9800000000000001,6.609999999999977
1.65,2.61,1.0,6.529999999999978
1.65,2.61,1.02,6.609999999999978
1.65,2.61,1.04,6.849999999999978
1.65,2.61,1.06,7.24999999999998
1.65,2.61,1.08,7.80999999999998
1.65,2.61,1.1,8.529999999999982
1.65,2.62,0.9,8.679999999999978
1.65,2.62,0.92,7.959999999999979
1.65,2.62,0.9400000000000001,7.399999999999979
1.65,2.62,0.9600000000000001,6.999999999999979
1.65,2.62,0.9800000000000001,6.759999999999979
1.65,2.62,1.0,6.67999999999998
1.65,2.62,1.02,6.75999999999998
1.65,2.62,1.04,6.9999999999999805
1.65,2.62,1.06,7.399999999999982
1.65,2.62,1.08,7.959999999999982
1.65,2.62,1.1,8.679999999999984
1.65,2.63,0.9,8.929999999999973
1.65,2.63,0.92,8.209999999999972
1.65,2.63,0.9400000000000001,7.649999999999973
1.65,2.63,0.9600000000000001,7.2499999999999725
1.65,2.63,0.9800000000000001,7.009999999999973
1.65,2.63,1.0,6.929999999999974
1.65,2.63,1.02,7.009999999999974
1.65,2.63,1.04,7.249999999999974
1.65,2.63,1.06,7.6499999999999755
1.65,2.63,1.08,8.209999999999976
1.65,2.63,1.1,8.929999999999978
1.65,2.6399999999999997,0.9,9.279999999999962
1.65,2.6399999999999997,0.92,8.559999999999963
1.65,2.6399999999999997,0.9400000000000001,7.999999999999963
1.65,2.6399999999999997,0.9600000000000001,7.599999999999962
1.65,2.6399999999999997,0.9800000000000001,7.359999999999963
1.65,2.6399999999999997,1.0,7.279999999999964
1.65,2.6399999999999997,1.02,7.359999999999964
1.65,2.6399999999999997,1.04,7.599999999999964
1.65,2.6399999999999997,1.06,7.999999999999965
1.65,2.6399999999999997,1.08,8.559999999999967
1.65,2.6399999999999997,1.1,9.279999999999967
1.65,2.65,0.9,9.72999999999997
1.65,2.65,0.92,9.00999999999997
1.65,2.65,0.9400000000000001,8.449999999999969
1.65,2.65,0.9600000000000001,8.04999999999997
1.65,2.65,0.9800000000000001,7.80999999999997
1.65,2.65,1.0,7.729999999999971
1.65,2.65,1.02,7.809999999999971
1.65,2.65,1.04,8.049999999999972
1.65,2.65,1.06,8.449999999999973
1.65,2.65,1.08,9.009999999999973
1.65,2.65,1.1,9.729999999999976
1.65,2.6599999999999997,0.9,10.279999999999955
1.65,2.6599999999999997,0.92,9.559999999999956
1.65,2.6599999999999997,0.9400000000000001,8.999999999999956
1.65,2.6599999999999997,0.9600000000000001,8.599999999999955
1.65,2.6599999999999997,0.9800000000000001,8.359999999999957
1.65,2.6599999999999997,1.0,8.279999999999957
1.65,2.6599999999999997,1.02,8.359999999999957
1.65,2.6599999999999997,1.04,8.599999999999957
1.65,2.6599999999999997,1.06,8.999999999999957
1.65,2.6599999999999997,1.08,9.55999999999996
1.65,2.6599999999999997,1.1,10.27999999999996
1.65,2.67,0.9,10.929999999999968
1.65,2.67,0.92,10.209999999999967
1.65,2.67,0.9400000000000001,9.649999999999967
1.65,2.67,0.9600000000000001,9.249999999999966
1.65,2.67,0.9800000000000001,9.009999999999968
1.65,2.67,1.0,8.929999999999968
1.65,2.67,1.02,9.009999999999968
1.65,2.67,1.04,9.249999999999968
1.65,2.67,1.06,9.649999999999968
1.65,2.67,1.08,10.20999999999997
1.65,2.67,1.1,10.929999999999971
1.65,2.6799999999999997,0.9,11.67999999999995
1.65,2.6799999999999997,0.92,10.95999999999995
1.65,2.6799999999999997,0.9400000000000001,10.399999999999949
1.65,2.6799999999999997,0.9600000000000001,9.999999999999948
1.65,2.6799999999999997,0.9800000000000001,9.75999999999995
1.65,2.6799999999999997,1.0,9.67999999999995
1.65,2.6799999999999997,1.02,9.75999999999995
1.65,2.6799999999999997,1.04,9.99999999999995
1.65,2.6799999999999997,1.06,10.39999999999995
1.65,2.6799999999999997,1.08,10.959999999999953
1.65,2.6799999999999997,1.1,11.679999999999954
1.65,2.69,0.9,12.529999999999966
1.65,2.69,0.92,11.809999999999967
1.65,2.69,0.9400000000000001,11.249999999999966
1.65,2.69,0.9600000000000001,10.849999999999966
1.65,2.69,0.9800000000000001,10.609999999999967
1.65,2.69,1.0,10.529999999999967
1.65,2.69,1.02,10.609999999999967
1.65,2.69,1.04,10.849999999999968
1.65,2.69,1.06,11.249999999999968
1.65,2.69,1.08,11.80999999999997
1.65,2.69,1.1,12.529999999999971
1.65,2.6999999999999997,0.9,13.479999999999944
1.65,2.6999999999999997,0.92,12.759999999999943
1.65,2.6999999999999997,0.9400000000000001,12.199999999999942
1.65,2.6999999999999997,0.9600000000000001,11.799999999999942
1.65,2.6999999999999997,0.9800000000000001,11.559999999999944
1.65,2.6999999999999997,1.0,11.479999999999944
1.65,2.6999999999999997,1.02,11.559999999999944
1.65,2.6999999999999997,1.04,11.799999999999944
1.65,2.6999999999999997,1.06,12.199999999999944
1.65,2.6999999999999997,1.08,12.759999999999946
1.65,2.6999999999999997,1.1,13.479999999999947
1.65,2.71,0.9,14.529999999999966
1.65,2.71,0.92,13.809999999999965
1.65,2.71,0.9400000000000001,13.249999999999964
1.65,2.71,0.9600000000000001,12.849999999999964
1.65,2.71,0.9800000000000001,12.609999999999966
1.65,2.71,1.0,12.529999999999966
1.65,2.71,1.02,12.609999999999966
1.65,2.71,1.04,12.849999999999966
1.65,2.71,1.06,13.249999999999966
1.65,2.71,1.08,13.809999999999969
1.65,2.71,1.1,14.52999999999997
1.65,2.7199999999999998,0.9,15.67999999999994
1.65,2.7199999999999998,0.92,14.959999999999939
1.65,2.7199999999999998,0.9400000000000001,14.399999999999938
1.65,2.7199999999999998,0.9600000000000001,13.999999999999938
1.65,2.7199999999999998,0.9800000000000001,13.75999999999994
1.65,2.7199999999999998,1.0,13.67999999999994
1.65,2.7199999999999998,1.02,13.75999999999994
1.65,2.7199999999999998,1.04,13.99999999999994
1.65,2.7199999999999998,1.06,14.39999999999994
1.65,2.7199999999999998,1.08,14.959999999999942
1.65,2.7199999999999998,1.1,15.679999999999943
1.65,2.73,0.9,16.929999999999964
1.65,2.73,0.92,16.20999999999996
1.65,2.73,0.9400000000000001,15.649999999999963
1.65,2.73,0.9600000000000001,15.249999999999963
1.65,2.73,0.9800000000000001,15.009999999999964
1.65,2.73,1.0,14.929999999999964
1.65,2.73,1.02,15.009999999999964
1.65,2.73,1.04,15.249999999999964
1.65,2.73,1.06,15.649999999999965
1.65,2.73,1.08,16.209999999999965
1.65,2.73,1.1,16.929999999999968
1.65,2.7399999999999998,0.9,18.279999999999934
1.65,2.7399999999999998,0.92,17.55999999999993
1.65,2.7399999999999998,0.9400000000000001,16.999999999999932
1.65,2.7399999999999998,0.9600000000000001,16.599999999999934
1.65,2.7399999999999998,0.9800000000000001,16.359999999999932
1.65,2.7399999999999998,1.0,16.279999999999934
1.65,2.7399999999999998,1.02,16.359999999999935
1.65,2.7399999999999998,1.04,16.599999999999934
1.65,2.7399999999999998,1.06,16.999999999999936
1.65,2.7399999999999998,1.08,17.559999999999935
1.65,2.7399999999999998,1.1,18.279999999999937
1.65,2.75,0.9,19.72999999999997
1.65,2.75,0.92,19.009999999999966
1.65,2.75,0.9400000000000001,18.449999999999967
1.65,2.75,0.9600000000000001,18.04999999999997
1.65,2.75,0.9800000000000001,17.809999999999967
1.65,2.75,1.0,17.72999999999997
1.65,2.75,1.02,17.80999999999997
1.65,2.75,1.04,18.04999999999997
1.65,2.75,1.06,18.44999999999997
1.65,2.75,1.08,19.00999999999997
1.65,2.75,1.1,19.729999999999972
1.65,2.76,0.9,21.279999999999934
1.65,2.76,0.92,20.55999999999993
1.65,2.76,0.9400000000000001,19.999999999999932
1.65,2.76,0.9600000000000001,19.599999999999934
1.65,2.76,0.9800000000000001,19.359999999999932
1.65,2.76,1.0,19.279999999999934
1.65,2.76,1.02,19.359999999999935
1.65,2.76,1.04,19.599999999999934
1.65,2.76,1.06,19.999999999999936
1.65,2.76,1.08,20.559999999999935
1.65,2.76,1.1,21.279999999999937
1.65,2.77,0.9,22.929999999999968
1.65,2.77,0.92,22.209999999999965
1.65,2.77,0.9400000000000001,21.649999999999967
1.65,2.77,0.9600000000000001,21.249999999999968
1.65,2.77,0.9800000000000001,21.009999999999966
1.65,2.77,1.0,20.929999999999968
1.65,2.77,1.02,21.00999999999997
1.65,2.77,1.04,21.249999999999968
1.65,2.77,1.06,21.64999999999997
1.65,2.77,1.08,22.20999999999997
1.65,2.77,1.1,22.92999999999997
1.65,2.78,0.9,24.67999999999993
1.65,2.78,0.92,23.959999999999926
1.65,2.78,0.9400000000000001,23.399999999999928
1.65,2.78,0.9600000000000001,22.99999999999993
1.65,2.78,0.9800000000000001,22.759999999999927
1.65,2.78,1.0,22.67999999999993
1.65,2.78,1.02,22.75999999999993
1.65,2.78,1.04,22.99999999999993
1.65,2.78,1.06,23.39999999999993
1.65,2.78,1.08,23.95999999999993
1.65,2.78,1.1,24.679999999999932
1.65,2.79,0.9,26.52999999999997
1.65,2.79,0.92,25.809999999999967
1.65,2.79,0.9400000000000001,25.249999999999968
1.65,2.79,0.9600000000000001,24.84999999999997
1.65,2.79,0.9800000000000001,24.609999999999967
1.65,2.79,1.0,24.52999999999997
1.65,2.79,1.02,24.60999999999997
1.65,2.79,1.04,24.84999999999997
1.65,2.79,1.06,25.24999999999997
1.65,2.79,1.08,25.80999999999997
1.65,2.79,1.1,26.529999999999973
1.65,2.8,0.9,28.479999999999926
1.65,2.8,0.92,27.759999999999923
1.65,2.8,0.9400000000000001,27.199999999999925
1.65,2.8,0.9600000000000001,26.799999999999926
1.65,2.8,0.9800000000000001,26.559999999999924
1.65,2.8,1.0,26.479999999999926
1.65,2.8,1.02,26.559999999999928
1.65,2.8,1.04,26.799999999999926
1.65,2.8,1.06,27.19999999999993
1.65,2.8,1.08,27.759999999999927
1.65,2.8,1.1,28.47999999999993
1.66,2.4,0.9,30.000000000000014
1.66,2.4,0.92,29.280000000000012
1.66,2.4,0.9400000000000001,28.720000000000013
1.66,2.4,0.9600000000000001,28.320000000000014
1.66,2.4,0.9800000000000001,28.080000000000013
1.66,2.4,1.0,28.000000000000014
1.66,2.4,1.02,28.080000000000016
1.66,2.4,1.04,28.320000000000014
1.66,2.4,1.06,28.720000000000017
1.66,2.4,1.08,29.280000000000015
1.66,2.4,1.1,30.000000000000018
1.66,2.4099999999999997,0.9,28.05000000000005
1.66,2.4099999999999997,0.92,27.330000000000048
1.66,2.4099999999999997,0.9400000000000001,26.77000000000005
1.66,2.4099999999999997,0.9600000000000001,26.37000000000005
1.66,2.4099999999999997,0.9800000000000001,26.13000000000005
1.66,2.4099999999999997,1.0,26.05000000000005
1.66,2.4099999999999997,1.02,26.130000000000052
1.66,2.4099999999999997,1.04,26.37000000000005
1.66,2.4099999999999997,1.06,26.770000000000053
1.66,2.4099999999999997,1.08,27.33000000000005
1.66,2.4099999999999997,1.1,28.050000000000054
1.66,2.42,0.9,26.20000000000001
1.66,2.42,0.92,25.480000000000008
1.66,2.42,0.9400000000000001,24.92000000000001
1.66,2.42,0.9600000000000001,24.52000000000001
1.66,2.42,0.9800000000000001,24.28000000000001
1.66,2.42,1.0,24.20000000000001
1.66,2.42,1.02,24.280000000000012
1.66,2.42,1.04,24.52000000000001
1.66,2.42,1.06,24.920000000000012
1.66,2.42,1.08,25.48000000000001
1.66,2.42,1.1,26.200000000000014
1.66,2.4299999999999997,0.9,24.450000000000042
1.66,2.4299999999999997,0.92,23.73000000000004
1.66,2.4299999999999997,0.9400000000000001,23.17000000000004
1.66,2.4299999999999997,0.9600000000000001,22.770000000000042
1.66,2.4299999999999997,0.9800000000000001,22.53000000000004
1.66,2.4299999999999997,1.0,22.450000000000042
1.66,2.4299999999999997,1.02,22.530000000000044
1.66,2.4299999999999997,1.04,22.770000000000042
1.66,2.4299999999999997,1.06,23.170000000000044
1.66,2.4299999999999997,1.08,23.730000000000043
1.66,2.4299999999999997,1.1,24.450000000000045
1.66,2.44,0.9,22.800000000000004
1.66,2.44,0.92,22.080000000000002
1.66,2.44,0.9400000000000001,21.520000000000003
1.66,2.44,0.9600000000000001,21.120000000000005
1.66,2.44,0.9800000000000001,20.880000000000003
1.66,2.44,1.0,20.800000000000004
1.66,2.44,1.02,20.880000000000006
1.66,2.44,1.04,21.120000000000005
1.66,2.44,1.06,21.520000000000007
1.66,2.44,1.08,22.080000000000005
1.66,2.44,1.1,22.800000000000008
1.66,2.4499999999999997,0.9,21.250000000000032
1.66,2.4499999999999997,0.92,20.53000000000003
1.66,2.4499999999999997,0.9400000000000001,19.97000000000003
1.66,2.4499999999999997,0.9600000000000001,19.570000000000032
1.66,2.4499999999999997,0.9800000000000001,19.33000000000003
1.66,2.4499999999999997,1.0,19.250000000000032
1.66,2.4499999999999997,1.02,19.330000000000034
1.66,2.4499999999999997,1.04,19.570000000000032
1.66,2.4499999999999997,1.06,19.970000000000034
1.66,2.4499999999999997,1.08,20.530000000000033
1.66,2.4499999999999997,1.1,21.250000000000036
1.66,2.46,0.9,19.799999999999997
1.66,2.46,0.92,19.079999999999995
1.66,2.46,0.9400000000000001,18.519999999999996
1.66,2.46,0.9600000000000001,18.119999999999997
1.66,2.46,0.9800000000000001,17.879999999999995
1.66,2.46,1.0,17.799999999999997
1.66,2.46,1.02,17.88
1.66,2.46,1.04,18.119999999999997
1.66,2.46,1.06,18.52
1.66,2.46,1.08,19.08
1.66,2.46,1.1,19.8
1.66,2.4699999999999998,0.9,18.450000000000024
1.66,2.4699999999999998,0.92,17.73000000000002
1.66,2.4699999999999998,0.9400000000000001,17.170000000000023
1.66,2.4699999999999998,0.9600000000000001,16.770000000000024
1.66,2.4699999999999998,0.9800000000000001,16.530000000000022
1.66,2.4699999999999998,1.0,16.450000000000024
1.66,2.4699999999999998,1.02,16.530000000000026
1.66,2.4699999999999998,1.04,16.770000000000024
1.66,2.4699999999999998,1.06,17.170000000000027
1.66,2.4699999999999998,1.08,17.730000000000025
1.66,2.4699999999999998,1.1,18.450000000000028
1.66,2.48,0.9,17.199999999999992
1.66,2.48,0.92,16.47999999999999
1.66,2.48,0.9400000000000001,15.919999999999991
1.66,2.48,0.9600000000000001,15.51999999999999
1.66,2.48,0.9800000000000001,15.279999999999992
1.66,2.48,1.0,15.199999999999992
1.66,2.48,1.02,15.279999999999992
1.66,2.48,1.04,15.519999999999992
1.66,2.48,1.06,15.919999999999993
1.66,2.48,1.08,16.479999999999993
1.66,2.48,1.1,17.199999999999996
1.66,2.4899999999999998,0.9,16.050000000000015
1.66,2.4899999999999998,0.92,15.330000000000014
1.66,2.4899999999999998,0.9400000000000001,14.770000000000014
1.66,2.4899999999999998,0.9600000000000001,14.370000000000013
1.66,2.4899999999999998,0.9800000000000001,14.130000000000015
1.66,2.4899999999999998,1.0,14.050000000000015
1.66,2.4899999999999998,1.02,14.130000000000015
1.66,2.4899999999999998,1.04,14.370000000000015
1.66,2.4899999999999998,1.06,14.770000000000016
1.66,2.4899999999999998,1.08,15.330000000000018
1.66,2.4899999999999998,1.1,16.05000000000002
1.66,2.5,0.9,14.99999999999999
1.66,2.5,0.92,14.279999999999989
1.66,2.5,0.9400000000000001,13.719999999999988
1.66,2.5,0.9600000000000001,13.319999999999988
1.66,2.5,0.9800000000000001,13.07999999999999
1.66,2.5,1.0,12.99999999999999
1.66,2.5,1.02,13.07999999999999
1.66,2.5,1.04,13.31999999999999
1.66,2.5,1.06,13.71999999999999
1.66,2.5,1.08,14.279999999999992
1.66,2.5,1.1,14.999999999999993
1.66,2.51,0.9,14.050000000000008
1.66,2.51,0.92,13.330000000000007
1.66,2.51,0.9400000000000001,12.770000000000007
1.66,2.51,0.9600000000000001,12.370000000000006
1.66,2.51,0.9800000000000001,12.130000000000008
1.66,2.51,1.0,12.050000000000008
1.66,2.51,1.02,12.130000000000008
1.66,2.51,1.04,12.370000000000008
1.66,2.51,1.06,12.770000000000008
1.66,2.51,1.08,13.33000000000001
1.66,2.51,1.1,14.050000000000011
1.66,2.52,0.9,13.199999999999985
1.66,2.52,0.92,12.479999999999984
1.66,2.52,0.9400000000000001,11.919999999999984
1.66,2.52,0.9600000000000001,11.519999999999984
1.66,2.52,0.9800000000000001,11.279999999999985
1.66,2.52,1.0,11.199999999999985
1.66,2.52,1.02,11.279999999999985
1.66,2.52,1.04,11.519999999999985
1.66,2.52,1.06,11.919999999999986
1.66,2.52,1.08,12.479999999999988
1.66,2.52,1.1,13.199999999999989
1.66,2.53,0.9,12.45
1.66,2.53,0.92,11.729999999999999
1.66,2.53,0.9400000000000001,11.169999999999998
1.66,2.53,0.9600000000000001,10.769999999999998
1.66,2.53,0.9800000000000001,10.53
1.66,2.53,1.0,10.45
1.66,2.53,1.02,10.53
1.66,2.53,1.04,10.77
1.66,2.53,1.06,11.17
1.66,2.53,1.08,11.730000000000002
1.66,2.53,1.1,12.450000000000003
1.66,2.54,0.9,11.799999999999983
1.66,2.54,0.92,11.079999999999982
1.66,2.54,0.9400000000000001,10.519999999999982
1.66,2.54,0.9600000000000001,10.119999999999981
1.66,2.54,0.9800000000000001,9.879999999999983
1.66,2.54,1.0,9.799999999999983
1.66,2.54,1.02,9.879999999999983
1.66,2.54,1.04,10.119999999999983
1.66,2.54,1.06,10.519999999999984
1.66,2.54,1.08,11.079999999999986
1.66,2.54,1.1,11.799999999999986
1.66,2.55,0.9,11.249999999999993
1.66,2.55,0.92,10.529999999999992
1.66,2.55,0.9400000000000001,9.969999999999992
1.66,2.55,0.9600000000000001,9.569999999999991
1.66,2.55,0.9800000000000001,9.329999999999993
1.66,2.55,1.0,9.249999999999993
1.66,2.55,1.02,9.329999999999993
1.66,2.55,1.04,9.569999999999993
1.66,2.55,1.06,9.969999999999994
1.66,2.55,1.08,10.529999999999996
1.66,2.55,1.1,11.249999999999996
1.66,2.56,0.9,10.79999999999998
1.66,2.56,0.92,10.07999999999998
1.66,2.56,0.9400000000000001,9.51999999999998
1.66,2.56,0.9600000000000001,9.11999999999998
1.66,2.56,0.9800000000000001,8.879999999999981
1.66,2.56,1.0,8.799999999999981
1.66,2.56,1.02,8.879999999999981
1.66,2.56,1.04,9.119999999999981
1.66,2.56,1.06,9.519999999999982
1.66,2.56,1.08,10.079999999999984
1.66,2.56,1.1,10.799999999999985
1.66,2.57,0.9,10.449999999999985
1.66,2.57,0.92,9.729999999999986
1.66,2.57,0.9400000000000001,9.169999999999986
1.66,2.57,0.9600000000000001,8.769999999999985
1.66,2.57,0.9800000000000001,8.529999999999987
1.66,2.57,1.0,8.449999999999987
1.66,2.57,1.02,8.529999999999987
1.66,2.57,1.04,8.769999999999987
1.66,2.57,1.06,9.169999999999987
1.66,2.57,1.08,9.72999999999999
1.66,2.57,1.1,10.44999999999999
1.66,2.58,0.9,10.199999999999978
1.66,2.58,0.92,9.479999999999979
1.66,2.58,0.9400000000000001,8.919999999999979
1.66,2.58,0.9600000000000001,8.519999999999978
1.66,2.58,0.9800000000000001,8.27999999999998
1.66,2.58,1.0,8.19999999999998
1.66,2.58,1.02,8.27999999999998
1.66,2.58,1.04,8.51999999999998
1.66,2.58,1.06,8.91999999999998
1.66,2.58,1.08,9.479999999999983
1.66,2.58,1.1,10.199999999999983
1.66,2.59,0.9,10.04999999999998
1.66,2.59,0.92,9.32999999999998
1.66,2.59,0.9400000000000001,8.76999999999998
1.66,2.59,0.9600000000000001,8.36999999999998
1.66,2.59,0.9800000000000001,8.129999999999981
1.66,2.59,1.0,8.049999999999981
1.66,2.59,1.02,8.129999999999981
1.66,2.59,1.04,8.369999999999981
1.66,2.59,1.06,8.769999999999982
1.66,2.59,1.08,9.329999999999984
1.66,2.59,1.1,10.049999999999985
1.66,2.5999999999999996,0.9,9.999999999999979
1.66,2.5999999999999996,0.92,9.279999999999978
1.66,2.5999999999999996,0.9400000000000001,8.719999999999978
1.66,2.5999999999999996,0.9600000000000001,8.319999999999979
1.66,2.5999999999999996,0.9800000000000001,8.079999999999979
1.66,2.5999999999999996,1.0,7.99999999999998
1.66,2.5999999999999996,1.02,8.07999999999998
1.66,2.5999999999999996,1.04,8.31999999999998
1.66,2.5999999999999996,1.06,8.719999999999981
1.66,2.5999999999999996,1.08,9.279999999999982
1.66,2.5999999999999996,1.1,9.999999999999982
1.66,2.61,0.9,10.049999999999976
1.66,2.61,0.92,9.329999999999977
1.66,2.61,0.9400000000000001,8.769999999999976
1.66,2.61,0.9600000000000001,8.369999999999976
1.66,2.61,0.9800000000000001,8.129999999999978
1.66,2.61,1.0,8.049999999999978
1.66,2.61,1.02,8.129999999999978
1.66,2.61,1.04,8.369999999999978
1.66,2.61,1.06,8.769999999999978
1.66,2.61,1.08,9.32999999999998
1.66,2.61,1.1,10.049999999999981
1.66,2.62,0.9,10.199999999999978
1.66,2.62,0.92,9.479999999999979
1.66,2.62,0.9400000000000001,8.919999999999979
1.66,2.62,0.9600000000000001,8.519999999999978
1.66,2.62,0.9800000000000001,8.27999999999998
1.66,2.62,1.0,8.19999999999998
1.66,2.62,1.02,8.27999999999998
1.66,2.62,1.04,8.51999999999998
1.66,2.62,1.06,8.91999999999998
1.66,2.62,1.08,9.479999999999983
1.66,2.62,1.1,10.199999999999983
1.66,2.63,0.9,10.449999999999974
1.66,2.63,0.92,9.729999999999974
1.66,2.63,0.9400000000000001,9.169999999999973
1.66,2.63,0.9600000000000001,8.769999999999973
1.66,2.63,0.9800000000000001,8.529999999999974
1.66,2.63,1.0,8.449999999999974
1.66,2.63,1.02,8.529999999999974
1.66,2.63,1.04,8.769999999999975
1.66,2.63,1.06,9.169999999999975
1.66,2.63,1.08,9.729999999999977
1.66,2.63,1.1,10.449999999999978
1.66,2.6399999999999997,0.9,10.799999999999962
1.66,2.6399999999999997,0.92,10.079999999999963
1.66,2.6399999999999997,0.9400000000000001,9.519999999999962
1.66,2.6399999999999997,0.9600000000000001,9.119999999999962
1.66,2.6399999999999997,0.9800000000000001,8.879999999999963
1.66,2.6399999999999997,1.0,8.799999999999963
1.66,2.6399999999999997,1.02,8.879999999999963
1.66,2.6399999999999997,1.04,9.119999999999964
1.66,2.6399999999999997,1.06,9.519999999999964
1.66,2.6399999999999997,1.08,10.079999999999966
1.66,2.6399999999999997,1.1,10.799999999999967
1.66,2.65,0.9,11.249999999999972
1.66,2.65,0.92,10.529999999999971
1.66,2.65,0.9400000000000001,9.96999999999997
1.66,2.65,0.9600000000000001,9.56999999999997
1.66,2.65,0.9800000000000001,9.329999999999972
1.66,2.65,1.0,9.249999999999972
1.66,2.65,1.02,9.329999999999972
1.66,2.65,1.04,9.569999999999972
1.66,2.65,1.06,9.969999999999972
1.66,2.65,1.08,10.529999999999974
1.66,2.65,1.1,11.249999999999975
1.66,2.6599999999999997,0.9,11.799999999999955
1.66,2.6599999999999997,0.92,11.079999999999956
1.66,2.6599999999999997,0.9400000000000001,10.519999999999955
1.66,2.6599999999999997,0.9600000000000001,10.119999999999955
1.66,2.6599999999999997,0.9800000000000001,9.879999999999956
1.66,2.6599999999999997,1.0,9.799999999999956
1.66,2.6599999999999997,1.02,9.879999999999956
1.66,2.6599999999999997,1.04,10.119999999999957
1.66,2.6599999999999997,1.06,10.519999999999957
1.66,2.6599999999999997,1.08,11.07999999999996
1.66,2.6599999999999997,1.1,11.79999999999996
1.66,2.67,0.9,12.449999999999967
1.66,2.67,0.92,11.729999999999967
1.66,2.67,0.9400000000000001,11.169999999999966
1.66,2.67,0.9600000000000001,10.769999999999966
1.66,2.67,0.9800000000000001,10.529999999999967
1.66,2.67,1.0,10.449999999999967
1.66,2.67,1.02,10.529999999999967
1.66,2.67,1.04,10.769999999999968
1.66,2.67,1.06,11.169999999999968
1.66,2.67,1.08,11.72999999999997
1.66,2.67,1.1,12.44999999999997
1.66,2.6799999999999997,0.9,13.19999999999995
1.66,2.6799999999999997,0.92,12.479999999999949
1.66,2.6799999999999997,0.9400000000000001,11.919999999999948
1.66,2.6799999999999997,0.9600000000000001,11.519999999999948
1.66,2.6799999999999997,0.9800000000000001,11.27999999999995
1.66,2.6799999999999997,1.0,11.19999999999995
1.66,2.6799999999999997,1.02,11.27999999999995
1.66,2.6799999999999997,1.04,11.51999999999995
1.66,2.6799999999999997,1.06,11.91999999999995
1.66,2.6799999999999997,1.08,12.479999999999952
1.66,2.6799999999999997,1.1,13.199999999999953
1.66,2.69,0.9,14.049999999999965
1.66,2.69,0.92,13.329999999999966
1.66,2.69,0.9400000000000001,12.769999999999966
1.66,2.69,0.9600000000000001,12.369999999999965
1.66,2.69,0.9800000000000001,12.129999999999967
1.66,2.69,1.0,12.049999999999967
1.66,2.69,1.02,12.129999999999967
1.66,2.69,1.04,12.369999999999967
1.66,2.69,1.06,12.769999999999968
1.66,2.69,1.08,13.32999999999997
1.66,2.69,1.1,14.04999999999997
1.66,2.6999999999999997,0.9,14.999999999999943
1.66,2.6999999999999997,0.92,14.279999999999943
1.66,2.6999999999999997,0.9400000000000001,13.719999999999942
1.66,2.6999999999999997,0.9600000000000001,13.319999999999942
1.66,2.6999999999999997,0.9800000000000001,13.079999999999943
1.66,2.6999999999999997,1.0,12.999999999999943
1.66,2.6999999999999997,1.02,13.079999999999943
1.66,2.6999999999999997,1.04,13.319999999999943
1.66,2.6999999999999997,1.06,13.719999999999944
1.66,2.6999999999999997,1.08,14.279999999999946
1.66,2.6999999999999997,1.1,14.999999999999947
1.66,2.71,0.9,16.049999999999965
1.66,2.71,0.92,15.329999999999965
1.66,2.71,0.9400000000000001,14.769999999999964
1.66,2.71,0.9600000000000001,14.369999999999964
1.66,2.71,0.9800000000000001,14.129999999999965
1.66,2.71,1.0,14.049999999999965
1.66,2.71,1.02,14.129999999999965
1.66,2.71,1.04,14.369999999999965
1.66,2.71,1.06,14.769999999999966
1.66,2.71,1.08,15.329999999999968
1.66,2.71,1.1,16.04999999999997
1.66,2.7199999999999998,0.9,17.19999999999994
1.66,2.7199999999999998,0.92,16.479999999999936
1.66,2.7199999999999998,0.9400000000000001,15.919999999999938
1.66,2.7199999999999998,0.9600000000000001,15.519999999999937
1.66,2.7199999999999998,0.9800000000000001,15.279999999999939
1.66,2.7199999999999998,1.0,15.199999999999939
1.66,2.7199999999999998,1.02,15.279999999999939
1.66,2.7199999999999998,1.04,15.51999999999994
1.66,2.7199999999999998,1.06,15.91999999999994
1.66,2.7199999999999998,1.08,16.47999999999994
1.66,2.7199999999999998,1.1,17.199999999999942
1.66,2.73,0.9,18.449999999999964
1.66,2.73,0.92,17.72999999999996
1.66,2.73,0.9400000000000001,17.169999999999963
1.66,2.73,0.9600000000000001,16.769999999999964
1.66,2.73,0.9800000000000001,16.529999999999962
1.66,2.73,1.0,16.449999999999964
1.66,2.73,1.02,16.529999999999966
1.66,2.73,1.04,16.769999999999964
1.66,2.73,1.06,17.169999999999966
1.66,2.73,1.08,17.729999999999965
1.66,2.73,1.1,18.449999999999967
1.66,2.7399999999999998,0.9,19.799999999999933
1.66,2.7399999999999998,0.92,19.07999999999993
1.66,2.7399999999999998,0.9400000000000001,18.519999999999932
1.66,2.7399999999999998,0.9600000000000001,18.119999999999933
1.66,2.7399999999999998,0.9800000000000001,17.87999999999993
1.66,2.7399999999999998,1.0,17.799999999999933
1.66,2.7399999999999998,1.02,17.879999999999935
1.66,2.7399999999999998,1.04,18.119999999999933
1.66,2.7399999999999998,1.06,18.519999999999936
1.66,2.7399999999999998,1.08,19.079999999999934
1.66,2.7399999999999998,1.1,19.799999999999937
1.66,2.75,0.9,21.249999999999968
1.66,2.75,0.92,20.529999999999966
1.66,2.75,0.9400000000000001,19.969999999999967
1.66,2.75,0.9600000000000001,19.56999999999997
1.66,2.75,0.9800000000000001,19.329999999999966
1.66,2.75,1.0,19.249999999999968
1.66,2.75,1.02,19.32999999999997
1.66,2.75,1.04,19.56999999999997
1.66,2.75,1.06,19.96999999999997
1.66,2.75,1.08,20.52999999999997
1.66,2.75,1.1,21.24999999999997
1.66,2.76,0.9,22.799999999999933
1.66,2.76,0.92,22.07999999999993
1.66,2.76,0.9400000000000001,21.519999999999932
1.66,2.76,0.9600000000000001,21.119999999999933
1.66,2.76,0.9800000000000001,20.87999999999993
1.66,2.76,1.0,20.799999999999933
1.66,2.76,1.02,20.879999999999935
1.66,2.76,1.04,21.119999999999933
1.66,2.76,1.06,21.519999999999936
1.66,2.76,1.08,22.079999999999934
1.66,2.76,1.1,22.799999999999937
1.66,2.77,0.9,24.449999999999967
1.66,2.77,0.92,23.729999999999965
1.66,2.77,0.9400000000000001,23.169999999999966
1.66,2.77,0.9600000000000001,22.769999999999968
1.66,2.77,0.9800000000000001,22.529999999999966
1.66,2.77,1.0,22.449999999999967
1.66,2.77,1.02,22.52999999999997
1.66,2.77,1.04,22.769999999999968
1.66,2.77,1.06,23.16999999999997
1.66,2.77,1.08,23.72999999999997
1.66,2.77,1.1,24.44999999999997
1.66,2.78,0.9,26.19999999999993
1.66,2.78,0.92,25.479999999999926
1.66,2.78,0.9400000000000001,24.919999999999927
1.66,2.78,0.9600000000000001,24.51999999999993
1.66,2.78,0.9800000000000001,24.279999999999927
1.66,2.78,1.0,24.19999999999993
1.66,2.78,1.02,24.27999999999993
1.66,2.78,1.04,24.51999999999993
1.66,2.78,1.06,24.91999999999993
1.66,2.78,1.08,25.47999999999993
1.66,2.78,1.1,26.199999999999932
1.66,2.79,0.9,28.04999999999997
1.66,2.79,0.92,27.329999999999966
1.66,2.79,0.9400000000000001,26.769999999999968
1.66,2.79,0.9600000000000001,26.36999999999997
1.66,2.79,0.9800000000000001,26.129999999999967
1.66,2.79,1.0,26.04999999999997
1.66,2.79,1.02,26.12999999999997
1.66,2.79,1.04,26.36999999999997
1.66,2.79,1.06,26.76999999999997
1.66,2.79,1.08,27.32999999999997
1.66,2.79,1.1,28.049999999999972
1.66,2.8,0.9,29.999999999999925
1.66,2.8,0.92,29.279999999999923
1.66,2.8,0.9400000000000001,28.719999999999924
1.66,2.8,0.9600000000000001,28.319999999999926
1.66,2.8,0.9800000000000001,28.079999999999924
1.66,2.8,1.0,27.999999999999925
1.66,2.8,1.02,28.079999999999927
1.66,2.8,1.04,28.319999999999926
1.66,2.8,1.06,28.719999999999928
1.66,2.8,1.08,29.279999999999927
1.66,2.8,1.1,29.99999999999993
1.67,2.4,0.9,31.680000000000014
1.67,2.4,0.92,30.96000000000001
1.67,2.4,0.9400000000000001,30.400000000000013
1.67,2.4,0.9600000000000001,30.000000000000014
1.67,2.4,0.9800000000000001,29.760000000000012
1.67,2.4,1.0,29.680000000000014
1.67,2.4,1.02,29.760000000000016
1.67,2.4,1.04,30.000000000000014
1.67,2.4,1.06,30.400000000000016
1.67,2.4,1.08,30.960000000000015
1.67,2.4,1.1,31.680000000000017
1.67,2.4099999999999997,0.9,29.73000000000005
1.67,2.4099999999999997,0.92,29.010000000000048
1.67,2.4099999999999997,0.9400000000000001,28.45000000000005
1.67,2.4099999999999997,0.9600000000000001,28.05000000000005
1.67,2.4099999999999997,0.9800000000000001,27.81000000000005
1.67,2.4099999999999997,1.0,27.73000000000005
1.67,2.4099999999999997,1.02,27.810000000000052
1.67,2.4099999999999997,1.04,28.05000000000005
1.67,2.4099999999999997,1.06,28.450000000000053
1.67,2.4099999999999997,1.08,29.01000000000005
1.67,2.4099999999999997,1.1,29.730000000000054
1.67,2.42,0.9,27.88000000000001
1.67,2.42,0.92,27.160000000000007
1.67,2.42,0.9400000000000001,26.60000000000001
1.67,2.42,0.9600000000000001,26.20000000000001
1.67,2.42,0.9800000000000001,25.960000000000008
1.67,2.42,1.0,25.88000000000001
1.67,2.42,1.02,25.96000000000001
1.67,2.42,1.04,26.20000000000001
1.67,2.42,1.06,26.600000000000012
1.67,2.42,1.08,27.16000000000001
1.67,2.42,1.1,27.880000000000013
1.67,2.4299999999999997,0.9,26.13000000000004
1.67,2.4299999999999997,0.92,25.41000000000004
1.67,2.4299999999999997,0.9400000000000001,24.85000000000004
1.67,2.4299999999999997,0.9600000000000001,24.450000000000042
1.67,2.4299999999999997,0.9800000000000001,24.21000000000004
1.67,2.4299999999999997,1.0,24.13000000000004
1.67,2.4299999999999997,1.02,24.210000000000043
1.67,2.4299999999999997,1.04,24.450000000000042
1.67,2.4299999999999997,1.06,24.850000000000044
1.67,2.4299999999999997,1.08,25.410000000000043
1.67,2.4299999999999997,1.1,26.130000000000045
1.67,2.44,0.9,24.480000000000004
1.67,2.44,0.92,23.76
1.67,2.44,0.9400000000000001,23.200000000000003
1.67,2.44,0.9600000000000001,22.800000000000004
1.67,2.44,0.9800000000000001,22.560000000000002
1.67,2.44,1.0,22.480000000000004
1.67,2.44,1.02,22.560000000000006
1.67,2.44,1.04,22.800000000000004
1.67,2.44,1.06,23.200000000000006
1.67,2.44,1.08,23.760000000000005
1.67,2.44,1.1,24.480000000000008
1.67,2.4499999999999997,0.9,22.93000000000003
1.67,2.4499999999999997,0.92,22.21000000000003
1.67,2.4499999999999997,0.9400000000000001,21.65000000000003
1.67,2.4499999999999997,0.9600000000000001,21.250000000000032
1.67,2.4499999999999997,0.9800000000000001,21.01000000000003
1.67,2.4499999999999997,1.0,20.93000000000003
1.67,2.4499999999999997,1.02,21.010000000000034
1.67,2.4499999999999997,1.04,21.250000000000032
1.67,2.4499999999999997,1.06,21.650000000000034
1.67,2.4499999999999997,1.08,22.210000000000033
1.67,2.4499999999999997,1.1,22.930000000000035
1.67,2.46,0.9,21.479999999999997
1.67,2.46,0.92,20.759999999999994
1.67,2.46,0.9400000000000001,20.199999999999996
1.67,2.46,0.9600000000000001,19.799999999999997
1.67,2.46,0.9800000000000001,19.559999999999995
1.67,2.46,1.0,19.479999999999997
1.67,2.46,1.02,19.56
1.67,2.46,1.04,19.799999999999997
1.67,2.46,1.06,20.2
1.67,2.46,1.08,20.759999999999998
1.67,2.46,1.1,21.48
1.67,2.4699999999999998,0.9,20.130000000000024
1.67,2.4699999999999998,0.92,19.41000000000002
1.67,2.4699999999999998,0.9400000000000001,18.850000000000023
1.67,2.4699999999999998,0.9600000000000001,18.450000000000024
1.67,2.4699999999999998,0.9800000000000001,18.210000000000022
1.67,2.4699999999999998,1.0,18.130000000000024
1.67,2.4699999999999998,1.02,18.210000000000026
1.67,2.4699999999999998,1.04,18.450000000000024
1.67,2.4699999999999998,1.06,18.850000000000026
1.67,2.4699999999999998,1.08,19.410000000000025
1.67,2.4699999999999998,1.1,20.130000000000027
1.67,2.48,0.9,18.879999999999992
1.67,2.48,0.92,18.15999999999999
1.67,2.48,0.9400000000000001,17.59999999999999
1.67,2.48,0.9600000000000001,17.199999999999992
1.67,2.48,0.9800000000000001,16.95999999999999
1.67,2.48,1.0,16.879999999999992
1.67,2.48,1.02,16.959999999999994
1.67,2.48,1.04,17.199999999999992
1.67,2.48,1.06,17.599999999999994
1.67,2.48,1.08,18.159999999999993
1.67,2.48,1.1,18.879999999999995
1.67,2.4899999999999998,0.9,17.730000000000015
1.67,2.4899999999999998,0.92,17.010000000000012
1.67,2.4899999999999998,0.9400000000000001,16.450000000000014
1.67,2.4899999999999998,0.9600000000000001,16.050000000000015
1.67,2.4899999999999998,0.9800000000000001,15.810000000000015
1.67,2.4899999999999998,1.0,15.730000000000015
1.67,2.4899999999999998,1.02,15.810000000000015
1.67,2.4899999999999998,1.04,16.050000000000015
1.67,2.4899999999999998,1.06,16.450000000000017
1.67,2.4899999999999998,1.08,17.010000000000016
1.67,2.4899999999999998,1.1,17.730000000000018
1.67,2.5,0.9,16.679999999999986
1.67,2.5,0.92,15.959999999999987
1.67,2.5,0.9400000000000001,15.399999999999986
1.67,2.5,0.9600000000000001,14.999999999999986
1.67,2.5,0.9800000000000001,14.759999999999987
1.67,2.5,1.0,14.679999999999987
1.67,2.5,1.02,14.759999999999987
1.67,2.5,1.04,14.999999999999988
1.67,2.5,1.06,15.399999999999988
1.67,2.5,1.08,15.95999999999999
1.67,2.5,1.1,16.679999999999993
1.67,2.51,0.9,15.730000000000004
1.67,2.51,0.92,15.010000000000005
1.67,2.51,0.9400000000000001,14.450000000000005
1.67,2.51,0.9600000000000001,14.050000000000004
1.67,2.51,0.9800000000000001,13.810000000000006
1.67,2.51,1.0,13.730000000000006
1.67,2.51,1.02,13.810000000000006
1.67,2.51,1.04,14.050000000000006
1.67,2.51,1.06,14.450000000000006
1.67,2.51,1.08,15.010000000000009
1.67,2.51,1.1,15.73000000000001
1.67,2.52,0.9,14.879999999999985
1.67,2.52,0.92,14.159999999999984
1.67,2.52,0.9400000000000001,13.599999999999984
1.67,2.52,0.9600000000000001,13.199999999999983
1.67,2.52,0.9800000000000001,12.959999999999985
1.67,2.52,1.0,12.879999999999985
1.67,2.52,1.02,12.959999999999985
1.67,2.52,1.04,13.199999999999985
1.67,2.52,1.06,13.599999999999985
1.67,2.52,1.08,14.159999999999988
1.67,2.52,1.1,14.879999999999988
1.67,2.53,0.9,14.129999999999999
1.67,2.53,0.92,13.409999999999998
1.67,2.53,0.9400000000000001,12.849999999999998
1.67,2.53,0.9600000000000001,12.449999999999998
1.67,2.53,0.9800000000000001,12.209999999999999
1.67,2.53,1.0,12.129999999999999
1.67,2.53,1.02,12.209999999999999
1.67,2.53,1.04,12.45
1.67,2.53,1.06,12.85
1.67,2.53,1.08,13.410000000000002
1.67,2.53,1.1,14.130000000000003
1.67,2.54,0.9,13.479999999999979
1.67,2.54,0.92,12.75999999999998
1.67,2.54,0.9400000000000001,12.19999999999998
1.67,2.54,0.9600000000000001,11.79999999999998
1.67,2.54,0.9800000000000001,11.559999999999981
1.67,2.54,1.0,11.47999999999998
1.67,2.54,1.02,11.559999999999981
1.67,2.54,1.04,11.799999999999981
1.67,2.54,1.06,12.199999999999982
1.67,2.54,1.08,12.759999999999984
1.67,2.54,1.1,13.479999999999984
1.67,2.55,0.9,12.929999999999993
1.67,2.55,0.92,12.209999999999992
1.67,2.55,0.9400000000000001,11.649999999999991
1.67,2.55,0.9600000000000001,11.249999999999991
1.67,2.55,0.9800000000000001,11.009999999999993
1.67,2.55,1.0,10.929999999999993
1.67,2.55,1.02,11.009999999999993
1.67,2.55,1.04,11.249999999999993
1.67,2.55,1.06,11.649999999999993
1.67,2.55,1.08,12.209999999999996
1.67,2.55,1.1,12.929999999999996
1.67,2.56,0.9,12.479999999999979
1.67,2.56,0.92,11.759999999999978
1.67,2.56,0.9400000000000001,11.199999999999978
1.67,2.56,0.9600000000000001,10.799999999999978
1.67,2.56,0.9800000000000001,10.55999999999998
1.67,2.56,1.0,10.479999999999979
1.67,2.56,1.02,10.55999999999998
1.67,2.56,1.04,10.79999999999998
1.67,2.56,1.06,11.19999999999998
1.67,2.56,1.08,11.759999999999982
1.67,2.56,1.1,12.479999999999983
1.67,2.57,0.9,12.129999999999985
1.67,2.57,0.92,11.409999999999986
1.67,2.57,0.9400000000000001,10.849999999999985
1.67,2.57,0.9600000000000001,10.449999999999985
1.67,2.57,0.9800000000000001,10.209999999999987
1.67,2.57,1.0,10.129999999999987
1.67,2.57,1.02,10.209999999999987
1.67,2.57,1.04,10.449999999999987
1.67,2.57,1.06,10.849999999999987
1.67,2.57,1.08,11.40999999999999
1.67,2.57,1.1,12.12999999999999
1.67,2.58,0.9,11.879999999999978
1.67,2.58,0.92,11.159999999999979
1.67,2.58,0.9400000000000001,10.599999999999978
1.67,2.58,0.9600000000000001,10.199999999999978
1.67,2.58,0.9800000000000001,9.95999999999998
1.67,2.58,1.0,9.87999999999998
1.67,2.58,1.02,9.95999999999998
1.67,2.58,1.04,10.19999999999998
1.67,2.58,1.06,10.59999999999998
1.67,2.58,1.08,11.159999999999982
1.67,2.58,1.1,11.879999999999983
1.67,2.59,0.9,11.729999999999979
1.67,2.59,0.92,11.00999999999998
1.67,2.59,0.9400000000000001,10.44999999999998
1.67,2.59,0.9600000000000001,10.04999999999998
1.67,2.59,0.9800000000000001,9.809999999999981
1.67,2.59,1.0,9.72999999999998
1.67,2.59,1.02,9.809999999999981
1.67,2.59,1.04,10.049999999999981
1.67,2.59,1.06,10.449999999999982
1.67,2.59,1.08,11.009999999999984
1.67,2.59,1.1,11.729999999999984
1.67,2.5999999999999996,0.9,11.679999999999978
1.67,2.5999999999999996,0.92,10.959999999999978
1.67,2.5999999999999996,0.9400000000000001,10.399999999999977
1.67,2.5999999999999996,0.9600000000000001,9.999999999999977
1.67,2.5999999999999996,0.9800000000000001,9.759999999999978
1.67,2.5999999999999996,1.0,9.679999999999978
1.67,2.5999999999999996,1.02,9.759999999999978
1.67,2.5999999999999996,1.04,9.999999999999979
1.67,2.5999999999999996,1.06,10.399999999999979
1.67,2.5999999999999996,1.08,10.959999999999981
1.67,2.5999999999999996,1.1,11.679999999999982
1.67,2.61,0.9,11.729999999999976
1.67,2.61,0.92,11.009999999999975
1.67,2.61,0.9400000000000001,10.449999999999974
1.67,2.61,0.9600000000000001,10.049999999999974
1.67,2.61,0.9800000000000001,9.809999999999976
1.67,2.61,1.0,9.729999999999976
1.67,2.61,1.02,9.809999999999976
1.67,2.61,1.04,10.049999999999976
1.67,2.61,1.06,10.449999999999976
1.67,2.61,1.08,11.009999999999978
1.67,2.61,1.1,11.729999999999979
1.67,2.62,0.9,11.879999999999978
1.67,2.62,0.92,11.159999999999979
1.67,2.62,0.9400000000000001,10.599999999999978
1.67,2.62,0.9600000000000001,10.199999999999978
1.67,2.62,0.9800000000000001,9.95999999999998
1.67,2.62,1.0,9.87999999999998
1.67,2.62,1.02,9.95999999999998
1.67,2.62,1.04,10.19999999999998
1.67,2.62,1.06,10.59999999999998
1.67,2.62,1.08,11.159999999999982
1.67,2.62,1.1,11.879999999999983
1.67,2.63,0.9,12.12999999999997
1.67,2.63,0.92,11.409999999999972
1.67,2.63,0.9400000000000001,10.849999999999971
1.67,2.63,0.9600000000000001,10.44999999999997
1.67,2.63,0.9800000000000001,10.209999999999972
1.67,2.63,1.0,10.129999999999972
1.67,2.63,1.02,10.209999999999972
1.67,2.63,1.04,10.449999999999973
1.67,2.63,1.06,10.849999999999973
1.67,2.63,1.08,11.409999999999975
1.67,2.63,1.1,12.129999999999976
1.67,2.6399999999999997,0.9,12.479999999999961
1.67,2.6399999999999997,0.92,11.75999999999996
1.67,2.6399999999999997,0.9400000000000001,11.19999999999996
1.67,2.6399999999999997,0.9600000000000001,10.79999999999996
1.67,2.6399999999999997,0.9800000000000001,10.559999999999961
1.67,2.6399999999999997,1.0,10.479999999999961
1.67,2.6399999999999997,1.02,10.559999999999961
1.67,2.6399999999999997,1.04,10.799999999999962
1.67,2.6399999999999997,1.06,11.199999999999962
1.67,2.6399999999999997,1.08,11.759999999999964
1.67,2.6399999999999997,1.1,12.479999999999965
1.67,2.65,0.9,12.929999999999968
1.67,2.65,0.92,12.209999999999969
1.67,2.65,0.9400000000000001,11.649999999999968
1.67,2.65,0.9600000000000001,11.249999999999968
1.67,2.65,0.9800000000000001,11.00999999999997
1.67,2.65,1.0,10.92999999999997
1.67,2.65,1.02,11.00999999999997
1.67,2.65,1.04,11.24999999999997
1.67,2.65,1.06,11.64999999999997
1.67,2.65,1.08,12.209999999999972
1.67,2.65,1.1,12.929999999999973
1.67,2.6599999999999997,0.9,13.479999999999954
1.67,2.6599999999999997,0.92,12.759999999999954
1.67,2.6599999999999997,0.9400000000000001,12.199999999999953
1.67,2.6599999999999997,0.9600000000000001,11.799999999999953
1.67,2.6599999999999997,0.9800000000000001,11.559999999999954
1.67,2.6599999999999997,1.0,11.479999999999954
1.67,2.6599999999999997,1.02,11.559999999999954
1.67,2.6599999999999997,1.04,11.799999999999955
1.67,2.6599999999999997,1.06,12.199999999999955
1.67,2.6599999999999997,1.08,12.759999999999957
1.67,2.6599999999999997,1.1,13.479999999999958
1.67,2.67,0.9,14.129999999999967
1.67,2.67,0.92,13.409999999999966
1.67,2.67,0.9400000000000001,12.849999999999966
1.67,2.67,0.9600000000000001,12.449999999999966
1.67,2.67,0.9800000000000001,12.209999999999967
1.67,2.67,1.0,12.129999999999967
1.67,2.67,1.02,12.209999999999967
1.67,2.67,1.04,12.449999999999967
1.67,2.67,1.06,12.849999999999968
1.67,2.67,1.08,13.40999999999997
1.67,2.67,1.1,14.12999999999997
1.67,2.6799999999999997,0.9,14.87999999999995
1.67,2.6799999999999997,0.92,14.159999999999949
1.67,2.6799999999999997,0.9400000000000001,13.599999999999948
1.67,2.6799999999999997,0.9600000000000001,13.199999999999948
1.67,2.6799999999999997,0.9800000000000001,12.95999999999995
1.67,2.6799999999999997,1.0,12.87999999999995
1.67,2.6799999999999997,1.02,12.95999999999995
1.67,2.6799999999999997,1.04,13.19999999999995
1.67,2.6799999999999997,1.06,13.59999999999995
1.67,2.6799999999999997,1.08,14.159999999999952
1.67,2.6799999999999997,1.1,14.879999999999953
1.67,2.69,0.9,15.729999999999965
1.67,2.69,0.92,15.009999999999964
1.67,2.69,0.9400000000000001,14.449999999999964
1.67,2.69,0.9600000000000001,14.049999999999963
1.67,2.69,0.9800000000000001,13.809999999999965
1.67,2.69,1.0,13.729999999999965
1.67,2.69,1.02,13.809999999999965
1.67,2.69,1.04,14.049999999999965
1.67,2.69,1.06,14.449999999999966
1.67,2.69,1.08,15.009999999999968
1.67,2.69,1.1,15.729999999999968
1.67,2.6999999999999997,0.9,16.679999999999943
1.67,2.6999999999999997,0.92,15.959999999999942
1.67,2.6999999999999997,0.9400000000000001,15.399999999999942
1.67,2.6999999999999997,0.9600000000000001,14.999999999999941
1.67,2.6999999999999997,0.9800000000000001,14.759999999999943
1.67,2.6999999999999997,1.0,14.679999999999943
1.67,2.6999999999999997,1.02,14.759999999999943
1.67,2.6999999999999997,1.04,14.999999999999943
1.67,2.6999999999999997,1.06,15.399999999999944
1.67,2.6999999999999997,1.08,15.959999999999946
1.67,2.6999999999999997,1.1,16.679999999999946
1.67,2.71,0.9,17.729999999999965
1.67,2.71,0.92,17.009999999999962
1.67,2.71,0.9400000000000001,16.449999999999964
1.67,2.71,0.9600000000000001,16.049999999999965
1.67,2.71,0.9800000000000001,15.809999999999965
1.67,2.71,1.0,15.729999999999965
1.67,2.71,1.02,15.809999999999965
1.67,2.71,1.04,16.049999999999965
1.67,2.71,1.06,16.449999999999967
1.67,2.71,1.08,17.009999999999966
1.67,2.71,1.1,17.72999999999997
1.67,2.7199999999999998,0.9,18.87999999999994
1.67,2.7199999999999998,0.92,18.159999999999936
1.67,2.7199999999999998,0.9400000000000001,17.599999999999937
1.67,2.7199999999999998,0.9600000000000001,17.19999999999994
1.67,2.7199999999999998,0.9800000000000001,16.959999999999937
1.67,2.7199999999999998,1.0,16.87999999999994
1.67,2.7199999999999998,1.02,16.95999999999994
1.67,2.7199999999999998,1.04,17.19999999999994
1.67,2.7199999999999998,1.06,17.59999999999994
1.67,2.7199999999999998,1.08,18.15999999999994
1.67,2.7199999999999998,1.1,18.879999999999942
1.67,2.73,0.9,20.129999999999963
1.67,2.73,0.92,19.40999999999996
1.67,2.73,0.9400000000000001,18.849999999999962
1.67,2.73,0.9600000000000001,18.449999999999964
1.67,2.73,0.9800000000000001,18.20999999999996
1.67,2.73,1.0,18.129999999999963
1.67,2.73,1.02,18.209999999999965
1.67,2.73,1.04,18.449999999999964
1.67,2.73,1.06,18.849999999999966
1.67,2.73,1.08,19.409999999999965
1.67,2.73,1.1,20.129999999999967
1.67,2.7399999999999998,0.9,21.479999999999933
1.67,2.7399999999999998,0.92,20.75999999999993
1.67,2.7399999999999998,0.9400000000000001,20.199999999999932
1.67,2.7399999999999998,0.9600000000000001,19.799999999999933
1.67,2.7399999999999998,0.9800000000000001,19.55999999999993
1.67,2.7399999999999998,1.0,19.479999999999933
1.67,2.7399999999999998,1.02,19.559999999999935
1.67,2.7399999999999998,1.04,19.799999999999933
1.67,2.7399999999999998,1.06,20.199999999999935
1.67,2.7399999999999998,1.08,20.759999999999934
1.67,2.7399999999999998,1.1,21.479999999999936
1.67,2.75,0.9,22.929999999999964
1.67,2.75,0.92,22.20999999999996
1.67,2.75,0.9400000000000001,21.649999999999963
1.67,2.75,0.9600000000000001,21.249999999999964
1.67,2.75,0.9800000000000001,21.009999999999962
1.67,2.75,1.0,20.929999999999964
1.67,2.75,1.02,21.009999999999966
1.67,2.75,1.04,21.249999999999964
1.67,2.75,1.06,21.649999999999967
1.67,2.75,1.08,22.209999999999965
1.67,2.75,1.1,22.929999999999968
1.67,2.76,0.9,24.479999999999933
1.67,2.76,0.92,23.75999999999993
1.67,2.76,0.9400000000000001,23.199999999999932
1.67,2.76,0.9600000000000001,22.799999999999933
1.67,2.76,0.9800000000000001,22.55999999999993
1.67,2.76,1.0,22.479999999999933
1.67,2.76,1.02,22.559999999999935
1.67,2.76,1.04,22.799999999999933
1.67,2.76,1.06,23.199999999999935
1.67,2.76,1.08,23.759999999999934
1.67,2.76,1.1,24.479999999999936
1.67,2.77,0.9,26.129999999999967
1.67,2.77,0.92,25.409999999999965
1.67,2.77,0.9400000000000001,24.849999999999966
1.67,2.77,0.9600000000000001,24.449999999999967
1.67,2.77,0.9800000000000001,24.209999999999965
1.67,2.77,1.0,24.129999999999967
1.67,2.77,1.02,24.20999999999997
1.67,2.77,1.04,24.449999999999967
1.67,2.77,1.06,24.84999999999997
1.67,2.77,1.08,25.409999999999968
1.67,2.77,1.1,26.12999999999997
1.67,2.78,0.9,27.879999999999928
1.67,2.78,0.92,27.159999999999926
1.67,2.78,0.9400000000000001,26.599999999999927
1.67,2.78,0.9600000000000001,26.19999999999993
1.67,2.78,0.9800000000000001,25.959999999999926
1.67,2.78,1.0,25.879999999999928
1.67,2.78,1.02,25.95999999999993
1.67,2.78,1.04,26.19999999999993
1.67,2.78,1.06,26.59999999999993
1.67,2.78,1.08,27.15999999999993
1.67,2.78,1.1,27.87999999999993
1.67,2.79,0.9,29.72999999999997
1.67,2.79,0.92,29.009999999999966
1.67,2.79,0.9400000000000001,28.449999999999967
1.67,2.79,0.9600000000000001,28.04999999999997
1.67,2.79,0.9800000000000001,27.809999999999967
1.67,2.79,1.0,27.72999999999997
1.67,2.79,1.02,27.80999999999997
1.67,2.79,1.04,28.04999999999997
1.67,2.79,1.06,28.44999999999997
1.67,2.79,1.08,29.00999999999997
1.67,2.79,1.1,29.729999999999972
1.67,2.8,0.9,31.679999999999925
1.67,2.8,0.92,30.959999999999923
1.67,2.8,0.9400000000000001,30.399999999999924
1.67,2.8,0.9600000000000001,29.999999999999925
1.67,2.8,0.9800000000000001,29.759999999999923
1.67,2.8,1.0,29.679999999999925
1.67,2.8,1.02,29.759999999999927
1.67,2.8,1.04,29.999999999999925
1.67,2.8,1.06,30.399999999999928
1.67,2.8,1.08,30.959999999999926
1.67,2.8,1.1,31.67999999999993
1.68,2.4,0.9,33.52000000000001
1.68,2.4,0.92,32.80000000000001
1.68,2.4,0.9400000000000001,32.24000000000001
1.68,2.4,0.9600000000000001,31.840000000000014
1.68,2.4,0.9800000000000001,31.600000000000012
1.68,2.4,1.0,31.520000000000014
1.68,2.4,1.02,31.600000000000016
1.68,2.4,1.04,31.840000000000014
1.68,2.4,1.06,32.240000000000016
1.68,2.4,1.08,32.80000000000002
1.68,2.4,1.1,33.52000000000002
1.68,2.4099999999999997,0.9,31.57000000000005
1.68,2.4099999999999997,0.92,30.850000000000048
1.68,2.4099999999999997,0.9400000000000001,30.29000000000005
1.68,2.4099999999999997,0.9600000000000001,29.89000000000005
1.68,2.4099999999999997,0.9800000000000001,29.65000000000005
1.68,2.4099999999999997,1.0,29.57000000000005
1.68,2.4099999999999997,1.02,29.650000000000052
1.68,2.4099999999999997,1.04,29.89000000000005
1.68,2.4099999999999997,1.06,30.290000000000052
1.68,2.4099999999999997,1.08,30.85000000000005
1.68,2.4099999999999997,1.1,31.570000000000054
1.68,2.42,0.9,29.72000000000001
1.68,2.42,0.92,29.000000000000007
1.68,2.42,0.9400000000000001,28.44000000000001
1.68,2.42,0.9600000000000001,28.04000000000001
1.68,2.42,0.9800000000000001,27.800000000000008
1.68,2.42,1.0,27.72000000000001
1.68,2.42,1.02,27.80000000000001
1.68,2.42,1.04,28.04000000000001
1.68,2.42,1.06,28.440000000000012
1.68,2.42,1.08,29.00000000000001
1.68,2.42,1.1,29.720000000000013
1.68,2.4299999999999997,0.9,27.97000000000004
1.68,2.4299999999999997,0.92,27.25000000000004
1.68,2.4299999999999997,0.9400000000000001,26.69000000000004
1.68,2.4299999999999997,0.9600000000000001,26.290000000000042
1.68,2.4299999999999997,0.9800000000000001,26.05000000000004
1.68,2.4299999999999997,1.0,25.97000000000004
1.68,2.4299999999999997,1.02,26.050000000000043
1.68,2.4299999999999997,1.04,26.290000000000042
1.68,2.4299999999999997,1.06,26.690000000000044
1.68,2.4299999999999997,1.08,27.250000000000043
1.68,2.4299999999999997,1.1,27.970000000000045
1.68,2.44,0.9,26.32
1.68,2.44,0.92,25.599999999999998
1.68,2.44,0.9400000000000001,25.04
1.68,2.44,0.9600000000000001,24.64
1.68,2.44,0.9800000000000001,24.4
1.68,2.44,1.0,24.32
1.68,2.44,1.02,24.400000000000002
1.68,2.44,1.04,24.64
1.68,2.44,1.06,25.040000000000003
1.68,2.44,1.08,25.6
1.68,2.44,1.1,26.320000000000004
1.68,2.4499999999999997,0.9,24.77000000000003
1.68,2.4499999999999997,0.92,24.05000000000003
1.68,2.4499999999999997,0.9400000000000001,23.49000000000003
1.68,2.4499999999999997,0.9600000000000001,23.090000000000032
1.68,2.4499999999999997,0.9800000000000001,22.85000000000003
1.68,2.4499999999999997,1.0,22.77000000000003
1.68,2.4499999999999997,1.02,22.850000000000033
1.68,2.4499999999999997,1.04,23.090000000000032
1.68,2.4499999999999997,1.06,23.490000000000034
1.68,2.4499999999999997,1.08,24.050000000000033
1.68,2.4499999999999997,1.1,24.770000000000035
1.68,2.46,0.9,23.319999999999993
1.68,2.46,0.92,22.59999999999999
1.68,2.46,0.9400000000000001,22.039999999999992
1.68,2.46,0.9600000000000001,21.639999999999993
1.68,2.46,0.9800000000000001,21.39999999999999
1.68,2.46,1.0,21.319999999999993
1.68,2.46,1.02,21.399999999999995
1.68,2.46,1.04,21.639999999999993
1.68,2.46,1.06,22.039999999999996
1.68,2.46,1.08,22.599999999999994
1.68,2.46,1.1,23.319999999999997
1.68,2.4699999999999998,0.9,21.97000000000002
1.68,2.4699999999999998,0.92,21.250000000000018
1.68,2.4699999999999998,0.9400000000000001,20.69000000000002
1.68,2.4699999999999998,0.9600000000000001,20.29000000000002
1.68,2.4699999999999998,0.9800000000000001,20.05000000000002
1.68,2.4699999999999998,1.0,19.97000000000002
1.68,2.4699999999999998,1.02,20.050000000000022
1.68,2.4699999999999998,1.04,20.29000000000002
1.68,2.4699999999999998,1.06,20.690000000000023
1.68,2.4699999999999998,1.08,21.25000000000002
1.68,2.4699999999999998,1.1,21.970000000000024
1.68,2.48,0.9,20.71999999999999
1.68,2.48,0.92,19.99999999999999
1.68,2.48,0.9400000000000001,19.43999999999999
1.68,2.48,0.9600000000000001,19.039999999999992
1.68,2.48,0.9800000000000001,18.79999999999999
1.68,2.48,1.0,18.71999999999999
1.68,2.48,1.02,18.799999999999994
1.68,2.48,1.04,19.039999999999992
1.68,2.48,1.06,19.439999999999994
1.68,2.48,1.08,19.999999999999993
1.68,2.48,1.1,20.719999999999995
1.68,2.4899999999999998,0.9,19.570000000000014
1.68,2.4899999999999998,0.92,18.850000000000012
1.68,2.4899999999999998,0.9400000000000001,18.290000000000013
1.68,2.4899999999999998,0.9600000000000001,17.890000000000015
1.68,2.4899999999999998,0.9800000000000001,17.650000000000013
1.68,2.4899999999999998,1.0,17.570000000000014
1.68,2.4899999999999998,1.02,17.650000000000016
1.68,2.4899999999999998,1.04,17.890000000000015
1.68,2.4899999999999998,1.06,18.290000000000017
1.68,2.4899999999999998,1.08,18.850000000000016
1.68,2.4899999999999998,1.1,19.570000000000018
1.68,2.5,0.9,18.51999999999999
1.68,2.5,0.92,17.799999999999986
1.68,2.5,0.9400000000000001,17.239999999999988
1.68,2.5,0.9600000000000001,16.83999999999999
1.68,2.5,0.9800000000000001,16.599999999999987
1.68,2.5,1.0,16.51999999999999
1.68,2.5,1.02,16.59999999999999
1.68,2.5,1.04,16.83999999999999
1.68,2.5,1.06,17.23999999999999
1.68,2.5,1.08,17.79999999999999
1.68,2.5,1.1,18.519999999999992
1.68,2.51,0.9,17.570000000000004
1.68,2.51,0.92,16.850000000000005
1.68,2.51,0.9400000000000001,16.290000000000003
1.68,2.51,0.9600000000000001,15.890000000000004
1.68,2.51,0.9800000000000001,15.650000000000006
1.68,2.51,1.0,15.570000000000006
1.68,2.51,1.02,15.650000000000006
1.68,2.51,1.04,15.890000000000006
1.68,2.51,1.06,16.290000000000006
1.68,2.51,1.08,16.85000000000001
1.68,2.51,1.1,17.570000000000007
1.68,2.52,0.9,16.719999999999985
1.68,2.52,0.92,15.999999999999984
1.68,2.52,0.9400000000000001,15.439999999999984
1.68,2.52,0.9600000000000001,15.039999999999983
1.68,2.52,0.9800000000000001,14.799999999999985
1.68,2.52,1.0,14.719999999999985
1.68,2.52,1.02,14.799999999999985
1.68,2.52,1.04,15.039999999999985
1.68,2.52,1.06,15.439999999999985
1.68,2.52,1.08,15.999999999999988
1.68,2.52,1.1,16.719999999999988
1.68,2.53,0.9,15.969999999999999
1.68,2.53,0.92,15.249999999999998
1.68,2.53,0.9400000000000001,14.689999999999998
1.68,2.53,0.9600000000000001,14.289999999999997
1.68,2.53,0.9800000000000001,14.049999999999999
1.68,2.53,1.0,13.969999999999999
1.68,2.53,1.02,14.049999999999999
1.68,2.53,1.04,14.29
1.68,2.53,1.06,14.69
1.68,2.53,1.08,15.250000000000002
1.68,2.53,1.1,15.970000000000002
1.68,2.54,0.9,15.319999999999979
1.68,2.54,0.92,14.59999999999998
1.68,2.54,0.9400000000000001,14.03999999999998
1.68,2.54,0.9600000000000001,13.63999999999998
1.68,2.54,0.9800000000000001,13.39999999999998
1.68,2.54,1.0,13.31999999999998
1.68,2.54,1.02,13.39999999999998
1.68,2.54,1.04,13.639999999999981
1.68,2.54,1.06,14.039999999999981
1.68,2.54,1.08,14.599999999999984
1.68,2.54,1.1,15.319999999999984
1.68,2.55,0.9,14.769999999999992
1.68,2.55,0.92,14.049999999999992
1.68,2.55,0.9400000000000001,13.489999999999991
1.68,2.55,0.9600000000000001,13.089999999999991
1.68,2.55,0.9800000000000001,12.849999999999993
1.68,2.55,1.0,12.769999999999992
1.68,2.55,1.02,12.849999999999993
1.68,2.55,1.04,13.089999999999993
1.68,2.55,1.06,13.489999999999993
1.68,2.55,1.08,14.049999999999995
1.68,2.55,1.1,14.769999999999996
1.68,2.56,0.9,14.319999999999979
1.68,2.56,0.92,13.599999999999978
1.68,2.56,0.9400000000000001,13.039999999999978
1.68,2.56,0.9600000000000001,12.639999999999977
1.68,2.56,0.9800000000000001,12.399999999999979
1.68,2.56,1.0,12.319999999999979
1.68,2.56,1.02,12.399999999999979
1.68,2.56,1.04,12.63999999999998
1.68,2.56,1.06,13.03999999999998
1.68,2.56,1.08,13.599999999999982
1.68,2.56,1.1,14.319999999999983
1.68,2.57,0.9,13.969999999999985
1.68,2.57,0.92,13.249999999999986
1.68,2.57,0.9400000000000001,12.689999999999985
1.68,2.57,0.9600000000000001,12.289999999999985
1.68,2.57,0.9800000000000001,12.049999999999986
1.68,2.57,1.0,11.969999999999986
1.68,2.57,1.02,12.049999999999986
1.68,2.57,1.04,12.289999999999987
1.68,2.57,1.06,12.689999999999987
1.68,2.57,1.08,13.24999999999999
1.68,2.57,1.1,13.96999999999999
1.68,2.58,0.9,13.719999999999978
1.68,2.58,0.92,12.999999999999979
1.68,2.58,0.9400000000000001,12.439999999999978
1.68,2.58,0.9600000000000001,12.039999999999978
1.68,2.58,0.9800000000000001,11.79999999999998
1.68,2.58,1.0,11.71999999999998
1.68,2.58,1.02,11.79999999999998
1.68,2.58,1.04,12.03999999999998
1.68,2.58,1.06,12.43999999999998
1.68,2.58,1.08,12.999999999999982
1.68,2.58,1.1,13.719999999999983
1.68,2.59,0.9,13.569999999999979
1.68,2.59,0.92,12.84999999999998
1.68,2.59,0.9400000000000001,12.28999999999998
1.68,2.59,0.9600000000000001,11.88999999999998
1.68,2.59,0.9800000000000001,11.64999999999998
1.68,2.59,1.0,11.56999999999998
1.68,2.59,1.02,11.64999999999998
1.68,2.59,1.04,11.889999999999981
1.68,2.59,1.06,12.289999999999981
1.68,2.59,1.08,12.849999999999984
1.68,2.59,1.1,13.569999999999984
1.68,2.5999999999999996,0.9,13.519999999999978
1.68,2.5999999999999996,0.92,12.799999999999978
1.68,2.5999999999999996,0.9400000000000001,12.239999999999977
1.68,2.5999999999999996,0.9600000000000001,11.839999999999977
1.68,2.5999999999999996,0.9800000000000001,11.599999999999978
1.68,2.5999999999999996,1.0,11.519999999999978
1.68,2.5999999999999996,1.02,11.599999999999978
1.68,2.5999999999999996,1.04,11.839999999999979
1.68,2.5999999999999996,1.06,12.239999999999979
1.68,2.5999999999999996,1.08,12.799999999999981
1.68,2.5999999999999996,1.1,13.519999999999982
1.68,2.61,0.9,13.569999999999975
1.68,2.61,0.92,12.849999999999975
1.68,2.61,0.9400000000000001,12.289999999999974
1.68,2.61,0.9600000000000001,11.889999999999974
1.68,2.61,0.9800000000000001,11.649999999999975
1.68,2.61,1.0,11.569999999999975
1.68,2.61,1.02,11.649999999999975
1.68,2.61,1.04,11.889999999999976
1.68,2.61,1.06,12.289999999999976
1.68,2.61,1.08,12.849999999999978
1.68,2.61,1.1,13.569999999999979
1.68,2.62,0.9,13.719999999999978
1.68,2.62,0.92,12.999999999999979
1.68,2.62,0.9400000000000001,12.439999999999978
1.68,2.62,0.9600000000000001,12.039999999999978
1.68,2.62,0.9800000000000001,11.79999999999998
1.68,2.62,1.0,11.71999999999998
1.68,2.62,1.02,11.79999999999998
1.68,2.62,1.04,12.03999999999998
1.68,2.62,1.06,12.43999999999998
1.68,2.62,1.08,12.999999999999982
1.68,2.62,1.1,13.719999999999983
1.68,2.63,0.9,13.96999999999997
1.68,2.63,0.92,13.249999999999972
1.68,2.63,0.9400000000000001,12.689999999999971
1.68,2.63,0.9600000000000001,12.28999999999997
1.68,2.63,0.9800000000000001,12.049999999999972
1.68,2.63,1.0,11.969999999999972
1.68,2.63,1.02,12.049999999999972
1.68,2.63,1.04,12.289999999999973
1.68,2.63,1.06,12.689999999999973
1.68,2.63,1.08,13.249999999999975
1.68,2.63,1.1,13.969999999999976
1.68,2.6399999999999997,0.9,14.319999999999961
1.68,2.6399999999999997,0.92,13.59999999999996
1.68,2.6399999999999997,0.9400000000000001,13.03999999999996
1.68,2.6399999999999997,0.9600000000000001,12.63999999999996
1.68,2.6399999999999997,0.9800000000000001,12.399999999999961
1.68,2.6399999999999997,1.0,12.319999999999961
1.68,2.6399999999999997,1.02,12.399999999999961
1.68,2.6399999999999997,1.04,12.639999999999961
1.68,2.6399999999999997,1.06,13.039999999999962
1.68,2.6399999999999997,1.08,13.599999999999964
1.68,2.6399999999999997,1.1,14.319999999999965
1.68,2.65,0.9,14.769999999999968
1.68,2.65,0.92,14.049999999999969
1.68,2.65,0.9400000000000001,13.489999999999968
1.68,2.65,0.9600000000000001,13.089999999999968
1.68,2.65,0.9800000000000001,12.84999999999997
1.68,2.65,1.0,12.76999999999997
1.68,2.65,1.02,12.84999999999997
1.68,2.65,1.04,13.08999999999997
1.68,2.65,1.06,13.48999999999997
1.68,2.65,1.08,14.049999999999972
1.68,2.65,1.1,14.769999999999973
1.68,2.6599999999999997,0.9,15.319999999999954
1.68,2.6599999999999997,0.92,14.599999999999953
1.68,2.6599999999999997,0.9400000000000001,14.039999999999953
1.68,2.6599999999999997,0.9600000000000001,13.639999999999953
1.68,2.6599999999999997,0.9800000000000001,13.399999999999954
1.68,2.6599999999999997,1.0,13.319999999999954
1.68,2.6599999999999997,1.02,13.399999999999954
1.68,2.6599999999999997,1.04,13.639999999999954
1.68,2.6599999999999997,1.06,14.039999999999955
1.68,2.6599999999999997,1.08,14.599999999999957
1.68,2.6599999999999997,1.1,15.319999999999958
1.68,2.67,0.9,15.969999999999967
1.68,2.67,0.92,15.249999999999966
1.68,2.67,0.9400000000000001,14.689999999999966
1.68,2.67,0.9600000000000001,14.289999999999965
1.68,2.67,0.9800000000000001,14.049999999999967
1.68,2.67,1.0,13.969999999999967
1.68,2.67,1.02,14.049999999999967
1.68,2.67,1.04,14.289999999999967
1.68,2.67,1.06,14.689999999999968
1.68,2.67,1.08,15.24999999999997
1.68,2.67,1.1,15.96999999999997
1.68,2.6799999999999997,0.9,16.71999999999995
1.68,2.6799999999999997,0.92,15.999999999999948
1.68,2.6799999999999997,0.9400000000000001,15.439999999999948
1.68,2.6799999999999997,0.9600000000000001,15.039999999999948
1.68,2.6799999999999997,0.9800000000000001,14.79999999999995
1.68,2.6799999999999997,1.0,14.71999999999995
1.68,2.6799999999999997,1.02,14.79999999999995
1.68,2.6799999999999997,1.04,15.03999999999995
1.68,2.6799999999999997,1.06,15.43999999999995
1.68,2.6799999999999997,1.08,15.999999999999952
1.68,2.6799999999999997,1.1,16.719999999999953
1.68,2.69,0.9,17.569999999999965
1.68,2.69,0.92,16.849999999999962
1.68,2.69,0.9400000000000001,16.289999999999964
1.68,2.69,0.9600000000000001,15.889999999999963
1.68,2.69,0.9800000000000001,15.649999999999965
1.68,2.69,1.0,15.569999999999965
1.68,2.69,1.02,15.649999999999965
1.68,2.69,1.04,15.889999999999965
1.68,2.69,1.06,16.289999999999967
1.68,2.69,1.08,16.849999999999966
1.68,2.69,1.1,17.56999999999997
1.68,2.6999999999999997,0.9,18.519999999999943
1.68,2.6999999999999997,0.92,17.79999999999994
1.68,2.6999999999999997,0.9400000000000001,17.23999999999994
1.68,2.6999999999999997,0.9600000000000001,16.839999999999943
1.68,2.6999999999999997,0.9800000000000001,16.59999999999994
1.68,2.6999999999999997,1.0,16.519999999999943
1.68,2.6999999999999997,1.02,16.599999999999945
1.68,2.6999999999999997,1.04,16.839999999999943
1.68,2.6999999999999997,1.06,17.239999999999945
1.68,2.6999999999999997,1.08,17.799999999999944
1.68,2.6999999999999997,1.1,18.519999999999946
1.68,2.71,0.9,19.569999999999965
1.68,2.71,0.92,18.849999999999962
1.68,2.71,0.9400000000000001,18.289999999999964
1.68,2.71,0.9600000000000001,17.889999999999965
1.68,2.71,0.9800000000000001,17.649999999999963
1.68,2.71,1.0,17.569999999999965
1.68,2.71,1.02,17.649999999999967
1.68,2.71,1.04,17.889999999999965
1.68,2.71,1.06,18.289999999999967
1.68,2.71,1.08,18.849999999999966
1.68,2.71,1.1,19.56999999999997
1.68,2.7199999999999998,0.9,20.71999999999994
1.68,2.7199999999999998,0.92,19.999999999999936
1.68,2.7199999999999998,0.9400000000000001,19.439999999999937
1.68,2.7199999999999998,0.9600000000000001,19.03999999999994
1.68,2.7199999999999998,0.9800000000000001,18.799999999999937
1.68,2.7199999999999998,1.0,18.71999999999994
1.68,2.7199999999999998,1.02,18.79999999999994
1.68,2.7199999999999998,1.04,19.03999999999994
1.68,2.7199999999999998,1.06,19.43999999999994
1.68,2.7199999999999998,1.08,19.99999999999994
1.68,2.7199999999999998,1.1,20.719999999999942
1.68,2.73,0.9,21.969999999999963
1.68,2.73,0.92,21.24999999999996
1.68,2.73,0.9400000000000001,20.689999999999962
1.68,2.73,0.9600000000000001,20.289999999999964
1.68,2.73,0.9800000000000001,20.04999999999996
1.68,2.73,1.0,19.969999999999963
1.68,2.73,1.02,20.049999999999965
1.68,2.73,1.04,20.289999999999964
1.68,2.73,1.06,20.689999999999966
1.68,2.73,1.08,21.249999999999964
1.68,2.73,1.1,21.969999999999967
1.68,2.7399999999999998,0.9,23.319999999999933
1.68,2.7399999999999998,0.92,22.59999999999993
1.68,2.7399999999999998,0.9400000000000001,22.03999999999993
1.68,2.7399999999999998,0.9600000000000001,21.639999999999933
1.68,2.7399999999999998,0.9800000000000001,21.39999999999993
1.68,2.7399999999999998,1.0,21.319999999999933
1.68,2.7399999999999998,1.02,21.399999999999935
1.68,2.7399999999999998,1.04,21.639999999999933
1.68,2.7399999999999998,1.06,22.039999999999935
1.68,2.7399999999999998,1.08,22.599999999999934
1.68,2.7399999999999998,1.1,23.319999999999936
1.68,2.75,0.9,24.769999999999968
1.68,2.75,0.92,24.049999999999965
1.68,2.75,0.9400000000000001,23.489999999999966
1.68,2.75,0.9600000000000001,23.089999999999968
1.68,2.75,0.9800000000000001,22.849999999999966
1.68,2.75,1.0,22.769999999999968
1.68,2.75,1.02,22.84999999999997
1.68,2.75,1.04,23.089999999999968
1.68,2.75,1.06,23.48999999999997
1.68,2.75,1.08,24.04999999999997
1.68,2.75,1.1,24.76999999999997
1.68,2.76,0.9,26.31999999999993
1.68,2.76,0.92,25.599999999999927
1.68,2.76,0.9400000000000001,25.039999999999928
1.68,2.76,0.9600000000000001,24.63999999999993
1.68,2.76,0.9800000000000001,24.399999999999928
1.68,2.76,1.0,24.31999999999993
1.68,2.76,1.02,24.39999999999993
1.68,2.76,1.04,24.63999999999993
1.68,2.76,1.06,25.03999999999993
1.68,2.76,1.08,25.59999999999993
1.68,2.76,1.1,26.319999999999933
1.68,2.77,0.9,27.969999999999963
1.68,2.77,0.92,27.24999999999996
1.68,2.77,0.9400000000000001,26.689999999999962
1.68,2.77,0.9600000000000001,26.289999999999964
1.68,2.77,0.9800000000000001,26.04999999999996
1.68,2.77,1.0,25.969999999999963
1.68,2.77,1.02,26.049999999999965
1.68,2.77,1.04,26.289999999999964
1.68,2.77,1.06,26.689999999999966
1.68,2.77,1.08,27.249999999999964
1.68,2.77,1.1,27.969999999999967
1.68,2.78,0.9,29.719999999999928
1.68,2.78,0.92,28.999999999999925
1.68,2.78,0.9400000000000001,28.439999999999927
1.68,2.78,0.9600000000000001,28.039999999999928
1.68,2.78,0.9800000000000001,27.799999999999926
1.68,2.78,1.0,27.719999999999928
1.68,2.78,1.02,27.79999999999993
1.68,2.78,1.04,28.039999999999928
1.68,2.78,1.06,28.43999999999993
1.68,2.78,1.08,28.99999999999993
1.68,2.78,1.1,29.71999999999993
1.68,2.79,0.9,31.56999999999997
1.68,2.79,0.92,30.849999999999966
1.68,2.79,0.9400000000000001,30.289999999999967
1.68,2.79,0.9600000000000001,29.88999999999997
1.68,2.79,0.9800000000000001,29.649999999999967
1.68,2.79,1.0,29.56999999999997
1.68,2.79,1.02,29.64999999999997
1.68,2.79,1.04,29.88999999999997
1.68,2.79,1.06,30.28999999999997
1.68,2.79,1.08,30.84999999999997
1.68,2.79,1.1,31.569999999999972
1.68,2.8,0.9,33.519999999999925
1.68,2.8,0.92,32.799999999999926
1.68,2.8,0.9400000000000001,32.239999999999924
1.68,2.8,0.9600000000000001,31.839999999999925
1.68,2.8,0.9800000000000001,31.599999999999923
1.68,2.8,1.0,31.519999999999925
1.68,2.8,1.02,31.599999999999927
1.68,2.8,1.04,31.839999999999925
1.68,2.8,1.06,32.239999999999924
1.68,2.8,1.08,32.799999999999926
1.68,2.8,1.1,33.519999999999925
1.69,2.4,0.9,35.52000000000001
1.69,2.4,0.92,34.80000000000001
1.69,2.4,0.9400000000000001,34.24000000000001
1.69,2.4,0.9600000000000001,33.84000000000001
1.69,2.4,0.9800000000000001,33.60000000000001
1.69,2.4,1.0,33.52000000000001
1.69,2.4,1.02,33.60000000000001
1.69,2.4,1.04,33.84000000000001
1.69,2.4,1.06,34.24000000000001
1.69,2.4,1.08,34.80000000000001
1.69,2.4,1.1,35.52000000000001
1.69,2.4099999999999997,0.9,33.57000000000005
1.69,2.4099999999999997,0.92,32.85000000000005
1.69,2.4099999999999997,0.9400000000000001,32.29000000000005
1.69,2.4099999999999997,0.9600000000000001,31.89000000000005
1.69,2.4099999999999997,0.9800000000000001,31.65000000000005
1.69,2.4099999999999997,1.0,31.57000000000005
1.69,2.4099999999999997,1.02,31.650000000000052
1.69,2.4099999999999997,1.04,31.89000000000005
1.69,2.4099999999999997,1.06,32.29000000000005
1.69,2.4099999999999997,1.08,32.85000000000005
1.69,2.4099999999999997,1.1,33.57000000000005
1.69,2.42,0.9,31.720000000000006
1.69,2.42,0.92,31.000000000000004
1.69,2.42,0.9400000000000001,30.440000000000005
1.69,2.42,0.9600000000000001,30.040000000000006
1.69,2.42,0.9800000000000001,29.800000000000004
1.69,2.42,1.0,29.720000000000006
1.69,2.42,1.02,29.800000000000008
1.69,2.42,1.04,30.040000000000006
1.69,2.42,1.06,30.44000000000001
1.69,2.42,1.08,31.000000000000007
1.69,2.42,1.1,31.72000000000001
1.69,2.4299999999999997,0.9,29.97000000000004
1.69,2.4299999999999997,0.92,29.25000000000004
1.69,2.4299999999999997,0.9400000000000001,28.69000000000004
1.69,2.4299999999999997,0.9600000000000001,28.290000000000042
1.69,2.4299999999999997,0.9800000000000001,28.05000000000004
1.69,2.4299999999999997,1.0,27.97000000000004
1.69,2.4299999999999997,1.02,28.050000000000043
1.69,2.4299999999999997,1.04,28.290000000000042
1.69,2.4299999999999997,1.06,28.690000000000044
1.69,2.4299999999999997,1.08,29.250000000000043
1.69,2.4299999999999997,1.1,29.970000000000045
1.69,2.44,0.9,28.32
1.69,2.44,0.92,27.599999999999998
1.69,2.44,0.9400000000000001,27.04
1.69,2.44,0.9600000000000001,26.64
1.69,2.44,0.9800000000000001,26.4
1.69,2.44,1.0,26.32
1.69,2.44,1.02,26.400000000000002
1.69,2.44,1.04,26.64
1.69,2.44,1.06,27.040000000000003
1.69,2.44,1.08,27.6
1.69,2.44,1.1,28.320000000000004
1.69,2.4499999999999997,0.9,26.77000000000003
1.69,2.4499999999999997,0.92,26.05000000000003
1.69,2.4499999999999997,0.9400000000000001,25.49000000000003
1.69,2.4499999999999997,0.9600000000000001,25.090000000000032
1.69,2.4499999999999997,0.9800000000000001,24.85000000000003
1.69,2.4499999999999997,1.0,24.77000000000003
1.69,2.4499999999999997,1.02,24.850000000000033
1.69,2.4499999999999997,1.04,25.090000000000032
1.69,2.4499999999999997,1.06,25.490000000000034
1.69,2.4499999999999997,1.08,26.050000000000033
1.69,2.4499999999999997,1.1,26.770000000000035
1.69,2.46,0.9,25.319999999999993
1.69,2.46,0.92,24.59999999999999
1.69,2.46,0.9400000000000001,24.039999999999992
1.69,2.46,0.9600000000000001,23.639999999999993
1.69,2.46,0.9800000000000001,23.39999999999999
1.69,2.46,1.0,23.319999999999993
1.69,2.46,1.02,23.399999999999995
1.69,2.46,1.04,23.639999999999993
1.69,2.46,1.06,24.039999999999996
1.69,2.46,1.08,24.599999999999994
1.69,2.46,1.1,25.319999999999997
1.69,2.4699999999999998,0.9,23.97000000000002
1.69,2.4699999999999998,0.92,23.250000000000018
1.69,2.4699999999999998,0.9400000000000001,22.69000000000002
1.69,2.4699999999999998,0.9600000000000001,22.29000000000002
1.69,2.4699999999999998,0.9800000000000001,22.05000000000002
1.69,2.4699999999999998,1.0,21.97000000000002
1.69,2.4699999999999998,1.02,22.050000000000022
1.69,2.4699999999999998,1.04,22.29000000000002
1.69,2.4699999999999998,1.06,22.690000000000023
1.69,2.4699999999999998,1.08,23.25000000000002
1.69,2.4699999999999998,1.1,23.970000000000024
1.69,2.48,0.9,22.719999999999988
1.69,2.48,0.92,21.999999999999986
1.69,2.48,0.9400000000000001,21.439999999999987
1.69,2.48,0.9600000000000001,21.03999999999999
1.69,2.48,0.9800000000000001,20.799999999999986
1.69,2.48,1.0,20.719999999999988
1.69,2.48,1.02,20.79999999999999
1.69,2.48,1.04,21.03999999999999
1.69,2.48,1.06,21.43999999999999
1.69,2.48,1.08,21.99999999999999
1.69,2.48,1.1,22.71999999999999
1.69,2.4899999999999998,0.9,21.57000000000001
1.69,2.4899999999999998,0.92,20.85000000000001
1.69,2.4899999999999998,0.9400000000000001,20.29000000000001
1.69,2.4899999999999998,0.9600000000000001,19.89000000000001
1.69,2.4899999999999998,0.9800000000000001,19.65000000000001
1.69,2.4899999999999998,1.0,19.57000000000001
1.69,2.4899999999999998,1.02,19.650000000000013
1.69,2.4899999999999998,1.04,19.89000000000001
1.69,2.4899999999999998,1.06,20.290000000000013
1.69,2.4899999999999998,1.08,20.850000000000012
1.69,2.4899999999999998,1.1,21.570000000000014
1.69,2.5,0.9,20.519999999999985
1.69,2.5,0.92,19.799999999999983
1.69,2.5,0.9400000000000001,19.239999999999984
1.69,2.5,0.9600000000000001,18.839999999999986
1.69,2.5,0.9800000000000001,18.599999999999984
1.69,2.5,1.0,18.519999999999985
1.69,2.5,1.02,18.599999999999987
1.69,2.5,1.04,18.839999999999986
1.69,2.5,1.06,19.239999999999988
1.69,2.5,1.08,19.799999999999986
1.69,2.5,1.1,20.51999999999999
1.69,2.51,0.9,19.570000000000004
1.69,2.51,0.92,18.85
1.69,2.51,0.9400000000000001,18.290000000000003
1.69,2.51,0.9600000000000001,17.890000000000004
1.69,2.51,0.9800000000000001,17.650000000000002
1.69,2.51,1.0,17.570000000000004
1.69,2.51,1.02,17.650000000000006
1.69,2.51,1.04,17.890000000000004
1.69,2.51,1.06,18.290000000000006
1.69,2.51,1.08,18.850000000000005
1.69,2.51,1.1,19.570000000000007
1.69,2.52,0.9,18.71999999999998
1.69,2.52,0.92,17.99999999999998
1.69,2.52,0.9400000000000001,17.43999999999998
1.69,2.52,0.9600000000000001,17.03999999999998
1.69,2.52,0.9800000000000001,16.79999999999998
1.69,2.52,1.0,16.71999999999998
1.69,2.52,1.02,16.799999999999983
1.69,2.52,1.04,17.03999999999998
1.69,2.52,1.06,17.439999999999984
1.69,2.52,1.08,17.999999999999982
1.69,2.52,1.1,18.719999999999985
1.69,2.53,0.9,17.969999999999995
1.69,2.53,0.92,17.249999999999993
1.69,2.53,0.9400000000000001,16.689999999999994
1.69,2.53,0.9600000000000001,16.289999999999996
1.69,2.53,0.9800000000000001,16.049999999999994
1.69,2.53,1.0,15.969999999999995
1.69,2.53,1.02,16.049999999999997
1.69,2.53,1.04,16.289999999999996
1.69,2.53,1.06,16.689999999999998
1.69,2.53,1.08,17.249999999999996
1.69,2.53,1.1,17.97
1.69,2.54,0.9,17.31999999999998
1.69,2.54,0.92,16.599999999999977
1.69,2.54,0.9400000000000001,16.039999999999978
1.69,2.54,0.9600000000000001,15.639999999999977
1.69,2.54,0.9800000000000001,15.399999999999979
1.69,2.54,1.0,15.319999999999979
1.69,2.54,1.02,15.399999999999979
1.69,2.54,1.04,15.63999999999998
1.69,2.54,1.06,16.03999999999998
1.69,2.54,1.08,16.59999999999998
1.69,2.54,1.1,17.319999999999983
1.69,2.55,0.9,16.76999999999999
1.69,2.55,0.92,16.049999999999986
1.69,2.55,0.9400000000000001,15.489999999999988
1.69,2.55,0.9600000000000001,15.089999999999987
1.69,2.55,0.9800000000000001,14.849999999999989
1.69,2.55,1.0,14.769999999999989
1.69,2.55,1.02,14.849999999999989
1.69,2.55,1.04,15.08999999999999
1.69,2.55,1.06,15.48999999999999
1.69,2.55,1.08,16.04999999999999
1.69,2.55,1.1,16.769999999999992
1.69,2.56,0.9,16.319999999999975
1.69,2.56,0.92,15.599999999999977
1.69,2.56,0.9400000000000001,15.039999999999976
1.69,2.56,0.9600000000000001,14.639999999999976
1.69,2.56,0.9800000000000001,14.399999999999977
1.69,2.56,1.0,14.319999999999977
1.69,2.56,1.02,14.399999999999977
1.69,2.56,1.04,14.639999999999977
1.69,2.56,1.06,15.039999999999978
1.69,2.56,1.08,15.59999999999998
1.69,2.56,1.1,16.31999999999998
1.69,2.57,0.9,15.969999999999985
1.69,2.57,0.92,15.249999999999984
1.69,2.57,0.9400000000000001,14.689999999999984
1.69,2.57,0.9600000000000001,14.289999999999983
1.69,2.57,0.9800000000000001,14.049999999999985
1.69,2.57,1.0,13.969999999999985
1.69,2.57,1.02,14.049999999999985
1.69,2.57,1.04,14.289999999999985
1.69,2.57,1.06,14.689999999999985
1.69,2.57,1.08,15.249999999999988
1.69,2.57,1.1,15.969999999999988
1.69,2.58,0.9,15.719999999999978
1.69,2.58,0.92,14.999999999999977
1.69,2.58,0.9400000000000001,14.439999999999976
1.69,2.58,0.9600000000000001,14.039999999999976
1.69,2.58,0.9800000000000001,13.799999999999978
1.69,2.58,1.0,13.719999999999978
1.69,2.58,1.02,13.799999999999978
1.69,2.58,1.04,14.039999999999978
1.69,2.58,1.06,14.439999999999978
1.69,2.58,1.08,14.99999999999998
1.69,2.58,1.1,15.719999999999981
1.69,2.59,0.9,15.569999999999979
1.69,2.59,0.92,14.849999999999978
1.69,2.59,0.9400000000000001,14.289999999999978
1.69,2.59,0.9600000000000001,13.889999999999977
1.69,2.59,0.9800000000000001,13.649999999999979
1.69,2.59,1.0,13.569999999999979
1.69,2.59,1.02,13.649999999999979
1.69,2.59,1.04,13.88999999999998
1.69,2.59,1.06,14.28999999999998
1.69,2.59,1.08,14.849999999999982
1.69,2.59,1.1,15.569999999999983
1.69,2.5999999999999996,0.9,15.519999999999975
1.69,2.5999999999999996,0.92,14.799999999999976
1.69,2.5999999999999996,0.9400000000000001,14.239999999999975
1.69,2.5999999999999996,0.9600000000000001,13.839999999999975
1.69,2.5999999999999996,0.9800000000000001,13.599999999999977
1.69,2.5999999999999996,1.0,13.519999999999976
1.69,2.5999999999999996,1.02,13.599999999999977
1.69,2.5999999999999996,1.04,13.839999999999977
1.69,2.5999999999999996,1.06,14.239999999999977
1.69,2.5999999999999996,1.08,14.79999999999998
1.69,2.5999999999999996,1.1,15.51999999999998
1.69,2.61,0.9,15.569999999999972
1.69,2.61,0.92,14.849999999999973
1.69,2.61,0.9400000000000001,14.289999999999973
1.69,2.61,0.9600000000000001,13.889999999999972
1.69,2.61,0.9800000000000001,13.649999999999974
1.69,2.61,1.0,13.569999999999974
1.69,2.61,1.02,13.649999999999974
1.69,2.61,1.04,13.889999999999974
1.69,2.61,1.06,14.289999999999974
1.69,2.61,1.08,14.849999999999977
1.69,2.61,1.1,15.569999999999977
1.69,2.62,0.9,15.719999999999978
1.69,2.62,0.92,14.999999999999977
1.69,2.62,0.9400000000000001,14.439999999999976
1.69,2.62,0.9600000000000001,14.039999999999976
1.69,2.62,0.9800000000000001,13.799999999999978
1.69,2.62,1.0,13.719999999999978
1.69,2.62,1.02,13.799999999999978
1.69,2.62,1.04,14.039999999999978
1.69,2.62,1.06,14.439999999999978
1.69,2.62,1.08,14.99999999999998
1.69,2.62,1.1,15.719999999999981
1.69,2.63,0.9,15.96999999999997
1.69,2.63,0.92,15.24999999999997
1.69,2.63,0.9400000000000001,14.68999999999997
1.69,2.63,0.9600000000000001,14.289999999999969
1.69,2.63,0.9800000000000001,14.04999999999997
1.69,2.63,1.0,13.96999999999997
1.69,2.63,1.02,14.04999999999997
1.69,2.63,1.04,14.28999999999997
1.69,2.63,1.06,14.689999999999971
1.69,2.63,1.08,15.249999999999973
1.69,2.63,1.1,15.969999999999974
1.69,2.6399999999999997,0.9,16.319999999999958
1.69,2.6399999999999997,0.92,15.599999999999959
1.69,2.6399999999999997,0.9400000000000001,15.039999999999958
1.69,2.6399999999999997,0.9600000000000001,14.639999999999958
1.69,2.6399999999999997,0.9800000000000001,14.39999999999996
1.69,2.6399999999999997,1.0,14.31999999999996
1.69,2.6399999999999997,1.02,14.39999999999996
1.69,2.6399999999999997,1.04,14.63999999999996
1.69,2.6399999999999997,1.06,15.03999999999996
1.69,2.6399999999999997,1.08,15.599999999999962
1.69,2.6399999999999997,1.1,16.319999999999965
1.69,2.65,0.9,16.769999999999968
1.69,2.65,0.92,16.049999999999965
1.69,2.65,0.9400000000000001,15.489999999999966
1.69,2.65,0.9600000000000001,15.089999999999966
1.69,2.65,0.9800000000000001,14.849999999999968
1.69,2.65,1.0,14.769999999999968
1.69,2.65,1.02,14.849999999999968
1.69,2.65,1.04,15.089999999999968
1.69,2.65,1.06,15.489999999999968
1.69,2.65,1.08,16.04999999999997
1.69,2.65,1.1,16.76999999999997
1.69,2.6599999999999997,0.9,17.31999999999995
1.69,2.6599999999999997,0.92,16.59999999999995
1.69,2.6599999999999997,0.9400000000000001,16.03999999999995
1.69,2.6599999999999997,0.9600000000000001,15.63999999999995
1.69,2.6599999999999997,0.9800000000000001,15.399999999999952
1.69,2.6599999999999997,1.0,15.319999999999952
1.69,2.6599999999999997,1.02,15.399999999999952
1.69,2.6599999999999997,1.04,15.639999999999953
1.69,2.6599999999999997,1.06,16.039999999999953
1.69,2.6599999999999997,1.08,16.599999999999955
1.69,2.6599999999999997,1.1,17.319999999999958
1.69,2.67,0.9,17.969999999999963
1.69,2.67,0.92,17.249999999999964
1.69,2.67,0.9400000000000001,16.689999999999962
1.69,2.67,0.9600000000000001,16.289999999999964
1.69,2.67,0.9800000000000001,16.049999999999965
1.69,2.67,1.0,15.969999999999965
1.69,2.67,1.02,16.049999999999965
1.69,2.67,1.04,16.289999999999967
1.69,2.67,1.06,16.689999999999966
1.69,2.67,1.08,17.249999999999968
1.69,2.67,1.1,17.96999999999997
1.69,2.6799999999999997,0.9,18.719999999999946
1.69,2.6799999999999997,0.92,17.999999999999943
1.69,2.6799999999999997,0.9400000000000001,17.439999999999944
1.69,2.6799999999999997,0.9600000000000001,17.039999999999946
1.69,2.6799999999999997,0.9800000000000001,16.799999999999944
1.69,2.6799999999999997,1.0,16.719999999999946
1.69,2.6799999999999997,1.02,16.799999999999947
1.69,2.6799999999999997,1.04,17.039999999999946
1.69,2.6799999999999997,1.06,17.439999999999948
1.69,2.6799999999999997,1.08,17.999999999999947
1.69,2.6799999999999997,1.1,18.71999999999995
1.69,2.69,0.9,19.569999999999965
1.69,2.69,0.92,18.849999999999962
1.69,2.69,0.9400000000000001,18.289999999999964
1.69,2.69,0.9600000000000001,17.889999999999965
1.69,2.69,0.9800000000000001,17.649999999999963
1.69,2.69,1.0,17.569999999999965
1.69,2.69,1.02,17.649999999999967
1.69,2.69,1.04,17.889999999999965
1.69,2.69,1.06,18.289999999999967
1.69,2.69,1.08,18.849999999999966
1.69,2.69,1.1,19.56999999999997
1.69,2.6999999999999997,0.9,20.51999999999994
1.69,2.6999999999999997,0.92,19.799999999999937
1.69,2.6999999999999997,0.9400000000000001,19.239999999999938
1.69,2.6999999999999997,0.9600000000000001,18.83999999999994
1.69,2.6999999999999997,0.9800000000000001,18.599999999999937
1.69,2.6999999999999997,1.0,18.51999999999994
1.69,2.6999999999999997,1.02,18.59999999999994
1.69,2.6999999999999997,1.04,18.83999999999994
1.69,2.6999999999999997,1.06,19.23999999999994
1.69,2.6999999999999997,1.08,19.79999999999994
1.69,2.6999999999999997,1.1,20.519999999999943
1.69,2.71,0.9,21.56999999999996
1.69,2.71,0.92,20.84999999999996
1.69,2.71,0.9400000000000001,20.28999999999996
1.69,2.71,0.9600000000000001,19.88999999999996
1.69,2.71,0.9800000000000001,19.64999999999996
1.69,2.71,1.0,19.56999999999996
1.69,2.71,1.02,19.649999999999963
1.69,2.71,1.04,19.88999999999996
1.69,2.71,1.06,20.289999999999964
1.69,2.71,1.08,20.849999999999962
1.69,2.71,1.1,21.569999999999965
1.69,2.7199999999999998,0.9,22.719999999999935
1.69,2.7199999999999998,0.92,21.999999999999932
1.69,2.7199999999999998,0.9400000000000001,21.439999999999934
1.69,2.7199999999999998,0.9600000000000001,21.039999999999935
1.69,2.7199999999999998,0.9800000000000001,20.799999999999933
1.69,2.7199999999999998,1.0,20.719999999999935
1.69,2.7199999999999998,1.02,20.799999999999937
1.69,2.7199999999999998,1.04,21.039999999999935
1.69,2.7199999999999998,1.06,21.439999999999937
1.69,2.7199999999999998,1.08,21.999999999999936
1.69,2.7199999999999998,1.1,22.71999999999994
1.69,2.73,0.9,23.969999999999963
1.69,2.73,0.92,23.24999999999996
1.69,2.73,0.9400000000000001,22.689999999999962
1.69,2.73,0.9600000000000001,22.289999999999964
1.69,2.73,0.9800000000000001,22.04999999999996
1.69,2.73,1.0,21.969999999999963
1.69,2.73,1.02,22.049999999999965
1.69,2.73,1.04,22.289999999999964
1.69,2.73,1.06,22.689999999999966
1.69,2.73,1.08,23.249999999999964
1.69,2.73,1.1,23.969999999999967
1.69,2.7399999999999998,0.9,25.31999999999993
1.69,2.7399999999999998,0.92,24.599999999999927
1.69,2.7399999999999998,0.9400000000000001,24.039999999999928
1.69,2.7399999999999998,0.9600000000000001,23.63999999999993
1.69,2.7399999999999998,0.9800000000000001,23.399999999999928
1.69,2.7399999999999998,1.0,23.31999999999993
1.69,2.7399999999999998,1.02,23.39999999999993
1.69,2.7399999999999998,1.04,23.63999999999993
1.69,2.7399999999999998,1.06,24.03999999999993
1.69,2.7399999999999998,1.08,24.59999999999993
1.69,2.7399999999999998,1.1,25.319999999999933
1.69,2.75,0.9,26.769999999999964
1.69,2.75,0.92,26.04999999999996
1.69,2.75,0.9400000000000001,25.489999999999963
1.69,2.75,0.9600000000000001,25.089999999999964
1.69,2.75,0.9800000000000001,24.849999999999962
1.69,2.75,1.0,24.769999999999964
1.69,2.75,1.02,24.849999999999966
1.69,2.75,1.04,25.089999999999964
1.69,2.75,1.06,25.489999999999966
1.69,2.75,1.08,26.049999999999965
1.69,2.75,1.1,26.769999999999968
1.69,2.76,0.9,28.31999999999993
1.69,2.76,0.92,27.599999999999927
1.69,2.76,0.9400000000000001,27.039999999999928
1.69,2.76,0.9600000000000001,26.63999999999993
1.69,2.76,0.9800000000000001,26.399999999999928
1.69,2.76,1.0,26.31999999999993
1.69,2.76,1.02,26.39999999999993
1.69,2.76,1.04,26.63999999999993
1.69,2.76,1.06,27.03999999999993
1.69,2.76,1.08,27.59999999999993
1.69,2.76,1.1,28.319999999999933
1.69,2.77,0.9,29.969999999999963
1.69,2.77,0.92,29.24999999999996
1.69,2.77,0.9400000000000001,28.689999999999962
1.69,2.77,0.9600000000000001,28.289999999999964
1.69,2.77,0.9800000000000001,28.04999999999996
1.69,2.77,1.0,27.969999999999963
1.69,2.77,1.02,28.049999999999965
1.69,2.77,1.04,28.289999999999964
1.69,2.77,1.06,28.689999999999966
1.69,2.77,1.08,29.249999999999964
1.69,2.77,1.1,29.969999999999967
1.69,2.78,0.9,31.719999999999928
1.69,2.78,0.92,30.999999999999925
1.69,2.78,0.9400000000000001,30.439999999999927
1.69,2.78,0.9600000000000001,30.039999999999928
1.69,2.78,0.9800000000000001,29.799999999999926
1.69,2.78,1.0,29.719999999999928
1.69,2.78,1.02,29.79999999999993
1.69,2.78,1.04,30.039999999999928
1.69,2.78,1.06,30.43999999999993
1.69,2.78,1.08,30.99999999999993
1.69,2.78,1.1,31.71999999999993
1.69,2.79,0.9,33.569999999999965
1.69,2.79,0.92,32.849999999999966
1.69,2.79,0.9400000000000001,32.289999999999964
1.69,2.79,0.9600000000000001,31.889999999999965
1.69,2.79,0.9800000000000001,31.649999999999963
1.69,2.79,1.0,31.569999999999965
1.69,2.79,1.02,31.649999999999967
1.69,2.79,1.04,31.889999999999965
1.69,2.79,1.06,32.289999999999964
1.69,2.79,1.08,32.849999999999966
1.69,2.79,1.1,33.569999999999965
1.69,2.8,0.9,35.519999999999925
1.69,2.8,0.92,34.799999999999926
1.69,2.8,0.9400000000000001,34.239999999999924
1.69,2.8,0.9600000000000001,33.839999999999925
1.69,2.8,0.9800000000000001,33.59999999999992
1.69,2.8,1.0,33.519999999999925
1.69,2.8,1.02,33.59999999999992
1.69,2.8,1.04,33.839999999999925
1.69,2.8,1.06,34.239999999999924
1.69,2.8,1.08,34.799999999999926
1.69,2.8,1.1,35.519999999999925
1.7,2.4,0.9,37.680000000000014
1.7,2.4,0.92,36.960000000000015
1.7,2.4,0.9400000000000001,36.40000000000001
1.7,2.4,0.9600000000000001,36.000000000000014
1.7,2.4,0.9800000000000001,35.76000000000001
1.7,2.4,1.0,35.680000000000014
1.7,2.4,1.02,35.76000000000001
1.7,2.4,1.04,36.000000000000014
1.7,2.4,1.06,36.40000000000001
1.7,2.4,1.08,36.960000000000015
1.7,2.4,1.1,37.68000000000002
1.7,2.4099999999999997,0.9,35.73000000000005
1.7,2.4099999999999997,0.92,35.01000000000005
1.7,2.4099999999999997,0.9400000000000001,34.450000000000045
1.7,2.4099999999999997,0.9600000000000001,34.05000000000005
1.7,2.4099999999999997,0.9800000000000001,33.810000000000045
1.7,2.4099999999999997,1.0,33.73000000000005
1.7,2.4099999999999997,1.02,33.810000000000045
1.7,2.4099999999999997,1.04,34.05000000000005
1.7,2.4099999999999997,1.06,34.450000000000045
1.7,2.4099999999999997,1.08,35.01000000000005
1.7,2.4099999999999997,1.1,35.73000000000005
1.7,2.42,0.9,33.88000000000001
1.7,2.42,0.92,33.16000000000001
1.7,2.42,0.9400000000000001,32.60000000000001
1.7,2.42,0.9600000000000001,32.20000000000001
1.7,2.42,0.9800000000000001,31.960000000000008
1.7,2.42,1.0,31.88000000000001
1.7,2.42,1.02,31.96000000000001
1.7,2.42,1.04,32.20000000000001
1.7,2.42,1.06,32.60000000000001
1.7,2.42,1.08,33.16000000000001
1.7,2.42,1.1,33.88000000000001
1.7,2.4299999999999997,0.9,32.13000000000004
1.7,2.4299999999999997,0.92,31.410000000000036
1.7,2.4299999999999997,0.9400000000000001,30.850000000000037
1.7,2.4299999999999997,0.9600000000000001,30.45000000000004
1.7,2.4299999999999997,0.9800000000000001,30.210000000000036
1.7,2.4299999999999997,1.0,30.130000000000038
1.7,2.4299999999999997,1.02,30.21000000000004
1.7,2.4299999999999997,1.04,30.45000000000004
1.7,2.4299999999999997,1.06,30.85000000000004
1.7,2.4299999999999997,1.08,31.41000000000004
1.7,2.4299999999999997,1.1,32.13000000000004
1.7,2.44,0.9,30.48
1.7,2.44,0.92,29.759999999999998
1.7,2.44,0.9400000000000001,29.2
1.7,2.44,0.9600000000000001,28.8
1.7,2.44,0.9800000000000001,28.56
1.7,2.44,1.0,28.48
1.7,2.44,1.02,28.560000000000002
1.7,2.44,1.04,28.8
1.7,2.44,1.06,29.200000000000003
1.7,2.44,1.08,29.76
1.7,2.44,1.1,30.480000000000004
1.7,2.4499999999999997,0.9,28.930000000000028
1.7,2.4499999999999997,0.92,28.210000000000026
1.7,2.4499999999999997,0.9400000000000001,27.650000000000027
1.7,2.4499999999999997,0.9600000000000001,27.25000000000003
1.7,2.4499999999999997,0.9800000000000001,27.010000000000026
1.7,2.4499999999999997,1.0,26.930000000000028
1.7,2.4499999999999997,1.02,27.01000000000003
1.7,2.4499999999999997,1.04,27.25000000000003
1.7,2.4499999999999997,1.06,27.65000000000003
1.7,2.4499999999999997,1.08,28.21000000000003
1.7,2.4499999999999997,1.1,28.93000000000003
1.7,2.46,0.9,27.479999999999993
1.7,2.46,0.92,26.75999999999999
1.7,2.46,0.9400000000000001,26.199999999999992
1.7,2.46,0.9600000000000001,25.799999999999994
1.7,2.46,0.9800000000000001,25.55999999999999
1.7,2.46,1.0,25.479999999999993
1.7,2.46,1.02,25.559999999999995
1.7,2.46,1.04,25.799999999999994
1.7,2.46,1.06,26.199999999999996
1.7,2.46,1.08,26.759999999999994
1.7,2.46,1.1,27.479999999999997
1.7,2.4699999999999998,0.9,26.13000000000002
1.7,2.4699999999999998,0.92,25.410000000000018
1.7,2.4699999999999998,0.9400000000000001,24.85000000000002
1.7,2.4699999999999998,0.9600000000000001,24.45000000000002
1.7,2.4699999999999998,0.9800000000000001,24.21000000000002
1.7,2.4699999999999998,1.0,24.13000000000002
1.7,2.4699999999999998,1.02,24.210000000000022
1.7,2.4699999999999998,1.04,24.45000000000002
1.7,2.4699999999999998,1.06,24.850000000000023
1.7,2.4699999999999998,1.08,25.41000000000002
1.7,2.4699999999999998,1.1,26.130000000000024
1.7,2.48,0.9,24.87999999999999
1.7,2.48,0.92,24.159999999999986
1.7,2.48,0.9400000000000001,23.599999999999987
1.7,2.48,0.9600000000000001,23.19999999999999
1.7,2.48,0.9800000000000001,22.959999999999987
1.7,2.48,1.0,22.87999999999999
1.7,2.48,1.02,22.95999999999999
1.7,2.48,1.04,23.19999999999999
1.7,2.48,1.06,23.59999999999999
1.7,2.48,1.08,24.15999999999999
1.7,2.48,1.1,24.879999999999992
1.7,2.4899999999999998,0.9,23.73000000000001
1.7,2.4899999999999998,0.92,23.01000000000001
1.7,2.4899999999999998,0.9400000000000001,22.45000000000001
1.7,2.4899999999999998,0.9600000000000001,22.05000000000001
1.7,2.4899999999999998,0.9800000000000001,21.81000000000001
1.7,2.4899999999999998,1.0,21.73000000000001
1.7,2.4899999999999998,1.02,21.810000000000013
1.7,2.4899999999999998,1.04,22.05000000000001
1.7,2.4899999999999998,1.06,22.450000000000014
1.7,2.4899999999999998,1.08,23.010000000000012
1.7,2.4899999999999998,1.1,23.730000000000015
1.7,2.5,0.9,22.679999999999986
1.7,2.5,0.92,21.959999999999983
1.7,2.5,0.9400000000000001,21.399999999999984
1.7,2.5,0.9600000000000001,20.999999999999986
1.7,2.5,0.9800000000000001,20.759999999999984
1.7,2.5,1.0,20.679999999999986
1.7,2.5,1.02,20.759999999999987
1.7,2.5,1.04,20.999999999999986
1.7,2.5,1.06,21.399999999999988
1.7,2.5,1.08,21.959999999999987
1.7,2.5,1.1,22.67999999999999
1.7,2.51,0.9,21.730000000000004
1.7,2.51,0.92,21.01
1.7,2.51,0.9400000000000001,20.450000000000003
1.7,2.51,0.9600000000000001,20.050000000000004
1.7,2.51,0.9800000000000001,19.810000000000002
1.7,2.51,1.0,19.730000000000004
1.7,2.51,1.02,19.810000000000006
1.7,2.51,1.04,20.050000000000004
1.7,2.51,1.06,20.450000000000006
1.7,2.51,1.08,21.010000000000005
1.7,2.51,1.1,21.730000000000008
1.7,2.52,0.9,20.87999999999998
1.7,2.52,0.92,20.15999999999998
1.7,2.52,0.9400000000000001,19.59999999999998
1.7,2.52,0.9600000000000001,19.19999999999998
1.7,2.52,0.9800000000000001,18.95999999999998
1.7,2.52,1.0,18.87999999999998
1.7,2.52,1.02,18.959999999999983
1.7,2.52,1.04,19.19999999999998
1.7,2.52,1.06,19.599999999999984
1.7,2.52,1.08,20.159999999999982
1.7,2.52,1.1,20.879999999999985
1.7,2.53,0.9,20.129999999999995
1.7,2.53,0.92,19.409999999999993
1.7,2.53,0.9400000000000001,18.849999999999994
1.7,2.53,0.9600000000000001,18.449999999999996
1.7,2.53,0.9800000000000001,18.209999999999994
1.7,2.53,1.0,18.129999999999995
1.7,2.53,1.02,18.209999999999997
1.7,2.53,1.04,18.449999999999996
1.7,2.53,1.06,18.849999999999998
1.7,2.53,1.08,19.409999999999997
1.7,2.53,1.1,20.13
1.7,2.54,0.9,19.47999999999998
1.7,2.54,0.92,18.759999999999977
1.7,2.54,0.9400000000000001,18.199999999999978
1.7,2.54,0.9600000000000001,17.79999999999998
1.7,2.54,0.9800000000000001,17.559999999999977
1.7,2.54,1.0,17.47999999999998
1.7,2.54,1.02,17.55999999999998
1.7,2.54,1.04,17.79999999999998
1.7,2.54,1.06,18.19999999999998
1.7,2.54,1.08,18.75999999999998
1.7,2.54,1.1,19.479999999999983
1.7,2.55,0.9,18.92999999999999
1.7,2.55,0.92,18.209999999999987
1.7,2.55,0.9400000000000001,17.649999999999988
1.7,2.55,0.9600000000000001,17.24999999999999
1.7,2.55,0.9800000000000001,17.009999999999987
1.7,2.55,1.0,16.92999999999999
1.7,2.55,1.02,17.00999999999999
1.7,2.55,1.04,17.24999999999999
1.7,2.55,1.06,17.64999999999999
1.7,2.55,1.08,18.20999999999999
1.7,2.55,1.1,18.929999999999993
1.7,2.56,0.9,18.47999999999998
1.7,2.56,0.92,17.759999999999977
1.7,2.56,0.9400000000000001,17.199999999999978
1.7,2.56,0.9600000000000001,16.79999999999998
1.7,2.56,0.9800000000000001,16.559999999999977
1.7,2.56,1.0,16.47999999999998
1.7,2.56,1.02,16.55999999999998
1.7,2.56,1.04,16.79999999999998
1.7,2.56,1.06,17.19999999999998
1.7,2.56,1.08,17.75999999999998
1.7,2.56,1.1,18.479999999999983
1.7,2.57,0.9,18.129999999999985
1.7,2.57,0.92,17.409999999999982
1.7,2.57,0.9400000000000001,16.849999999999984
1.7,2.57,0.9600000000000001,16.449999999999985
1.7,2.57,0.9800000000000001,16.209999999999983
1.7,2.57,1.0,16.129999999999985
1.7,2.57,1.02,16.209999999999987
1.7,2.57,1.04,16.449999999999985
1.7,2.57,1.06,16.849999999999987
1.7,2.57,1.08,17.409999999999986
1.7,2.57,1.1,18.12999999999999
1.7,2.58,0.9,17.879999999999978
1.7,2.58,0.92,17.159999999999975
1.7,2.58,0.9400000000000001,16.599999999999977
1.7,2.58,0.9600000000000001,16.199999999999978
1.7,2.58,0.9800000000000001,15.959999999999978
1.7,2.58,1.0,15.879999999999978
1.7,2.58,1.02,15.959999999999978
1.7,2.58,1.04,16.199999999999978
1.7,2.58,1.06,16.59999999999998
1.7,2.58,1.08,17.15999999999998
1.7,2.58,1.1,17.87999999999998
1.7,2.59,0.9,17.72999999999998
1.7,2.59,0.92,17.009999999999977
1.7,2.59,0.9400000000000001,16.449999999999978
1.7,2.59,0.9600000000000001,16.04999999999998
1.7,2.59,0.9800000000000001,15.80999999999998
1.7,2.59,1.0,15.729999999999979
1.7,2.59,1.02,15.80999999999998
1.7,2.59,1.04,16.04999999999998
1.7,2.59,1.06,16.44999999999998
1.7,2.59,1.08,17.00999999999998
1.7,2.59,1.1,17.729999999999983
1.7,2.5999999999999996,0.9,17.679999999999975
1.7,2.5999999999999996,0.92,16.959999999999976
1.7,2.5999999999999996,0.9400000000000001,16.399999999999974
1.7,2.5999999999999996,0.9600000000000001,15.999999999999975
1.7,2.5999999999999996,0.9800000000000001,15.759999999999977
1.7,2.5999999999999996,1.0,15.679999999999977
1.7,2.5999999999999996,1.02,15.759999999999977
1.7,2.5999999999999996,1.04,15.999999999999977
1.7,2.5999999999999996,1.06,16.399999999999977
1.7,2.5999999999999996,1.08,16.95999999999998
1.7,2.5999999999999996,1.1,17.67999999999998
1.7,2.61,0.9,17.729999999999972
1.7,2.61,0.92,17.009999999999973
1.7,2.61,0.9400000000000001,16.44999999999997
1.7,2.61,0.9600000000000001,16.049999999999972
1.7,2.61,0.9800000000000001,15.809999999999974
1.7,2.61,1.0,15.729999999999974
1.7,2.61,1.02,15.809999999999974
1.7,2.61,1.04,16.049999999999976
1.7,2.61,1.06,16.449999999999974
1.7,2.61,1.08,17.009999999999977
1.7,2.61,1.1,17.729999999999976
1.7,2.62,0.9,17.879999999999978
1.7,2.62,0.92,17.159999999999975
1.7,2.62,0.9400000000000001,16.599999999999977
1.7,2.62,0.9600000000000001,16.199999999999978
1.7,2.62,0.9800000000000001,15.959999999999978
1.7,2.62,1.0,15.879999999999978
1.7,2.62,1.02,15.959999999999978
1.7,2.62,1.04,16.199999999999978
1.7,2.62,1.06,16.59999999999998
1.7,2.62,1.08,17.15999999999998
1.7,2.62,1.1,17.87999999999998
1.7,2.63,0.9,18.12999999999997
1.7,2.63,0.92,17.409999999999968
1.7,2.63,0.9400000000000001,16.84999999999997
1.7,2.63,0.9600000000000001,16.44999999999997
1.7,2.63,0.9800000000000001,16.20999999999997
1.7,2.63,1.0,16.12999999999997
1.7,2.63,1.02,16.209999999999972
1.7,2.63,1.04,16.44999999999997
1.7,2.63,1.06,16.849999999999973
1.7,2.63,1.08,17.40999999999997
1.7,2.63,1.1,18.129999999999974
1.7,2.6399999999999997,0.9,18.47999999999996
1.7,2.6399999999999997,0.92,17.75999999999996
1.7,2.6399999999999997,0.9400000000000001,17.19999999999996
1.7,2.6399999999999997,0.9600000000000001,16.79999999999996
1.7,2.6399999999999997,0.9800000000000001,16.55999999999996
1.7,2.6399999999999997,1.0,16.47999999999996
1.7,2.6399999999999997,1.02,16.559999999999963
1.7,2.6399999999999997,1.04,16.79999999999996
1.7,2.6399999999999997,1.06,17.199999999999964
1.7,2.6399999999999997,1.08,17.759999999999962
1.7,2.6399999999999997,1.1,18.479999999999965
1.7,2.65,0.9,18.929999999999968
1.7,2.65,0.92,18.209999999999965
1.7,2.65,0.9400000000000001,17.649999999999967
1.7,2.65,0.9600000000000001,17.249999999999968
1.7,2.65,0.9800000000000001,17.009999999999966
1.7,2.65,1.0,16.929999999999968
1.7,2.65,1.02,17.00999999999997
1.7,2.65,1.04,17.249999999999968
1.7,2.65,1.06,17.64999999999997
1.7,2.65,1.08,18.20999999999997
1.7,2.65,1.1,18.92999999999997
1.7,2.6599999999999997,0.9,19.479999999999954
1.7,2.6599999999999997,0.92,18.759999999999952
1.7,2.6599999999999997,0.9400000000000001,18.199999999999953
1.7,2.6599999999999997,0.9600000000000001,17.799999999999955
1.7,2.6599999999999997,0.9800000000000001,17.559999999999953
1.7,2.6599999999999997,1.0,17.479999999999954
1.7,2.6599999999999997,1.02,17.559999999999956
1.7,2.6599999999999997,1.04,17.799999999999955
1.7,2.6599999999999997,1.06,18.199999999999957
1.7,2.6599999999999997,1.08,18.759999999999955
1.7,2.6599999999999997,1.1,19.479999999999958
1.7,2.67,0.9,20.129999999999967
1.7,2.67,0.92,19.409999999999965
1.7,2.67,0.9400000000000001,18.849999999999966
1.7,2.67,0.9600000000000001,18.449999999999967
1.7,2.67,0.9800000000000001,18.209999999999965
1.7,2.67,1.0,18.129999999999967
1.7,2.67,1.02,18.20999999999997
1.7,2.67,1.04,18.449999999999967
1.7,2.67,1.06,18.84999999999997
1.7,2.67,1.08,19.409999999999968
1.7,2.67,1.1,20.12999999999997
1.7,2.6799999999999997,0.9,20.879999999999946
1.7,2.6799999999999997,0.92,20.159999999999943
1.7,2.6799999999999997,0.9400000000000001,19.599999999999945
1.7,2.6799999999999997,0.9600000000000001,19.199999999999946
1.7,2.6799999999999997,0.9800000000000001,18.959999999999944
1.7,2.6799999999999997,1.0,18.879999999999946
1.7,2.6799999999999997,1.02,18.959999999999948
1.7,2.6799999999999997,1.04,19.199999999999946
1.7,2.6799999999999997,1.06,19.599999999999948
1.7,2.6799999999999997,1.08,20.159999999999947
1.7,2.6799999999999997,1.1,20.87999999999995
1.7,2.69,0.9,21.729999999999965
1.7,2.69,0.92,21.009999999999962
1.7,2.69,0.9400000000000001,20.449999999999964
1.7,2.69,0.9600000000000001,20.049999999999965
1.7,2.69,0.9800000000000001,19.809999999999963
1.7,2.69,1.0,19.729999999999965
1.7,2.69,1.02,19.809999999999967
1.7,2.69,1.04,20.049999999999965
1.7,2.69,1.06,20.449999999999967
1.7,2.69,1.08,21.009999999999966
1.7,2.69,1.1,21.72999999999997
1.7,2.6999999999999997,0.9,22.679999999999943
1.7,2.6999999999999997,0.92,21.95999999999994
1.7,2.6999999999999997,0.9400000000000001,21.39999999999994
1.7,2.6999999999999997,0.9600000000000001,20.999999999999943
1.7,2.6999999999999997,0.9800000000000001,20.75999999999994
1.7,2.6999999999999997,1.0,20.679999999999943
1.7,2.6999999999999997,1.02,20.759999999999945
1.7,2.6999999999999997,1.04,20.999999999999943
1.7,2.6999999999999997,1.06,21.399999999999945
1.7,2.6999999999999997,1.08,21.959999999999944
1.7,2.6999999999999997,1.1,22.679999999999946
1.7,2.71,0.9,23.72999999999996
1.7,2.71,0.92,23.00999999999996
1.7,2.71,0.9400000000000001,22.44999999999996
1.7,2.71,0.9600000000000001,22.04999999999996
1.7,2.71,0.9800000000000001,21.80999999999996
1.7,2.71,1.0,21.72999999999996
1.7,2.71,1.02,21.809999999999963
1.7,2.71,1.04,22.04999999999996
1.7,2.71,1.06,22.449999999999964
1.7,2.71,1.08,23.009999999999962
1.7,2.71,1.1,23.729999999999965
1.7,2.7199999999999998,0.9,24.87999999999994
1.7,2.7199999999999998,0.92,24.159999999999936
1.7,2.7199999999999998,0.9400000000000001,23.599999999999937
1.7,2.7199999999999998,0.9600000000000001,23.19999999999994
1.7,2.7199999999999998,0.9800000000000001,22.959999999999937
1.7,2.7199999999999998,1.0,22.87999999999994
1.7,2.7199999999999998,1.02,22.95999999999994
1.7,2.7199999999999998,1.04,23.19999999999994
1.7,2.7199999999999998,1.06,23.59999999999994
1.7,2.7199999999999998,1.08,24.15999999999994
1.7,2.7199999999999998,1.1,24.879999999999942
1.7,2.73,0.9,26.12999999999996
1.7,2.73,0.92,25.409999999999958
1.7,2.73,0.9400000000000001,24.84999999999996
1.7,2.73,0.9600000000000001,24.44999999999996
1.7,2.73,0.9800000000000001,24.209999999999958
1.7,2.73,1.0,24.12999999999996
1.7,2.73,1.02,24.20999999999996
1.7,2.73,1.04,24.44999999999996
1.7,2.73,1.06,24.849999999999962
1.7,2.73,1.08,25.40999999999996
1.7,2.73,1.1,26.129999999999963
1.7,2.7399999999999998,0.9,27.479999999999933
1.7,2.7399999999999998,0.92,26.75999999999993
1.7,2.7399999999999998,0.9400000000000001,26.199999999999932
1.7,2.7399999999999998,0.9600000000000001,25.799999999999933
1.7,2.7399999999999998,0.9800000000000001,25.55999999999993
1.7,2.7399999999999998,1.0,25.479999999999933
1.7,2.7399999999999998,1.02,25.559999999999935
1.7,2.7399999999999998,1.04,25.799999999999933
1.7,2.7399999999999998,1.06,26.199999999999935
1.7,2.7399999999999998,1.08,26.759999999999934
1.7,2.7399999999999998,1.1,27.479999999999936
1.7,2.75,0.9,28.929999999999964
1.7,2.75,0.92,28.20999999999996
1.7,2.75,0.9400000000000001,27.649999999999963
1.7,2.75,0.9600000000000001,27.249999999999964
1.7,2.75,0.9800000000000001,27.009999999999962
1.7,2.75,1.0,26.929999999999964
1.7,2.75,1.02,27.009999999999966
1.7,2.75,1.04,27.249999999999964
1.7,2.75,1.06,27.649999999999967
1.7,2.75,1.08,28.209999999999965
1.7,2.75,1.1,28.929999999999968
1.7,2.76,0.9,30.47999999999993
1.7,2.76,0.92,29.759999999999927
1.7,2.76,0.9400000000000001,29.19999999999993
1.7,2.76,0.9600000000000001,28.79999999999993
1.7,2.76,0.9800000000000001,28.559999999999928
1.7,2.76,1.0,28.47999999999993
1.7,2.76,1.02,28.55999999999993
1.7,2.76,1.04,28.79999999999993
1.7,2.76,1.06,29.199999999999932
1.7,2.76,1.08,29.75999999999993
1.7,2.76,1.1,30.479999999999933
1.7,2.77,0.9,32.12999999999996
1.7,2.77,0.92,31.40999999999996
1.7,2.77,0.9400000000000001,30.849999999999962
1.7,2.77,0.9600000000000001,30.449999999999964
1.7,2.77,0.9800000000000001,30.20999999999996
1.7,2.77,1.0,30.129999999999963
1.7,2.77,1.02,30.209999999999965
1.7,2.77,1.04,30.449999999999964
1.7,2.77,1.06,30.849999999999966
1.7,2.77,1.08,31.409999999999965
1.7,2.77,1.1,32.12999999999997
1.7,2.78,0.9,33.879999999999924
1.7,2.78,0.92,33.159999999999926
1.7,2.78,0.9400000000000001,32.59999999999992
1.7,2.78,0.9600000000000001,32.199999999999925
1.7,2.78,0.9800000000000001,31.959999999999923
1.7,2.78,1.0,31.879999999999924
1.7,2.78,1.02,31.959999999999926
1.7,2.78,1.04,32.199999999999925
1.7,2.78,1.06,32.59999999999992
1.7,2.78,1.08,33.159999999999926
1.7,2.78,1.1,33.879999999999924
1.7,2.79,0.9,35.72999999999997
1.7,2.79,0.92,35.00999999999997
1.7,2.79,0.9400000000000001,34.44999999999997
1.7,2.79,0.9600000000000001,34.04999999999997
1.7,2.79,0.9800000000000001,33.80999999999997
1.7,2.79,1.0,33.72999999999997
1.7,2.79,1.02,33.80999999999997
1.7,2.79,1.04,34.04999999999997
1.7,2.79,1.06,34.44999999999997
1.7,2.79,1.08,35.00999999999997
1.7,2.79,1.1,35.729999999999976
1.7,2.8,0.9,37.67999999999992
1.7,2.8,0.92,36.95999999999992
1.7,2.8,0.9400000000000001,36.39999999999992
1.7,2.8,0.9600000000000001,35.99999999999992
1.7,2.8,0.9800000000000001,35.75999999999992
1.7,2.8,1.0,35.67999999999992
1.7,2.8,1.02,35.75999999999992
1.7,2.8,1.04,35.99999999999992
1.7,2.8,1.06,36.39999999999992
1.7,2.8,1.08,36.95999999999992
1.7,2.8,1.1,37.67999999999992
