N,x_resid_ln_fs8
-3.91200542740206,-0.0006247889406483381
-3.9111418500450177,-0.0006246832464264565
-3.9102782726879752,-0.0006245767485336742
-3.9094146953309328,-0.0006244694480473448
-3.9085511179738908,-0.0006243613460474862
-3.9076875406168483,-0.0006242524436105845
-3.906823963259806,-0.0006241427418113288
-3.9059603859027634,-0.0006240322417226385
-3.905096808545721,-0.0006239209444183144
-3.9042332311886785,-0.0006238088509686254
-3.903369653831636,-0.0006236959624438196
-3.902506076474594,-0.0006235822799105922
-3.9016424991175516,-0.0006234678044365477
-3.900778921760509,-0.000623352537086605
-3.8999153444034667,-0.0006232364789239067
-3.899051767046424,-0.0006231196310116163
-3.8981881896893817,-0.0006230019944111001
-3.8973246123323393,-0.0006228835701810598
-3.896461034975297,-0.0006227643593793297
-3.895597457618255,-0.0006226443630628353
-3.8947338802612124,-0.0006225235822876207
-3.89387030290417,-0.0006224020181070586
-3.8930067255471275,-0.0006222796715736542
-3.892143148190085,-0.0006221565437372276
-3.8912795708330425,-0.0006220326356502631
-3.890415993476,-0.0006219079483581608
-3.889552416118958,-0.0006217824829098523
-3.8886888387619156,-0.0006216562403498285
-3.887825261404873,-0.000621529221721713
-3.8869616840478307,-0.0006214014280699967
-3.8860981066907883,-0.0006212728604338413
-3.885234529333746,-0.0006211435198542059
-3.8843709519767033,-0.0006210134073693641
-3.883507374619661,-0.00062088252401582
-3.882643797262619,-0.0006207508708309592
-3.8817802199055764,-0.000620618448847747
-3.880916642548534,-0.0006204852591000162
-3.8800530651914915,-0.000620351302618935
-3.879189487834449,-0.0006202165804348042
-3.8783259104774066,-0.0006200810935752393
-3.877462333120364,-0.0006199448430705204
-3.8765987557633217,-0.0006198078299438428
-3.8757351784062797,-0.0006196700552219339
-3.8748716010492372,-0.0006195315199279683
-3.8740080236921948,-0.0006193922250815886
-3.8731444463351523,-0.0006192521717068578
-3.87228086897811,-0.0006191113608207399
-3.8714172916210674,-0.000618969793442857
-3.870553714264025,-0.0006188274705875227
-3.869690136906983,-0.0006186843932725825
-3.8688265595499405,-0.0006185405625105528
-3.867962982192898,-0.0006183959793130828
-3.8670994048358556,-0.0006182506446918007
-3.866235827478813,-0.0006181045596574467
-3.8653722501217707,-0.000617957725218117
-3.864508672764728,-0.0006178101423801111
-3.8636450954076857,-0.0006176618121497279
-3.8627815180506437,-0.0006175127355315113
-3.8619179406936013,-0.0006173629135299841
-3.861054363336559,-0.0006172123471434587
-3.8601907859795164,-0.00061706103737557
-3.859327208622474,-0.0006169089852228679
-3.8584636312654315,-0.0006167561916845463
-3.857600053908389,-0.0006166026577562461
-3.8567364765513465,-0.0006164483844354057
-3.8558728991943045,-0.0006162933727132253
-3.855009321837262,-0.0006161376235826813
-3.8541457444802196,-0.0006159811380349947
-3.853282167123177,-0.0006158239170595894
-3.8524185897661347,-0.0006156659616458893
-3.8515550124090923,-0.0006155072727815625
-3.85069143505205,-0.0006153478514498156
-3.849827857695008,-0.000615187698637415
-3.8489642803379653,-0.0006150268153257907
-3.848100702980923,-0.0006148652024990583
-3.8472371256238804,-0.0006147028611368718
-3.846373548266838,-0.0006145397922171086
-3.8455099709097955,-0.0006143759967203316
-3.844646393552753,-0.0006142114756199774
-3.8437828161957106,-0.0006140462298948116
-3.8429192388386686,-0.0006138802605174035
-3.842055661481626,-0.0006137135684594133
-3.8411920841245837,-0.0006135461546933896
-3.8403285067675412,-0.0006133780201910133
-3.8394649294104988,-0.0006132091659177275
-3.8386013520534563,-0.0006130395928434229
-3.837737774696414,-0.0006128693019344308
-3.8368741973393714,-0.0006126982941553269
-3.8360106199823294,-0.0006125265704697777
-3.835147042625287,-0.0006123541318387854
-3.8342834652682445,-0.0006121809792278138
-3.833419887911202,-0.0006120071135916477
-3.8325563105541596,-0.0006118325358912893
-3.831692733197117,-0.0006116572470842088
-3.8308291558400747,-0.0006114812481260792
-3.8299655784830327,-0.0006113045399716854
-3.82910200112599,-0.0006111271235749449
-3.8282384237689477,-0.0006109489998870898
-3.8273748464119053,-0.0006107701698593593
-3.826511269054863,-0.0006105906344420972
-3.8256476916978204,-0.0006104103945830039
-3.824784114340778,-0.0006102294512306469
-3.8239205369837355,-0.0006100478053282649
-3.8230569596266935,-0.0006098654578235579
-3.822193382269651,-0.000609682409656212
-3.8213298049126085,-0.0006094986617730183
-3.820466227555566,-0.000609314215111019
-3.8196026501985236,-0.000609129070610788
-3.818739072841481,-0.000608943229211123
-3.8178754954844387,-0.0006087566918499543
-3.8170119181273963,-0.0006085694594625268
-3.8161483407703543,-0.0006083815329814279
-3.815284763413312,-0.0006081929133427907
-3.8144211860562693,-0.0006080036014765519
-3.813557608699227,-0.00060781359831618
-3.8126940313421844,-0.0006076229047889264
-3.811830453985142,-0.0006074315218247278
-3.8109668766280995,-0.0006072394503490591
-3.8101032992710575,-0.0006070466912891717
-3.809239721914015,-0.0006068532455696732
-3.8083761445569726,-0.0006066591141142622
-3.80751256719993,-0.0006064642978439727
-3.8066489898428877,-0.0006062687976807479
-3.8057854124858452,-0.0006060726145438455
-3.8049218351288028,-0.0006058757493525302
-3.8040582577717603,-0.0006056782030233951
-3.8031946804147183,-0.0006054799764739424
-3.802331103057676,-0.0006052810706163245
-3.8014675257006334,-0.0006050814863671344
-3.800603948343591,-0.0006048812246358809
-3.7997403709865485,-0.0006046802863373807
-3.798876793629506,-0.0006044786723775689
-3.7980132162724636,-0.0006042763836695067
-3.797149638915421,-0.0006040734211173529
-3.796286061558379,-0.0006038697856288189
-3.7954224842013367,-0.0006036654781098605
-3.794558906844294,-0.0006034604994628601
-3.7936953294872517,-0.0006032548505910951
-3.7928317521302093,-0.0006030485323969478
-3.791968174773167,-0.000602841545780157
-3.7911045974161244,-0.0006026338916395521
-3.7902410200590824,-0.0006024255708730747
-3.78937744270204,-0.000602216584378687
-3.7885138653449975,-0.0006020069330507777
-3.787650287987955,-0.0006017966177846237
-3.7867867106309125,-0.0006015856394728583
-3.78592313327387,-0.0006013739990072056
-3.7850595559168276,-0.0006011616972789458
-3.784195978559785,-0.0006009487351780474
-3.783332401202743,-0.0006007351135922379
-3.7824688238457007,-0.0006005208334079193
-3.7816052464886583,-0.0006003058955141513
-3.780741669131616,-0.0006000903007924649
-3.7798780917745733,-0.000599874050128367
-3.779014514417531,-0.0005996571444051441
-3.7781509370604884,-0.0005994395845012185
-3.777287359703446,-0.0005992213713003208
-3.776423782346404,-0.0005990025056795203
-3.7755602049893615,-0.0005987829885172394
-3.774696627632319,-0.000598562820689659
-3.7738330502752766,-0.0005983420030725162
-3.772969472918234,-0.0005981205365397924
-3.7721058955611917,-0.0005978984219658923
-3.7712423182041492,-0.0005976756602212308
-3.7703787408471072,-0.0005974522521788803
-3.7695151634900648,-0.0005972281987057168
-3.7686515861330223,-0.0005970035006717042
-3.76778800877598,-0.00059677815894503
-3.7669244314189374,-0.0005965521743907937
-3.766060854061895,-0.0005963255478749624
-3.7651972767048525,-0.0005960982802603945
-3.76433369934781,-0.0005958703724104134
-3.763470121990768,-0.000595641825186545
-3.7626065446337256,-0.0005954126394503156
-3.761742967276683,-0.0005951828160597195
-3.7608793899196407,-0.000594952355873174
-3.760015812562598,-0.0005947212597482154
-3.7591522352055557,-0.0005944895285397087
-3.7582886578485133,-0.0005942571631043156
-3.757425080491471,-0.0005940241642942365
-3.756561503134429,-0.0005937905329625598
-3.7556979257773864,-0.0005935562699597302
-3.754834348420344,-0.0005933213761375039
-3.7539707710633015,-0.0005930858523436403
-3.753107193706259,-0.0005928496994268076
-3.7522436163492165,-0.000592612918233433
-3.751380038992174,-0.0005923755096099437
-3.750516461635132,-0.0005921374744014551
-3.7496528842780896,-0.0005918988134490655
-3.748789306921047,-0.0005916595275974323
-3.7479257295640047,-0.0005914196176858774
-3.7470621522069623,-0.0005911790845568518
-3.74619857484992,-0.0005909379290470126
-3.7453349974928773,-0.0005906961519961257
-3.744471420135835,-0.0005904537542395366
-3.743607842778793,-0.0005902107366139026
-3.7427442654217504,-0.000589967099952772
-3.741880688064708,-0.0005897228450901584
-3.7410171107076655,-0.0005894779728591662
-3.740153533350623,-0.0005892324840897911
-3.7392899559935806,-0.0005889863796124939
-3.738426378636538,-0.000588739660255938
-3.7375628012794957,-0.0005884923268496822
-3.7366992239224537,-0.0005882443802183931
-3.7358356465654112,-0.0005879958211885347
-3.7349720692083688,-0.0005877466505852177
-3.7341084918513263,-0.0005874968692317767
-3.733244914494284,-0.0005872464779502345
-3.7323813371372414,-0.0005869954775625935
-3.731517759780199,-0.0005867438688881912
-3.730654182423157,-0.0005864916527463862
-3.7297906050661145,-0.0005862388299556279
-3.728927027709072,-0.0005859854013325894
-3.7280634503520296,-0.0005857313676935205
-3.727199872994987,-0.0005854767298524299
-3.7263362956379447,-0.0005852214886242213
-3.725472718280902,-0.0005849656448202387
-3.7246091409238598,-0.0005847091992527351
-3.7237455635668177,-0.0005844521527321664
-3.7228819862097753,-0.0005841945060685444
-3.722018408852733,-0.0005839362600687931
-3.7211548314956904,-0.0005836774155407037
-3.720291254138648,-0.0005834179732911796
-3.7194276767816055,-0.0005831579341240359
-3.718564099424563,-0.0005828972988439554
-3.7177005220675206,-0.0005826360682547327
-3.7168369447104785,-0.0005823742431570744
-3.715973367353436,-0.0005821118243516665
-3.7151097899963936,-0.0005818488126396459
-3.714246212639351,-0.0005815852088185899
-3.7133826352823087,-0.0005813210136860966
-3.7125190579252663,-0.0005810562280388551
-3.711655480568224,-0.0005807908526731104
-3.710791903211182,-0.0005805248883824637
-3.7099283258541393,-0.0005802583359609398
-3.709064748497097,-0.0005799911962007867
-3.7082011711400544,-0.0005797234698929413
-3.707337593783012,-0.0005794551578274312
-3.7064740164259695,-0.0005791862607947285
-3.705610439068927,-0.0005789167795817729
-3.7047468617118846,-0.0005786467149759278
-3.7038832843548426,-0.0005783760677627869
-3.7030197069978,-0.0005781048387292695
-3.7021561296407577,-0.0005778330286569863
-3.7012925522837152,-0.0005775606383301921
-3.7004289749266728,-0.0005772876685309208
-3.6995653975696303,-0.0005770141200394513
-3.698701820212588,-0.000576739993635153
-3.6978382428555454,-0.0005764652900982839
-3.6969746654985034,-0.0005761900102051257
-3.696111088141461,-0.0005759141547332716
-3.6952475107844185,-0.0005756377244580946
-3.694383933427376,-0.0005753607201541
-3.6935203560703336,-0.0005750831425957725
-3.692656778713291,-0.0005748049925549392
-3.6917932013562487,-0.000574526270802532
-3.6909296239992067,-0.0005742469781103918
-3.690066046642164,-0.00057396711524723
-3.6892024692851217,-0.0005736866829822024
-3.6883388919280793,-0.0005734056820822647
-3.687475314571037,-0.0005731241133139081
-3.6866117372139944,-0.0005728419774431795
-3.685748159856952,-0.0005725592752334821
-3.6848845824999095,-0.0005722760074495306
-3.6840210051428675,-0.000571992174852487
-3.683157427785825,-0.0005717077782044222
-3.6822938504287825,-0.0005714228182651659
-3.68143027307174,-0.0005711372957949989
-3.6805666957146976,-0.0005708512115519745
-3.679703118357655,-0.0005705645662928346
-3.6788395410006127,-0.0005702773607747444
-3.6779759636435707,-0.0005699895957522044
-3.6771123862865283,-0.0005697012719801803
-3.676248808929486,-0.0005694123902122844
-3.6753852315724433,-0.0005691229512003529
-3.674521654215401,-0.0005688329556957986
-3.6736580768583584,-0.0005685424044491252
-3.672794499501316,-0.0005682512982095045
-3.6719309221442735,-0.0005679596377252405
-3.6710673447872315,-0.0005676674237441726
-3.670203767430189,-0.0005673746570128146
-3.6693401900731466,-0.0005670813382750092
-3.668476612716104,-0.0005667874682772842
-3.6676130353590617,-0.0005664930477617056
-3.6667494580020192,-0.0005661980774712277
-3.665885880644977,-0.0005659025581470495
-3.6650223032879343,-0.0005656064905299046
-3.6641587259308923,-0.0005653098753587507
-3.66329514857385,-0.0005650127133730101
-3.6624315712168074,-0.0005647150053094199
-3.661567993859765,-0.0005644167519047172
-3.6607044165027225,-0.0005641179538943275
-3.65984083914568,-0.0005638186120132116
-3.6589772617886376,-0.0005635187269950048
-3.6581136844315956,-0.0005632182995715593
-3.657250107074553,-0.0005629173304760801
-3.6563865297175107,-0.0005626158204373108
-3.655522952360468,-0.0005623137701871034
-3.6546593750034257,-0.0005620111804524458
-3.6537957976463833,-0.0005617080519620815
-3.652932220289341,-0.0005614043854429776
-3.6520686429322984,-0.0005611001816203456
-3.6512050655752564,-0.0005607954412193764
-3.650341488218214,-0.0005604901649639282
-3.6494779108611715,-0.0005601843535778805
-3.648614333504129,-0.0005598780077815391
-3.6477507561470865,-0.000559571128297881
-3.646887178790044,-0.0005592637158458799
-3.6460236014330016,-0.00055895577114453
-3.645160024075959,-0.000558647294913249
-3.644296446718917,-0.0005583382878683457
-3.6434328693618747,-0.00055802875072615
-3.6425692920048323,-0.0005577186842025267
-3.64170571464779,-0.0005574080890115643
-3.6408421372907473,-0.0005570969658669281
-3.639978559933705,-0.0005567853154809302
-3.6391149825766624,-0.0005564731385654387
-3.6382514052196204,-0.0005561604358305661
-3.637387827862578,-0.0005558472079864041
-3.6365242505055355,-0.0005555334557421632
-3.635660673148493,-0.0005552191798048264
-3.6347970957914506,-0.0005549043808818419
-3.633933518434408,-0.0005545890596784162
-3.6330699410773657,-0.0005542732169010883
-3.6322063637203232,-0.0005539568532519773
-3.6313427863632812,-0.0005536399694358457
-3.6304792090062388,-0.0005533225661543476
-3.6296156316491963,-0.0005530046441082695
-3.628752054292154,-0.0005526862039992655
-3.6278884769351114,-0.0005523672465258811
-3.627024899578069,-0.0005520477723862383
-3.6261613222210265,-0.0005517277822788824
-3.625297744863984,-0.0005514072769001455
-3.624434167506942,-0.0005510862569454641
-3.6235705901498996,-0.000550764723109852
-3.622707012792857,-0.0005504426760874134
-3.6218434354358147,-0.0005501201165709207
-3.620979858078772,-0.0005497970452522788
-3.6201162807217298,-0.0005494734628229275
-3.6192527033646873,-0.0005491493699729746
-3.6183891260076453,-0.0005488247673921046
-3.617525548650603,-0.0005484996557682045
-3.6166619712935604,-0.0005481740357896059
-3.615798393936518,-0.0005478479081415522
-3.6149348165794755,-0.0005475212735110424
-3.614071239222433,-0.000547194132581974
-3.6132076618653906,-0.0005468664860391256
-3.612344084508348,-0.0005465383345646321
-3.611480507151306,-0.0005462096788410517
-3.6106169297942636,-0.0005458805195487221
-3.609753352437221,-0.0005455508573693341
-3.6088897750801787,-0.000545220692981005
-3.6080261977231363,-0.0005448900270627402
-3.607162620366094,-0.0005445588602922338
-3.6062990430090514,-0.0005442271933458268
-3.605435465652009,-0.0005438950268998599
-3.604571888294967,-0.0005435623616289187
-3.6037083109379244,-0.0005432291982066795
-3.602844733580882,-0.0005428955373059374
-3.6019811562238395,-0.0005425613796003689
-3.601117578866797,-0.0005422267257605626
-3.6002540015097546,-0.0005418915764557539
-3.599390424152712,-0.0005415559323573987
-3.59852684679567,-0.0005412197941329772
-3.5976632694386277,-0.0005408831624512805
-3.5967996920815852,-0.0005405460379779917
-3.5959361147245428,-0.0005402084213797023
-3.5950725373675003,-0.0005398703133220953
-3.594208960010458,-0.0005395317144686329
-3.5933453826534154,-0.0005391926254832424
-3.592481805296373,-0.000538853047028498
-3.591618227939331,-0.0005385129797652044
-3.5907546505822885,-0.0005381724243546035
-3.589891073225246,-0.0005378313814575139
-3.5890274958682036,-0.0005374898517316248
-3.588163918511161,-0.0005371478358355136
-3.5873003411541187,-0.0005368053344268903
-3.586436763797076,-0.0005364623481616676
-3.5855731864400338,-0.0005361188776957584
-3.5847096090829917,-0.0005357749236837642
-3.5838460317259493,-0.0005354304867793772
-3.582982454368907,-0.0005350855676354085
-3.5821188770118644,-0.0005347401669051066
-3.581255299654822,-0.0005343942852377437
-3.5803917222977795,-0.0005340479232847917
-3.579528144940737,-0.0005337010816959462
-3.578664567583695,-0.0005333537611195913
-3.5778009902266525,-0.0005330059622036462
-3.57693741286961,-0.0005326576855955861
-3.5760738355125676,-0.0005323089319402424
-3.575210258155525,-0.000531959701883758
-3.5743466807984827,-0.0005316099960700552
-3.5734831034414403,-0.0005312598151435213
-3.572619526084398,-0.0005309091597458584
-3.571755948727356,-0.0005305580305196636
-3.5708923713703133,-0.0005302064281057506
-3.570028794013271,-0.0005298543531440658
-3.5691652166562284,-0.0005295018062736467
-3.568301639299186,-0.0005291487881339749
-3.5674380619421435,-0.000528795299361888
-3.566574484585101,-0.0005284413405946473
-3.5657109072280586,-0.0005280869124677373
-3.5648473298710166,-0.0005277320156162196
-3.563983752513974,-0.0005273766506751348
-3.5631201751569317,-0.000527020818276859
-3.5622565977998892,-0.0005266645190551214
-3.561393020442847,-0.0005263077536409658
-3.5605294430858043,-0.000525950522665436
-3.559665865728762,-0.0005255928267587084
-3.55880228837172,-0.0005252346665500507
-3.5579387110146774,-0.000524876042668293
-3.557075133657635,-0.0005245169557404825
-3.5562115563005925,-0.0005241574063936869
-3.55534797894355,-0.0005237973952545091
-3.5544844015865076,-0.0005234369229464436
-3.553620824229465,-0.0005230759900952259
-3.5527572468724227,-0.0005227145973239061
-3.5518936695153807,-0.0005223527452550975
-3.551030092158338,-0.0005219904345109619
-3.5501665148012957,-0.00052162766571235
-3.5493029374442533,-0.0005212644394796476
-3.548439360087211,-0.000520900756432352
-3.5475757827301684,-0.0005205366171882053
-3.546712205373126,-0.0005201720223662609
-3.5458486280160835,-0.0005198069725824636
-3.5449850506590415,-0.0005194414684536672
-3.544121473301999,-0.0005190755105949282
-3.5432578959449565,-0.0005187090996204152
-3.542394318587914,-0.0005183422361443174
-3.5415307412308716,-0.0005179749207794709
-3.540667163873829,-0.0005176071541378238
-3.5398035865167867,-0.0005172389368313449
-3.5389400091597447,-0.0005168702694702057
-3.5380764318027023,-0.0005165011526632526
-3.53721285444566,-0.0005161315870206573
-3.5363492770886173,-0.0005157615731495035
-3.535485699731575,-0.0005153911116577425
-3.5346221223745324,-0.0005150202031515491
-3.53375854501749,-0.0005146488482366748
-3.5328949676604475,-0.0005142770475184064
-3.5320313903034055,-0.0005139048016011422
-3.531167812946363,-0.000513532111086637
-3.5303042355893206,-0.0005131589765792893
-3.529440658232278,-0.0005127853986795008
-3.5285770808752357,-0.0005124113779885822
-3.5277135035181932,-0.0005120369151069351
-3.526849926161151,-0.0005116620106336289
-3.5259863488041083,-0.0005112866651677539
-3.5251227714470663,-0.000510910879306159
-3.524259194090024,-0.0005105346536470323
-3.5233956167329814,-0.0005101579887858906
-3.522532039375939,-0.0005097808853187155
-3.5216684620188965,-0.0005094033438396914
-3.520804884661854,-0.0005090253649421145
-3.5199413073048116,-0.0005086469492206341
-3.5190777299477696,-0.0005082680972658821
-3.518214152590727,-0.0005078888096702733
-3.5173505752336847,-0.0005075090870253277
-3.516486997876642,-0.0005071289299194773
-3.5156234205195998,-0.0005067483389429098
-3.5147598431625573,-0.0005063673146840364
-3.513896265805515,-0.000505985857729957
-3.5130326884484724,-0.0005056039686681946
-3.5121691110914304,-0.00050522164808494
-3.511305533734388,-0.0005048388965650727
-3.5104419563773455,-0.000504455714693007
-3.509578379020303,-0.0005040721030536016
-3.5087148016632606,-0.0005036880622290713
-3.507851224306218,-0.00050330359280161
-3.5069876469491756,-0.0005029186953534118
-3.506124069592133,-0.0005025333704649151
-3.505260492235091,-0.0005021476187160936
-3.5043969148780487,-0.0005017614406864837
-3.5035333375210063,-0.0005013748369538384
-3.502669760163964,-0.0005009878080972641
-3.5018061828069214,-0.0005006003546918492
-3.500942605449879,-0.0005002124773153468
-3.5000790280928364,-0.0004998241765424224
-3.4992154507357944,-0.0004994354529486086
-3.498351873378752,-0.0004990463071067736
-3.4974882960217095,-0.0004986567395906943
-3.496624718664667,-0.0004982667509736832
-3.4957611413076246,-0.0004978763418255067
-3.494897563950582,-0.0004974855127185887
-3.4940339865935397,-0.0004970942642235979
-3.4931704092364972,-0.0004967025969080663
-3.4923068318794552,-0.0004963105113417743
-3.4914432545224128,-0.0004959180080931491
-3.4905796771653703,-0.0004955250877292927
-3.489716099808328,-0.000495131750816856
-3.4888525224512854,-0.000494737997919846
-3.487988945094243,-0.0004943438296053579
-3.4871253677372005,-0.0004939492464364897
-3.486261790380158,-0.0004935542489772488
-3.485398213023116,-0.000493158837790289
-3.4845346356660736,-0.0004927630134382716
-3.483671058309031,-0.0004923667764811859
-3.4828074809519887,-0.000491970127481263
-3.481943903594946,-0.0004915730669967158
-3.4810803262379038,-0.0004911755955875341
-3.4802167488808613,-0.0004907777138123959
-3.4793531715238193,-0.0004903794222281821
-3.478489594166777,-0.0004899807213926619
-3.4776260168097344,-0.0004895816118614046
-3.476762439452692,-0.0004891820941908473
-3.4758988620956495,-0.0004887821689338739
-3.475035284738607,-0.0004883818366460541
-3.4741717073815646,-0.0004879810978802718
-3.473308130024522,-0.00048757995318896713
-3.47244455266748,-0.0004871784031241569
-3.4715809753104376,-0.0004867764482369488
-3.470717397953395,-0.00048637408907801355
-3.4698538205963527,-0.0004859713261966825
-3.4689902432393103,-0.00048556816014186377
-3.468126665882268,-0.00048516459146244473
-3.4672630885252254,-0.0004847606207055363
-3.4663995111681833,-0.00048435624841782626
-3.465535933811141,-0.0004839514751459814
-3.4646723564540984,-0.0004835463014344482
-3.463808779097056,-0.0004831407278285821
-3.4629452017400135,-0.0004827347548723854
-3.462081624382971,-0.0004823283831085351
-3.4612180470259286,-0.0004819216130810336
-3.460354469668886,-0.0004815144453303513
-3.459490892311844,-0.00048110688039871424
-3.4586273149548017,-0.00048069891882479565
-3.4577637375977592,-0.00048029056115039825
-3.456900160240717,-0.00047988180791330715
-3.4560365828836743,-0.0004794726596521956
-3.455173005526632,-0.0004790631169048695
-3.4543094281695894,-0.00047865318020778175
-3.453445850812547,-0.0004782428500978292
-3.452582273455505,-0.0004778321271101532
-3.4517186960984625,-0.0004774210117798744
-3.45085511874142,-0.00047700950464078795
-3.4499915413843776,-0.0004765976062262381
-3.449127964027335,-0.00047618531706870165
-3.4482643866702927,-0.00047577263770196693
-3.44740080931325,-0.0004753595686558254
-3.446537231956208,-0.0004749461104605335
-3.4456736545991657,-0.0004745322636481031
-3.4448100772421233,-0.00047411802874566117
-3.443946499885081,-0.00047370340628302005
-3.4430829225280384,-0.00047328839678775075
-3.442219345170996,-0.00047287300078698025
-3.4413557678139535,-0.0004724572188074122
-3.440492190456911,-0.0004720410513752854
-3.439628613099869,-0.000471624499014181
-3.4387650357428265,-0.000471207562251226
-3.437901458385784,-0.00047079024160823907
-3.4370378810287416,-0.00047037253760835035
-3.436174303671699,-0.0004699544507751341
-3.4353107263146567,-0.0004695359816290767
-3.4344471489576143,-0.0004691171306928643
-3.433583571600572,-0.0004686978984851861
-3.43271999424353,-0.00046827828552741674
-3.4318564168864873,-0.0004678582923369132
-3.430992839529445,-0.00046743791943414104
-3.4301292621724024,-0.0004670171673342577
-3.42926568481536,-0.00046659603655684057
-3.4284021074583175,-0.000466174527616145
-3.427538530101275,-0.0004657526410290838
-3.426674952744233,-0.00046533037731037036
-3.4258113753871906,-0.00046490773697469706
-3.424947798030148,-0.0004644847205354241
-3.4240842206731057,-0.0004640613285054884
-3.4232206433160632,-0.000463637561397362
-3.422357065959021,-0.0004632134197226287
-3.4214934886019783,-0.00046278890399244904
-3.420629911244936,-0.0004623640147175187
-3.419766333887894,-0.00046193875240675697
-3.4189027565308514,-0.00046151311756999214
-3.418039179173809,-0.00046108711071481123
-3.4171756018167665,-0.0004606607323496964
-3.416312024459724,-0.0004602339829813465
-3.4154484471026816,-0.00045980686311648117
-3.414584869745639,-0.00045937937326002293
-3.4137212923885967,-0.00045895151391822653
-3.4128577150315547,-0.000458523285594703
-3.411994137674512,-0.0004580946887939308
-3.4111305603174698,-0.0004576657240177237
-3.4102669829604273,-0.000457236391770581
-3.409403405603385,-0.0004568066925529843
-3.4085398282463424,-0.0004563766268658592
-3.4076762508893,-0.00045594619521059643
-3.406812673532258,-0.0004555153980867893
-3.4059490961752155,-0.00045508423599359416
-3.405085518818173,-0.0004546527094297162
-3.4042219414611306,-0.00045422081889254923
-3.403358364104088,-0.0004537885648803544
-3.4024947867470456,-0.00045335594788917244
-3.401631209390003,-0.00045292296841506485
-3.4007676320329607,-0.00045248962695362827
-3.3999040546759187,-0.0004520559239995711
-3.3990404773188763,-0.0004516218600471786
-3.398176899961834,-0.00045118743558938273
-3.3973133226047914,-0.00045075265111911567
-3.396449745247749,-0.0004503175071293303
-3.3955861678907064,-0.0004498820041102941
-3.394722590533664,-0.0004494461425536139
-3.3938590131766215,-0.00044900992294955727
-3.3929954358195795,-0.0004485733457884125
-3.392131858462537,-0.00044813641155778267
-3.3912682811054946,-0.0004476991207470471
-3.390404703748452,-0.00044726147384382964
-3.3895411263914097,-0.0004468234713352892
-3.3886775490343672,-0.00044638511370769657
-3.387813971677325,-0.0004459464014468992
-3.3869503943202828,-0.0004455073350382796
-3.3860868169632403,-0.00044506791496633225
-3.385223239606198,-0.0004446281417151282
-3.3843596622491554,-0.0004441880157682737
-3.383496084892113,-0.00044374753760804964
-3.3826325075350705,-0.0004433067077167299
-3.381768930178028,-0.00044286552657616524
-3.3809053528209856,-0.00044242399466774135
-3.3800417754639436,-0.0004419821124697354
-3.379178198106901,-0.00044153988046355397
-3.3783146207498587,-0.0004410972991274742
-3.377451043392816,-0.0004406543689402173
-3.3765874660357738,-0.0004402110903791931
-3.3757238886787313,-0.0004397674639222346
-3.374860311321689,-0.0004393234900449544
-3.3739967339646464,-0.00043887916922431824
-3.3731331566076044,-0.0004384345019346064
-3.372269579250562,-0.0004379894886514385
-3.3714060018935195,-0.0004375441298486507
-3.370542424536477,-0.00043709842599965604
-3.3696788471794346,-0.00043665237757740255
-3.368815269822392,-0.00043620598505395014
-3.3679516924653496,-0.0004357592489013795
-3.3670881151083076,-0.0004353121695904183
-3.366224537751265,-0.0004348647475917941
-3.3653609603942227,-0.0004344169833749231
-3.3644973830371803,-0.0004339688774096448
-3.363633805680138,-0.0004335204301649104
-3.3627702283230954,-0.0004330716421070274
-3.361906650966053,-0.0004326225137053913
-3.3610430736090104,-0.00043217304542585155
-3.3601794962519684,-0.00043172323773513904
-3.359315918894926,-0.00043127309109822903
-3.3584523415378835,-0.0004308226059805201
-3.357588764180841,-0.00043037178284741073
-3.3567251868237986,-0.00042992062216165583
-3.355861609466756,-0.0004294691243864335
-3.3549980321097137,-0.0004290172899849218
-3.3541344547526712,-0.0004285651194194315
-3.3532708773956292,-0.00042811261315047616
-3.352407300038587,-0.00042765977163990165
-3.3515437226815443,-0.00042720659534735417
-3.350680145324502,-0.0004267530847333473
-3.3498165679674594,-0.00042629924025662513
-3.348952990610417,-0.0004258450623750368
-3.3480894132533745,-0.00042539055154734023
-3.3472258358963325,-0.00042493570823049637
-3.34636225853929,-0.00042448053288146603
-3.3454986811822476,-0.0004240250259563427
-3.344635103825205,-0.0004235691879120873
-3.3437715264681627,-0.00042311301920121974
-3.34290794911112,-0.00042265652027938944
-3.3420443717540778,-0.0004221996916008927
-3.3411807943970353,-0.0004217425336195818
-3.3403172170399933,-0.00042128504678622114
-3.339453639682951,-0.00042082723155421886
-3.3385900623259084,-0.0004203690883743255
-3.337726484968866,-0.00041991061769906107
-3.3368629076118235,-0.0004194518199774136
-3.335999330254781,-0.0004189926956592385
-3.3351357528977386,-0.0004185332451939472
-3.334272175540696,-0.00041807346903097176
-3.333408598183654,-0.0004176133676179472
-3.3325450208266116,-0.00041715294140206444
-3.331681443469569,-0.00041669219083053516
-3.3308178661125267,-0.0004162311163496621
-3.3299542887554843,-0.00041576971840574795
-3.329090711398442,-0.0004153079974433399
-3.3282271340413994,-0.0004148459539074084
-3.3273635566843573,-0.0004143835882420427
-3.326499979327315,-0.0004139209008908809
-3.3256364019702724,-0.0004134578922962498
-3.32477282461323,-0.00041299456290223163
-3.3239092472561875,-0.00041253091314935597
-3.323045669899145,-0.0004120669434786173
-3.3221820925421026,-0.00041160265433187737
-3.32131851518506,-0.00041113804614833355
-3.320454937828018,-0.0004106731193685362
-3.3195913604709757,-0.00041020787443079437
-3.3187277831139332,-0.00040974231177341724
-3.317864205756891,-0.0004092764318351788
-3.3170006283998483,-0.0004088102350530559
-3.316137051042806,-0.00040834372186358825
-3.3152734736857634,-0.00040787689270330857
-3.314409896328721,-0.00040740974800788227
-3.313546318971679,-0.00040694228821250983
-3.3126827416146365,-0.00040647451375150356
-3.311819164257594,-0.0004060064250600848
-3.3109555869005516,-0.00040553802256990124
-3.310092009543509,-0.00040506930671570934
-3.3092284321864667,-0.0004046002779287336
-3.308364854829424,-0.00040413093664106586
-3.307501277472382,-0.0004036612832839098
-3.3066377001153398,-0.00040319131828937815
-3.3057741227582973,-0.0004027210420855659
-3.304910545401255,-0.00040225045510323965
-3.3040469680442124,-0.0004017795577709385
-3.30318339068717,-0.0004013083505185547
-3.3023198133301275,-0.000400836833772851
-3.301456235973085,-0.00040036500796192254
-3.300592658616043,-0.00039989287351255287
-3.2997290812590006,-0.0003994204308510607
-3.298865503901958,-0.0003989476804033207
-3.2980019265449156,-0.00039847462259434
-3.297138349187873,-0.00039800125785043744
-3.2962747718308307,-0.00039752758659393483
-3.2954111944737883,-0.00039705360924983946
-3.294547617116746,-0.0003965793262409173
-3.293684039759704,-0.0003961047379894972
-3.2928204624026614,-0.00039562984491790104
-3.291956885045619,-0.0003951546474480275
-3.2910933076885764,-0.0003946791460008661
-3.290229730331534,-0.00039420334099651844
-3.2893661529744915,-0.0003937272328551067
-3.288502575617449,-0.00039325082199673234
-3.287638998260407,-0.00039277410883972047
-3.2867754209033646,-0.000392297093802417
-3.285911843546322,-0.00039181977730270295
-3.2850482661892797,-0.00039134215975801523
-3.2841846888322372,-0.0003908642415853675
-3.283321111475195,-0.00039038602320130844
-3.2824575341181523,-0.00038990750502061744
-3.28159395676111,-0.0003894286874593991
-3.280730379404068,-0.0003889495709320026
-3.2798668020470254,-0.00038847015585320027
-3.279003224689983,-0.00038799044263554405
-3.2781396473329405,-0.00038751043169338306
-3.277276069975898,-0.00038703012343838106
-3.2764124926188556,-0.00038654951828353407
-3.275548915261813,-0.0003860686166396385
-3.2746853379047707,-0.00038558741891835807
-3.2738217605477287,-0.0003851059255300243
-3.272958183190686,-0.00038462413688498953
-3.2720946058336438,-0.00038414205339180885
-3.2712310284766013,-0.0003836596754608207
-3.270367451119559,-0.0003831770035001361
-3.2695038737625164,-0.0003826940379169988
-3.268640296405474,-0.00038221077912040796
-3.267776719048432,-0.0003817272275158101
-3.2669131416913895,-0.00038124338351000486
-3.266049564334347,-0.0003807592475093269
-3.2651859869773046,-0.0003802748199192227
-3.264322409620262,-0.0003797901011442714
-3.2634588322632196,-0.0003793050915894755
-3.262595254906177,-0.000378819791658061
-3.2617316775491347,-0.000378334201754163
-3.2608681001920927,-0.00037784832228011933
-3.2600045228350503,-0.00037736215363827486
-3.259140945478008,-0.00037687569623141154
-3.2582773681209654,-0.00037638895045966764
-3.257413790763923,-0.00037590191672538104
-3.2565502134068804,-0.0003754145954273369
-3.255686636049838,-0.0003749269869665617
-3.254823058692796,-0.0003744390917422846
-3.2539594813357535,-0.0003739509101532909
-3.253095903978711,-0.0003734624425979424
-3.2522323266216686,-0.00037297368947413617
-3.251368749264626,-0.00037248465117932505
-3.2505051719075837,-0.0003719953281105387
-3.2496415945505412,-0.00037150572066345366
-3.248778017193499,-0.0003710158292355298
-3.247914439836457,-0.00037052565422111133
-3.2470508624794143,-0.0003700351960145634
-3.246187285122372,-0.00036954445501200667
-3.2453237077653294,-0.00036905343160512083
-3.244460130408287,-0.00036856212619004736
-3.2435965530512445,-0.0003680705391575778
-3.242732975694202,-0.0003675786709007242
-3.2418693983371596,-0.0003670865218125194
-3.2410058209801176,-0.0003665940922833108
-3.240142243623075,-0.0003661013827052223
-3.2392786662660327,-0.0003656083934672899
-3.23841508890899,-0.0003651151249603052
-3.2375515115519478,-0.00036462157757462255
-3.2366879341949053,-0.00036412775169792494
-3.235824356837863,-0.00036363364772013657
-3.234960779480821,-0.0003631392660280522
-3.2340972021237784,-0.000362644607010687
-3.233233624766736,-0.00036214967105352436
-3.2323700474096935,-0.00036165445854469125
-3.231506470052651,-0.00036115896987009427
-3.2306428926956086,-0.00036066320541477265
-3.229779315338566,-0.00036016716556552114
-3.2289157379815236,-0.0003596708507046936
-3.2280521606244816,-0.0003591742612186616
-3.227188583267439,-0.000358677397490223
-3.2263250059103967,-0.0003581802599030709
-3.2254614285533543,-0.0003576828488395592
-3.224597851196312,-0.00035718516468295075
-3.2237342738392694,-0.00035668720781426716
-3.222870696482227,-0.0003561889786158623
-3.2220071191251844,-0.0003556904774678904
-3.2211435417681424,-0.000355191704750929
-3.2202799644111,-0.00035469266084555556
-3.2194163870540575,-0.0003541933461310362
-3.218552809697015,-0.00035369376098617206
-3.2176892323399726,-0.0003531939057902084
-3.21682565498293,-0.00035269378092063486
-3.2159620776258877,-0.0003521933867558086
-3.2150985002688457,-0.0003516927236718731
-3.2142349229118032,-0.00035119179204762957
-3.213371345554761,-0.000350690592257015
-3.2125077681977183,-0.00035018912467705415
-3.211644190840676,-0.0003496873896834396
-3.2107806134836334,-0.0003491853876501083
-3.209917036126591,-0.00034868311895230875
-3.2090534587695485,-0.00034818058396395707
-3.2081898814125065,-0.0003476777830585462
-3.207326304055464,-0.00034717471660866
-3.2064627266984216,-0.0003466713849873265
-3.205599149341379,-0.0003461677885667064
-3.2047355719843367,-0.0003456639277184953
-3.203871994627294,-0.0003451598028135078
-3.2030084172702518,-0.00034465541422343954
-3.2021448399132093,-0.0003441507623177867
-3.2012812625561673,-0.00034364584746735677
-3.200417685199125,-0.0003431406700398487
-3.1995541078420824,-0.000342635230406535
-3.19869053048504,-0.0003421295289342263
-3.1978269531279975,-0.00034162356599106575
-3.196963375770955,-0.0003411173419456612
-3.1960997984139126,-0.00034061085716482337
-3.1952362210568706,-0.0003401041120144749
-3.194372643699828,-0.0003395971068618914
-3.1935090663427856,-0.00033908984207255133
-3.192645488985743,-0.00033858231801194016
-3.1917819116287007,-0.00033807453504509227
-3.1909183342716583,-0.0003375664935361747
-3.190054756914616,-0.0003370581938493336
-3.1891911795575734,-0.0003365496363482712
-3.1883276022005314,-0.00033604082139582214
-3.187464024843489,-0.00033553174935524455
-3.1866004474864464,-0.00033502242058890824
-3.185736870129404,-0.00033451283545742755
-3.1848732927723615,-0.0003340029943240605
-3.184009715415319,-0.0003334928975485124
-3.1831461380582766,-0.0003329825454913976
-3.182282560701234,-0.0003324719385128655
-3.181418983344192,-0.0003319610769730724
-3.1805554059871497,-0.00033144996123039144
-3.1796918286301072,-0.0003309385916445487
-3.178828251273065,-0.00033042696857302906
-3.1779646739160223,-0.0003299150923742056
-3.17710109655898,-0.00032940296340558395
-3.1762375192019374,-0.00032889058202376087
-3.1753739418448954,-0.0003283779485857771
-3.174510364487853,-0.00032786506344736205
-3.1736467871308105,-0.00032735192696511234
-3.172783209773768,-0.00032683853949340425
-3.1719196324167256,-0.000326324901387523
-3.171056055059683,-0.0003258110130018449
-3.1701924777026407,-0.0003252968746907531
-3.169328900345598,-0.00032478248680729155
-3.168465322988556,-0.0003242678497049692
-3.1676017456315138,-0.0003237529637363859
-3.1667381682744713,-0.0003232378292541416
-3.165874590917429,-0.00032272244660996874
-3.1650110135603864,-0.00032220681615469093
-3.164147436203344,-0.00032169093824046396
-3.1632838588463015,-0.000321174813217244
-3.162420281489259,-0.0003206584414349664
-3.161556704132217,-0.0003201418232448988
-3.1606931267751746,-0.00031962495899388876
-3.159829549418132,-0.00031910784903364797
-3.1589659720610896,-0.000318590493710566
-3.158102394704047,-0.0003180728933741342
-3.1572388173470047,-0.00031755504837075593
-3.1563752399899623,-0.00031703695904859025
-3.1555116626329203,-0.0003165186257544639
-3.154648085275878,-0.0003160000488347803
-3.1537845079188354,-0.0003154812286350339
-3.152920930561793,-0.00031496216550116335
-3.1520573532047504,-0.00031444285977912795
-3.151193775847708,-0.00031392331181220173
-3.1503301984906655,-0.00031340352194676735
-3.149466621133623,-0.0003128834905243433
-3.148603043776581,-0.0003123632178899799
-3.1477394664195386,-0.00031184270438695816
-3.146875889062496,-0.0003113219503576639
-3.1460123117054537,-0.00031080095614361564
-3.1451487343484112,-0.00031027972208808735
-3.144285156991369,-0.00030975824853124445
-3.1434215796343263,-0.0003092365358159377
-3.142558002277284,-0.0003087145842810002
-3.141694424920242,-0.0003081923942683737
-3.1408308475631994,-0.000307669966116024
-3.139967270206157,-0.00030714730016500463
-3.1391036928491145,-0.0003066243967537047
-3.138240115492072,-0.00030610125622097806
-3.1373765381350296,-0.00030557787890476973
-3.136512960777987,-0.00030505426514391976
-3.135649383420945,-0.00030453041527415264
-3.1347858060639027,-0.00030400632963432234
-3.13392222870686,-0.00030348200856015334
-3.1330586513498178,-0.00030295745238825833
-3.1321950739927753,-0.0003024326614548267
-3.131331496635733,-0.00030190763609380666
-3.1304679192786904,-0.00030138237664181083
-3.129604341921648,-0.0003008568834332523
-3.128740764564606,-0.0003003311568016351
-3.1278771872075635,-0.00029980519708223963
-3.127013609850521,-0.00029927900460725854
-3.1261500324934786,-0.0002987525797097518
-3.125286455136436,-0.00029822592272323034
-3.1244228777793936,-0.000297699033979866
-3.123559300422351,-0.00029717191381140734
-3.1226957230653087,-0.0002966445625491379
-3.1218321457082667,-0.0002961169805247854
-3.1209685683512243,-0.0002955891680687661
-3.120104990994182,-0.00029506112551103136
-3.1192414136371394,-0.0002945328531824207
-3.118377836280097,-0.00029400435141157394
-3.1175142589230544,-0.0002934756205288866
-3.116650681566012,-0.00029294666086164545
-3.11578710420897,-0.00029241747273982266
-3.1149235268519275,-0.00029188805649070504
-3.114059949494885,-0.0002913584124420304
-3.1131963721378426,-0.00029082854092064153
-3.1123327947808,-0.0002902984422542901
-3.1114692174237577,-0.0002897681167689306
-3.1106056400667152,-0.00028923756479096174
-3.109742062709673,-0.00028870678664547067
-3.108878485352631,-0.000288175782658856
-3.1080149079955883,-0.00028764455315529597
-3.107151330638546,-0.0002871130984598777
-3.1062877532815034,-0.0002865814188963353
-3.105424175924461,-0.000286049514788847
-3.1045605985674185,-0.00028551738646116764
-3.103697021210376,-0.0002849850342361432
-3.1028334438533336,-0.0002844524584361824
-3.1019698664962916,-0.00028391965938413116
-3.101106289139249,-0.000283386637401524
-3.1002427117822067,-0.00028285339281076266
-3.099379134425164,-0.0002823199259320286
-3.0985155570681218,-0.00028178623708685624
-3.0976519797110793,-0.000281252326595427
-3.096788402354037,-0.0002807181947783663
-3.095924824996995,-0.0002801838419549882
-3.0950612476399524,-0.0002796492684445859
-3.09419767028291,-0.0002791144745664595
-3.0933340929258675,-0.00027857946063857
-3.092470515568825,-0.00027804422698023135
-3.0916069382117826,-0.00027750877390896045
-3.09074336085474,-0.00027697310174183004
-3.0898797834976977,-0.0002764372107968219
-3.0890162061406556,-0.00027590110139012053
-3.088152628783613,-0.0002753647738379106
-3.0872890514265707,-0.0002748282284568415
-3.0864254740695283,-0.0002742914655630979
-3.085561896712486,-0.0002737544854706439
-3.0846983193554434,-0.0002732172884952408
-3.083834741998401,-0.000272679874952185
-3.0829711646413585,-0.00027214224515410834
-3.0821075872843164,-0.00027160439941677217
-3.081244009927274,-0.00027106633805236424
-3.0803804325702315,-0.00027052806137441154
-3.079516855213189,-0.0002699895696964341
-3.0786532778561466,-0.0002694508633297524
-3.077789700499104,-0.0002689119425874423
-3.0769261231420617,-0.0002683728077808034
-3.0760625457850197,-0.0002678334592211562
-3.0751989684279772,-0.0002672938972202443
-3.074335391070935,-0.0002667541220880351
-3.0734718137138923,-0.0002662141341354049
-3.07260823635685,-0.0002656739336714328
-3.0717446589998074,-0.0002651335210069744
-3.070881081642765,-0.0002645928964502414
-3.0700175042857225,-0.00026405206031031303
-3.0691539269286805,-0.0002635110128967194
-3.068290349571638,-0.00026296975451720744
-3.0674267722145956,-0.00026242828547954483
-3.066563194857553,-0.00026188660609103437
-3.0656996175005107,-0.00026134471665897885
-3.064836040143468,-0.0002608026174902578
-3.0639724627864258,-0.0002602603088917299
-3.0631088854293833,-0.00025971779116892163
-3.0622453080723413,-0.0002591750646282684
-3.061381730715299,-0.00025863212957485254
-3.0605181533582564,-0.0002580889863133193
-3.059654576001214,-0.00025754563514963913
-3.0587909986441715,-0.000257002076387583
-3.057927421287129,-0.00025645831033134503
-3.0570638439300866,-0.00025591433728378715
-3.0562002665730446,-0.0002553701575504566
-3.055336689216002,-0.00025482577143199486
-3.0544731118589596,-0.0002542811792325961
-3.053609534501917,-0.0002537363812542548
-3.0527459571448747,-0.00025319137779938883
-3.0518823797878323,-0.00025264616916863963
-3.05101880243079,-0.00025210075566400175
-3.0501552250737474,-0.0002515551375870048
-3.0492916477167054,-0.00025100931523740905
-3.048428070359663,-0.0002504632889167441
-3.0475644930026204,-0.0002499170589238958
-3.046700915645578,-0.00024937062555950573
-3.0458373382885355,-0.0002488239891219948
-3.044973760931493,-0.0002482771499111372
-3.0441101835744506,-0.00024773010822579794
-3.0432466062174086,-0.0002471828643635099
-3.042383028860366,-0.0002466354186222708
-3.0415194515033237,-0.0002460877713009457
-3.0406558741462812,-0.00024553992269617936
-3.039792296789239,-0.00024499187310463716
-3.0389287194321963,-0.00024444362282340787
-3.038065142075154,-0.00024389517214913614
-3.0372015647181114,-0.00024334652137759927
-3.0363379873610694,-0.00024279767080455372
-3.035474410004027,-0.00024224862072576292
-3.0346108326469845,-0.00024169937143520698
-3.033747255289942,-0.00024114992322910728
-3.0328836779328996,-0.00024060027640055576
-3.032020100575857,-0.0002400504312453089
-3.0311565232188147,-0.00023950038805559126
-3.0302929458617722,-0.0002389501471249389
-3.02942936850473,-0.00023839970874822702
-3.0285657911476878,-0.00023784907321632714
-3.0277022137906453,-0.0002372982408227961
-3.026838636433603,-0.00023674721185939357
-3.0259750590765604,-0.00023619598661787922
-3.025111481719518,-0.00023564456539003353
-3.0242479043624755,-0.000235092948466728
-3.0233843270054335,-0.00023454113614016642
-3.022520749648391,-0.0002339891286994647
-3.0216571722913486,-0.00023343692643549435
-3.020793594934306,-0.0002328845296377946
-3.0199300175772636,-0.00023233193859681367
-3.019066440220221,-0.0002317791536012026
-3.0182028628631787,-0.00023122617494094472
-3.0173392855061363,-0.0002306730029033796
-3.0164757081490943,-0.00023011963777715833
-3.015612130792052,-0.00022956607985093885
-3.0147485534350094,-0.00022901232941248406
-3.013884976077967,-0.00022845838674957764
-3.0130213987209244,-0.0002279042521482061
-3.012157821363882,-0.0002273499258961323
-3.0112942440068395,-0.00022679540827980765
-3.010430666649797,-0.0002262406995847746
-3.009567089292755,-0.00022568580009835193
-3.0087035119357126,-0.0002251307101043265
-3.00783993457867,-0.00022457542988957302
-3.0069763572216277,-0.00022401995973786448
-3.0061127798645852,-0.00022346429993474332
-3.005249202507543,-0.0002229084507644405
-3.0043856251505003,-0.00022235241251071514
-3.0035220477934583,-0.0002217961854582423
-3.002658470436416,-0.00022123976988945582
-3.0017948930793734,-0.00022068316608768457
-3.000931315722331,-0.00022012637433625054
-3.0000677383652885,-0.00021956939491760835
-2.999204161008246,-0.0002190122281137477
-2.9983405836512036,-0.00021845487420665832
-2.997477006294161,-0.00021789733347835072
-2.996613428937119,-0.00021733960620992643
-2.9957498515800767,-0.000216781692682938
-2.994886274223034,-0.0002162235931780429
-2.9940226968659918,-0.0002156653079750312
-2.9931591195089493,-0.00021510683735456032
-2.992295542151907,-0.00021454818159639955
-2.9914319647948644,-0.00021398934098078304
-2.990568387437822,-0.0002134303157861478
-2.98970481008078,-0.000212871106291819
-2.9888412327237375,-0.00021231171277625444
-2.987977655366695,-0.0002117521355192234
-2.9871140780096526,-0.0002111923747973865
-2.98625050065261,-0.00021063243088920158
-2.9853869232955677,-0.00021007230407132926
-2.984523345938525,-0.00020951199462265063
-2.983659768581483,-0.00020895150281851488
-2.9827961912244407,-0.0002083908289369149
-2.9819326138673983,-0.00020782997325318603
-2.981069036510356,-0.00020726893604398888
-2.9802054591533134,-0.00020670771758556084
-2.979341881796271,-0.00020614631815278617
-2.9784783044392285,-0.00020558473802143734
-2.977614727082186,-0.00020502297746597536
-2.976751149725144,-0.00020446103676084043
-2.9758875723681015,-0.0002038989161813609
-2.975023995011059,-0.00020333661600110964
-2.9741604176540166,-0.00020277413649363862
-2.973296840296974,-0.0002022114779329509
-2.9724332629399317,-0.00020164864059215443
-2.9715696855828893,-0.0002010856247443779
-2.970706108225847,-0.0002005224306622852
-2.969842530868805,-0.00019995905861809604
-2.9689789535117623,-0.000199395508884051
-2.96811537615472,-0.00019883178173236982
-2.9672517987976774,-0.00019826787743438407
-2.966388221440635,-0.00019770379626100204
-2.9655246440835925,-0.0001971395384835553
-2.96466106672655,-0.00019657510437337544
-2.963797489369508,-0.00019601049419959438
-2.9629339120124656,-0.00019544570823398777
-2.962070334655423,-0.00019488074674567368
-2.9612067572983807,-0.00019431561000465142
-2.960343179941338,-0.00019375029827960882
-2.9594796025842958,-0.0001931848118401011
-2.9586160252272533,-0.0001926191509556835
-2.957752447870211,-0.00019205331589371155
-2.956888870513169,-0.0001914873069232964
-2.9560252931561264,-0.000190921124312661
-2.955161715799084,-0.00019035476832827275
-2.9542981384420415,-0.00018978823923924276
-2.953434561084999,-0.00018922153731157354
-2.9525709837279566,-0.00018865466281306476
-2.951707406370914,-0.00018808761600927482
-2.9508438290138717,-0.00018752039716798258
-2.9499802516568296,-0.00018695300655476726
-2.949116674299787,-0.00018638544443518729
-2.9482530969427447,-0.00018581771107569617
-2.9473895195857023,-0.00018524980674052005
-2.94652594222866,-0.00018468173169612634
-2.9456623648716174,-0.00018411348620629708
-2.944798787514575,-0.0001835450705361466
-2.943935210157533,-0.00018297648494903368
-2.9430716328004904,-0.00018240772971051672
-2.942208055443448,-0.0001818388050834896
-2.9413444780864055,-0.00018126971133175518
-2.940480900729363,-0.00018070044871865143
-2.9396173233723206,-0.00018013101750619098
-2.938753746015278,-0.00017956141795859998
-2.9378901686582357,-0.00017899165033746084
-2.9370265913011937,-0.00017842171490477926
-2.9361630139441512,-0.0001778516119238932
-2.935299436587109,-0.00017728134165549692
-2.9344358592300663,-0.0001767109043607079
-2.933572281873024,-0.00017614030030153188
-2.9327087045159814,-0.00017556952973910717
-2.931845127158939,-0.000174998592933219
-2.9309815498018965,-0.00017442749014498493
-2.9301179724448545,-0.000173856221634211
-2.929254395087812,-0.00017328478766112654
-2.9283908177307696,-0.00017271318848552375
-2.927527240373727,-0.0001721414243667438
-2.9266636630166847,-0.00017156949556370454
-2.9258000856596422,-0.00017099740233574717
-2.9249365083025998,-0.00017042514494176875
-2.9240729309455578,-0.00016985272363935489
-2.9232093535885153,-0.00016928013868784675
-2.922345776231473,-0.00016870739034392096
-2.9214821988744304,-0.0001681344788664954
-2.920618621517388,-0.00016756140451224671
-2.9197550441603455,-0.0001669881675382956
-2.918891466803303,-0.00016641476820311585
-2.9180278894462606,-0.00016584120676160774
-2.9171643120892186,-0.00016526748347089892
-2.916300734732176,-0.00016469359858766602
-2.9154371573751336,-0.0001641195523672742
-2.914573580018091,-0.00016354534506506785
-2.9137100026610487,-0.00016297097693861173
-2.9128464253040063,-0.0001623964482410506
-2.911982847946964,-0.00016182175922861697
-2.9111192705899214,-0.00016124691015532294
-2.9102556932328794,-0.0001606719012765337
-2.909392115875837,-0.0001600967328458172
-2.9085285385187944,-0.0001595214051171856
-2.9076649611617524,-0.00015894591834555993
-2.9068013838047095,-0.00015837027278406413
-2.9059378064476675,-0.00015779446868538494
-2.9050742290906246,-0.00015721850630353446
-2.9042106517335826,-0.00015664238589032514
-2.9033470743765397,-0.00015606610769976909
-2.9024834970194977,-0.00015548967198365793
-2.901619919662455,-0.00015491307899424822
-2.900756342305413,-0.0001543363289837757
-2.899892764948371,-0.00015375942220314381
-2.899029187591328,-0.00015318235890460913
-2.898165610234286,-0.0001526051393395192
-2.897302032877243,-0.00015202776375833338
-2.896438455520201,-0.00015145023241286415
-2.895574878163158,-0.0001508725455522386
-2.894711300806116,-0.00015029470342781126
-2.893847723449074,-0.00014971670628959738
-2.892984146092031,-0.00014913855438807716
-2.892120568734989,-0.00014856024797193362
-2.8912569913779462,-0.00014798178729073797
-2.890393414020904,-0.0001474031725940822
-2.8895298366638613,-0.00014682440413064934
-2.8886662593068193,-0.0001462454821495665
-2.8878026819497773,-0.00014566640689909344
-2.8869391045927344,-0.00014508717862835724
-2.8860755272356924,-0.00014450779758470866
-2.8852119498786495,-0.00014392826401551928
-2.8843483725216075,-0.0001433485781699162
-2.8834847951645646,-0.00014276874029392483
-2.8826212178075226,-0.00014218875063534003
-2.8817576404504797,-0.00014160860944153336
-2.8808940630934377,-0.0001410283169589674
-2.8800304857363956,-0.0001404478734341047
-2.8791669083793527,-0.00013986727911298458
-2.8783033310223107,-0.00013928653424295778
-2.877439753665268,-0.00013870563906915462
-2.876576176308226,-0.0001381245938367262
-2.875712598951183,-0.00013754339879169103
-2.874849021594141,-0.0001369620541791794
-2.873985444237099,-0.0001363805602452306
-2.873121866880056,-0.0001357989172327545
-2.872258289523014,-0.0001352171253886647
-2.871394712165971,-0.00013463518495542698
-2.870531134808929,-0.00013405309617863653
-2.869667557451886,-0.00013347085930120323
-2.868803980094844,-0.00013288847456736919
-2.867940402737802,-0.00013230594222095327
-2.8670768253807593,-0.00013172326250442123
-2.8662132480237172,-0.0001311404356624593
-2.8653496706666743,-0.00013055746193711
-2.8644860933096323,-0.00012997434157083904
-2.8636225159525894,-0.0001293910748070004
-2.8627589385955474,-0.00012880766188674841
-2.8618953612385045,-0.00012822410305299292
-2.8610317838814625,-0.00012764039854776255
-2.8601682065244205,-0.0001270565486121908
-2.8593046291673776,-0.00012647255348920833
-2.8584410518103356,-0.00012588841341772822
-2.8575774744532927,-0.0001253041286411044
-2.8567138970962507,-0.00012471969939827077
-2.8558503197392078,-0.00012413512593213716
-2.8549867423821658,-0.00012355040848072846
-2.8541231650251238,-0.00012296554728653125
-2.853259587668081,-0.0001223805425884586
-2.852396010311039,-0.00012179539462675582
-2.851532432953996,-0.00012121010364035678
-2.850668855596954,-0.00012062466986995091
-2.849805278239911,-0.00012003909355445819
-2.848941700882869,-0.00011945337493234759
-2.848078123525827,-0.00011886751424299707
-2.847214546168784,-0.00011828151172576379
-2.846350968811742,-0.00011769536761778443
-2.845487391454699,-0.00011710908215843696
-2.844623814097657,-0.00011652265558530217
-2.8437602367406143,-0.00011593608813640494
-2.8428966593835723,-0.00011534938004979095
-2.8420330820265294,-0.00011476253156259691
-2.8411695046694874,-0.00011417554291195953
-2.8403059273124454,-0.00011358841433636857
-2.8394423499554025,-0.00011300114607118439
-2.8385787725983604,-0.0001124137383544388
-2.8377151952413175,-0.00011182619142149214
-2.8368516178842755,-0.00011123850550950193
-2.8359880405272326,-0.00011065068085471669
-2.8351244631701906,-0.00011006271769249676
-2.8342608858131486,-0.00010947461625911148
-2.8333973084561057,-0.00010888637679080937
-2.8325337310990637,-0.00010829799952250668
-2.831670153742021,-0.0001077094846886964
-2.830806576384979,-0.00010712083252562704
-2.829942999027936,-0.00010653204326821486
-2.829079421670894,-0.00010594311715006466
-2.828215844313852,-0.00010535405440698087
-2.827352266956809,-0.00010476485527255441
-2.826488689599767,-0.00010417551998125746
-2.825625112242724,-0.00010358604876625072
-2.824761534885682,-0.00010299644186289453
-2.823897957528639,-0.0001024066995038847
-2.823034380171597,-0.00010181682192282604
-2.8221708028145542,-0.00010122680935285844
-2.8213072254575122,-0.00010063666202712179
-2.82044364810047,-0.00010004638017877682
-2.8195800707434273,-9.945596404007523e-05
-2.8187164933863853,-9.886541384371283e-05
-2.8178529160293424,-9.827472982196217e-05
-2.8169893386723004,-9.768391220796313e-05
-2.8161257613152575,-9.70929612330862e-05
-2.8152621839582155,-9.65018771286949e-05
-2.8143986066011735,-9.591066012750588e-05
-2.8135350292441306,-9.531931045955039e-05
-2.8126714518870886,-9.472782835752425e-05
-2.8118078745300457,-9.41362140528118e-05
-2.8109442971730036,-9.354446777455616e-05
-2.8100807198159607,-9.295258975589721e-05
-2.8092171424589187,-9.236058022599886e-05
-2.8083535651018767,-9.176843941578056e-05
-2.807489987744834,-9.117616755527358e-05
-2.806626410387792,-9.05837648749741e-05
-2.805762833030749,-8.99912316049134e-05
-2.804899255673707,-8.93985679742415e-05
-2.804035678316664,-8.880577421343377e-05
-2.803172100959622,-8.821285055165412e-05
-2.802308523602579,-8.761979721804564e-05
-2.801444946245537,-8.702661444175142e-05
-2.800581368888495,-8.643330245193537e-05
-2.799717791531452,-8.583986147774059e-05
-2.79885421417441,-8.524629174742199e-05
-2.7979906368173673,-8.465259348881121e-05
-2.7971270594603252,-8.405876693105135e-05
-2.7962634821032823,-8.346481230239733e-05
-2.7953999047462403,-8.287072983068078e-05
-2.7945363273891983,-8.227651974326844e-05
-2.7936727500321554,-8.168218226931034e-05
-2.7928091726751134,-8.108771763439687e-05
-2.7919455953180705,-8.049312606724784e-05
-2.7910820179610285,-7.989840779434182e-05
-2.7902184406039856,-7.930356304348962e-05
-2.7893548632469436,-7.870859204119063e-05
-2.7884912858899016,-7.81134950134793e-05
-2.7876277085328587,-7.751827218772239e-05
-2.7867641311758167,-7.692292378997517e-05
-2.7859005538187738,-7.632745004760438e-05
-2.7850369764617318,-7.573185118531223e-05
-2.784173399104689,-7.513612742959808e-05
-2.783309821747647,-7.45402790064964e-05
-2.782446244390604,-7.394430614116043e-05
-2.781582667033562,-7.334820906006873e-05
-2.78071908967652,-7.275198798750021e-05
-2.779855512319477,-7.215564314948936e-05
-2.778991934962435,-7.155917477029428e-05
-2.778128357605392,-7.096258307508208e-05
-2.77726478024835,-7.036586828944313e-05
-2.776401202891307,-6.976903063674739e-05
-2.775537625534265,-6.917207034260603e-05
-2.774674048177223,-6.8574987630389e-05
-2.7738104708201803,-6.797778272524257e-05
-2.7729468934631383,-6.738045585011343e-05
-2.7720833161060954,-6.678300722925967e-05
-2.7712197387490534,-6.618543708694635e-05
-2.7703561613920105,-6.55877456465434e-05
-2.7694925840349685,-6.498993313144158e-05
-2.7686290066779264,-6.439199976412263e-05
-2.7677654293208835,-6.379394576928876e-05
-2.7669018519638415,-6.319577136899845e-05
-2.7660382746067986,-6.259747678617755e-05
-2.7651746972497566,-6.19990622437519e-05
-2.7643111198927137,-6.140052796422407e-05
-2.7634475425356717,-6.080187417051991e-05
-2.762583965178629,-6.020310108423299e-05
-2.761720387821587,-5.960420892786589e-05
-2.760856810464545,-5.9005197923900354e-05
-2.759993233107502,-5.840606829349282e-05
-2.75912965575046,-5.7806820259125036e-05
-2.758266078393417,-5.72074540424114e-05
-2.757402501036375,-5.6607969864057306e-05
-2.756538923679332,-5.600836794654451e-05
-2.75567534632229,-5.5408648509711056e-05
-2.754811768965248,-5.480881177603869e-05
-2.753948191608205,-5.4208857966232815e-05
-2.753084614251163,-5.3608787301019645e-05
-2.7522210368941202,-5.300860000110458e-05
-2.751357459537078,-5.2408296286304834e-05
-2.7504938821800353,-5.180787637779072e-05
-2.7496303048229933,-5.120734049626763e-05
-2.7487667274659513,-5.060668886155972e-05
-2.7479031501089084,-5.000592169348422e-05
-2.7470395727518664,-4.9405039212323254e-05
-2.7461759953948235,-4.8804041637894036e-05
-2.7453124180377815,-4.820292918912561e-05
-2.7444488406807386,-4.760170208718828e-05
-2.7435852633236966,-4.700036055012291e-05
-2.7427216859666537,-4.639890479730263e-05
-2.7418581086096117,-4.579733504900957e-05
-2.7409945312525696,-4.5195651523284586e-05
-2.7401309538955267,-4.459385443950081e-05
-2.7392673765384847,-4.399194401660811e-05
-2.738403799181442,-4.3389920473091426e-05
-2.7375402218244,-4.2787784026998565e-05
-2.736676644467357,-4.218553489770266e-05
-2.735813067110315,-4.1583173303265386e-05
-2.734949489753273,-4.098069946128352e-05
-2.73408591239623,-4.0378113591130194e-05
-2.733222335039188,-3.977541590953482e-05
-2.732358757682145,-3.917260663542643e-05
-2.731495180325103,-3.8569685985513635e-05
-2.73063160296806,-3.7966654178302195e-05
-2.729768025611018,-3.7363511430500707e-05
-2.728904448253976,-3.676025796059412e-05
-2.7280408708969333,-3.6156893985311855e-05
-2.7271772935398912,-3.55534197213625e-05
-2.7263137161828483,-3.494983538679386e-05
-2.7254501388258063,-3.434614119742635e-05
-2.7245865614687634,-3.374233737087756e-05
-2.7237229841117214,-3.3138424123412e-05
-2.7228594067546785,-3.2534401672626445e-05
-2.7219958293976365,-3.1930270233473945e-05
-2.7211322520405945,-3.1326030023995366e-05
-2.7202686746835516,-3.0721681259567035e-05
-2.7194050973265096,-3.0117224155586098e-05
-2.7185415199694667,-2.9512658930093416e-05
-2.7176779426124247,-2.890798579757714e-05
-2.716814365255382,-2.8303204975210772e-05
-2.7159507878983398,-2.769831667703837e-05
-2.7150872105412978,-2.709332111977547e-05
-2.714223633184255,-2.64882185187984e-05
-2.713360055827213,-2.5883009089948394e-05
-2.71249647847017,-2.527769304726951e-05
-2.711632901113128,-2.4672270607470348e-05
-2.710769323756085,-2.406674198550396e-05
-2.709905746399043,-2.3461107395414404e-05
-2.709042169042001,-2.2855367053022102e-05
-2.708178591684958,-2.2249521172836018e-05
-2.707315014327916,-2.164356997023248e-05
-2.706451436970873,-2.1037513658811458e-05
-2.705587859613831,-2.0431352453526008e-05
-2.7047242822567883,-1.982508656886428e-05
-2.7038607048997463,-1.9218716219321363e-05
-2.7029971275427034,-1.8612241618941316e-05
-2.7021335501856614,-1.8005662982677195e-05
-2.7012699728286194,-1.7398980522796703e-05
-2.7004063954715765,-1.6792194454676168e-05
-2.6995428181145344,-1.6185304992380467e-05
-2.6986792407574915,-1.5578312349065482e-05
-2.6978156634004495,-1.4971216738331183e-05
-2.6969520860434066,-1.4364018374242449e-05
-2.6960885086863646,-1.375671746995516e-05
-2.6952249313293226,-1.3149314238632137e-05
-2.6943613539722797,-1.2541808894317441e-05
-2.6934977766152377,-1.1934201649743681e-05
-2.692634199258195,-1.1326492718510828e-05
-2.691770621901153,-1.0718682312886585e-05
-2.69090704454411,-1.011077064649174e-05
-2.690043467187068,-9.502757932482175e-06
-2.689179889830026,-8.894644382237415e-06
-2.688316312472983,-8.286430210266427e-06
-2.687452735115941,-7.678115627948734e-06
-2.686589157758898,-7.069700848440219e-06
-2.685725580401856,-6.461186084029402e-06
-2.684862003044813,-5.852571547872165e-06
-2.683998425687771,-5.2438574504598545e-06
-2.6831348483307282,-4.635044005857347e-06
-2.6822712709736862,-4.02613142455599e-06
-2.681407693616644,-3.4171199201626923e-06
-2.6805441162596013,-2.808009703168801e-06
-2.6796805389025593,-2.198800987195104e-06
-2.6788169615455164,-1.5894939822888587e-06
-2.6779533841884744,-9.800889011618574e-07
-2.6770898068314315,-3.7058595565853114e-07
-2.6762262294743895,2.3901464372977355e-07
-2.6753626521173475,8.487126838471748e-07
-2.6744990747603046,1.4585079550696878e-06
-2.6736354974032626,2.06840024468552e-06
-2.6727719200462197,2.6783893422033245e-06
-2.6719083426891777,3.2884750357786707e-06
-2.6710447653321348,3.898657114476123e-06
-2.6701811879750927,4.508935366909217e-06
-2.6693176106180507,5.119309583474785e-06
-2.668454033261008,5.7297795518843064e-06
-2.667590455903966,6.340345061202346e-06
-2.666726878546923,6.9510059022698245e-06
-2.665863301189881,7.561761862354133e-06
-2.664999723832838,8.172612732296192e-06
-2.664136146475796,8.783558300272387e-06
-2.663272569118753,9.394598356214645e-06
-2.662408991761711,1.0005732690075708e-05
-2.661545414404669,1.061696109180138e-05
-2.660681837047626,1.1228283350456225e-05
-2.659818259690584,1.183969925552808e-05
-2.6589546823335413,1.2451208596525598e-05
-2.6580911049764993,1.306281116473379e-05
-2.6572275276194564,1.367450675008458e-05
-2.6563639502624143,1.4286295140754357e-05
-2.6555003729053723,1.4898176128472218e-05
-2.6546367955483294,1.551014950228191e-05
-2.6537732181912874,1.6122215053468447e-05
-2.6529096408342445,1.673437257154048e-05
-2.6520460634772025,1.7346621846429933e-05
-2.6511824861201596,1.795896266942182e-05
-2.6503189087631176,1.857139483002479e-05
-2.6494553314060756,1.918391811950304e-05
-2.6485917540490327,1.9796532327809313e-05
-2.6477281766919907,2.040923724622168e-05
-2.6468645993349478,2.102203266424879e-05
-2.6460010219779058,2.1634918374043022e-05
-2.645137444620863,2.2247894165113025e-05
-2.644273867263821,2.286095982829972e-05
-2.643410289906778,2.347411515619957e-05
-2.642546712549736,2.408735993743305e-05
-2.641683135192694,2.4700693964173348e-05
-2.640819557835651,2.5314117027240568e-05
-2.639955980478609,2.592762891747563e-05
-2.639092403121566,2.654122942616355e-05
-2.638228825764524,2.7154918344568513e-05
-2.637365248407481,2.7768695462643267e-05
-2.636501671050439,2.838256057344224e-05
-2.635638093693397,2.899651346780635e-05
-2.6347745163363543,2.9610553936999795e-05
-2.6339109389793123,3.0224681771419404e-05
-2.6330473616222694,3.0838896763238366e-05
-2.6321837842652274,3.1453198704164964e-05
-2.6313202069081845,3.20675873859283e-05
-2.6304566295511425,3.26820625989252e-05
-2.6295930521941004,3.329662413575213e-05
-2.6287294748370575,3.39112717876941e-05
-2.6278658974800155,3.4526005346473265e-05
-2.6270023201229726,3.514082460337464e-05
-2.6261387427659306,3.575572935099469e-05
-2.6252751654088877,3.637071938061842e-05
-2.6244115880518457,3.698579448397493e-05
-2.623548010694803,3.7600954453660684e-05
-2.622684433337761,3.82161990805166e-05
-2.621820855980719,3.8831528156715867e-05
-2.620957278623676,3.9446941475299035e-05
-2.620093701266634,4.006243882666294e-05
-2.619230123909591,4.067802000386894e-05
-2.618366546552549,4.129368479862533e-05
-2.617502969195506,4.190943300354938e-05
-2.616639391838464,4.25252644099261e-05
-2.615775814481422,4.3141178809907865e-05
-2.614912237124379,4.375717599700013e-05
-2.614048659767337,4.437325576203688e-05
-2.6131850824102942,4.4989417897635386e-05
-2.6123215050532522,4.5605662196392116e-05
-2.6114579276962093,4.6221988450480256e-05
-2.6105943503391673,4.6838396452072995e-05
-2.6097307729821253,4.745488599376679e-05
-2.6088671956250824,4.807145686729075e-05
-2.6080036182680404,4.868810886614339e-05
-2.6071400409109975,4.93048417820538e-05
-2.6062764635539555,4.992165540806254e-05
-2.6054128861969126,5.053854953546155e-05
-2.6045493088398706,5.115552395773548e-05
-2.6036857314828277,5.177257846705752e-05
-2.6028221541257857,5.2389712855593906e-05
-2.6019585767687436,5.3006926916850106e-05
-2.6010949994117007,5.36242204425344e-05
-2.6002314220546587,5.424159322570815e-05
-2.599367844697616,5.485904505898864e-05
-2.598504267340574,5.547657573541642e-05
-2.597640689983531,5.60941850462765e-05
-2.596777112626489,5.6711872785074335e-05
-2.595913535269447,5.7329638744850475e-05
-2.595049957912404,5.794748271733402e-05
-2.594186380555362,5.856540449602349e-05
-2.593322803198319,5.9183403873536156e-05
-2.592459225841277,5.9801480642024396e-05
-2.591595648484234,6.0419634594993665e-05
-2.590732071127192,6.103786552461715e-05
-2.58986849377015,6.16561732243795e-05
-2.5890049164131073,6.22745574860098e-05
-2.5881413390560652,6.289301810301351e-05
-2.5872777616990223,6.351155486754301e-05
-2.5864141843419803,6.413016757310375e-05
-2.5855506069849374,6.4748856012313e-05
-2.5846870296278954,6.536761997776724e-05
-2.5838234522708525,6.598645926252783e-05
-2.5829598749138105,6.660537365876795e-05
-2.5820962975567685,6.722436295997225e-05
-2.5812327201997256,6.7843426958758e-05
-2.5803691428426836,6.846256544773555e-05
-2.5795055654856407,6.908177822041034e-05
-2.5786419881285987,6.970106506849066e-05
-2.577778410771556,7.032042578548198e-05
-2.5769148334145138,7.093986016400156e-05
-2.5760512560574718,7.155936799708995e-05
-2.575187678700429,7.217894907780853e-05
-2.574324101343387,7.279860319787945e-05
-2.573460523986344,7.341833015125226e-05
-2.572596946629302,7.403812973007934e-05
-2.571733369272259,7.465800172831716e-05
-2.570869791915217,7.527794593678583e-05
-2.570006214558175,7.58979621494349e-05
-2.569142637201132,7.65180501588747e-05
-2.56827905984409,7.713820975772251e-05
-2.567415482487047,7.775844073946298e-05
-2.566551905130005,7.837874289582519e-05
-2.5656883277729623,7.899911601987053e-05
-2.5648247504159203,7.961955990463954e-05
-2.5639611730588774,8.024007434319358e-05
-2.5630975957018354,8.086065912681767e-05
-2.5622340183447934,8.148131404988462e-05
-2.5613704409877505,8.210203890367945e-05
-2.5605068636307085,8.272283348170067e-05
-2.5596432862736656,8.334369757656557e-05
-2.5587797089166235,8.396463097998241e-05
-2.5579161315595806,8.458563348590076e-05
-2.5570525542025386,8.52067048860497e-05
-2.5561889768454966,8.58278449730257e-05
-2.5553253994884537,8.644905353989013e-05
-2.5544618221314117,8.707033037837209e-05
-2.553598244774369,8.76916752819562e-05
-2.552734667417327,8.83130880419275e-05
-2.551871090060284,8.893456845267961e-05
-2.551007512703242,8.955611630458854e-05
-2.5501439353462,9.017773139115975e-05
-2.549280357989157,9.079941350456644e-05
-2.548416780632115,9.142116243784915e-05
-2.547553203275072,9.20429779818488e-05
-2.54668962591803,9.26648599300639e-05
-2.545826048560987,9.328680807466766e-05
-2.544962471203945,9.390882220736835e-05
-2.5440988938469022,9.453090212078324e-05
-2.5432353164898602,9.515304760708554e-05
-2.542371739132818,9.577525845887169e-05
-2.5415081617757753,9.639753446742672e-05
-2.5406445844187333,9.701987542580504e-05
-2.5397810070616904,9.764228112484757e-05
-2.5389174297046484,9.826475135759488e-05
-2.5380538523476055,9.888728591667117e-05
-2.5371902749905635,9.950988459200838e-05
-2.5363266976335215,0.00010013254717755604
-2.5354631202764786,0.00010075527346414814
-2.5345995429194366,0.00010137806324395787
-2.5337359655623937,0.00010200091630869351
-2.5328723882053517,0.00010262383245052825
-2.5320088108483088,0.00010324681146030301
-2.5311452334912667,0.00010386985313061425
-2.5302816561342247,0.00010449295725274699
-2.529418078777182,0.0001051161236188744
-2.52855450142014,0.0001057393520198166
-2.527690924063097,0.00010636264224730269
-2.526827346706055,0.0001069859940934989
-2.525963769349012,0.00010760940734880209
-2.52510019199197,0.0001082328818058087
-2.524236614634928,0.00010885641725491557
-2.523373037277885,0.0001094800134878518
-2.522509459920843,0.0001101036702954375
-2.5216458825638,0.00011072738746895766
-2.520782305206758,0.00011135116480058549
-2.5199187278497153,0.00011197500207980882
-2.5190551504926733,0.00011259889909924492
-2.5181915731356304,0.00011322285564929063
-2.5173279957785883,0.00011384687152121015
-2.5164644184215463,0.0001144709465049562
-2.5156008410645034,0.00011509508039181382
-2.5147372637074614,0.00011571927297349127
-2.5138736863504185,0.00011634352403949721
-2.5130101089933765,0.00011696783338110972
-2.5121465316363336,0.00011759220078872562
-2.5112829542792916,0.00011821662605316502
-2.5104193769222496,0.00011884110896526884
-2.5095557995652067,0.00011946564931454573
-2.5086922222081647,0.00012009024689225989
-2.507828644851122,0.00012071490148791997
-2.5069650674940798,0.00012133961289235995
-2.506101490137037,0.00012196438089597667
-2.505237912779995,0.00012258920528870204
-2.504374335422953,0.00012321408585960064
-2.50351075806591,0.00012383902240040157
-2.502647180708868,0.00012446401469970447
-2.501783603351825,0.0001250890625479062
-2.500920025994783,0.00012571416573584765
-2.50005644863774,0.00012633932405124032
-2.499192871280698,0.00012696453728448104
-2.498329293923655,0.00012758980522641072
-2.497465716566613,0.00012821512766474086
-2.496602139209571,0.00012884050438986827
-2.4957385618525283,0.00012946593519085753
-2.4948749844954863,0.00013009141985764056
-2.4940114071384434,0.00013071695817883783
-2.4931478297814014,0.00013134254994395106
-2.4922842524243585,0.00013196819494160072
-2.4914206750673165,0.00013259389296083057
-2.4905570977102744,0.00013321964379159335
-2.4896935203532315,0.00013384544722162134
-2.4888299429961895,0.0001344713030399583
-2.4879663656391466,0.0001350972110352247
-2.4871027882821046,0.0001357231709969292
-2.4862392109250617,0.00013634918271145102
-2.4853756335680197,0.00013697524596963107
-2.4845120562109777,0.00013760136055830652
-2.483648478853935,0.00013822752626654194
-2.482784901496893,0.00013885374288204883
-2.48192132413985,0.00013948001019345457
-2.481057746782808,0.00014010632798802658
-2.480194169425765,0.00014073269605394123
-2.479330592068723,0.00014135911417981206
-2.47846701471168,0.0001419855821524832
-2.477603437354638,0.0001426120997596661
-2.476739859997596,0.00014323866678909308
-2.475876282640553,0.00014386528302894053
-2.475012705283511,0.00014449194826558764
-2.4741491279264682,0.00014511866228632264
-2.4732855505694262,0.00014574542487931497
-2.4724219732123833,0.00014637223583052056
-2.4715583958553413,0.0001469990949276509
-2.4706948184982993,0.0001476260019579942
-2.4698312411412564,0.00014825295670750638
-2.4689676637842144,0.00014887995896301076
-2.4681040864271715,0.00014950700851179555
-2.4672405090701295,0.0001501341051389285
-2.4663769317130866,0.0001507612486321211
-2.4655133543560446,0.00015138843877777336
-2.4646497769990026,0.00015201567536139715
-2.4637861996419597,0.00015264295816937168
-2.4629226222849177,0.00015327028698809697
-2.4620590449278748,0.0001538976616017526
-2.4611954675708327,0.00015452508179849417
-2.46033189021379,0.00015515254736250123
-2.459468312856748,0.0001557800580792787
-2.458604735499705,0.0001564076137352266
-2.457741158142663,0.0001570352141149478
-2.456877580785621,0.00015766285900484234
-2.456014003428578,0.0001582905481877575
-2.455150426071536,0.00015891828145051662
-2.454286848714493,0.00015954605857729925
-2.453423271357451,0.00016017387935361727
-2.452559694000408,0.00016080174356362942
-2.451696116643366,0.00016142965099195938
-2.450832539286324,0.00016205760142233572
-2.4499689619292813,0.00016268559464027027
-2.4491053845722393,0.00016331363042947772
-2.4482418072151964,0.00016394170857324947
-2.4473782298581543,0.00016456982885709737
-2.4465146525011114,0.00016519799106384792
-2.4456510751440694,0.00016582619497679252
-2.4447874977870274,0.00016645444038099894
-2.4439239204299845,0.0001670827270579614
-2.4430603430729425,0.00016771105479274767
-2.4421967657158996,0.00016833942336820507
-2.4413331883588576,0.000168967832566716
-2.4404696110018147,0.00016959628217201594
-2.4396060336447727,0.00017022477196605712
-2.43874245628773,0.00017085330173168684
-2.4378788789306878,0.00017148187125261977
-2.4370153015736458,0.00017211048030992687
-2.436151724216603,0.00017273912868689956
-2.435288146859561,0.00017336781616547614
-2.434424569502518,0.00017399654252672758
-2.433560992145476,0.00017462530755394529
-2.432697414788433,0.0001752541110281794
-2.431833837431391,0.00017588295273094495
-2.430970260074349,0.0001765118324446452
-2.430106682717306,0.0001771407499485539
-2.429243105360264,0.00017776970502640654
-2.428379528003221,0.00017839869745749776
-2.427515950646179,0.00017902772702376585
-2.4266523732891363,0.0001796567935053936
-2.4257887959320943,0.0001802858966838891
-2.4249252185750523,0.0001809150363381029
-2.4240616412180094,0.0001815442122499733
-2.4231980638609674,0.0001821734241987949
-2.4223344865039245,0.00018280267196519456
-2.4214709091468825,0.00018343195532889017
-2.4206073317898396,0.00018406127406962042
-2.4197437544327975,0.0001846906279666799
-2.4188801770757546,0.0001853200167997865
-2.4180165997187126,0.00018594944034867888
-2.4171530223616706,0.00018657889839175656
-2.4162894450046277,0.00018720839070875822
-2.4154258676475857,0.00018783791707762537
-2.414562290290543,0.00018846747727720853
-2.413698712933501,0.0001890970710868023
-2.412835135576458,0.00018972669828434818
-2.411971558219416,0.00019035635864780853
-2.411107980862374,0.00019098605195647794
-2.410244403505331,0.00019161577798607748
-2.409380826148289,0.00019224553651590176
-2.408517248791246,0.00019287532732346901
-2.407653671434204,0.0001935051501853885
-2.406790094077161,0.00019413500488006663
-2.405926516720119,0.00019476489118368245
-2.405062939363077,0.00019539480887331012
-2.4041993620060342,0.00019602475772555888
-2.4033357846489922,0.0001966547375175029
-2.4024722072919493,0.00019728474802532814
-2.4016086299349073,0.00019791478902475568
-2.4007450525778644,0.00019854486029241558
-2.3998814752208224,0.00019917496160449383
-2.3990178978637795,0.0001998050927362674
-2.3981543205067375,0.00020043525346259
-2.3972907431496955,0.00020106544355964762
-2.3964271657926526,0.0002016956628031613
-2.3955635884356106,0.00020232591096709662
-2.3947000110785677,0.0002029561878267444
-2.3938364337215257,0.00020358649315651428
-2.3929728563644828,0.00020421682673079505
-2.3921092790074407,0.00020484718832488452
-2.3912457016503987,0.00020547757771186004
-2.390382124293356,0.0002061079946661104
-2.389518546936314,0.00020673843896071298
-2.388654969579271,0.00020736891037096555
-2.387791392222229,0.0002079994086681483
-2.386927814865186,0.00020862993362667087
-2.386064237508144,0.0002092604850191665
-2.385200660151102,0.00020989106261824764
-2.384337082794059,0.00021052166619699164
-2.383473505437017,0.00021115229552758075
-2.382609928079974,0.00021178295038264822
-2.381746350722932,0.00021241363053391832
-2.3808827733658893,0.00021304433575224796
-2.3800191960088473,0.00021367506581115858
-2.3791556186518044,0.0002143058204805981
-2.3782920412947623,0.00021493659953275568
-2.3774284639377203,0.00021556740273848823
-2.3765648865806774,0.00021619822986774367
-2.3757013092236354,0.00021682908069271117
-2.3748377318665925,0.00021745995498291537
-2.3739741545095505,0.00021809085250874827
-2.3731105771525076,0.00021872177304062268
-2.3722469997954656,0.00021935271634761222
-2.3713834224384236,0.0002199836822001297
-2.3705198450813807,0.00022061467036679078
-2.3696562677243387,0.00022124568061756417
-2.368792690367296,0.00022187671272153042
-2.3679291130102538,0.0002225077664473052
-2.367065535653211,0.00022313884156308084
-2.366201958296169,0.00022376993783749383
-2.365338380939127,0.0002244010550391598
-2.364474803582084,0.00022503219293538296
-2.363611226225042,0.00022566335129391157
-2.362747648867999,0.0002262945298829172
-2.361884071510957,0.00022692572846881587
-2.361020494153914,0.00022755694681979993
-2.360156916796872,0.0002281881847018205
-2.359293339439829,0.0002288194418812936
-2.358429762082787,0.00022945071812596057
-2.357566184725745,0.00023008201320134924
-2.3567026073687023,0.00023071332687296664
-2.3558390300116603,0.00023134465890722877
-2.3549754526546174,0.0002319760090692194
-2.3541118752975754,0.0002326073771248896
-2.3532482979405325,0.0002332387628379909
-2.3523847205834905,0.00023387016597493926
-2.3515211432264485,0.00023450158629946538
-2.3506575658694056,0.00023513302357576482
-2.3497939885123635,0.0002357644775689144
-2.3489304111553206,0.00023639594804222147
-2.3480668337982786,0.00023702743475941673
-2.3472032564412357,0.00023765893748336347
-2.3463396790841937,0.00023829045597825727
-2.3454761017271517,0.0002389219900064965
-2.344612524370109,0.00023955353933094448
-2.343748947013067,0.0002401851037144645
-2.342885369656024,0.00024081668291901087
-2.342021792298982,0.00024144827670611463
-2.341158214941939,0.00024207988483819498
-2.340294637584897,0.00024271150707720623
-2.339431060227854,0.00024334314318290307
-2.338567482870812,0.00024397479291769775
-2.33770390551377,0.00024460645604223313
-2.336840328156727,0.000245238132315799
-2.335976750799685,0.00024586982150037046
-2.3351131734426422,0.0002465015233543699
-2.3342495960856002,0.0002471332376388635
-2.3333860187285573,0.00024776496411271776
-2.3325224413715153,0.0002483967025352432
-2.3316588640144733,0.00024902845266617374
-2.3307952866574304,0.00024966021426348767
-2.3299317093003884,0.0002502919870856074
-2.3290681319433455,0.00025092377089093454
-2.3282045545863035,0.0002515555654374474
-2.3273409772292606,0.0002521873704831243
-2.3264773998722186,0.00025281918578503454
-2.3256138225151766,0.0002534510111011565
-2.3247502451581337,0.0002540828461876851
-2.3238866678010917,0.0002547146908012665
-2.3230230904440488,0.0002553465446980818
-2.3221595130870067,0.0002559784076347771
-2.321295935729964,0.00025661027936711017
-2.320432358372922,0.00025724215965081815
-2.319568781015879,0.0002578740482412148
-2.318705203658837,0.0002585059448927257
-2.317841626301795,0.0002591378493601998
-2.316978048944752,0.0002597697613985067
-2.31611447158771,0.00026040168076206516
-2.315250894230667,0.00026103360720396845
-2.314387316873625,0.0002616655404790655
-2.313523739516582,0.0002622974803391173
-2.31266016215954,0.00026292942653899365
-2.311796584802498,0.00026356137882999064
-2.3109330074454553,0.00026419333696564573
-2.3100694300884133,0.00026482530069772
-2.3092058527313704,0.00026545726977839773
-2.3083422753743283,0.0002660892439585519
-2.3074786980172854,0.0002667212229908317
-2.3066151206602434,0.000267353206625201
-2.3057515433032014,0.00026798519461342096
-2.3048879659461585,0.0002686171867054693
-2.3040243885891165,0.00026924918265177483
-2.3031608112320736,0.0002698811822009692
-2.3022972338750316,0.00027051318510436934
-2.3014336565179887,0.0002711451911115159
-2.3005700791609467,0.0002717771999697083
-2.299706501803904,0.00027240921142893115
-2.298842924446862,0.0002730412252365047
-2.2979793470898198,0.00027367324114194874
-2.297115769732777,0.00027430525889213936
-2.296252192375735,0.00027493727823439673
-2.295388615018692,0.0002755692989164643
-2.29452503766165,0.0002762013206852182
-2.293661460304607,0.0002768333432870834
-2.292797882947565,0.0002774653664689361
-2.291934305590523,0.00027809738997541106
-2.29107072823348,0.0002787294135533844
-2.290207150876438,0.0002793614369475117
-2.289343573519395,0.00027999345990287194
-2.288479996162353,0.00028062548216412075
-2.2876164188053103,0.00028125750347591377
-2.2867528414482683,0.00028188952358244174
-2.2858892640912263,0.0002825215422274721
-2.2850256867341834,0.0002831535591538842
-2.2841621093771414,0.0002837855741054246
-2.2832985320200985,0.00028441758682452856
-2.2824349546630565,0.0002850495970531802
-2.2815713773060136,0.000285681604534703
-2.2807077999489715,0.00028631360900973485
-2.2798442225919286,0.00028694561022026693
-2.2789806452348866,0.00028757760790740217
-2.2781170678778446,0.00028820960181222266
-2.2772534905208017,0.0002888415916744991
-2.2763899131637597,0.00028947357723533435
-2.275526335806717,0.00029010555823359013
-2.274662758449675,0.0002907375344090371
-2.273799181092632,0.0002913695055010018
-2.27293560373559,0.00029200147124879006
-2.272072026378548,0.000292633431389952
-2.271208449021505,0.00029326538566336324
-2.270344871664463,0.00029389733380612987
-2.26948129430742,0.0002945292755557813
-2.268617716950378,0.00029516121064942363
-2.267754139593335,0.000295793138824163
-2.266890562236293,0.0002964250598161966
-2.266026984879251,0.0002970569733617423
-2.2651634075222082,0.0002976888791961299
-2.2642998301651662,0.00029832077705466836
-2.2634362528081233,0.00029895266667224335
-2.2625726754510813,0.00029958454778374055
-2.2617090980940384,0.00030021642012358074
-2.2608455207369964,0.0003008482834262055
-2.2599819433799535,0.000301480137423385
-2.2591183660229115,0.0003021119818500048
-2.2582547886658695,0.00030274381643826537
-2.2573912113088266,0.00030337564092038777
-2.2565276339517846,0.00030400745502859317
-2.2556640565947417,0.0003046392584946378
-2.2548004792376997,0.0003052710510502987
-2.2539369018806568,0.0003059028324269089
-2.2530733245236148,0.00030653460235356006
-2.2522097471665727,0.00030716636056202923
-2.25134616980953,0.00030779810678098485
-2.250482592452488,0.000308429840741295
-2.249619015095445,0.0003090615621707399
-2.248755437738403,0.0003096932707988692
-2.24789186038136,0.00031032496635346324
-2.247028283024318,0.00031095664856361366
-2.246164705667276,0.00031158831715621255
-2.245301128310233,0.00031221997185859607
-2.244437550953191,0.0003128516123967473
-2.243573973596148,0.0003134832384988906
-2.242710396239106,0.0003141148498892535
-2.2418468188820633,0.0003147464462955954
-2.2409832415250213,0.0003153780274408116
-2.2401196641679784,0.0003160095930517942
-2.2392560868109364,0.0003166411428523058
-2.2383925094538943,0.0003172726765661299
-2.2375289320968514,0.0003179041939179311
-2.2366653547398094,0.00031853569463060477
-2.2358017773827665,0.0003191671784265812
-2.2349382000257245,0.0003197986450283116
-2.2340746226686816,0.00032043009415913537
-2.2332110453116396,0.00032106152553970646
-2.2323474679545976,0.0003216929388915879
-2.2314838905975547,0.0003223243339363427
-2.2306203132405127,0.00032295571039373666
-2.22975673588347,0.00032358706798444464
-2.2288931585264278,0.0003242184064278092
-2.228029581169385,0.00032484972544226387
-2.227166003812343,0.0003254810247480394
-2.226302426455301,0.0003261123040631392
-2.225438849098258,0.00032674356310601754
-2.224575271741216,0.0003273748015933317
-2.223711694384173,0.00032800601924353606
-2.222848117027131,0.00032863721577197635
-2.221984539670088,0.00032926839089619797
-2.221120962313046,0.00032989954433154667
-2.220257384956003,0.0003305306757938123
-2.219393807598961,0.0003311617849978757
-2.218530230241919,0.0003317928716590826
-2.2176666528848763,0.0003324239354905584
-2.2168030755278343,0.00033305497620718383
-2.2159394981707914,0.0003336859935211961
-2.2150759208137494,0.00033431698714615765
-2.2142123434567065,0.0003349479567956379
-2.2133487660996645,0.00033557890217963265
-2.2124851887426225,0.0003362098230112673
-2.2116216113855796,0.00033684071900144663
-2.2107580340285375,0.00033747158986061065
-2.2098944566714946,0.00033810243529877604
-2.2090308793144526,0.00033873325502729174
-2.2081673019574097,0.0003393640487534891
-2.2073037246003677,0.000339994816188717
-2.2064401472433257,0.0003406255570394326
-2.205576569886283,0.0003412562710147643
-2.204712992529241,0.0003418869578215994
-2.203849415172198,0.0003425176171681782
-2.202985837815156,0.0003431482487600765
-2.202122260458113,0.0003437788523046256
-2.201258683101071,0.0003444094275065132
-2.200395105744028,0.0003450399740717591
-2.199531528386986,0.00034567049170591835
-2.198667951029944,0.00034630098011190213
-2.197804373672901,0.0003469314389952863
-2.196940796315859,0.00034756186805807304
-2.1960772189588162,0.00034819226700406186
-2.1952136416017742,0.0003488226355357199
-2.1943500642447313,0.00034945297335504943
-2.1934864868876893,0.00035008328016362944
-2.1926229095306473,0.00035071355566303197
-2.1917593321736044,0.00035134379955350376
-2.1908957548165624,0.0003519740115352707
-2.1900321774595195,0.0003526041913081354
-2.1891686001024775,0.0003532343385710124
-2.1883050227454346,0.0003538644530232393
-2.1874414453883926,0.0003544945343623984
-2.1865778680313506,0.00035512458228696003
-2.1857142906743077,0.00035575459649404145
-2.1848507133172657,0.0003563845766798926
-2.1839871359602228,0.00035701452254120747
-2.1831235586031807,0.0003576444337742152
-2.182259981246138,0.0003582743100733893
-2.181396403889096,0.0003589041511340846
-2.180532826532053,0.00035953395665077464
-2.179669249175011,0.00036016372631702404
-2.178805671817969,0.00036079345982686223
-2.177942094460926,0.00036142315687165416
-2.177078517103884,0.0003620528171454085
-2.176214939746841,0.00036268244033949015
-2.175351362389799,0.0003633120261439318
-2.174487785032756,0.0003639415742505217
-2.173624207675714,0.00036457108435018065
-2.172760630318672,0.0003652005561320462
-2.1718970529616293,0.0003658299892852629
-2.1710334756045873,0.00036645938349895435
-2.1701698982475444,0.0003670887384613769
-2.1693063208905023,0.0003677180538598987
-2.1684427435334594,0.0003683473293827552
-2.1675791661764174,0.00036897656471509416
-2.1667155888193754,0.00036960575954428365
-2.1658520114623325,0.0003702349135550065
-2.1649884341052905,0.0003708640264332985
-2.1641248567482476,0.0003714930978629752
-2.1632612793912056,0.00037212212752916335
-2.1623977020341627,0.00037275111511479025
-2.1615341246771207,0.00037338006030233906
-2.160670547320078,0.0003740089627747162
-2.159806969963036,0.0003746378222144048
-2.1589433926059938,0.0003752666383021047
-2.158079815248951,0.00037589541071896687
-2.157216237891909,0.00037652413914523314
-2.156352660534866,0.00037715282326027805
-2.155489083177824,0.0003777814627434761
-2.154625505820781,0.0003784100572741811
-2.153761928463739,0.0003790386065299911
-2.152898351106697,0.00037966711018806026
-2.152034773749654,0.0003802955679268541
-2.151171196392612,0.00038092397942130624
-2.150307619035569,0.0003815523443476826
-2.149444041678527,0.0003821806623813401
-2.1485804643214843,0.0003828089331976564
-2.1477168869644423,0.00038343715646978194
-2.1468533096074003,0.0003840653318730944
-2.1459897322503574,0.00038469345907895386
-2.1451261548933154,0.00038532153776051764
-2.1442625775362725,0.0003859495675904989
-2.1433990001792305,0.00038657754823936963
-2.1425354228221876,0.0003872054793780666
-2.1416718454651456,0.00038783336067752666
-2.1408082681081027,0.0003884611918064454
-2.1399446907510606,0.00038908897243398327
-2.1390811133940186,0.00038971670222929383
-2.1382175360369757,0.0003903443808602053
-2.1373539586799337,0.00039097200799363685
-2.136490381322891,0.00039159958329741673
-2.135626803965849,0.0003922271064362645
-2.134763226608806,0.0003928545770770994
-2.133899649251764,0.00039348199488375285
-2.133036071894722,0.0003941093595213885
-2.132172494537679,0.0003947366706533728
-2.131308917180637,0.00039536392794353725
-2.130445339823594,0.00039599113105349276
-2.129581762466552,0.00039661827964704993
-2.128718185109509,0.0003972453733835993
-2.127854607752467,0.00039787241192475176
-2.126991030395425,0.00039849939493120934
-2.1261274530383822,0.00039912632206191845
-2.1252638756813402,0.00039975319297626266
-2.1244002983242973,0.0004003800073331884
-2.1235367209672553,0.00040100676478895675
-2.1226731436102124,0.00040163346500207003
-2.1218095662531704,0.00040226010762836606
-2.1209459888961284,0.0004028866923236618
-2.1200824115390855,0.0004035132187442392
-2.1192188341820435,0.0004041396865432714
-2.1183552568250006,0.00040476609537613145
-2.1174916794679586,0.00040539244489554843
-2.1166281021109157,0.00040601873475469563
-2.1157645247538737,0.00040664496460539323
-2.1149009473968308,0.00040727113409948223
-2.1140373700397888,0.0004078972428879085
-2.1131737926827467,0.0004085232906207367
-2.112310215325704,0.0004091492769475666
-2.111446637968662,0.00040977520151757457
-2.110583060611619,0.0004104010639786049
-2.109719483254577,0.00041102686397892496
-2.108855905897534,0.00041165260116549085
-2.107992328540492,0.00041227827518481447
-2.10712875118345,0.00041290388568205466
-2.106265173826407,0.00041352943230327927
-2.105401596469365,0.00041415491469188465
-2.104538019112322,0.0004147803324926064
-2.10367444175528,0.00041540568534793876
-2.1028108643982373,0.0004160309729012851
-2.1019472870411953,0.0004166561947929401
-2.1010837096841533,0.000417281350665398
-2.1002201323271104,0.0004179064401585095
-2.0993565549700683,0.00041853146291212506
-2.0984929776130254,0.00041915641856563046
-2.0976294002559834,0.0004197813067570999
-2.0967658228989405,0.0004204061271250517
-2.0959022455418985,0.00042103087930620703
-2.0950386681848556,0.00042165556293686374
-2.0941750908278136,0.00042228017765243153
-2.0933115134707716,0.0004229047230891875
-2.0924479361137287,0.0004235291988807649
-2.0915843587566867,0.0004241536046607902
-2.090720781399644,0.00042477794006289676
-2.089857204042602,0.0004254022047184766
-2.088993626685559,0.00042602639825983085
-2.088130049328517,0.00042665052031837236
-2.087266471971475,0.0004272745705232728
-2.086402894614432,0.0004278985485050568
-2.08553931725739,0.00042852245389158466
-2.084675739900347,0.00042914628631158386
-2.083812162543305,0.0004297700453924705
-2.082948585186262,0.00043039373076121656
-2.08208500782922,0.0004310173420443292
-2.081221430472178,0.0004316408788656717
-2.080357853115135,0.00043226434085043286
-2.079494275758093,0.0004328877276229201
-2.0786306984010503,0.0004335110388060878
-2.0777671210440083,0.0004341342740224671
-2.0769035436869654,0.00043475743289414504
-2.0760399663299234,0.0004353805150414114
-2.0751763889728805,0.0004360035200845769
-2.0743128116158385,0.00043662644764395214
-2.0734492342587965,0.0004372492973376066
-2.0725856569017536,0.00043787206878407453
-2.0717220795447115,0.00043849476160055106
-2.0708585021876686,0.00043911737540335005
-2.0699949248306266,0.00043973990980876454
-2.0691313474735837,0.0004403623644317761
-2.0682677701165417,0.0004409847388873664
-2.0674041927594997,0.0004416070327882757
-2.066540615402457,0.0004422292457477092
-2.065677038045415,0.00044285137737842817
-2.064813460688372,0.0004434734272905083
-2.06394988333133,0.00044409539509582263
-2.063086305974287,0.00044471728040402364
-2.062222728617245,0.0004453390828234108
-2.061359151260203,0.0004459608019631925
-2.06049557390316,0.0004465824374307939
-2.059631996546118,0.0004472039888336471
-2.058768419189075,0.0004478254557760547
-2.057904841832033,0.0004484468378654488
-2.0570412644749902,0.0004490681347057088
-2.0561776871179482,0.0004496893458993609
-2.0553141097609053,0.0004503104710502845
-2.0544505324038633,0.0004509315097610267
-2.0535869550468213,0.0004515524616323374
-2.0527233776897784,0.0004521733262658756
-2.0518598003327364,0.0004527941032593033
-2.0509962229756935,0.0004534147922142587
-2.0501326456186515,0.0004540353927284038
-2.0492690682616086,0.0004546559043980686
-2.0484054909045666,0.00045527632682000607
-2.0475419135475246,0.00045589665959143433
-2.0466783361904817,0.0004565169023060117
-2.0458147588334397,0.0004571370545591799
-2.0449511814763968,0.0004577571159436952
-2.0440876041193548,0.0004583770860523348
-2.043224026762312,0.00045899696447743166
-2.04236044940527,0.0004596167508090776
-2.041496872048228,0.0004602364446382734
-2.040633294691185,0.00046085604555468757
-2.039769717334143,0.00046147555314574734
-2.0389061399771,0.00046209496699978897
-2.038042562620058,0.00046271428670514175
-2.037178985263015,0.00046333351184570104
-2.036315407905973,0.0004639526420075618
-2.03545183054893,0.0004645716767755076
-2.034588253191888,0.00046519061573343373
-2.033724675834846,0.0004658094584634384
-2.0328610984778033,0.0004664282045480847
-2.0319975211207613,0.00046704685356771525
-2.0311339437637184,0.00046766540510398413
-2.0302703664066764,0.00046828385873412537
-2.0294067890496335,0.0004689022140384816
-2.0285432116925914,0.0004695204705947101
-2.0276796343355494,0.0004701386279791567
-2.0268160569785065,0.0004707566857677162
-2.0259524796214645,0.00047137464353629033
-2.0250889022644216,0.0004719925008585396
-2.0242253249073796,0.0004726102573081453
-2.0233617475503367,0.0004732279124574565
-2.0224981701932947,0.00047384546587835724
-2.0216345928362527,0.00047446291714186434
-2.02077101547921,0.0004750802658172182
-2.0199074381221678,0.0004756975114754147
-2.019043860765125,0.00047631465368302983
-2.018180283408083,0.00047693169200708346
-2.01731670605104,0.00047754862601501885
-2.016453128693998,0.0004781654552720796
-2.015589551336955,0.0004787821793435093
-2.014725973979913,0.0004793987977923103
-2.013862396622871,0.0004800153101810617
-2.012998819265828,0.00048063171607277966
-2.012135241908786,0.0004812480150282669
-2.011271664551743,0.0004818642066074172
-2.010408087194701,0.0004824802903705891
-2.0095445098376583,0.00048309626587458854
-2.0086809324806163,0.0004837121326775329
-2.0078173551235743,0.0004843278903371162
-2.0069537777665314,0.0004849435384074799
-2.0060902004094894,0.00048555907644407675
-2.0052266230524465,0.0004861745040006041
-2.0043630456954045,0.0004867898206303081
-2.0034994683383616,0.0004874050258846657
-2.0026358909813196,0.000488020119315577
-2.0017723136242775,0.0004886351004718542
-2.0009087362672346,0.0004892499689040861
-2.0000451589101926,0.0004898647241601758
-1.9991815815531497,0.0004904793657867154
-1.9983180041961077,0.0004910938933311848
-1.9974544268390648,0.0004917083063383787
-1.9965908494820228,0.0004923226043531126
-1.99572727212498,0.0004929367869188697
-1.994863694767938,0.0004935508535782243
-1.994000117410896,0.0004941648038733273
-1.993136540053853,0.0004947786373445465
-1.992272962696811,0.000495392353530924
-1.991409385339768,0.0004960059519723697
-1.990545807982726,0.0004966194322065937
-1.9896822306256832,0.0004972327937699736
-1.9888186532686412,0.0004978460361988665
-1.9879550759115991,0.0004984591590278739
-1.9870914985545562,0.000499072161790709
-1.9862279211975142,0.0004996850440210643
-1.9853643438404713,0.0005002978052504325
-1.9845007664834293,0.0005009104450102997
-1.9836371891263864,0.0005015229628303822
-1.9827736117693444,0.0005021353582394875
-1.9819100344123024,0.0005027476307668879
-1.9810464570552595,0.0005033597799378592
-1.9801828796982175,0.0005039718052803205
-1.9793193023411746,0.0005045837063182151
-1.9784557249841326,0.0005051954825759306
-1.9775921476270897,0.000505807133576501
-1.9767285702700477,0.0005064186588420935
-1.9758649929130048,0.0005070300578935427
-1.9750014155559628,0.0005076413302512184
-1.9741378381989207,0.0005082524754337348
-1.9732742608418778,0.0005088634929601502
-1.9724106834848358,0.0005094743823459494
-1.971547106127793,0.0005100851431079703
-1.970683528770751,0.0005106957747612675
-1.969819951413708,0.0005113062768195703
-1.968956374056666,0.0005119166487956989
-1.968092796699624,0.0005125268902020502
-1.967229219342581,0.0005131370005488009
-1.966365641985539,0.0005137469793456625
-1.9655020646284962,0.0005143568261019235
-1.9646384872714542,0.0005149665403250958
-1.9637749099144113,0.0005155761215213384
-1.9629113325573693,0.0005161855691968309
-1.9620477552003273,0.0005167948828559699
-1.9611841778432844,0.0005174040620022705
-1.9603206004862423,0.0005180131061378948
-1.9594570231291994,0.0005186220147645818
-1.9585934457721574,0.0005192307873827379
-1.9577298684151145,0.0005198394234909726
-1.9568662910580725,0.0005204479225879161
-1.9560027137010296,0.0005210562841708663
-1.9551391363439876,0.0005216645077344359
-1.9542755589869456,0.0005222725927754787
-1.9534119816299027,0.0005228805387864077
-1.9525484042728607,0.0005234883452605033
-1.9516848269158178,0.0005240960116892901
-1.9508212495587758,0.000524703537563842
-1.9499576722017329,0.0005253109223730193
-1.9490940948446909,0.0005259181656056613
-1.9482305174876489,0.000526525266748408
-1.947366940130606,0.000527132225287899
-1.946503362773564,0.0005277390407089771
-1.945639785416521,0.0005283457124960617
-1.944776208059479,0.0005289522401313515
-1.9439126307024361,0.0005295586230970248
-1.9430490533453941,0.00053016486087306
-1.9421854759883521,0.0005307709529394355
-1.9413218986313092,0.0005313768987747769
-1.9404583212742672,0.0005319826978559539
-1.9395947439172243,0.0005325883496593922
-1.9387311665601823,0.0005331938536583883
-1.9378675892031394,0.0005337992093293678
-1.9370040118460974,0.0005344044161429765
-1.9361404344890545,0.0005350094735720873
-1.9352768571320125,0.0005356143810851116
-1.9344132797749705,0.0005362191381540343
-1.9335497024179276,0.000536823744244623
-1.9326861250608856,0.0005374281988257332
-1.9318225477038427,0.0005380325013609119
-1.9309589703468006,0.000538636651316815
-1.9300953929897577,0.0005392406481556367
-1.9292318156327157,0.0005398444913395917
-1.9283682382756737,0.000540448180330444
-1.9275046609186308,0.000541051714588632
-1.9266410835615888,0.000541655093571021
-1.925777506204546,0.000542258316736717
-1.924913928847504,0.0005428613835412738
-1.924050351490461,0.000543464293440668
-1.923186774133419,0.0005440670458877889
-1.922323196776377,0.0005446696403368576
-1.921459619419334,0.0005452720762380778
-1.920596042062292,0.0005458743530425622
-1.9197324647052492,0.0005464764701992031
-1.9188688873482072,0.0005470784271559836
-1.9180053099911643,0.0005476802233600198
-1.9171417326341222,0.000548281858256644
-1.9162781552770793,0.0005488833312907518
-1.9154145779200373,0.0005494846419041091
-1.9145510005629953,0.0005500857895398351
-1.9136874232059524,0.0005506867736383841
-1.9128238458489104,0.0005512875936379696
-1.9119602684918675,0.000551888248978602
-1.9110966911348255,0.0005524887390962949
-1.9102331137777826,0.000553089063426597
-1.9093695364207406,0.0005536892214046338
-1.9085059590636986,0.0005542892124628662
-1.9076423817066557,0.0005548890360341785
-1.9067788043496137,0.0005554886915488111
-1.9059152269925708,0.0005560881784356722
-1.9050516496355288,0.0005566874961240934
-1.9041880722784859,0.0005572866440403182
-1.9033244949214438,0.0005578856216101394
-1.9024609175644018,0.0005584844282580242
-1.901597340207359,0.000559083063407087
-1.900733762850317,0.0005596815264791305
-1.899870185493274,0.0005602798168950693
-1.899006608136232,0.0005608779340735767
-1.898143030779189,0.0005614758774324588
-1.897279453422147,0.0005620736463895215
-1.8964158760651042,0.0005626712403598855
-1.8955522987080622,0.0005632686587569158
-1.8946887213510202,0.0005638659009939706
-1.8938251439939773,0.0005644629664821946
-1.8929615666369353,0.0005650598546322674
-1.8920979892798924,0.0005656565648531134
-1.8912344119228504,0.0005662530965518803
-1.8903708345658075,0.000566849449134807
-1.8895072572087654,0.0005674456220068208
-1.8886436798517234,0.0005680416145724052
-1.8877801024946805,0.0005686374262324698
-1.8869165251376385,0.0005692330563897216
-1.8860529477805956,0.0005698285044419826
-1.8851893704235536,0.0005704237697879422
-1.8843257930665107,0.0005710188518254222
-1.8834622157094687,0.0005716137499491292
-1.8825986383524267,0.0005722084635537764
-1.8817350609953838,0.0005728029920313918
-1.8808714836383418,0.0005733973347749124
-1.8800079062812989,0.0005739914911732785
-1.8791443289242569,0.0005745854606158535
-1.878280751567214,0.0005751792424902452
-1.877417174210172,0.0005757728361813971
-1.876553596853129,0.0005763662410755641
-1.875690019496087,0.0005769594565545808
-1.874826442139045,0.0005775524820011702
-1.8739628647820021,0.0005781453167958139
-1.8730992874249601,0.0005787379603176823
-1.8722357100679172,0.0005793304119441692
-1.8713721327108752,0.0005799226710517594
-1.8705085553538323,0.0005805147370156263
-1.8696449779967903,0.0005811066092096043
-1.8687814006397483,0.0005816982870044257
-1.8679178232827054,0.0005822897697721346
-1.8670542459256634,0.0005828810568816872
-1.8661906685686205,0.0005834721477007074
-1.8653270912115785,0.00058406304159591
-1.8644635138545356,0.0005846537379322544
-1.8635999364974936,0.0005852442360733678
-1.8627363591404515,0.0005858345353810801
-1.8618727817834086,0.0005864246352167979
-1.8610092044263666,0.0005870145349392564
-1.8601456270693237,0.0005876042339067536
-1.8592820497122817,0.0005881937314749022
-1.8584184723552388,0.0005887830269993358
-1.8575548949981968,0.0005893721198330232
-1.856691317641154,0.0005899610093284685
-1.855827740284112,0.0005905496948359762
-1.85496416292707,0.0005911381757045184
-1.854100585570027,0.0005917264512826023
-1.853237008212985,0.0005923145209147593
-1.852373430855942,0.0005929023839468528
-1.8515098534989,0.0005934900397211729
-1.8506462761418572,0.0005940774875804744
-1.8497826987848152,0.0005946647268639527
-1.8489191214277731,0.0005952517569108098
-1.8480555440707302,0.000595838577058451
-1.8471919667136882,0.0005964251866416373
-1.8463283893566453,0.0005970115849955743
-1.8454648119996033,0.0005975977714523378
-1.8446012346425604,0.0005981837453435807
-1.8437376572855184,0.0005987695059982909
-1.8428740799284764,0.0005993550527449917
-1.8420105025714335,0.0005999403849104509
-1.8411469252143915,0.0006005255018187716
-1.8402833478573486,0.0006011104027940362
-1.8394197705003066,0.0006016950871590154
-1.8385561931432637,0.0006022795542329276
-1.8376926157862217,0.0006028638033349701
-1.8368290384291788,0.0006034478337834728
-1.8359654610721368,0.0006040316448932062
-1.8351018837150948,0.0006046152359780593
-1.8342383063580519,0.0006051986063519005
-1.8333747290010098,0.0006057817553250661
-1.832511151643967,0.0006063646822065602
-1.831647574286925,0.0006069473863058103
-1.830783996929882,0.0006075298669273796
-1.82992041957284,0.0006081121233780518
-1.829056842215798,0.0006086941549588165
-1.828193264858755,0.0006092759609733489
-1.827329687501713,0.000609857540719988
-1.8264661101446702,0.0006104388934988561
-1.8256025327876282,0.0006110200186042816
-1.8247389554305853,0.0006116009153337224
-1.8238753780735433,0.0006121815829806393
-1.8230118007165013,0.0006127620208349199
-1.8221482233594584,0.0006133422281895812
-1.8212846460024164,0.0006139222043314227
-1.8204210686453735,0.0006145019485485556
-1.8195574912883314,0.0006150814601255591
-1.8186939139312885,0.0006156607383474566
-1.8178303365742465,0.0006162397824952537
-1.8169667592172036,0.000616818591850421
-1.8161031818601616,0.0006173971656908694
-1.8152396045031196,0.000617975503294517
-1.8143760271460767,0.000618553603936596
-1.8135124497890347,0.000619131466891916
-1.8126488724319918,0.0006197090914308451
-1.8117852950749498,0.0006202864768259514
-1.8109217177179069,0.0006208636223453828
-1.8100581403608649,0.0006214405272559551
-1.8091945630038229,0.0006220171908231306
-1.80833098564678,0.0006225936123115047
-1.807467408289738,0.000623169790982564
-1.806603830932695,0.0006237457260968859
-1.805740253575653,0.0006243214169132927
-1.8048766762186101,0.0006248968626897181
-1.8040130988615681,0.0006254720626796342
-1.8031495215045261,0.0006260470161383105
-1.8022859441474832,0.0006266217223165685
-1.8014223667904412,0.0006271961804652365
-1.8005587894333983,0.0006277703898324577
-1.7996952120763563,0.0006283443496655078
-1.7988316347193134,0.0006289180592085539
-1.7979680573622714,0.0006294915177052982
-1.7971044800052285,0.0006300647243972432
-1.7962409026481865,0.0006306376785236711
-1.7953773252911445,0.0006312103793229551
-1.7945137479341016,0.0006317828260317127
-1.7936501705770596,0.0006323550178838899
-1.7927865932200167,0.0006329269541121077
-1.7919230158629746,0.0006334986339471896
-1.7910594385059317,0.0006340700566186477
-1.7901958611488897,0.0006346412213546621
-1.7893322837918477,0.0006352121273789507
-1.7884687064348048,0.0006357827739170291
-1.7876051290777628,0.0006363531601895275
-1.78674155172072,0.0006369232854174997
-1.785877974363678,0.0006374931488193555
-1.785014397006635,0.0006380627496112845
-1.784150819649593,0.0006386320870085671
-1.783287242292551,0.0006392011602229519
-1.782423664935508,0.0006397699684670688
-1.781560087578466,0.0006403385109497797
-1.7806965102214232,0.0006409067868781496
-1.7798329328643812,0.0006414747954579317
-1.7789693555073383,0.0006420425358931031
-1.7781057781502962,0.0006426100073858437
-1.7772422007932533,0.0006431772091356897
-1.7763786234362113,0.0006437441403412889
-1.7755150460791693,0.000644310800198826
-1.7746514687221264,0.0006448771879027301
-1.7737878913650844,0.0006454433026460982
-1.7729243140080415,0.0006460091436193416
-1.7720607366509995,0.0006465747100120045
-1.7711971592939566,0.0006471400010100714
-1.7703335819369146,0.0006477050157988676
-1.7694700045798726,0.0006482697535628093
-1.7686064272228297,0.0006488342134814487
-1.7677428498657877,0.0006493983947361143
-1.7668792725087448,0.0006499622965030066
-1.7660156951517028,0.0006505259179585693
-1.7651521177946599,0.000651089258275471
-1.7642885404376178,0.0006516523166263596
-1.7634249630805758,0.0006522150921803513
-1.762561385723533,0.000652777584106562
-1.761697808366491,0.000653339791569868
-1.760834231009448,0.0006539017137351666
-1.759970653652406,0.0006544633497637953
-1.7591070762953631,0.0006550246988166544
-1.758243498938321,0.0006555857600512929
-1.7573799215812782,0.0006561465326243923
-1.7565163442242362,0.0006567070156897475
-1.7556527668671942,0.0006572672084002446
-1.7547891895101513,0.0006578271099059035
-1.7539256121531093,0.0006583867193554124
-1.7530620347960664,0.0006589460358938856
-1.7521984574390244,0.0006595050586677906
-1.7513348800819815,0.0006600637868180437
-1.7504713027249394,0.0006606222194850964
-1.7496077253678974,0.0006611803558076446
-1.7487441480108545,0.0006617381949221568
-1.7478805706538125,0.000662295735962444
-1.7470169932967696,0.0006628529780614081
-1.7461534159397276,0.0006634099203490854
-1.7452898385826847,0.0006639665619546237
-1.7444262612256427,0.0006645229020029314
-1.7435626838686007,0.0006650789396189377
-1.7426991065115578,0.0006656346739244631
-1.7418355291545158,0.000666190104039531
-1.7409719517974729,0.0006667452290828532
-1.7401083744404309,0.0006673000481702551
-1.739244797083388,0.0006678545604146546
-1.738381219726346,0.0006684087649298787
-1.737517642369303,0.000668962660823752
-1.736654065012261,0.0006695162472047725
-1.735790487655219,0.0006700695231785306
-1.7349269102981761,0.0006706224878488612
-1.7340633329411341,0.0006711751403167127
-1.7331997555840912,0.0006717274796816802
-1.7323361782270492,0.0006722795050407154
-1.7314726008700063,0.0006728312154889934
-1.7306090235129643,0.0006733826101198923
-1.7297454461559223,0.0006739336880237021
-1.7288818687988794,0.0006744844482898249
-1.7280182914418374,0.0006750348900040892
-1.7271547140847945,0.0006755850122512341
-1.7262911367277525,0.0006761348141139933
-1.7254275593707096,0.000676684294672221
-1.7245639820136676,0.0006772334530039739
-1.7237004046566256,0.0006777822881848874
-1.7228368272995827,0.0006783307992890425
-1.7219732499425406,0.0006788789853878346
-1.7211096725854977,0.0006794268455502378
-1.7202460952284557,0.0006799743788436716
-1.7193825178714128,0.0006805215843335363
-1.7185189405143708,0.0006810684610823667
-1.717655363157328,0.0006816150081506989
-1.716791785800286,0.0006821612245966058
-1.715928208443244,0.0006827071094764048
-1.715064631086201,0.000683252661844852
-1.714201053729159,0.0006837978807524916
-1.713337476372116,0.0006843427652496251
-1.712473899015074,0.0006848873143832437
-1.7116103216580312,0.0006854315271981187
-1.7107467443009892,0.000685975402737668
-1.7098831669439472,0.0006865189400424437
-1.7090195895869043,0.0006870621381498895
-1.7081560122298622,0.0006876049960978722
-1.7072924348728193,0.0006881475129178402
-1.7064288575157773,0.0006886896876430182
-1.7055652801587344,0.0006892315193019471
-1.7047017028016924,0.0006897730069220787
-1.7038381254446504,0.0006903141495277487
-1.7029745480876075,0.0006908549461415239
-1.7021109707305655,0.0006913953957830635
-1.7012473933735226,0.000691935497470493
-1.7003838160164806,0.0006924752502194959
-1.6995202386594377,0.0006930146530430698
-1.6986566613023957,0.0006935537049526791
-1.6977930839453537,0.0006940924049553474
-1.6969295065883108,0.0006946307520585213
-1.6960659292312688,0.0006951687452656716
-1.6952023518742259,0.0006957063835784927
-1.6943387745171838,0.0006962436659959936
-1.693475197160141,0.0006967805915152059
-1.692611619803099,0.0006973171591304894
-1.691748042446056,0.0006978533678337687
-1.690884465089014,0.0006983892166149488
-1.690020887731972,0.0006989247044610694
-1.689157310374929,0.0006994598303573935
-1.688293733017887,0.0006999945932869428
-1.6874301556608442,0.0007005289922292074
-1.6865665783038022,0.0007010630261619008
-1.6857030009467593,0.0007015966940609394
-1.6848394235897173,0.0007021299948989299
-1.6839758462326753,0.0007026629276469173
-1.6831122688756324,0.0007031954912726235
-1.6822486915185904,0.0007037276847415286
-1.6813851141615475,0.0007042595070171354
-1.6805215368045054,0.000704790957060282
-1.6796579594474625,0.0007053220338297875
-1.6787943820904205,0.0007058527362809389
-1.6779308047333785,0.0007063830633674689
-1.6770672273763356,0.000706913014040203
-1.6762036500192936,0.0007074425872479889
-1.6753400726622507,0.0007079717819367878
-1.6744764953052087,0.0007085005970496536
-1.6736129179481658,0.0007090290315283285
-1.6727493405911238,0.0007095570843114463
-1.671885763234081,0.0007100847543342892
-1.6710221858770389,0.0007106120405314942
-1.6701586085199969,0.0007111389418336944
-1.669295031162954,0.0007116654571688655
-1.668431453805912,0.000712191585464074
-1.667567876448869,0.0007127173256417443
-1.666704299091827,0.000713242676623857
-1.6658407217347841,0.0007137676373279306
-1.6649771443777421,0.0007142922066703944
-1.6641135670207001,0.0007148163835647911
-1.6632499896636572,0.0007153401669210899
-1.6623864123066152,0.0007158635556477264
-1.6615228349495723,0.0007163865486506937
-1.6606592575925303,0.0007169091448328557
-1.6597956802354874,0.0007174313430944323
-1.6589321028784454,0.0007179531423331942
-1.6580685255214034,0.0007184745414446983
-1.6572049481643605,0.0007189955393213723
-1.6563413708073185,0.0007195161348536663
-1.6554777934502756,0.0007200363269284776
-1.6546142160932336,0.0007205561144309064
-1.6537506387361907,0.0007210754962427429
-1.6528870613791486,0.0007215944712442232
-1.6520234840221057,0.0007221130383115656
-1.6511599066650637,0.0007226311963192331
-1.6502963293080217,0.0007231489441383507
-1.6494327519509788,0.0007236662806387184
-1.6485691745939368,0.0007241832046861185
-1.647705597236894,0.0007246997151439116
-1.646842019879852,0.0007252158108732379
-1.645978442522809,0.0007257314907323301
-1.645114865165767,0.0007262467535763331
-1.644251287808725,0.0007267615982586156
-1.643387710451682,0.0007272760236291947
-1.64252413309464,0.0007277900285347777
-1.6416605557375972,0.0007283036118207395
-1.6407969783805552,0.0007288167723288816
-1.6399334010235123,0.0007293295088981397
-1.6390698236664702,0.000729841820365007
-1.6382062463094282,0.0007303537055635134
-1.6373426689523853,0.000730865163324601
-1.6364790915953433,0.0007313761924758744
-1.6356155142383004,0.0007318867918438346
-1.6347519368812584,0.0007323969602502992
-1.6338883595242155,0.0007329066965157741
-1.6330247821671735,0.0007334159994567685
-1.6321612048101306,0.0007339248678877724
-1.6312976274530886,0.0007344333006201881
-1.6304340500960466,0.0007349412964636412
-1.6295704727390037,0.0007354488542226298
-1.6287068953819617,0.0007359559727007844
-1.6278433180249188,0.0007364626506988492
-1.6269797406678768,0.0007369688870133284
-1.6261161633108339,0.0007374746804398591
-1.6252525859537919,0.0007379800297696304
-1.6243890085967498,0.0007384849337920621
-1.623525431239707,0.0007389893912918902
-1.622661853882665,0.0007394934010534274
-1.621798276525622,0.0007399969618563235
-1.62093469916858,0.0007405000724788752
-1.6200711218115371,0.000741002731694515
-1.619207544454495,0.0007415049382753433
-1.618343967097453,0.0007420066909901088
-1.6174803897404102,0.0007425079886051386
-1.6166168123833682,0.0007430088298827561
-1.6157532350263253,0.0007435092135826271
-1.6148896576692833,0.0007440091384623981
-1.6140260803122404,0.0007445086032757398
-1.6131625029551984,0.0007450076067745462
-1.6122989255981555,0.000745506147706472
-1.6114353482411135,0.00074600422481675
-1.6105717708840714,0.0007465018368481707
-1.6097081935270285,0.0007469989825397289
-1.6088446161699865,0.0007474956606279975
-1.6079810388129436,0.0007479918698464413
-1.6071174614559016,0.0007484876089247292
-1.6062538840988587,0.0007489828765912185
-1.6053903067418167,0.0007494776715698259
-1.6045267293847747,0.0007499719925817827
-1.6036631520277318,0.0007504658383461205
-1.6027995746706898,0.000750959207577645
-1.6019359973136469,0.0007514520989887266
-1.6010724199566049,0.0007519445112886061
-1.600208842599562,0.0007524364431841027
-1.59934526524252,0.0007529278933773725
-1.598481687885478,0.0007534188605692188
-1.597618110528435,0.0007539093434564687
-1.596754533171393,0.0007543993407335067
-1.5958909558143501,0.0007548888510907001
-1.5950273784573081,0.0007553778732159941
-1.5941638011002652,0.0007558664057942255
-1.5933002237432232,0.0007563544475068795
-1.5924366463861803,0.0007568419970323537
-1.5915730690291383,0.0007573290530463739
-1.5907094916720963,0.0007578156142208983
-1.5898459143150534,0.0007583016792249778
-1.5889823369580114,0.0007587872467245751
-1.5881187596009685,0.0007592723153827668
-1.5872551822439265,0.0007597568838586116
-1.5863916048868836,0.0007602409508096347
-1.5855280275298416,0.0007607245148886985
-1.5846644501727996,0.0007612075747450917
-1.5838008728157567,0.0007616901290270137
-1.5829372954587146,0.000762172176377994
-1.5820737181016717,0.0007626537154384605
-1.5812101407446297,0.0007631347448457115
-1.5803465633875868,0.0007636152632337356
-1.5794829860305448,0.0007640952692336347
-1.5786194086735028,0.0007645747614731593
-1.57775583131646,0.00076505373857675
-1.576892253959418,0.0007655321991659608
-1.576028676602375,0.0007660101418583282
-1.575165099245333,0.0007664875652685227
-1.57430152188829,0.0007669644680087725
-1.573437944531248,0.0007674408486861781
-1.5725743671742052,0.000767916705906084
-1.5717107898171632,0.0007683920382705045
-1.5708472124601212,0.0007688668443769919
-1.5699836351030783,0.0007693411228208991
-1.5691200577460362,0.000769814872194241
-1.5682564803889933,0.0007702880910854873
-1.5673929030319513,0.0007707607780786455
-1.5665293256749084,0.0007712329317561897
-1.5656657483178664,0.0007717045506965975
-1.5648021709608244,0.0007721756334743285
-1.5639385936037815,0.0007726461786616429
-1.5630750162467395,0.0007731161848263599
-1.5622114388896966,0.0007735856505338354
-1.5613478615326546,0.0007740545743452273
-1.5604842841756117,0.0007745229548190291
-1.5596207068185697,0.0007749907905097164
-1.5587571294615277,0.0007754580799684552
-1.5578935521044848,0.0007759248217435177
-1.5570299747474428,0.0007763910143796307
-1.5561663973903999,0.000776856656417281
-1.5553028200333578,0.0007773217463943119
-1.554439242676315,0.0007777862828452359
-1.553575665319273,0.0007782502643005479
-1.55271208796223,0.0007787136892878771
-1.551848510605188,0.0007791765563301897
-1.550984933248146,0.0007796388639484328
-1.5501213558911031,0.0007801006106597994
-1.549257778534061,0.0007805617949770347
-1.5483942011770182,0.0007810224154104484
-1.5475306238199762,0.0007814824704663326
-1.5466670464629333,0.0007819419586470033
-1.5458034691058913,0.0007824008784527783
-1.5449398917488493,0.0007828592283781813
-1.5440763143918064,0.0007833170069168685
-1.5432127370347644,0.0007837742125565011
-1.5423491596777215,0.0007842308437824991
-1.5414855823206794,0.0007846868990765282
-1.5406220049636365,0.0007851423769169238
-1.5397584276065945,0.0007855972757775595
-1.5388948502495525,0.0007860515941298871
-1.5380312728925096,0.0007865053304404665
-1.5371676955354676,0.0007869584831734222
-1.5363041181784247,0.0007874110507884169
-1.5354405408213827,0.0007878630317420254
-1.5345769634643398,0.0007883144244874921
-1.5337133861072978,0.0007887652274733772
-1.532849808750255,0.0007892154391451536
-1.5319862313932129,0.0007896650579451853
-1.5311226540361709,0.0007901140823111524
-1.530259076679128,0.0007905625106780917
-1.529395499322086,0.0007910103414761546
-1.528531921965043,0.0007914575731330295
-1.527668344608001,0.0007919042040717625
-1.5268047672509582,0.0007923502327127352
-1.5259411898939161,0.0007927956574709794
-1.5250776125368741,0.0007932404767599932
-1.5242140351798312,0.0007936846889874949
-1.5233504578227892,0.000794128292558989
-1.5224868804657463,0.0007945712858746304
-1.5216233031087043,0.0007950136673332622
-1.5207597257516614,0.0007954554353266224
-1.5198961483946194,0.000795896588245984
-1.5190325710375774,0.0007963371244768674
-1.5181689936805345,0.0007967770424012408
-1.5173054163234925,0.0007972163403979424
-1.5164418389664496,0.0007976550168416127
-1.5155782616094076,0.0007980930701028885
-1.5147146842523647,0.0007985304985493047
-1.5138511068953227,0.0007989673005434905
-1.5129875295382798,0.0007994034744449874
-1.5121239521812377,0.0007998390186091178
-1.5112603748241957,0.0008002739313878529
-1.5103967974671528,0.0008007082111287436
-1.5095332201101108,0.0008011418561757883
-1.508669642753068,0.0008015748648689675
-1.507806065396026,0.0008020072355442859
-1.506942488038983,0.0008024389665344175
-1.506078910681941,0.0008028700561673527
-1.505215333324899,0.0008033005027675497
-1.504351755967856,0.000803730304655019
-1.503488178610814,0.0008041594601473356
-1.5026246012537712,0.0008045879675562806
-1.5017610238967292,0.0008050158251907691
-1.5008974465396863,0.0008054430313554975
-1.5000338691826443,0.0008058695843509225
-1.4991702918256022,0.0008062954824746352
-1.4983067144685593,0.0008067207240184532
-1.4974431371115173,0.000807145307271287
-1.4965795597544744,0.000807569230518515
-1.4957159823974324,0.0008079924920401799
-1.4948524050403895,0.0008084150901136664
-1.4939888276833475,0.0008088370230110095
-1.4931252503263046,0.0008092582890013855
-1.4922616729692626,0.0008096788863488358
-1.4913980956122206,0.000810098813314758
-1.4905345182551777,0.0008105180681543256
-1.4896709408981357,0.0008109366491213868
-1.4888073635410928,0.0008113545544633297
-1.4879437861840508,0.0008117717824246765
-1.4870802088270079,0.0008121883312459527
-1.4862166314699659,0.0008126041991621119
-1.4853530541129238,0.0008130193844061301
-1.484489476755881,0.000813433885204988
-1.483625899398839,0.000813847699782759
-1.482762322041796,0.0008142608263588744
-1.481898744684754,0.0008146732631485396
-1.4810351673277111,0.0008150850083625261
-1.480171589970669,0.000815496060208476
-1.479308012613627,0.0008159064168889452
-1.4784444352565842,0.0008163160766024927
-1.4775808578995422,0.0008167250375432158
-1.4767172805424993,0.0008171332979016802
-1.4758537031854573,0.0008175408558635661
-1.4749901258284144,0.0008179477096112026
-1.4741265484713724,0.0008183538573209442
-1.4732629711143295,0.0008187592971671473
-1.4723993937572875,0.000819164027318596
-1.4715358164002454,0.0008195680459392105
-1.4706722390432025,0.0008199713511900172
-1.4698086616861605,0.0008203739412269428
-1.4689450843291176,0.0008207758142025623
-1.4680815069720756,0.0008211769682636982
-1.4672179296150327,0.0008215774015536206
-1.4663543522579907,0.0008219771122115818
-1.4654907749009487,0.00082237609837197
-1.4646271975439058,0.0008227743581647323
-1.4637636201868638,0.0008231718897160206
-1.462900042829821,0.0008235686911475665
-1.4620364654727789,0.0008239647605759876
-1.461172888115736,0.0008243600961145778
-1.460309310758694,0.0008247546958708371
-1.459445733401652,0.0008251485579500659
-1.458582156044609,0.000825541680450903
-1.457718578687567,0.0008259340614688582
-1.4568550013305241,0.0008263256990945766
-1.4559914239734821,0.000826716591414485
-1.4551278466164392,0.0008271067365098819
-1.4542642692593972,0.0008274961324587563
-1.4534006919023543,0.0008278847773335457
-1.4525371145453123,0.0008282726692031145
-1.4516735371882703,0.0008286598061312406
-1.4508099598312274,0.0008290461861772611
-1.4499463824741854,0.0008294318073962734
-1.4490828051171425,0.0008298166678387328
-1.4482192277601005,0.0008302007655506469
-1.4473556504030576,0.000830584098573145
-1.4464920730460156,0.0008309666649431169
-1.4456284956889736,0.0008313484626932544
-1.4447649183319307,0.000831729489850476
-1.4439013409748886,0.0008321097444385708
-1.4430377636178457,0.0008324892244762419
-1.4421741862608037,0.000832867927976863
-1.4413106089037608,0.0008332458529500125
-1.4404470315467188,0.0008336229974010706
-1.4395834541896768,0.0008339993593291933
-1.438719876832634,0.0008343749367306572
-1.437856299475592,0.0008347497275959445
-1.436992722118549,0.0008351237299113398
-1.436129144761507,0.0008354969416584646
-1.435265567404464,0.0008358693608140344
-1.434401990047422,0.000836240985350345
-1.4335384126903792,0.000836611813235251
-1.4326748353333372,0.0008369818424310352
-1.4318112579762952,0.0008373510708962265
-1.4309476806192523,0.0008377194965838025
-1.4300841032622102,0.0008380871174425014
-1.4292205259051673,0.0008384539314164191
-1.4283569485481253,0.0008388199364449817
-1.4274933711910824,0.000839185130462293
-1.4266297938340404,0.0008395495113975512
-1.4257662164769984,0.0008399130771764227
-1.4249026391199555,0.0008402758257179122
-1.4240390617629135,0.0008406377549383393
-1.4231754844058706,0.0008409988627478271
-1.4223119070488286,0.0008413591470516138
-1.4214483296917857,0.0008417186057509199
-1.4205847523347437,0.0008420772367416576
-1.4197211749777017,0.0008424350379146323
-1.4188575976206588,0.0008427920071561873
-1.4179940202636168,0.0008431481423480242
-1.4171304429065739,0.0008435034413660711
-1.4162668655495319,0.0008438579020824608
-1.415403288192489,0.0008442115223633515
-1.414539710835447,0.0008445643000711198
-1.413676133478404,0.000844916233062154
-1.412812556121362,0.0008452673191886029
-1.41194897876432,0.0008456175562968626
-1.4110854014072771,0.0008459669422297769
-1.410221824050235,0.0008463154748243953
-1.4093582466931922,0.0008466631519120152
-1.4084946693361502,0.0008470099713206031
-1.4076310919791073,0.0008473559308716655
-1.4067675146220653,0.0008477010283822889
-1.4059039372650233,0.0008480452616648898
-1.4050403599079804,0.0008483886285265627
-1.4041767825509384,0.00084873112676883
-1.4033132051938955,0.0008490727541890161
-1.4024496278368535,0.0008494135085788945
-1.4015860504798106,0.0008497533877253327
-1.4007224731227685,0.000850092389410334
-1.3998588957657265,0.0008504305114103508
-1.3989953184086836,0.0008507677514971515
-1.3981317410516416,0.0008511041074367523
-1.3972681636945987,0.0008514395769907285
-1.3964045863375567,0.0008517741579157495
-1.3955410089805138,0.0008521078479620664
-1.3946774316234718,0.0008524406448763705
-1.393813854266429,0.0008527725463984767
-1.3929502769093869,0.0008531035502652926
-1.3920866995523449,0.0008534336542061968
-1.391223122195302,0.0008537628559463495
-1.39035954483826,0.0008540911532064488
-1.389495967481217,0.0008544185437007745
-1.388632390124175,0.0008547450251391656
-1.3877688127671322,0.0008550705952254448
-1.3869052354100901,0.000855395251659237
-1.3860416580530481,0.0008557189921339498
-1.3851780806960052,0.000856041814338307
-1.3843145033389632,0.0008563637159557241
-1.3834509259819203,0.0008566846946640658
-1.3825873486248783,0.0008570047481356244
-1.3817237712678354,0.0008573238740378283
-1.3808601939107934,0.0008576420700334361
-1.3799966165537514,0.0008579593337781077
-1.3791330391967085,0.0008582756629241517
-1.3782694618396665,0.000858591055117014
-1.3774058844826236,0.0008589055079972555
-1.3765423071255816,0.0008592190192003094
-1.3756787297685387,0.0008595315863560785
-1.3748151524114967,0.0008598432070891365
-1.3739515750544538,0.0008601538790182633
-1.3730879976974117,0.0008604635997571525
-1.3722244203403697,0.0008607723669143835
-1.3713608429833268,0.0008610801780918817
-1.3704972656262848,0.0008613870308877766
-1.369633688269242,0.0008616929228935574
-1.3687701109122,0.0008619978516953841
-1.367906533555157,0.000862301814874511
-1.367042956198115,0.0008626048100062178
-1.366179378841073,0.0008629068346600113
-1.36531580148403,0.0008632078864009365
-1.364452224126988,0.0008635079627871758
-1.3635886467699452,0.0008638070613720267
-1.3627250694129032,0.0008641051797036586
-1.3618614920558603,0.0008644023153240449
-1.3609979146988183,0.0008646984657696005
-1.3601343373417762,0.0008649936285716406
-1.3592707599847333,0.000865287801255242
-1.3584071826276913,0.0008655809813406176
-1.3575436052706484,0.0008658731663410968
-1.3566800279136064,0.0008661643537657693
-1.3558164505565635,0.0008664545411179725
-1.3549528731995215,0.0008667437258937163
-1.3540892958424786,0.0008670319055861034
-1.3532257184854366,0.0008673190776800413
-1.3523621411283946,0.0008676052396562189
-1.3514985637713517,0.000867890388988643
-1.3506349864143097,0.000868174523146456
-1.3497714090572668,0.0008684576395930274
-1.3489078317002248,0.0008687397357850443
-1.3480442543431819,0.0008690208091747739
-1.3471806769861399,0.0008693008572078151
-1.3463170996290978,0.0008695798773242225
-1.345453522272055,0.0008698578669582568
-1.344589944915013,0.0008701348235384265
-1.34372636755797,0.0008704107444879108
-1.342862790200928,0.0008706856272232069
-1.3419992128438851,0.0008709594691555037
-1.3411356354868431,0.0008712322676902168
-1.340272058129801,0.000871504020226524
-1.3394084807727582,0.0008717747241580726
-1.3385449034157162,0.0008720443768725078
-1.3376813260586733,0.0008723129757517087
-1.3368177487016313,0.0008725805181719823
-1.3359541713445884,0.0008728470015025511
-1.3350905939875464,0.0008731124231084186
-1.3342270166305035,0.0008733767803470183
-1.3333634392734615,0.0008736400705709191
-1.3324998619164194,0.000873902291126695
-1.3316362845593765,0.0008741634393542377
-1.3307727072023345,0.0008744235125879088
-1.3299091298452916,0.0008746825081569626
-1.3290455524882496,0.0008749404233824171
-1.3281819751312067,0.0008751972555817583
-1.3273183977741647,0.000875453002065138
-1.3264548204171227,0.0008757076601364974
-1.3255912430600798,0.0008759612270944281
-1.3247276657030378,0.000876213700231103
-1.323864088345995,0.0008764650768333659
-1.3230005109889529,0.0008767153541802686
-1.32213693363191,0.0008769645295462203
-1.321273356274868,0.0008772126001994132
-1.320409778917826,0.0008774595634015794
-1.319546201560783,0.0008777054164086986
-1.318682624203741,0.0008779501564696451
-1.3178190468466981,0.0008781937808281653
-1.3169554694896561,0.0008784362867218093
-1.3160918921326132,0.0008786776713812436
-1.3152283147755712,0.000878917932031785
-1.3143647374185283,0.0008791570658921097
-1.3135011600614863,0.0008793950701746697
-1.3126375827044443,0.0008796319420857068
-1.3117740053474014,0.0008798676788250026
-1.3109104279903594,0.0008801022775874745
-1.3100468506333165,0.0008803357355598243
-1.3091832732762745,0.0008805680499229598
-1.3083196959192316,0.0008807992178529248
-1.3074561185621896,0.0008810292365182132
-1.3065925412051476,0.0008812581030810812
-1.3057289638481047,0.0008814858146978105
-1.3048653864910627,0.0008817123685184586
-1.3040018091340198,0.0008819377616864285
-1.3031382317769777,0.0008821619913386633
-1.3022746544199348,0.0008823850546065756
-1.3014110770628928,0.0008826069486138066
-1.3005474997058508,0.0008828276704790916
-1.299683922348808,0.0008830472173136372
-1.298820344991766,0.0008832655862228769
-1.297956767634723,0.0008834827743062282
-1.297093190277681,0.0008836987786553577
-1.296229612920638,0.000883913596356381
-1.295366035563596,0.0008841272244893977
-1.2945024582065532,0.0008843396601272008
-1.2936388808495112,0.0008845509003359148
-1.2927753034924692,0.0008847609421761202
-1.2919117261354263,0.0008849697827017153
-1.2910481487783843,0.0008851774189590697
-1.2901845714213414,0.0008853838479896681
-1.2893209940642993,0.0008855890668267585
-1.2884574167072564,0.0008857930724980589
-1.2875938393502144,0.0008859958620248479
-1.2867302619931724,0.0008861974324212776
-1.2858666846361295,0.0008863977806950821
-1.2850031072790875,0.0008865969038477778
-1.2841395299220446,0.0008867947988728669
-1.2832759525650026,0.0008869914627598757
-1.2824123752079597,0.0008871868924892265
-1.2815487978509177,0.0008873810850362138
-1.2806852204938757,0.0008875740373679372
-1.2798216431368328,0.0008877657464468267
-1.2789580657797908,0.0008879562092268811
-1.2780944884227479,0.0008881454226565277
-1.2772309110657059,0.0008883333836766649
-1.276367333708663,0.0008885200892221959
-1.275503756351621,0.0008887055362206756
-1.274640178994579,0.0008888897215934624
-1.273776601637536,0.0008890726422554757
-1.272913024280494,0.000889254295113176
-1.2720494469234511,0.0008894346770681599
-1.271185869566409,0.0008896137850142455
-1.2703222922093662,0.0008897916158385963
-1.2694587148523242,0.0008899681664219158
-1.2685951374952813,0.0008901434336378231
-1.2677315601382393,0.0008903174143528314
-1.2668679827811973,0.0008904901054269942
-1.2660044054241544,0.0008906615037135024
-1.2651408280671124,0.0008908316060579971
-1.2642772507100695,0.0008910004093005477
-1.2634136733530275,0.0008911679102730288
-1.2625500959959846,0.0008913341058013197
-1.2616865186389425,0.0008914989927037292
-1.2608229412819005,0.0008916625677917039
-1.2599593639248576,0.0008918248278706881
-1.2590957865678156,0.0008919857697376951
-1.2582322092107727,0.0008921453901837226
-1.2573686318537307,0.0008923036859924613
-1.2565050544966878,0.0008924606539409408
-1.2556414771396458,0.0008926162907990642
-1.2547778997826038,0.0008927705933292063
-1.253914322425561,0.0008929235582873021
-1.2530507450685189,0.0008930751824219388
-1.252187167711476,0.0008932254624748406
-1.251323590354434,0.0008933743951806267
-1.250460012997391,0.0008935219772670117
-1.249596435640349,0.0008936682054537376
-1.2487328582833062,0.0008938130764545443
-1.2478692809262641,0.0008939565869758512
-1.2470057035692221,0.000894098733715841
-1.2461421262121792,0.0008942395133673883
-1.2452785488551372,0.0008943789226147081
-1.2444149714980943,0.0008945169581351109
-1.2435513941410523,0.000894653616599711
-1.2426878167840094,0.0008947888946711849
-1.2418242394269674,0.000894922789005749
-1.2409606620699254,0.0008950552962523131
-1.2400970847128825,0.0008951864130522375
-1.2392335073558405,0.0008953161360399781
-1.2383699299987976,0.0008954444618424623
-1.2375063526417556,0.0008955713870792831
-1.2366427752847127,0.000895696908363601
-1.2357791979276707,0.0008958210223001181
-1.2349156205706286,0.000895943725487118
-1.2340520432135857,0.0008960650145148907
-1.2331884658565437,0.000896184885967044
-1.2323248884995008,0.000896303336419435
-1.2314613111424588,0.0008964203624401493
-1.230597733785416,0.0008965359605917003
-1.229734156428374,0.0008966501274268526
-1.228870579071331,0.0008967628594921534
-1.228007001714289,0.0008968741533270236
-1.227143424357247,0.0008969840054635775
-1.226279847000204,0.0008970924124248186
-1.225416269643162,0.0008971993707284284
-1.2245526922861192,0.0008973048768836298
-1.2236891149290772,0.0008974089273923389
-1.2228255375720343,0.0008975115187487004
-1.2219619602149923,0.0008976126474399548
-1.2210983828579502,0.000897712309945814
-1.2202348055009073,0.0008978105027371078
-1.2193712281438653,0.0008979072222793164
-1.2185076507868224,0.0008980024650288368
-1.2176440734297804,0.0008980962274354048
-1.2167804960727375,0.0008981885059400757
-1.2159169187156955,0.0008982792969774861
-1.2150533413586535,0.0008983685969742722
-1.2141897640016106,0.0008984564023490835
-1.2133261866445686,0.0008985427095138873
-1.2124626092875257,0.000898627514871346
-1.2115990319304837,0.0008987108148190148
-1.2107354545734408,0.0008987926057439921
-1.2098718772163988,0.000898872884028068
-1.2090082998593559,0.0008989516460441507
-1.2081447225023139,0.0008990288881573563
-1.2072811451452719,0.0008991046067257161
-1.206417567788229,0.0008991787980997118
-1.205553990431187,0.0008992514586211448
-1.204690413074144,0.0008993225846245095
-1.203826835717102,0.0008993921724369663
-1.2029632583600591,0.0008994602183774666
-1.2020996810030171,0.0008995267187576136
-1.201236103645975,0.0008995916698810377
-1.2003725262889322,0.0008996550680424875
-1.1995089489318902,0.0008997169095311397
-1.1986453715748473,0.0008997771906264218
-1.1977817942178053,0.000899835907600878
-1.1969182168607624,0.000899893056718816
-1.1960546395037204,0.0008999486342370147
-1.1951910621466784,0.0009000026364035865
-1.1943274847896355,0.0009000550594599893
-1.1934639074325935,0.0009001058996392225
-1.1926003300755506,0.0009001551531658686
-1.1917367527185085,0.0009002028162571826
-1.1908731753614656,0.0009002488851226273
-1.1900095980044236,0.0009002933559634704
-1.1891460206473807,0.0009003362249720981
-1.1882824432903387,0.0009003774883348803
-1.1874188659332967,0.000900417142228882
-1.1865552885762538,0.0009004551828231747
-1.1856917112192118,0.0009004916062792592
-1.184828133862169,0.000900526408750886
-1.1839645565051269,0.0009005595863822574
-1.183100979148084,0.0009005911353117818
-1.182237401791042,0.0009006210516683405
-1.181373824434,0.0009006493315725922
-1.180510247076957,0.0009006759711380971
-1.179646669719915,0.0009007009664690688
-1.1787830923628722,0.0009007243136633022
-1.1779195150058301,0.0009007460088092667
-1.1770559376487872,0.0009007660479876389
-1.1761923602917452,0.0009007844272702348
-1.1753287829347032,0.0009008011427224308
-1.1744652055776603,0.0009008161903998127
-1.1736016282206183,0.0009008295663502155
-1.1727380508635754,0.0009008412666137028
-1.1718744735065334,0.0009008512872218793
-1.1710108961494905,0.0009008596241981554
-1.1701473187924485,0.0009008662735574963
-1.1692837414354056,0.000900871231307103
-1.1684201640783636,0.0009008744934450516
-1.1675565867213216,0.0009008760559627779
-1.1666930093642787,0.0009008759148417256
-1.1658294320072367,0.0009008740660557679
-1.1649658546501938,0.0009008705055708055
-1.1641022772931517,0.000900865229343413
-1.1632386999361088,0.0009008582333239271
-1.1623751225790668,0.0009008495134513808
-1.1615115452220248,0.0009008390656592494
-1.160647967864982,0.0009008268858699126
-1.15978439050794,0.0009008129700006223
-1.158920813150897,0.0009007973139573272
-1.158057235793855,0.0009007799136393144
-1.157193658436812,0.0009007607649365243
-1.15633008107977,0.0009007398637313688
-1.155466503722728,0.0009007172058969337
-1.1546029263656852,0.0009006927872982906
-1.1537393490086432,0.0009006666037925382
-1.1528757716516003,0.0009006386512274492
-1.1520121942945583,0.00090060892544256
-1.1511486169375154,0.0009005774222694343
-1.1502850395804733,0.0009005441375300877
-1.1494214622234304,0.0009005090670394095
-1.1485578848663884,0.0009004722066027621
-1.1476943075093464,0.0009004335520168411
-1.1468307301523035,0.0009003930990703554
-1.1459671527952615,0.0009003508435428895
-1.1451035754382186,0.000900306781207387
-1.1442399980811766,0.0009002609078254675
-1.1433764207241337,0.0009002132191509582
-1.1425128433670917,0.0009001637109297134
-1.1416492660100497,0.0009001123788998158
-1.1407856886530068,0.0009000592187884474
-1.1399221112959648,0.0009000042263154831
-1.1390585339389219,0.0008999473971925825
-1.1381949565818799,0.0008998887271216144
-1.137331379224837,0.0008998282117962525
-1.136467801867795,0.0008997658469015041
-1.135604224510753,0.0008997016281139456
-1.13474064715371,0.0008996355511012508
-1.133877069796668,0.0008995676115222326
-1.1330134924396251,0.0008994978050266
-1.1321499150825831,0.0008994261272558257
-1.1312863377255402,0.0008993525738425212
-1.1304227603684982,0.0008992771404108604
-1.1295591830114553,0.0008991998225756706
-1.1286956056544133,0.0008991206159438062
-1.1278320282973713,0.0008990395161114564
-1.1269684509403284,0.0008989565186683784
-1.1261048735832864,0.0008988716191943164
-1.1252412962262435,0.0008987848132594872
-1.1243777188692015,0.0008986960964263366
-1.1235141415121586,0.0008986054642481853
-1.1226505641551165,0.0008985129122701593
-1.1217869867980745,0.0008984184360258385
-1.1209234094410316,0.0008983220310436746
-1.1200598320839896,0.000898223692840816
-1.1191962547269467,0.0008981234169248634
-1.1183326773699047,0.000898021198797179
-1.1174691000128618,0.0008979170339473777
-1.1166055226558198,0.0008978109178584132
-1.1157419452987778,0.0008977028460027819
-1.114878367941735,0.0008975928138436756
-1.1140147905846929,0.0008974808168373954
-1.11315121322765,0.0008973668504287033
-1.112287635870608,0.0008972509100559009
-1.111424058513565,0.0008971329911448764
-1.110560481156523,0.0008970130891166328
-1.1096969037994802,0.00089689119937994
-1.1088333264424381,0.000896767317335817
-1.1079697490853961,0.0008966414383761792
-1.1071061717283532,0.0008965135578820407
-1.1062425943713112,0.0008963836712293297
-1.1053790170142683,0.0008962517737808734
-1.1045154396572263,0.0008961178608925952
-1.1036518623001834,0.000895981927910669
-1.1027882849431414,0.0008958439701719362
-1.1019247075860994,0.000895703983003919
-1.1010611302290565,0.0008955619617263474
-1.1001975528720145,0.000895417901648092
-1.0993339755149716,0.0008952717980698077
-1.0984703981579296,0.0008951236462823586
-1.0976068208008867,0.0008949734415677479
-1.0967432434438447,0.0008948211791995411
-1.0958796660868027,0.0008946668544399586
-1.0950160887297598,0.0008945104625445802
-1.0941525113727177,0.0008943519987576545
-1.0932889340156748,0.0008941914583158878
-1.0924253566586328,0.0008940288364448629
-1.09156177930159,0.0008938641283624121
-1.090698201944548,0.0008936973292761538
-1.089834624587505,0.0008935284343850255
-1.088971047230463,0.0008933574388782159
-1.088107469873421,0.0008931843379360316
-1.087243892516378,0.0008930091267292106
-1.086380315159336,0.0008928318004189639
-1.0855167378022932,0.0008926523541569545
-1.0846531604452512,0.0008924707830866088
-1.0837895830882083,0.0008922870823404941
-1.0829260057311663,0.0008921012470431769
-1.0820624283741243,0.0008919132723087947
-1.0811988510170814,0.0008917231532425823
-1.0803352736600393,0.0008915308849398035
-1.0794716963029964,0.0008913364624875061
-1.0786081189459544,0.0008911398809616153
-1.0777445415889115,0.0008909411354307492
-1.0768809642318695,0.0008907402209510917
-1.0760173868748275,0.0008905371325723666
-1.0751538095177846,0.000890331865333438
-1.0742902321607426,0.0008901244142638445
-1.0734266548036997,0.0008899147743826677
-1.0725630774466577,0.0008897029407012383
-1.0716995000896148,0.000889488908220451
-1.0708359227325728,0.0008892726719316318
-1.0699723453755299,0.0008890542268170237
-1.0691087680184879,0.0008888335678482046
-1.0682451906614459,0.0008886106899885435
-1.067381613304403,0.0008883855881911748
-1.066518035947361,0.0008881582573994837
-1.065654458590318,0.0008879286925481955
-1.064790881233276,0.0008876968885611347
-1.0639273038762331,0.0008874628403534868
-1.0630637265191911,0.0008872265428302231
-1.062200149162149,0.0008869879908869685
-1.0613365718051062,0.0008867471794098206
-1.0604729944480642,0.0008865041032755441
-1.0596094170910213,0.0008862587573502528
-1.0587458397339793,0.0008860111364913797
-1.0578822623769364,0.0008857612355459427
-1.0570186850198944,0.0008855090493514114
-1.0561551076628524,0.0008852545727356873
-1.0552915303058095,0.0008849978005180323
-1.0544279529487675,0.0008847387275059404
-1.0535643755917246,0.000884477348498447
-1.0527007982346825,0.0008842136582848381
-1.0518372208776396,0.0008839476516448522
-1.0509736435205976,0.0008836793233471044
-1.0501100661635547,0.0008834086681520151
-1.0492464888065127,0.0008831356808097837
-1.0483829114494707,0.0008828603560604026
-1.0475193340924278,0.0008825826886342952
-1.0466557567353858,0.0008823026732528022
-1.045792179378343,0.0008820203046261618
-1.044928602021301,0.0008817355774552657
-1.044065024664258,0.0008814484864321445
-1.043201447307216,0.0008811590262377267
-1.042337869950174,0.0008808671915442601
-1.041474292593131,0.0008805729770124671
-1.040610715236089,0.0008802763772948544
-1.0397471378790462,0.0008799773870336938
-1.0388835605220041,0.0008796760008603979
-1.0380199831649612,0.0008793722133977194
-1.0371564058079192,0.0008790660192579541
-1.0362928284508772,0.0008787574130438708
-1.0354292510938343,0.0008784463893471289
-1.0345656737367923,0.0008781329427514015
-1.0337020963797494,0.0008778170678283501
-1.0328385190227074,0.0008774987591414415
-1.0319749416656645,0.0008771780112437066
-1.0311113643086225,0.0008768548186770531
-1.0302477869515796,0.0008765291759754157
-1.0293842095945376,0.0008762010776614051
-1.0285206322374956,0.0008758705182480633
-1.0276570548804527,0.0008755374922375728
-1.0267934775234107,0.0008752019941236713
-1.0259299001663678,0.0008748640183892237
-1.0250663228093257,0.0008745235595077477
-1.0242027454522828,0.0008741806119410139
-1.0233391680952408,0.000873835170142799
-1.0224755907381988,0.0008734872285557568
-1.021612013381156,0.000873136781613014
-1.020748436024114,0.0008727838237368168
-1.019884858667071,0.0008724283493407314
-1.019021281310029,0.0008720703528265761
-1.018157703952986,0.0008717098285875094
-1.017294126595944,0.000871346771005789
-1.016430549238902,0.0008709811744537013
-1.0155669718818592,0.0008706130332942
-1.0147033945248172,0.0008702423418786992
-1.0138398171677743,0.0008698690945499327
-1.0129762398107323,0.0008694932856399967
-1.0121126624536894,0.0008691149094703296
-1.0112490850966473,0.0008687339603528008
-1.0103855077396044,0.0008683504325893085
-1.0095219303825624,0.000867964320471315
-1.0086583530255204,0.0008675756182800476
-1.0077947756684775,0.0008671843202863183
-1.0069311983114355,0.0008667904207513913
-1.0060676209543926,0.0008663939139265178
-1.0052040435973506,0.0008659947940514237
-1.0043404662403077,0.0008655930553573971
-1.0034768888832657,0.0008651886920639368
-1.0026133115262237,0.0008647816983821249
-1.0017497341691808,0.0008643720685112682
-1.0008861568121388,0.0008639597966402443
-1.0000225794550959,0.0008635448769494722
-0.9991590020980539,0.0008631273036078455
-0.998295424741011,0.0008627070707735995
-0.997431847383969,0.0008622841725969554
-0.9965682700269269,0.0008618586032150544
-0.995704692669884,0.0008614303567563777
-0.994841115312842,0.0008609994273393942
-0.9939775379557991,0.0008605658090710469
-0.9931139605987571,0.0008601294960491682
-0.9922503832417142,0.0008596904823611612
-0.9913868058846722,0.000859248762082862
-0.9905232285276293,0.000858804329281912
-0.9896596511705873,0.0008583571780139618
-0.9887960738135453,0.0008579073023250935
-0.9879324964565024,0.0008574546962511961
-0.9870689190994604,0.0008569993538175003
-0.9862053417424175,0.0008565412690378915
-0.9853417643853755,0.0008560804359189489
-0.9844781870283326,0.0008556168484534846
-0.9836146096712906,0.0008551505006265184
-0.9827510323142485,0.0008546813864115446
-0.9818874549572056,0.0008542094997711705
-0.9810238776001636,0.0008537348346589063
-0.9801603002431207,0.0008532573850180275
-0.9792967228860787,0.0008527771447796179
-0.9784331455290358,0.0008522941078661014
-0.9775695681719938,0.0008518082681892233
-0.9767059908149518,0.0008513196196496473
-0.9758424134579089,0.0008508281561380449
-0.9749788361008669,0.000850333871535297
-0.974115258743824,0.0008498367597112033
-0.973251681386782,0.0008493368145253491
-0.9723881040297391,0.0008488340298268629
-0.9715245266726971,0.0008483283994542359
-0.9706609493156542,0.0008478199172361894
-0.9697973719586122,0.0008473085769905436
-0.9689337946015701,0.0008467943725249255
-0.9680702172445272,0.000846277297636519
-0.9672066398874852,0.000845757346111857
-0.9663430625304423,0.0008452345117270152
-0.9654794851734003,0.0008447087882480983
-0.9646159078163574,0.0008441801694303308
-0.9637523304593154,0.0008436486490187023
-0.9628887531022734,0.000843114220747343
-0.9620251757452305,0.0008425768783408352
-0.9611615983881885,0.0008420366155126383
-0.9602980210311456,0.0008414934259651299
-0.9594344436741036,0.0008409473033920215
-0.9585708663170607,0.0008403982414743744
-0.9577072889600187,0.0008398462338847917
-0.9568437116029767,0.0008392912742841291
-0.9559801342459338,0.000838733356323694
-0.9551165568888917,0.0008381724736427829
-0.9542529795318488,0.000837608619871609
-0.9533894021748068,0.0008370417886297277
-0.9525258248177639,0.000836471973525571
-0.9516622474607219,0.0008358991681576
-0.950798670103679,0.0008353233661140616
-0.949935092746637,0.0008347445609716356
-0.949071515389595,0.0008341627462972526
-0.9482079380325521,0.0008335779156476222
-0.9473443606755101,0.0008329900625679149
-0.9464807833184672,0.0008323991805941761
-0.9456172059614252,0.0008318052632507039
-0.9447536286043823,0.0008312083040522486
-0.9438900512473403,0.0008306082965019931
-0.9430264738902983,0.0008300052340933714
-0.9421628965332554,0.0008293991103091591
-0.9412993191762133,0.0008287899186221193
-0.9404357418191704,0.000828177652492601
-0.9395721644621284,0.000827562305372509
-0.9387085871050855,0.0008269438707030966
-0.9378450097480435,0.0008263223419131618
-0.9369814323910015,0.0008256977124235301
-0.9361178550339586,0.0008250699756421481
-0.9352542776769166,0.000824439124968282
-0.9343907003198737,0.0008238051537892283
-0.9335271229628317,0.0008231680554831797
-0.9326635456057888,0.0008225278234163177
-0.9317999682487468,0.0008218844509450748
-0.9309363908917039,0.0008212379314154472
-0.9300728135346619,0.0008205882581627522
-0.9292092361776199,0.0008199354245116697
-0.928345658820577,0.0008192794237759995
-0.927482081463535,0.0008186202492599728
-0.926618504106492,0.000817957894255851
-0.92575492674945,0.0008172923520470068
-0.9248913493924071,0.0008166236159046075
-0.9240277720353651,0.0008159516790909177
-0.9231641946783231,0.0008152765348562324
-0.9223006173212802,0.0008145981764408547
-0.9214370399642382,0.0008139165970746307
-0.9205734626071953,0.0008132317899769911
-0.9197098852501533,0.0008125437483567088
-0.9188463078931104,0.0008118524654116555
-0.9179827305360684,0.0008111579343295094
-0.9171191531790264,0.0008104601482875062
-0.9162555758219835,0.000809759100452008
-0.9153919984649415,0.00080905478397892
-0.9145284211078986,0.0008083471920132881
-0.9136648437508565,0.0008076363176908324
-0.9128012663938136,0.0008069221541350396
-0.9119376890367716,0.0008062046944600915
-0.9110741116797287,0.0008054839317690674
-0.9102105343226867,0.0008047598591543678
-0.9093469569656447,0.0008040324696988663
-0.9084833796086018,0.0008033017564734457
-0.9076198022515598,0.0008025677125398645
-0.9067562248945169,0.0008018303309479113
-0.9058926475374749,0.0008010896047380422
-0.905029070180432,0.0008003455269391738
-0.90416549282339,0.0007995980905713199
-0.903301915466348,0.0007988472886418588
-0.9024383381093051,0.0007980931141488429
-0.9015747607522631,0.0007973355600798676
-0.9007111833952202,0.0007965746194110029
-0.8998476060381781,0.0007958102851096591
-0.8989840286811352,0.0007950425501310129
-0.8981204513240932,0.0007942714074202703
-0.8972568739670512,0.0007934968499117567
-0.8963932966100083,0.0007927188705306731
-0.8955297192529663,0.0007919374621900288
-0.8946661418959234,0.000791152617792841
-0.8938025645388814,0.0007903643302323363
-0.8929389871818385,0.0007895725923902155
-0.8920754098247965,0.000788777397138625
-0.8912118324677536,0.0007879787373383934
-0.8903482551107116,0.0007871766058403368
-0.8894846777536696,0.0007863709954844117
-0.8886211003966267,0.0007855618991005828
-0.8877575230395847,0.0007847493095081357
-0.8868939456825418,0.0007839332195157186
-0.8860303683254998,0.0007831136219213219
-0.8851667909684569,0.000782290509513367
-0.8843032136114148,0.0007814638750685277
-0.8834396362543728,0.000780633711353701
-0.8825760588973299,0.0007798000111260209
-0.8817124815402879,0.0007789627671308322
-0.880848904183245,0.0007781219721030644
-0.879985326826203,0.0007772776187685432
-0.8791217494691601,0.0007764296998421932
-0.8782581721121181,0.0007755782080274137
-0.8773945947550761,0.000774723136018278
-0.8765310173980332,0.0007738644764979583
-0.8756674400409912,0.0007730022221389896
-0.8748038626839483,0.000772136365604581
-0.8739402853269063,0.0007712668995459304
-0.8730767079698634,0.0007703938166053748
-0.8722131306128214,0.0007695171094141418
-0.8713495532557793,0.0007686367705921418
-0.8704859758987364,0.0007677527927508268
-0.8696223985416944,0.000766865168489457
-0.8687588211846515,0.0007659738903984109
-0.8678952438276095,0.0007650789510564998
-0.8670316664705666,0.0007641803430327859
-0.8661680891135246,0.0007632780588856733
-0.8653045117564817,0.0007623720911633311
-0.8644409343994397,0.0007614624324041794
-0.8635773570423977,0.0007605490751350918
-0.8627137796853548,0.0007596320118733735
-0.8618502023283128,0.000758711235125914
-0.8609866249712699,0.000757786737389167
-0.8601230476142279,0.0007568585111491291
-0.859259470257185,0.0007559265488824921
-0.858395892900143,0.0007549908430539501
-0.8575323155431009,0.0007540513861188786
-0.856668738186058,0.00075310817052264
-0.855805160829016,0.0007521611886997376
-0.8549415834719731,0.0007512104330746824
-0.8540780061149311,0.0007502558960617509
-0.8532144287578882,0.0007492975700645818
-0.8523508514008462,0.0007483354474770443
-0.8514872740438042,0.0007473695206821063
-0.8506236966867613,0.0007463997820536528
-0.8497601193297193,0.0007454262239544596
-0.8488965419726764,0.0007444488387368733
-0.8480329646156344,0.00074346761874345
-0.8471693872585915,0.0007424825563069962
-0.8463058099015495,0.0007414936437494385
-0.8454422325445066,0.0007405008733831348
-0.8445786551874646,0.0007395042375084732
-0.8437150778304225,0.0007385037284189586
-0.8428515004733796,0.0007374993383945302
-0.8419879231163376,0.0007364910597075988
-0.8411243457592947,0.0007354788846183624
-0.8402607684022527,0.0007344628053785607
-0.8393971910452098,0.0007334428142292959
-0.8385336136881678,0.0007324189034005613
-0.8376700363311258,0.0007313910651141411
-0.8368064589740829,0.0007303592915795867
-0.8359428816170409,0.0007293235749984764
-0.835079304259998,0.0007282839075606201
-0.834215726902956,0.0007272402814467033
-0.8333521495459131,0.00072619268882744
-0.8324885721888711,0.0007251411218624423
-0.8316249948318291,0.0007240855727030857
-0.8307614174747862,0.0007230260334887759
-0.8298978401177441,0.0007219624963502591
-0.8290342627607012,0.0007208949534078246
-0.8281706854036592,0.0007198233967717904
-0.8273071080466163,0.0007187478185424825
-0.8264435306895743,0.0007176682108108803
-0.8255799533325314,0.0007165845656566597
-0.8247163759754894,0.0007154968751508298
-0.8238527986184474,0.0007144051313539707
-0.8229892212614045,0.0007133093263164275
-0.8221256439043625,0.0007122094520796846
-0.8212620665473196,0.0007111055006743458
-0.8203984891902776,0.0007099974641216686
-0.8195349118332347,0.0007088853344322729
-0.8186713344761927,0.0007077691036085632
-0.8178077571191507,0.0007066487636413765
-0.8169441797621078,0.0007055243065124672
-0.8160806024050657,0.0007043957241938126
-0.8152170250480228,0.0007032630086474048
-0.8143534476909808,0.0007021261518258895
-0.8134898703339379,0.0007009851456714969
-0.8126262929768959,0.0006998399821173534
-0.8117627156198539,0.0006986906530863507
-0.810899138262811,0.0006975371504916311
-0.810035560905769,0.0006963794662372333
-0.8091719835487261,0.000695217592217183
-0.8083084061916841,0.0006940515203148687
-0.8074448288346412,0.0006928812424059072
-0.8065812514775992,0.0006917067503545704
-0.8057176741205563,0.0006905280360162691
-0.8048540967635143,0.0006893450912366372
-0.8039905194064723,0.0006881579078522118
-0.8031269420494294,0.0006869664776888509
-0.8022633646923873,0.0006857707925635517
-0.8013997873353444,0.0006845708442837634
-0.8005362099783024,0.0006833666246473663
-0.7996726326212595,0.0006821581254424919
-0.7988090552642175,0.0006809453384475014
-0.7979454779071755,0.0006797282554318537
-0.7970819005501326,0.0006785068681554804
-0.7962183231930906,0.0006772811683685431
-0.7953547458360477,0.0006760511478116349
-0.7944911684790057,0.0006748167982164877
-0.7936275911219628,0.0006735781113046194
-0.7927640137649208,0.0006723350787888674
-0.7919004364078788,0.000671087692372542
-0.7910368590508359,0.0006698359437489546
-0.7901732816937939,0.0006685798246025415
-0.789309704336751,0.0006673193266090588
-0.788446126979709,0.000666054441433625
-0.787582549622666,0.0006647851607335872
-0.786718972265624,0.0006635114761549474
-0.7858553949085811,0.0006622333793366228
-0.7849918175515391,0.0006609508619064286
-0.7841282401944971,0.0006596639154850537
-0.7832646628374542,0.0006583725316816613
-0.7824010854804122,0.0006570767020978585
-0.7815375081233693,0.000655776418325045
-0.7806739307663273,0.0006544716719468283
-0.7798103534092844,0.0006531624545364004
-0.7789467760522424,0.0006518487576576276
-0.7780831986952004,0.0006505305728668059
-0.7772196213381575,0.0006492078917095939
-0.7763560439811155,0.0006478807057241007
-0.7754924666240726,0.0006465490064377563
-0.7746288892670306,0.0006452127853700182
-0.7737653119099877,0.0006438720340312398
-0.7729017345529456,0.000642526743922206
-0.7720381571959036,0.0006411769065359507
-0.7711745798388607,0.000639822513355065
-0.7703110024818187,0.0006384635558545973
-0.7694474251247758,0.0006371000254995832
-0.7685838477677338,0.0006357319137466413
-0.7677202704106909,0.0006343592120439528
-0.7668566930536489,0.00063298191183013
-0.765993115696606,0.0006316000045353681
-0.765129538339564,0.0006302134815807589
-0.764265960982522,0.0006288223343800456
-0.7634023836254791,0.000627426554335668
-0.7625388062684371,0.0006260261328436267
-0.7616752289113942,0.0006246210612896874
-0.7608116515543522,0.000623211331051865
-0.7599480741973093,0.0006217969334995146
-0.7590844968402672,0.0006203778599926449
-0.7582209194832252,0.0006189541018832914
-0.7573573421261823,0.0006175256505141571
-0.7564937647691403,0.0006160924972208465
-0.7556301874120974,0.0006146546333285069
-0.7547666100550554,0.0006132120501549793
-0.7539030326980125,0.0006117647390094447
-0.7530394553409705,0.0006103126911930698
-0.7521758779839285,0.0006088558979968281
-0.7513123006268856,0.0006073943507052537
-0.7504487232698436,0.0006059280405933121
-0.7495851459128007,0.0006044569589286619
-0.7487215685557587,0.000602981096968741
-0.7478579911987158,0.0006015004459641107
-0.7469944138416738,0.00060001499715754
-0.7461308364846309,0.0005985247417813824
-0.7452672591275888,0.0005970296710619966
-0.7444036817705468,0.0005955297762161721
-0.7435401044135039,0.0005940250484525039
-0.7426765270564619,0.0005925154789724815
-0.741812949699419,0.0005910010589682477
-0.740949372342377,0.0005894817796241944
-0.7400857949853341,0.0005879576321169422
-0.7392222176282921,0.000586428607614875
-0.7383586402712501,0.000584894697277516
-0.7374950629142072,0.0005833558922581639
-0.7366314855571652,0.0005818121837001325
-0.7357679082001223,0.0005802635627400535
-0.7349043308430803,0.0005787100205056975
-0.7340407534860374,0.0005771515481177297
-0.7331771761289954,0.000575588136688801
-0.7323135987719533,0.0005740197773231454
-0.7314500214149104,0.000572446461117225
-0.7305864440578684,0.0005708681791610423
-0.7297228667008255,0.0005692849225346283
-0.7288592893437835,0.0005676966823122409
-0.7279957119867406,0.0005661034495587913
-0.7271321346296986,0.0005645052153323282
-0.7262685572726557,0.0005629019706831287
-0.7254049799156137,0.0005612937066545656
-0.7245414025585717,0.0005596804142800407
-0.7236778252015288,0.0005580620845885079
-0.7228142478444868,0.0005564387085991579
-0.7219506704874439,0.0005548102773244995
-0.7210870931304019,0.0005531767817692906
-0.720223515773359,0.0005515382129309618
-0.719359938416317,0.000549894561799151
-0.718496361059275,0.0005482458193564119
-0.717632783702232,0.0005465919765781924
-0.71676920634519,0.0005449330244317041
-0.7159056289881471,0.0005432689538779623
-0.7150420516311051,0.0005415997558693153
-0.7141784742740622,0.0005399254213525675
-0.7133148969170202,0.0005382459412656207
-0.7124513195599782,0.00053656130654018
-0.7115877422029353,0.0005348715081004013
-0.7107241648458933,0.0005331765368639801
-0.7098605874888504,0.0005314763837397513
-0.7089970101318084,0.0005297710396314423
-0.7081334327747655,0.0005280604954352106
-0.7072698554177235,0.0005263447420392406
-0.7064062780606806,0.0005246237703261658
-0.7055427007036386,0.0005228975711701611
-0.7046791233465965,0.000521166135439427
-0.7038155459895536,0.0005194294539957178
-0.7029519686325116,0.000517687517692357
-0.7020883912754687,0.0005159403173775404
-0.7012248139184267,0.0005141878438917127
-0.7003612365613838,0.0005124300880684357
-0.6994976592043418,0.0005106670407356989
-0.6986340818472998,0.0005088986927130751
-0.6977705044902569,0.00050712503481503
-0.6969069271332149,0.0005053460578484589
-0.696043349776172,0.000503561752614283
-0.69517977241913,0.0005017721099065398
-0.6943161950620871,0.0004999771205123626
-0.6934526177050451,0.0004981767752133548
-0.6925890403480031,0.0004963710647833408
-0.6917254629909602,0.0004945599799917114
-0.6908618856339181,0.0004927435115996207
-0.6899983082768752,0.0004909216503622485
-0.6891347309198332,0.0004890943870294456
-0.6882711535627903,0.0004872617123430484
-0.6874075762057483,0.00048542361704069503
-0.6865439988487054,0.00048358009185203027
-0.6856804214916634,0.00048173112750223707
-0.6848168441346214,0.00047987671470874765
-0.6839532667775785,0.00047801684418388724
-0.6830896894205365,0.0004761515066335209
-0.6822261120634936,0.0004742806927570953
-0.6813625347064516,0.000472404393248943
-0.6804989573494087,0.0004705225987969644
-0.6796353799923667,0.00046863530008326576
-0.6787718026353247,0.00046674248778464517
-0.6779082252782818,0.0004648441525699071
-0.6770446479212398,0.00046294028510494856
-0.6761810705641969,0.00046103087604791593
-0.6753174932071548,0.0004591159160518485
-0.6744539158501119,0.00045719539576443563
-0.6735903384930699,0.0004552693058269483
-0.6727267611360279,0.0004533376368753214
-0.671863183778985,0.00045140037954016776
-0.670999606421943,0.00044945752444675025
-0.6701360290649001,0.0004475090622139133
-0.6692724517078581,0.00044555498345606043
-0.6684088743508152,0.0004435952787818012
-0.6675452969937732,0.0004416299387935488
-0.6666817196367303,0.00043965895409016353
-0.6658181422796883,0.0004376823152631576
-0.6649545649226463,0.0004357000129000671
-0.6640909875656034,0.0004337120375830991
-0.6632274102085614,0.00043171837988866674
-0.6623638328515185,0.0004297190303883189
-0.6615002554944764,0.0004277139796493856
-0.6606366781374335,0.00042570321823273694
-0.6597731007803915,0.0004236867366948227
-0.6589095234233495,0.0004216645255867568
-0.6580459460663066,0.0004196365754556633
-0.6571823687092646,0.0004176028768424281
-0.6563187913522217,0.0004155634202846273
-0.6554552139951797,0.0004135181963129536
-0.6545916366381368,0.0004114671954558585
-0.6537280592810948,0.0004094104082342648
-0.6528644819240528,0.0004073478251675408
-0.6520009045670099,0.0004052794367668186
-0.6511373272099679,0.00040320523354191867
-0.650273749852925,0.00040112520599577817
-0.649410172495883,0.00039903934462798274
-0.64854659513884,0.0003969476399332539
-0.647683017781798,0.0003948500824020873
-0.6468194404247551,0.0003927466625198786
-0.6459558630677131,0.00039063737076822785
-0.6450922857106711,0.0003885221976254252
-0.6442287083536282,0.0003864011335633216
-0.6433651309965862,0.0003842741690506385
-0.6425015536395433,0.00038214129455234336
-0.6416379762825013,0.00038000250052851875
-0.6407743989254584,0.0003778577774354516
-0.6399108215684164,0.000375707115725675
-0.6390472442113744,0.00037355050584682997
-0.6381836668543315,0.00037138793824345595
-0.6373200894972895,0.0003692194033558527
-0.6364565121402466,0.000367044891620788
-0.6355929347832046,0.0003648643934699228
-0.6347293574261617,0.0003626778993326765
-0.6338657800691196,0.00036048539963404874
-0.6330022027120776,0.0003582868847950421
-0.6321386253550347,0.000356082345233974
-0.6312750479979927,0.0003538717713638534
-0.6304114706409498,0.00035165515359613514
-0.6295478932839078,0.0003494324823373682
-0.6286843159268649,0.00034720374799101367
-0.6278207385698229,0.00034496894095742414
-0.62695716121278,0.00034272805163271247
-0.626093583855738,0.00034048107041056985
-0.625230006498696,0.0003382279876809058
-0.6243664291416531,0.00033596879383097217
-0.6235028517846111,0.0003337034792435592
-0.6226392744275682,0.00033143203429970153
-0.6217756970705262,0.00032915444937621496
-0.6209121197134833,0.0003268707148483402
-0.6200485423564412,0.00032458082108667574
-0.6191849649993992,0.0003222847584598218
-0.6183213876423563,0.00031998251733258293
-0.6174578102853143,0.0003176740880682302
-0.6165942329282714,0.00031535946102603796
-0.6157306555712294,0.0003130386265632612
-0.6148670782141865,0.00031071157503428926
-0.6140035008571445,0.0003083782967897297
-0.6131399235001025,0.0003060387821790869
-0.6122763461430596,0.0003036930215489578
-0.6114127687860176,0.00030134100524307345
-0.6105491914289747,0.0002989827236022785
-0.6096856140719327,0.0002966181669662865
-0.6088220367148898,0.0002942473256712791
-0.6079584593578478,0.00029187019005077336
-0.6070948820008049,0.0002894867504378215
-0.6062313046437628,0.00028709699716127773
-0.6053677272867208,0.000284700920548879
-0.6045041499296779,0.0002822985109261489
-0.6036405725726359,0.00027988975861636955
-0.602776995215593,0.00027747465394062365
-0.601913417858551,0.0002750531872182174
-0.6010498405015081,0.000272625348766882
-0.6001862631444661,0.0002701911289012607
-0.5993226857874241,0.0002677505179355527
-0.5984591084303812,0.00026530350618127196
-0.5975955310733392,0.0002628500839488429
-0.5967319537162963,0.00026039024154691365
-0.5958683763592543,0.00025792396928189104
-0.5950047990022114,0.0002554512574588705
-0.5941412216451694,0.0002529720963818302
-0.5932776442881273,0.0002504864763532011
-0.5924140669310844,0.00024799438767339477
-0.5915504895740424,0.00024549582064217756
-0.5906869122169995,0.0002429907655573174
-0.5898233348599575,0.00024047921271678346
-0.5889597575029146,0.00023796115241434684
-0.5880961801458726,0.0002354365749464432
-0.5872326027888297,0.00023290547060482447
-0.5863690254317877,0.0002303678296830397
-0.5855054480747457,0.0002278236424721955
-0.5846418707177028,0.0002252728992622674
-0.5837782933606608,0.0002227155903428077
-0.5829147160036179,0.0002201517060027025
-0.5820511386465759,0.000217581236529929
-0.581187561289533,0.0002150041722113749
-0.580323983932491,0.000212420503333699
-0.579460406575449,0.00020983022018245673
-0.578596829218406,0.00020723331304318277
-0.577733251861364,0.00020462977220032236
-0.5768696745043211,0.00020201958793832075
-0.5760060971472791,0.0001994027505411583
-0.5751425197902362,0.00019677925029217003
-0.5742789424331942,0.000194149077474913
-0.5734153650761522,0.0001915122223715912
-0.5725517877191093,0.0001888686752655397
-0.5716882103620673,0.00018621842643942038
-0.5708246330050244,0.0001835614661754581
-0.5699610556479824,0.00018089778475607887
-0.5690974782909395,0.00017822737246439568
-0.5682339009338975,0.00017555021958263334
-0.5673703235768546,0.000172866316393884
-0.5665067462198126,0.00017017565318059452
-0.5656431688627706,0.00016747822022609993
-0.5647795915057277,0.00016477400781438056
-0.5639160141486856,0.00016206300622877146
-0.5630524367916427,0.00015934520575371786
-0.5621888594346007,0.00015662059667408829
-0.5613252820775578,0.00015388916927521618
-0.5604617047205158,0.00015115091384265006
-0.5595981273634738,0.00014840582066327768
-0.5587345500064309,0.000145653880024188
-0.5578709726493889,0.000142895082213379
-0.557007395292346,0.00014012941751951474
-0.556143817935304,0.0001373568762325708
-0.5552802405782611,0.00013457744864298765
-0.5544166632212191,0.00013179112504187185
-0.5535530858641771,0.00012899789572275167
-0.5526895085071342,0.0001261977509787321
-0.5518259311500922,0.00012339068110469448
-0.5509623537930493,0.00012057667639683162
-0.5500987764360072,0.0001177557271526894
-0.5492351990789643,0.00011492782367025778
-0.5483716217219223,0.00011209295625061455
-0.5475080443648794,0.0001092511151948583
-0.5466444670078374,0.00010640229080585706
-0.5457808896507954,0.00010354647338848416
-0.5449173122937525,0.00010068365324848033
-0.5440537349367105,9.781382069449368e-05
-0.5431901575796676,9.493696603539437e-05
-0.5423265802226256,9.205307958269626e-05
-0.5414630028655827,8.916215164993246e-05
-0.5405994255085407,8.626417255241242e-05
-0.5397358481514987,8.335913260720113e-05
-0.5388722707944558,8.04470221329387e-05
-0.5380086934374138,7.752783145181102e-05
-0.5371451160803709,7.460155088712117e-05
-0.5362815387233288,7.166817076370569e-05
-0.5354179613662859,6.872768140997465e-05
-0.5345543840092439,6.578007315633655e-05
-0.5336908066522019,6.28253363353995e-05
-0.532827229295159,5.986346128179082e-05
-0.531963651938117,5.689443833369057e-05
-0.5311000745810741,5.391825783103432e-05
-0.5302364972240321,5.0934910116665066e-05
-0.5293729198669892,4.794438553586827e-05
-0.5285093425099472,4.494667443657313e-05
-0.5276457651529043,4.194176717050441e-05
-0.5267821877958623,3.892965409093424e-05
-0.5259186104388203,3.591032555491647e-05
-0.5250550330817774,3.2883771922370686e-05
-0.5241914557247354,2.9849983556345938e-05
-0.5233278783676925,2.6808950822333755e-05
-0.5224643010106504,2.3760664089357564e-05
-0.5216007236536075,2.070511373023637e-05
-0.5207371462965655,1.7642290120675752e-05
-0.5198735689395235,1.4572183638802971e-05
-0.5190099915824806,1.149478466853926e-05
-0.5181464142254386,8.410083594694029e-06
-0.5172828368683957,5.3180708069408555e-06
-0.5164192595113537,2.2187366986378687e-06
-0.5155556821543108,-8.879283341922672e-07
-0.5146921047972688,-4.001933890329656e-06
-0.5138285274402268,-7.1232895664241624e-06
-0.5129649500831839,-1.0252004953581473e-05
-0.5121013727261419,-1.33880896402358e-05
-0.511237795369099,-1.6531553210401284e-05
-0.510374218012057,-1.9682405244629553e-05
-0.5095106406550141,-2.284065531792112e-05
-0.508647063297972,-2.6006313002965853e-05
-0.5077834859409291,-2.917938786688168e-05
-0.5069199085838871,-3.235988947278973e-05
-0.5060563312268451,-3.5547827380501273e-05
-0.5051927538698022,-3.874321114358953e-05
-0.5043291765127602,-4.194605031308113e-05
-0.5034655991557173,-4.5156354433889545e-05
-0.5026020217986753,-4.837413304750737e-05
-0.5017384444416324,-5.159939568963323e-05
-0.5008748670845904,-5.4832151892190983e-05
-0.5000112897275484,-5.8072411182240324e-05
-0.4991477123705055,-6.132018308171311e-05
-0.49828413501346347,-6.457547710732314e-05
-0.49742055765642057,-6.783830277214131e-05
-0.49655698029937856,-7.110866958222328e-05
-0.49569340294233566,-7.438658704040507e-05
-0.49482982558529365,-7.767206464321524e-05
-0.49396624822825164,-8.096511188205452e-05
-0.49310267087120874,-8.426573824377864e-05
-0.4922390935141667,-8.757395320968531e-05
-0.4913755161571238,-9.088976625387657e-05
-0.4905119388000818,-9.421318684876834e-05
-0.4896483614430389,-9.754422445711758e-05
-0.4887847840859969,-0.00010088288853859345
-0.487921206728954,-0.00010422918854696012
-0.487057629371912,-0.00010758313392976449
-0.48619405201487,-0.00011094473412835704
-0.4853304746578271,-0.0001143139985794045
-0.48446689730078507,-0.00011769093671235714
-0.48360331994374217,-0.0001210755579519121
-0.48273974258670016,-0.0001244678717161954
-0.48187616522965726,-0.00012786788741667166
-0.48101258787261525,-0.00013127561445960834
-0.48014901051557324,-0.00013469106224436866
-0.47928543315853034,-0.0001381142401643276
-0.4784218558014883,-0.00014154515760674696
-0.4775582784444454,-0.00014498382395135984
-0.4766947010874034,-0.0001484302485728825
-0.4758311237303605,-0.00015188444083870378
-0.4749675463733185,-0.00015534641010968298
-0.4741039690162765,-0.00015881616573988622
-0.4732403916592336,-0.00016229371707682932
-0.4723768143021916,-0.00016577907346127657
-0.4715132369451487,-0.00016927224422675496
-0.4706496595881067,-0.0001727732387001371
-0.4697860822310638,-0.00017628206620118325
-0.46892250487402176,-0.0001797987360434572
-0.46805892751697886,-0.00018332325753217527
-0.46719535015993685,-0.00018685563996511528
-0.46633177280289484,-0.0001903958926341917
-0.46546819544585194,-0.00019394402482330458
-0.46460461808880993,-0.00019750004580880443
-0.46374104073176703,-0.00020106396485940203
-0.462877463374725,-0.00020463579123712605
-0.4620138860176821,-0.00020821553419656663
-0.4611503086606401,-0.00021180320298289784
-0.4602867313035981,-0.0002153988068350557
-0.4594231539465552,-0.00021900235498410053
-0.4585595765895132,-0.00022261385665342526
-0.4576959992324703,-0.0002262333210572287
-0.4568324218754283,-0.0002298607574035827
-0.4559688445183854,-0.00023349617489134417
-0.45510526716134336,-0.00023713958271117525
-0.45424168980430135,-0.00024079099004638976
-0.45337811244725845,-0.00024445040607175283
-0.45251453509021644,-0.00024811783995327963
-0.45165095773317354,-0.000251793300849415
-0.45078738037613153,-0.0002554767979093889
-0.44992380301908863,-0.0002591683402749026
-0.4490602256620466,-0.00026286793707775563
-0.4481966483050046,-0.00026657559744264897
-0.4473330709479617,-0.00027029133048472875
-0.4464694935909197,-0.0002740151453106132
-0.4456059162338768,-0.000277747051017907
-0.4447423388768348,-0.00028148705669611
-0.4438787615197919,-0.0002852351714246401
-0.4430151841627499,-0.00028899140427467856
-0.442151606805707,-0.0002927557643084139
-0.44128802944866496,-0.00029652826057795234
-0.44042445209162295,-0.0003003089021279409
-0.43956087473458005,-0.00030409769799225744
-0.43869729737753804,-0.00030789465719602976
-0.43783372002049514,-0.000311699788754817
-0.43697014266345313,-0.0003155131016754145
-0.43610656530641023,-0.00031933460495373045
-0.4352429879493682,-0.0003231643075777002
-0.4343794105923262,-0.00032700221852413613
-0.4335158332352833,-0.000330848346762079
-0.4326522558782413,-0.0003347027012488221
-0.4317886785211984,-0.00033856529093231197
-0.4309251011641564,-0.00034243612475128027
-0.4300615238071135,-0.00034631521163404344
-0.4291979464500715,-0.0003502025604991271
-0.42833436909302947,-0.0003540981802546278
-0.42747079173598657,-0.000358002079798532
-0.42660721437894455,-0.0003619142680194101
-0.42574363702190166,-0.0003658347537947096
-0.42488005966485964,-0.00036976354599088657
-0.42401648230781674,-0.00037370065346586934
-0.42315290495077473,-0.00037764608506557495
-0.42228932759373183,-0.00038159984962592847
-0.4214257502366898,-0.00038556195597243964
-0.4205621728796478,-0.0003895324129194952
-0.4196985955226049,-0.00039351122927104576
-0.4188350181655629,-0.00039749841382051565
-0.41797144080852,-0.00040149397534931797
-0.417107863451478,-0.00040549792262965095
-0.4162442860944351,-0.0004095102644218543
-0.4153807087373931,-0.00041353100947436744
-0.41451713138035107,-0.00041756016652631095
-0.41365355402330817,-0.0004215977443042529
-0.41278997666626616,-0.0004256437515244571
-0.41192639930922326,-0.0004296981968908431
-0.41106282195218125,-0.0004337610890963392
-0.41019924459513835,-0.00043783243682345846
-0.40933566723809633,-0.00044191224874203655
-0.4084720898810543,-0.0004460005335106959
-0.4076085125240114,-0.0004500972997767555
-0.4067449351669694,-0.0004542025561747459
-0.4058813578099265,-0.00045831631132920575
-0.4050177804528845,-0.00046243857385159376
-0.4041542030958416,-0.00046656935234213465
-0.4032906257387996,-0.0004707086553882925
-0.4024270483817567,-0.0004748564915664222
-0.4015634710247147,-0.0004790128694402429
-0.40069989366767267,-0.0004831777975623508
-0.39983631631062977,-0.00048735128447124215
-0.39897273895358776,-0.00049153333869522
-0.39810916159654486,-0.0004957239687485779
-0.39724558423950285,-0.0004999231831353951
-0.39638200688245995,-0.0005041309903446728
-0.39551842952541794,-0.0005083473988549553
-0.3946548521683759,-0.000512572417130916
-0.393791274811333,-0.0005168060536256749
-0.392927697454291,-0.0005210483167788285
-0.3920641200972481,-0.0005252992150178507
-0.3912005427402061,-0.0005295587567570037
-0.3903369653831632,-0.0005338269503979143
-0.3894733880261212,-0.0005381038043288655
-0.3886098106690792,-0.000542389326925817
-0.3877462333120363,-0.0005466835265507605
-0.38688265595499427,-0.0005509864115540095
-0.38601907859795137,-0.0005552979902708893
-0.38515550124090936,-0.0005596182710252001
-0.38429192388386646,-0.000563947262125844
-0.38342834652682445,-0.0005682849718696287
-0.38256476916978155,-0.0005726314085396991
-0.38170119181273954,-0.0005769865804048993
-0.3808376144556975,-0.0005813504957216178
-0.3799740370986546,-0.0005857231627321435
-0.3791104597416126,-0.000590104589664131
-0.3782468823845697,-0.000594494784734112
-0.3773833050275277,-0.0005988937561419647
-0.3765197276704848,-0.0006033015120753757
-0.3756561503134428,-0.0006077180607072449
-0.3747925729564008,-0.0006121434101974826
-0.3739289955993579,-0.0006165775686912539
-0.37306541824231587,-0.0006210205443198252
-0.37220184088527297,-0.0006254723452001412
-0.37133826352823096,-0.0006299329794350675
-0.37047468617118806,-0.000634402455113571
-0.36961110881414605,-0.0006388807803091937
-0.36874753145710404,-0.0006433679630824807
-0.36788395410006114,-0.0006478640114785661
-0.3670203767430191,-0.0006523689335286853
-0.36615679938597623,-0.0006568827372485306
-0.3652932220289342,-0.0006614054306403813
-0.3644296446718913,-0.000665937021691064
-0.3635660673148493,-0.0006704775183728612
-0.3627024899578064,-0.0006750269286435323
-0.3618389126007644,-0.0006795852604452729
-0.3609753352437224,-0.0006841525217059635
-0.3601117578866795,-0.0006887287203383788
-0.3592481805296375,-0.00069331386423966
-0.3583846031725946,-0.0006979079612929387
-0.35752102581555256,-0.0007025110193653594
-0.35665744845850966,-0.0007071230463090994
-0.35579387110146765,-0.000711744049961105
-0.35493029374442564,-0.0007163740381432235
-0.35406671638738274,-0.0007210130186608918
-0.35320313903034073,-0.0007256609993056481
-0.35233956167329783,-0.0007303179878516003
-0.3514759843162558,-0.0007349839920601092
-0.3506124069592129,-0.0007396590196736413
-0.3497488296021709,-0.0007443430784214583
-0.3488852522451289,-0.0007490361760150513
-0.348021674888086,-0.0007537383201530537
-0.347158097531044,-0.0007584495185147602
-0.3462945201740011,-0.0007631697787661429
-0.3454309428169591,-0.000767899108555542
-0.3445673654599162,-0.0007726375155169551
-0.34370378810287416,-0.0007773850072667274
-0.34284021074583126,-0.0007821415914063476
-0.34197663338878925,-0.0007869072755191872
-0.34111305603174724,-0.0007916820671749619
-0.34024947867470434,-0.0007964659739253116
-0.33938590131766233,-0.0008012590033059791
-0.33852232396061943,-0.0008060611628366091
-0.3376587466035774,-0.0008108724600197695
-0.3367951692465345,-0.0008156929023419093
-0.3359315918894925,-0.0008205224972730532
-0.3350680145324505,-0.0008253612522661213
-0.3342044371754076,-0.0008302091747577345
-0.3333408598183656,-0.0008350662721671731
-0.3324772824613227,-0.0008399325518977305
-0.3316137051042807,-0.0008448080213355122
-0.3307501277472378,-0.0008496926878497277
-0.32988655039019577,-0.0008545865587924889
-0.32902297303315375,-0.0008594896414990533
-0.32815939567611085,-0.0008644019432873379
-0.32729581831906884,-0.0008693234714581694
-0.32643224096202594,-0.000874254233295936
-0.32556866360498393,-0.0008791942360668395
-0.32470508624794103,-0.0008841434870204071
-0.323841508890899,-0.0008891019933887356
-0.3229779315338561,-0.0008940697623859573
-0.3221143541768141,-0.0008990468012095298
-0.3212507768197721,-0.0009040331170390367
-0.3203871994627292,-0.0009090287170368735
-0.3195236221056872,-0.0009140336083472075
-0.3186600447486443,-0.0009190477980968864
-0.3177964673916023,-0.0009240712933953482
-0.3169328900345594,-0.0009291041013334694
-0.31606931267751737,-0.0009341462289855912
-0.31520573532047536,-0.0009391976834071739
-0.31434215796343246,-0.0009442584716361571
-0.31347858060639044,-0.0009493286006921411
-0.31261500324934755,-0.0009544080775772956
-0.31175142589230553,-0.0009594969092749372
-0.31088784853526263,-0.0009645951027512645
-0.3100242711782206,-0.000969702664953935
-0.3091606938211786,-0.0009748196028117537
-0.3082971164641357,-0.0009799459232362959
-0.3074335391070937,-0.0009850816331198192
-0.3065699617500508,-0.0009902267393369496
-0.3057063843930088,-0.0009953812487437513
-0.3048428070359659,-0.00100054516817797
-0.3039792296789239,-0.0010057185044581654
-0.303115652321881,-0.0010109012643851126
-0.30225207496483897,-0.0010160934547402758
-0.30138849760779696,-0.001021295082287349
-0.30052492025075406,-0.0010265061537707287
-0.29966134289371205,-0.001031726675915362
-0.29879776553666915,-0.0010369566554294316
-0.29793418817962714,-0.0010421960990001575
-0.29707061082258424,-0.0010474450132973087
-0.2962070334655422,-0.0010527034049708922
-0.2953434561085002,-0.0010579712806516178
-0.2944798787514573,-0.001063248646952411
-0.2936163013944153,-0.0010685355104658872
-0.2927527240373724,-0.0010738318777665581
-0.2918891466803304,-0.0010791377554086393
-0.2910255693232875,-0.0010844531499282287
-0.2901619919662455,-0.0010897780678417734
-0.28929841460920347,-0.0010951125156458685
-0.28843483725216057,-0.0011004564998182143
-0.28757125989511856,-0.001105810026817082
-0.28670768253807566,-0.0011111731030815572
-0.28584410518103365,-0.0011165457350306093
-0.28498052782399075,-0.001121927929063557
-0.28411695046694874,-0.0011273196915615319
-0.28325337310990584,-0.0011327210288841066
-0.2823897957528638,-0.0011381319473728752
-0.2815262183958218,-0.0011435524533481081
-0.2806626410387789,-0.0011489825531124445
-0.2797990636817369,-0.001154422252946187
-0.278935486324694,-0.0011598715591110975
-0.278071908967652,-0.00116533047784953
-0.2772083316106091,-0.001170799015383056
-0.2763447542535671,-0.001176277177913819
-0.27548117689652507,-0.0011817649716228881
-0.27461759953948217,-0.0011872624026728826
-0.27375402218244016,-0.001192769477204994
-0.27289044482539726,-0.001198286201340451
-0.27202686746835525,-0.0012038125811811434
-0.27116329011131235,-0.0012093486228078668
-0.27029971275427034,-0.0012148943322814534
-0.2694361353972283,-0.001220449715642398
-0.2685725580401854,-0.0012260147789102185
-0.2677089806831434,-0.0012315895280849976
-0.2668454033261005,-0.001237173969146299
-0.2659818259690585,-0.001242768108052572
-0.2651182486120156,-0.0012483719507421706
-0.2642546712549736,-0.0012539855031329303
-0.2633910938979307,-0.0012596087711213497
-0.2625275165408887,-0.0012652417605844984
-0.26166393918384667,-0.0012708844773772626
-0.2608003618268038,-0.0012765369273358557
-0.25993678446976176,-0.0012821991162732943
-0.25907320711271886,-0.0012878710499841586
-0.25820962975567685,-0.001293552734240068
-0.25734605239863395,-0.0012992441747934139
-0.25648247504159194,-0.0013049453773746056
-0.25561889768454993,-0.001310656347693645
-0.25475532032750703,-0.001316377091439641
-0.253891742970465,-0.0013221076142800534
-0.2530281656134221,-0.0013278479218621561
-0.2521645882563801,-0.0013335980198108874
-0.2513010108993372,-0.0013393579137315342
-0.2504374335422952,-0.0013451276092072
-0.24957385618525318,-0.0013509071117997623
-0.24871027882821028,-0.001356696427050344
-0.24784670147116827,-0.001362495560478856
-0.24698312411412537,-0.0013683045175830258
-0.24611954675708336,-0.0013741233038402426
-0.24525596940004046,-0.0013799519247053582
-0.24439239204299845,-0.0013857903856131504
-0.24352881468595555,-0.0013916386919762824
-0.24266523732891354,-0.0013974968491855463
-0.24180165997187153,-0.0014033648626105497
-0.24093808261482863,-0.0014092427375998959
-0.24007450525778662,-0.001415130479479429
-0.23921092790074372,-0.0014210280935544745
-0.2383473505437017,-0.0014269355851080218
-0.2374837731866588,-0.0014328529594011888
-0.2366201958296168,-0.001438780221674353
-0.23575661847257479,-0.0014447173771448898
-0.2348930411155319,-0.001450664431010086
-0.23402946375848988,-0.001456621388442686
-0.23316588640144698,-0.0014625882545964697
-0.23230230904440496,-0.0014685650346014378
-0.23143873168736206,-0.0014745517335662747
-0.23057515433032005,-0.0014805483565780361
-0.22971157697327804,-0.0014865549087014415
-0.22884799961623514,-0.0014925713949787839
-0.22798442225919313,-0.0014985978204309497
-0.22712084490215023,-0.0015046341900568222
-0.22625726754510822,-0.001510680508832643
-0.22539369018806532,-0.0015167367817127755
-0.2245301128310233,-0.0015228030136297324
-0.2236665354739804,-0.001528879209493024
-0.2228029581169384,-0.0015349653741906222
-0.2219393807598964,-0.0015410615125882043
-0.2210758034028535,-0.0015471676295290004
-0.22021222604581148,-0.001553283729833814
-0.21934864868876858,-0.0015594098183009317
-0.21848507133172657,-0.0015655458997074143
-0.21762149397468367,-0.0015716919788064526
-0.21675791661764165,-0.001577848060329498
-0.21589433926059964,-0.0015840141489856657
-0.21503076190355674,-0.001590190249461651
-0.21416718454651473,-0.0015963763664208278
-0.21330360718947183,-0.0016025725045053854
-0.21244002983242982,-0.0016087786683336228
-0.21157645247538692,-0.0016149948625021893
-0.2107128751183449,-0.0016212210915847736
-0.2098492977613029,-0.001627457360132284
-0.20898572040426,-0.0016337036726734241
-0.208122143047218,-0.0016399600337139372
-0.2072585656901751,-0.0016462264477364527
-0.20639498833313308,-0.0016525029192017288
-0.20553141097609018,-0.0016587894525468966
-0.20466783361904817,-0.0016650860521871952
-0.20380425626200527,-0.0016713927225144379
-0.20294067890496326,-0.0016777094678979212
-0.20207710154792125,-0.0016840362926837174
-0.20121352419087835,-0.0016903732011951458
-0.20034994683383633,-0.0016967201977330926
-0.19948636947679343,-0.0017030772865747057
-0.19862279211975142,-0.0017094444719754631
-0.19775921476270852,-0.0017158217581661958
-0.1968956374056665,-0.0017222091493563282
-0.1960320600486245,-0.0017286066497312833
-0.1951684826915816,-0.0017350142634537241
-0.1943049053345396,-0.0017414319946633533
-0.1934413279774967,-0.001747859847477204
-0.19257775062045468,-0.001754297825987891
-0.19171417326341178,-0.0017607459342668177
-0.19085059590636977,-0.0017672041763606497
-0.18998701854932776,-0.0017736725562938274
-0.18912344119228486,-0.0017801510780669216
-0.18825986383524285,-0.0017866397456578753
-0.18739628647819995,-0.001793138563021296
-0.18653270912115794,-0.0017996475340885873
-0.18566913176411504,-0.0018061666627676373
-0.18480555440707302,-0.0018126959529438866
-0.18394197705003013,-0.0018192354084784618
-0.18307839969298811,-0.0018257850332096398
-0.1822148223359461,-0.0018323448309524731
-0.1813512449789032,-0.0018389148054988175
-0.1804876676218612,-0.0018454949606167628
-0.1796240902648183,-0.0018520853000509943
-0.17876051290777628,-0.0018586858275233056
-0.17789693555073338,-0.0018652965467319538
-0.17703335819369137,-0.0018719174613515688
-0.17616978083664936,-0.0018785485750334452
-0.17530620347960646,-0.0018851898914054518
-0.17444262612256445,-0.0018918414140720527
-0.17357904876552155,-0.0018985031466142652
-0.17271547140847954,-0.001905175092590014
-0.17185189405143664,-0.001911857255532265
-0.17098831669439463,-0.0019185496389519802
-0.17012473933735262,-0.0019252522463360372
-0.16926116198030972,-0.001931965081148214
-0.1683975846232677,-0.001938688146827884
-0.1675340072662248,-0.001945421446791308
-0.1666704299091828,-0.0019521649844310984
-0.1658068525521399,-0.001958918763116685
-0.16494327519509788,-0.0019656827861932735
-0.16407969783805498,-0.0019724570569832
-0.16321612048101297,-0.001979241578784173
-0.16235254312397096,-0.0019860363548709
-0.16148896576692806,-0.001992841388494329
-0.16062538840988605,-0.0019996566828814483
-0.15976181105284315,-0.0020064822412366873
-0.15889823369580114,-0.00201331806673917
-0.15803465633875824,-0.002020164162545475
-0.15717107898171623,-0.002027020531788111
-0.15630750162467422,-0.0020338871775758063
-0.15544392426763132,-0.002040764102993531
-0.1545803469105893,-0.0020476513111028494
-0.1537167695535464,-0.002054548804941436
-0.1528531921965044,-0.002061456587523318
-0.1519896148394615,-0.002068374661837895
-0.15112603748241948,-0.002075303030852009
-0.15026246012537747,-0.0020822416975081956
-0.14939888276833457,-0.002089190664725335
-0.14853530541129256,-0.0020961499353976815
-0.14767172805424966,-0.002103119512397819
-0.14680815069720765,-0.0021100993985716868
-0.14594457334016475,-0.0021170895967437056
-0.14508099598312274,-0.002124090109713296
-0.14421741862607984,-0.002131100940256786
-0.14335384126903783,-0.002138122091125322
-0.14249026391199582,-0.002145153565048824
-0.14162668655495292,-0.0021521953647302347
-0.1407631091979109,-0.0021592474928507563
-0.139899531840868,-0.0021663099520667015
-0.139035954483826,-0.0021733827450118454
-0.1381723771267831,-0.002180465874294893
-0.13730879976974109,-0.0021875593425004364
-0.13644522241269907,-0.0021946631521899823
-0.13558164505565617,-0.0022017773059014936
-0.13471806769861416,-0.002208901806147863
-0.13385449034157126,-0.0022160366554195357
-0.13299091298452925,-0.002223181856181089
-0.13212733562748635,-0.0022303374108755825
-0.13126375827044434,-0.002237503321920631
-0.13040018091340233,-0.002244679591710534
-0.12953660355635943,-0.0022518662226155214
-0.12867302619931742,-0.002259063216981709
-0.12780944884227452,-0.0022662705771315655
-0.1269458714852325,-0.0022734883053638216
-0.1260822941281896,-0.0022807164039530953
-0.1252187167711476,-0.0022879548751503637
-0.1243551394141047,-0.0022952037211828383
-0.12349156205706269,-0.0023024629442527714
-0.12262798470002068,-0.002309732546539857
-0.12176440734297778,-0.0023170125301985867
-0.12090082998593576,-0.002324302897361158
-0.12003725262889287,-0.002331603650134767
-0.11917367527185085,-0.0023389147906024074
-0.11831009791480795,-0.002346236320824556
-0.11744652055776594,-0.0023535682428363555
-0.11658294320072393,-0.0023609105586500853
-0.11571936584368103,-0.0023682632702532597
-0.11485578848663902,-0.002375626379610543
-0.11399221112959612,-0.0023829998886619325
-0.11312863377255411,-0.0023903837993237767
-0.11226505641551121,-0.002397778113488354
-0.1114014790584692,-0.0024051828330249395
-0.11053790170142719,-0.002412597959777496
-0.10967432434438429,-0.0024200234955671363
-0.10881074698734228,-0.0024274594421915263
-0.10794716963029938,-0.0024349058014231303
-0.10708359227325737,-0.0024423625750112296
-0.10622001491621447,-0.002449829764681992
-0.10535643755917246,-0.002457307372136279
-0.10449286020212956,-0.002464795399052519
-0.10362928284508754,-0.002472293847084514
-0.10276570548804553,-0.0024798027178620646
-0.10190212813100263,-0.0024873220129921006
-0.10103855077396062,-0.0024948517340569257
-0.10017497341691772,-0.00250239188261462
-0.09931139605987571,-0.002509942460201281
-0.09844781870283281,-0.00251750346832727
-0.0975842413457908,-0.0025250749084805013
-0.09672066398874879,-0.0025326567821237975
-0.09585708663170589,-0.002540249090697576
-0.09499350927466388,-0.002547851835617586
-0.09412993191762098,-0.0025554650182764843
-0.09326635456057897,-0.002563088640042524
-0.09240277720353607,-0.002570722702260622
-0.09153919984649406,-0.002578367206252166
-0.09067562248945205,-0.0025860221533138897
-0.08981204513240915,-0.0025936875447201205
-0.08894846777536713,-0.0026013633817205187
-0.08808489041832424,-0.0026090496655414297
-0.08722131306128222,-0.002616746397385461
-0.08635773570423932,-0.0026244535784314404
-0.08549415834719731,-0.002632171209834659
-0.08463058099015441,-0.0026398992927273365
-0.0837670036331124,-0.002647637828216802
-0.08290342627607039,-0.0026553868173879655
-0.08203984891902749,-0.002663146261301305
-0.08117627156198548,-0.002670916160994005
-0.08031269420494258,-0.002678696517479248
-0.07944911684790057,-0.0026864873317480123
-0.07858553949085767,-0.0026942886047662054
-0.07772196213381566,-0.002702100337476178
-0.07685838477677365,-0.0027099225307980757
-0.07599480741973075,-0.0027177551856274185
-0.07513123006268874,-0.0027255983028368347
-0.07426765270564584,-0.0027334518832745278
-0.07340407534860383,-0.0027413159277665175
-0.07254049799156093,-0.002749190437114156
-0.07167692063451891,-0.0027570754120961535
-0.0708133432774769,-0.002764970853467011
-0.069949765920434,-0.002772876761958601
-0.06908618856339199,-0.002780793138279017
-0.06822261120634909,-0.0027887199831130374
-0.06735903384930708,-0.0027966572971217032
-0.06649545649226418,-0.0028046050809431636
-0.06563187913522217,-0.002812563335192031
-0.06476830177817927,-0.002820532060460068
-0.06390472442113726,-0.00282851125731437
-0.06304114706409525,-0.0028365009263000493
-0.06217756970705235,-0.0028445010679382585
-0.06131399235001034,-0.0028525116827270366
-0.06045041499296744,-0.0028605327711415524
-0.05958683763592543,-0.002868564333633014
-0.05872326027888253,-0.002876606370630183
-0.057859682921840516,-0.0028846588825380687
-0.056996105564798505,-0.0028927218697385806
-0.056132528207755605,-0.002900795332590779
-0.055268950850713594,-0.002908879271430166
-0.054405373493670695,-0.002916973686569152
-0.05354179613662868,-0.0029250785782975186
-0.052678218779585784,-0.0029331939468812684
-0.05181464142254377,-0.0029413197925639775
-0.05095106406550176,-0.002949456115565706
-0.05008748670845886,-0.0029576029160834003
-0.04922390935141685,-0.0029657601942920317
-0.04836033199437395,-0.0029739279503421395
-0.04749675463733194,-0.0029821061843620794
-0.04663317728028904,-0.0029902948964566495
-0.04576959992324703,-0.0029984940867091095
-0.04490602256620413,-0.003006703755177871
-0.04404244520916212,-0.003014923901900453
-0.043178867852120106,-0.0030231545268897264
-0.04231529049507721,-0.003031395630136824
-0.041451713138035196,-0.003039647211609764
-0.040588135780992296,-0.0030479092712534725
-0.039724558423950285,-0.00305618180899047
-0.038860981066907385,-0.003064464824720385
-0.037997403709865374,-0.0030727583183202054
-0.03713382635282336,-0.0030810622896438183
-0.03627024899578046,-0.0030893767385233722
-0.03540667163873845,-0.0030977016647667915
-0.03454309428169555,-0.0031060370681604624
-0.03367951692465354,-0.0031143829484683652
-0.03281593956761064,-0.003122739305430923
-0.03195236221056863,-0.0031311061387670203
-0.03108878485352662,-0.0031394834481718037
-0.03022520749648372,-0.003147871233319083
-0.029361630139441708,-0.0031562694938591304
-0.02849805278239881,-0.003164678229420702
-0.027634475425356797,-0.003173097439609217
-0.026770898068313898,-0.003181527124008779
-0.025907320711271886,-0.0031899672821795316
-0.025043743354229875,-0.0031984179136607255
-0.024180165997186975,-0.003206879017968303
-0.023316588640144964,-0.0032153505945964403
-0.022453011283102065,-0.0032238326430164624
-0.021589433926060053,-0.003232325162677692
-0.020725856569017154,-0.003240828153007469
-0.019862279211975142,-0.003249341613410728
-0.018998701854932243,-0.0032578655432701775
-0.01813512449789023,-0.0032663999419458786
-0.01727154714084822,-0.003274944808776152
-0.01640796978380532,-0.0032835001430779817
-0.01554439242676331,-0.0032920659441448216
-0.01468081506972041,-0.0033006422112494688
-0.013817237712678399,-0.003309228943640982
-0.012953660355635499,-0.003317826140547972
-0.012090082998593488,-0.003326433801177066
-0.011226505641551476,-0.0033350519247109314
-0.010362928284508577,-0.003343680510313342
-0.009499350927466566,-0.0033523195571238673
-0.008635773570423666,-0.0033609690642605605
-0.007772196213381655,-0.003369629030820137
-0.006908618856338755,-0.0033782994558782184
-0.006045041499296744,-0.00338698033848691
-0.0051814641422547325,-0.003395671677677646
-0.004317886785211833,-0.00340437347246033
-0.0034543094281698217,-0.0034130857218224314
-0.002590732071126922,-0.0034218084247299024
-0.0017271547140849108,-0.00343054158012758
-0.0008635773570420113,-0.0034392851869389854
0.0,-0.003448039244064789
