N,x_resid_ln_fs8
-3.91200542740206,-0.0001983364541559493
-3.9111418500450177,-0.00019849766676673097
-3.9102782726879752,-0.00019865819812068392
-3.9094146953309328,-0.00019881804911753287
-3.9085511179738908,-0.00019897722065699563
-3.9076875406168483,-0.00019913571363881083
-3.906823963259806,-0.00019929352895736718
-3.9059603859027634,-0.0001994506675097249
-3.905096808545721,-0.00019960713019027965
-3.9042332311886785,-0.00019976291789075562
-3.903369653831636,-0.00019991803150556237
-3.902506076474594,-0.00020007247192375954
-3.9016424991175516,-0.00020022624003796646
-3.900778921760509,-0.00020037933673280883
-3.8999153444034667,-0.00020053176289912267
-3.899051767046424,-0.00020068351942154755
-3.8981881896893817,-0.00020083460718470225
-3.8973246123323393,-0.00020098502707410065
-3.896461034975297,-0.00020113477997169699
-3.895597457618255,-0.0002012838667594663
-3.8947338802612124,-0.0002014322883166983
-3.89387030290417,-0.00020158004552357778
-3.8930067255471275,-0.0002017271392594014
-3.892143148190085,-0.00020187357039901793
-3.8912795708330425,-0.00020201933981907338
-3.890415993476,-0.00020216444839530473
-3.889552416118958,-0.000202308896999015
-3.8886888387619156,-0.0002024526865059481
-3.887825261404873,-0.00020259581778295926
-3.8869616840478307,-0.0002027382917040299
-3.8860981066907883,-0.0002028801091369034
-3.885234529333746,-0.00020302127094755373
-3.8843709519767033,-0.00020316177800550755
-3.883507374619661,-0.00020330163117317918
-3.882643797262619,-0.0002034408313183328
-3.8817802199055764,-0.00020357937930160636
-3.880916642548534,-0.00020371727598719747
-3.8800530651914915,-0.00020385452223397466
-3.879189487834449,-0.00020399111890257587
-3.8783259104774066,-0.00020412706685188353
-3.877462333120364,-0.00020426236693987104
-3.8765987557633217,-0.00020439702002185423
-3.8757351784062797,-0.00020453102695492525
-3.8748716010492372,-0.0002046643885908403
-3.8740080236921948,-0.00020479710578492905
-3.8731444463351523,-0.0002049291793880595
-3.87228086897811,-0.00020506061025110656
-3.8714172916210674,-0.000205191399224057
-3.870553714264025,-0.00020532154715511425
-3.869690136906983,-0.0002054510548925026
-3.8688265595499405,-0.00020557992328264912
-3.867962982192898,-0.00020570815316932334
-3.8670994048358556,-0.0002058357453971829
-3.866235827478813,-0.0002059627008099904
-3.8653722501217707,-0.00020608902024975284
-3.864508672764728,-0.00020621470455579188
-3.8636450954076857,-0.0002063397545692125
-3.8627815180506437,-0.0002064641711284551
-3.8619179406936013,-0.00020658795507106503
-3.861054363336559,-0.00020671110723283204
-3.8601907859795164,-0.00020683362844952508
-3.859327208622474,-0.00020695551955514369
-3.8584636312654315,-0.00020707678138279922
-3.857600053908389,-0.00020719741476293158
-3.8567364765513465,-0.00020731742053044233
-3.8558728991943045,-0.00020743679951221866
-3.855009321837262,-0.00020755555253604285
-3.8541457444802196,-0.00020767368043236173
-3.853282167123177,-0.00020779118402539792
-3.8524185897661347,-0.00020790806414205942
-3.8515550124090923,-0.00020802432160656886
-3.85069143505205,-0.00020813995724049128
-3.849827857695008,-0.00020825497186894443
-3.8489642803379653,-0.0002083693663099337
-3.848100702980923,-0.00020848314138592616
-3.8472371256238804,-0.00020859629791492723
-3.846373548266838,-0.00020870883671494922
-3.8455099709097955,-0.0002088207586022281
-3.844646393552753,-0.0002089320643929929
-3.8437828161957106,-0.0002090427549017171
-3.8429192388386686,-0.00020915283094196518
-3.842055661481626,-0.0002092622933273086
-3.8411920841245837,-0.0002093711428677661
-3.8403285067675412,-0.00020947938037512576
-3.8394649294104988,-0.0002095870066558675
-3.8386013520534563,-0.00020969402252177943
-3.837737774696414,-0.0002098004287784394
-3.8368741973393714,-0.00020990622623142524
-3.8360106199823294,-0.000210011415687196
-3.835147042625287,-0.00021011599794779068
-3.8342834652682445,-0.00021021997381878016
-3.833419887911202,-0.00021032334409952502
-3.8325563105541596,-0.0002104261095911622
-3.831692733197117,-0.00021052827109570987
-3.8308291558400747,-0.00021062982940987796
-3.8299655784830327,-0.00021073078533124373
-3.82910200112599,-0.00021083113965739142
-3.8282384237689477,-0.0002109308931841289
-3.8273748464119053,-0.00021103004670459252
-3.826511269054863,-0.00021112860101460407
-3.8256476916978204,-0.00021122655690285902
-3.824784114340778,-0.00021132391516605342
-3.8239205369837355,-0.00021142067658933006
-3.8230569596266935,-0.00021151684196495796
-3.822193382269651,-0.00021161241207896808
-3.8213298049126085,-0.0002117073877227274
-3.820466227555566,-0.00021180176967783293
-3.8196026501985236,-0.00021189555873298016
-3.818739072841481,-0.0002119887556688918
-3.8178754954844387,-0.000212081361272487
-3.8170119181273963,-0.0002121733763235864
-3.8161483407703543,-0.00021226480160289884
-3.815284763413312,-0.0002123556378920144
-3.8144211860562693,-0.00021244588596899122
-3.813557608699227,-0.00021253554661275487
-3.8126940313421844,-0.0002126246205977969
-3.811830453985142,-0.00021271310870216165
-3.8109668766280995,-0.0002128010117012219
-3.8101032992710575,-0.0002128883303668186
-3.809239721914015,-0.00021297506547343636
-3.8083761445569726,-0.00021306121779290227
-3.80751256719993,-0.000213146788095267
-3.8066489898428877,-0.00021323177715146246
-3.8057854124858452,-0.00021331618572888872
-3.8049218351288028,-0.00021340001459581315
-3.8040582577717603,-0.0002134832645196219
-3.8031946804147183,-0.00021356593626681297
-3.802331103057676,-0.00021364803060032467
-3.8014675257006334,-0.0002137295482840043
-3.800603948343591,-0.00021381049008256658
-3.7997403709865485,-0.00021389085675629221
-3.798876793629506,-0.00021397064906546193
-3.7980132162724636,-0.00021404986777212587
-3.797149638915421,-0.00021412851363302593
-3.796286061558379,-0.00021420658740577136
-3.7954224842013367,-0.00021428408984886654
-3.794558906844294,-0.00021436102171726312
-3.7936953294872517,-0.00021443738376412946
-3.7928317521302093,-0.00021451317674620746
-3.791968174773167,-0.0002145884014148891
-3.7911045974161244,-0.00021466305852157336
-3.7902410200590824,-0.00021473714881677097
-3.78937744270204,-0.00021481067305187396
-3.7885138653449975,-0.00021488363197385424
-3.787650287987955,-0.00021495602633321564
-3.7867867106309125,-0.0002150278568742517
-3.78592313327387,-0.00021509912434392042
-3.7850595559168276,-0.0002151698294878407
-3.784195978559785,-0.00021523997304854353
-3.783332401202743,-0.00021530955576987143
-3.7824688238457007,-0.0002153785783925652
-3.7816052464886583,-0.00021544704166091833
-3.780741669131616,-0.0002155149463116679
-3.7798780917745733,-0.0002155822930846804
-3.779014514417531,-0.00021564908271846928
-3.7781509370604884,-0.00021571531595022259
-3.777287359703446,-0.00021578099351624025
-3.776423782346404,-0.0002158461161505948
-3.7755602049893615,-0.0002159106845896
-3.774696627632319,-0.00021597469956466386
-3.7738330502752766,-0.00021603816180853358
-3.772969472918234,-0.00021610107205218
-3.7721058955611917,-0.00021616343102789926
-3.7712423182041492,-0.0002162252394631234
-3.7703787408471072,-0.00021628649808703992
-3.7695151634900648,-0.00021634720762617882
-3.7686515861330223,-0.00021640736880840228
-3.76778800877598,-0.00021646698235890105
-3.7669244314189374,-0.0002165260490024426
-3.766060854061895,-0.00021658456946199722
-3.7651972767048525,-0.00021664254446098624
-3.76433369934781,-0.0002166999747214987
-3.763470121990768,-0.0002167568609638404
-3.7626065446337256,-0.0002168132039065615
-3.761742967276683,-0.00021686900427174416
-3.7608793899196407,-0.0002169242627739279
-3.760015812562598,-0.00021697898013298134
-3.7591522352055557,-0.00021703315706343707
-3.7582886578485133,-0.00021708679428162486
-3.757425080491471,-0.00021713989250030097
-3.756561503134429,-0.00021719245243400492
-3.7556979257773864,-0.00021724447479461173
-3.754834348420344,-0.00021729596029354536
-3.7539707710633015,-0.00021734690964091835
-3.753107193706259,-0.0002173973235468224
-3.7522436163492165,-0.0002174472027191357
-3.751380038992174,-0.00021749654786706873
-3.750516461635132,-0.0002175453596962723
-3.7496528842780896,-0.00021759363891241806
-3.748789306921047,-0.00021764138622071272
-3.7479257295640047,-0.00021768860232503767
-3.7470621522069623,-0.00021773528792883023
-3.74619857484992,-0.00021778144373374442
-3.7453349974928773,-0.00021782707044145505
-3.744471420135835,-0.0002178721687518398
-3.743607842778793,-0.00021791673936433914
-3.7427442654217504,-0.00021796078297750543
-3.741880688064708,-0.00021800430028855178
-3.7410171107076655,-0.00021804729199471212
-3.740153533350623,-0.00021808975879097914
-3.7392899559935806,-0.00021813170137279653
-3.738426378636538,-0.00021817312043293652
-3.7375628012794957,-0.0002182140166659685
-3.7366992239224537,-0.00021825439076288838
-3.7358356465654112,-0.00021829424341514303
-3.7349720692083688,-0.000218333575312403
-3.7341084918513263,-0.00021837238714522006
-3.733244914494284,-0.0002184106796010582
-3.7323813371372414,-0.00021844845336736057
-3.731517759780199,-0.0002184857091311332
-3.730654182423157,-0.00021852244757804978
-3.7297906050661145,-0.00021855866939288898
-3.728927027709072,-0.00021859437525911796
-3.7280634503520296,-0.00021862956586062715
-3.727199872994987,-0.0002186642418786494
-3.7263362956379447,-0.00021869840399530577
-3.725472718280902,-0.00021873205289004577
-3.7246091409238598,-0.00021876518924233979
-3.7237455635668177,-0.00021879781373163737
-3.7228819862097753,-0.00021882992703517457
-3.722018408852733,-0.00021886152982929924
-3.7211548314956904,-0.00021889262278990823
-3.720291254138648,-0.0002189232065924751
-3.7194276767816055,-0.00021895328191067626
-3.718564099424563,-0.00021898284941775092
-3.7177005220675206,-0.00021901190978693835
-3.7168369447104785,-0.00021904046368836222
-3.715973367353436,-0.0002190685117930552
-3.7151097899963936,-0.00021909605477069688
-3.714246212639351,-0.0002191230932905297
-3.7133826352823087,-0.00021914962802001975
-3.7125190579252663,-0.00021917565962573798
-3.711655480568224,-0.00021920118877516437
-3.710791903211182,-0.00021922621613220533
-3.7099283258541393,-0.0002192507423629947
-3.709064748497097,-0.00021927476812922536
-3.7082011711400544,-0.00021929829409480378
-3.707337593783012,-0.00021932132092099266
-3.7064740164259695,-0.00021934384926903389
-3.705610439068927,-0.00021936587979884403
-3.7047468617118846,-0.00021938741316945148
-3.7038832843548426,-0.0002194084500389895
-3.7030197069978,-0.0002194289910660563
-3.7021561296407577,-0.00021944903690612055
-3.7012925522837152,-0.00021946858821510207
-3.7004289749266728,-0.0002194876456489206
-3.6995653975696303,-0.00021950620986082442
-3.698701820212588,-0.00021952428150319447
-3.6978382428555454,-0.00021954186122972313
-3.6969746654985034,-0.00021955894969188927
-3.696111088141461,-0.0002195755475389513
-3.6952475107844185,-0.0002195916554219371
-3.694383933427376,-0.00021960727398878666
-3.6935203560703336,-0.0002196224038883074
-3.692656778713291,-0.0002196370457675373
-3.6917932013562487,-0.00021965120027262613
-3.6909296239992067,-0.00021966486804882862
-3.690066046642164,-0.00021967804974142024
-3.6892024692851217,-0.00021969074599387933
-3.6883388919280793,-0.00021970295744924706
-3.687475314571037,-0.00021971468474967643
-3.6866117372139944,-0.0002197259285364253
-3.685748159856952,-0.00021973668944988423
-3.6848845824999095,-0.0002197469681295347
-3.6840210051428675,-0.0002197567652144211
-3.683157427785825,-0.00021976608134225556
-3.6822938504287825,-0.00021977491714985503
-3.68143027307174,-0.00021978327327450142
-3.6805666957146976,-0.00021979115035034719
-3.679703118357655,-0.0002197985490124399
-3.6788395410006127,-0.00021980546989449484
-3.6779759636435707,-0.0002198119136297763
-3.6771123862865283,-0.00021981788085023712
-3.676248808929486,-0.0002198233721869211
-3.6753852315724433,-0.00021982838827043494
-3.674521654215401,-0.00021983292973005303
-3.6736580768583584,-0.00021983699719548694
-3.672794499501316,-0.00021984059129336042
-3.6719309221442735,-0.0002198437126511646
-3.6710673447872315,-0.0002198463618963975
-3.670203767430189,-0.0002198485396530045
-3.6693401900731466,-0.00021985024654581214
-3.668476612716104,-0.00021985148320011194
-3.6676130353590617,-0.00021985225023762184
-3.6667494580020192,-0.00021985254828051082
-3.665885880644977,-0.00021985237795049684
-3.6650223032879343,-0.00021985173986887457
-3.6641587259308923,-0.00021985063465380927
-3.66329514857385,-0.00021984906292613765
-3.6624315712168074,-0.00021984702530269962
-3.661567993859765,-0.00021984452240077224
-3.6607044165027225,-0.0002198415548372093
-3.65984083914568,-0.00021983812322839968
-3.6589772617886376,-0.0002198342281880747
-3.6581136844315956,-0.00021982987033085377
-3.657250107074553,-0.00021982505027046129
-3.6563865297175107,-0.00021981976861842195
-3.655522952360468,-0.00021981402598712785
-3.6546593750034257,-0.00021980782298764573
-3.6537957976463833,-0.000219801160229266
-3.652932220289341,-0.00021979403832216027
-3.6520686429322984,-0.00021978645787430057
-3.6512050655752564,-0.000219778419493194
-3.650341488218214,-0.00021976992378591048
-3.6494779108611715,-0.0002197609713590759
-3.648614333504129,-0.00021975156281708874
-3.6477507561470865,-0.00021974169876525645
-3.646887178790044,-0.00021973137980664526
-3.6460236014330016,-0.0002197206065443283
-3.645160024075959,-0.00021970937958093462
-3.644296446718917,-0.00021969769951731
-3.6434328693618747,-0.000219685566954321
-3.6425692920048323,-0.00021967298249148115
-3.64170571464779,-0.00021965994672786676
-3.6408421372907473,-0.000219646460261666
-3.639978559933705,-0.00021963252369017194
-3.6391149825766624,-0.00021961813761069843
-3.6382514052196204,-0.00021960330261787397
-3.637387827862578,-0.0002195880193076663
-3.6365242505055355,-0.00021957228827426678
-3.635660673148493,-0.00021955611011052756
-3.6347970957914506,-0.0002195394854102098
-3.633933518434408,-0.00021952241476438927
-3.6330699410773657,-0.00021950489876503693
-3.6322063637203232,-0.00021948693800190322
-3.6313427863632812,-0.00021946853306473169
-3.6304792090062388,-0.0002194496845423985
-3.6296156316491963,-0.0002194303930233149
-3.628752054292154,-0.00021941065909501095
-3.6278884769351114,-0.0002193904833432403
-3.627024899578069,-0.00021936986635374967
-3.6261613222210265,-0.0002193488087127507
-3.625297744863984,-0.0002193273110033256
-3.624434167506942,-0.00021930537380900755
-3.6235705901498996,-0.00021928299771332982
-3.622707012792857,-0.00021926018329715413
-3.6218434354358147,-0.0002192369311431394
-3.620979858078772,-0.00021921324182992696
-3.6201162807217298,-0.00021918911593838547
-3.6192527033646873,-0.00021916455404716317
-3.6183891260076453,-0.00021913955673445729
-3.617525548650603,-0.00021911412457759766
-3.6166619712935604,-0.00021908825815344923
-3.615798393936518,-0.00021906195803755163
-3.6149348165794755,-0.00021903522480500037
-3.614071239222433,-0.00021900805903043996
-3.6132076618653906,-0.00021898046128764753
-3.612344084508348,-0.00021895243214904714
-3.611480507151306,-0.00021892397218662568
-3.6106169297942636,-0.00021889508197237006
-3.609753352437221,-0.00021886576207692798
-3.6088897750801787,-0.00021883601306963568
-3.6080261977231363,-0.0002188058355198086
-3.607162620366094,-0.00021877522999632498
-3.6062990430090514,-0.0002187441970653986
-3.605435465652009,-0.0002187127372959008
-3.604571888294967,-0.0002186808512527269
-3.6037083109379244,-0.00021864853950208374
-3.602844733580882,-0.0002186158026075205
-3.6019811562238395,-0.00021858264113391868
-3.601117578866797,-0.00021854905564437643
-3.6002540015097546,-0.0002185150467011246
-3.599390424152712,-0.00021848061486592907
-3.59852684679567,-0.00021844576069967453
-3.5976632694386277,-0.00021841048476280156
-3.5967996920815852,-0.00021837478761441154
-3.5959361147245428,-0.00021833866981451483
-3.5950725373675003,-0.00021830213191954828
-3.594208960010458,-0.00021826517448817612
-3.5933453826534154,-0.00021822779807684212
-3.592481805296373,-0.00021819000324065085
-3.591618227939331,-0.00021815179053472772
-3.5907546505822885,-0.00021811316051462137
-3.589891073225246,-0.00021807411373322289
-3.5890274958682036,-0.00021803465074297923
-3.588163918511161,-0.00021799477209721863
-3.5873003411541187,-0.00021795447834706966
-3.586436763797076,-0.000217913770043196
-3.5855731864400338,-0.0002178726477358242
-3.5847096090829917,-0.0002178311119742926
-3.5838460317259493,-0.00021778916330748854
-3.582982454368907,-0.00021774680228254378
-3.5821188770118644,-0.00021770402944834566
-3.581255299654822,-0.00021766084534934754
-3.5803917222977795,-0.0002176172505326604
-3.579528144940737,-0.00021757324554275148
-3.578664567583695,-0.00021752883092406722
-3.5778009902266525,-0.0002174840072206169
-3.57693741286961,-0.0002174387749755216
-3.5760738355125676,-0.00021739313472967509
-3.575210258155525,-0.0002173470870262123
-3.5743466807984827,-0.00021730063240469472
-3.5734831034414403,-0.00021725377140646707
-3.572619526084398,-0.0002172065045693214
-3.571755948727356,-0.00021715883243326323
-3.5708923713703133,-0.0002171107555360985
-3.570028794013271,-0.0002170622744147241
-3.5691652166562284,-0.0002170133896055998
-3.568301639299186,-0.00021696410164562946
-3.5674380619421435,-0.00021691441106860138
-3.566574484585101,-0.00021686431840965692
-3.5657109072280586,-0.00021681382420258438
-3.5648473298710166,-0.00021676292898029081
-3.563983752513974,-0.00021671163327612736
-3.5631201751569317,-0.0002166599376203296
-3.5622565977998892,-0.00021660784254493026
-3.561393020442847,-0.00021655534857972086
-3.5605294430858043,-0.00021650245625405573
-3.559665865728762,-0.0002164491660972892
-3.55880228837172,-0.0002163954786378805
-3.5579387110146774,-0.0002163413944029774
-3.557075133657635,-0.00021628691391970684
-3.5562115563005925,-0.00021623203771387045
-3.55534797894355,-0.00021617676631126986
-3.5544844015865076,-0.0002161211002363675
-3.553620824229465,-0.00021606504001320248
-3.5527572468724227,-0.00021600858616579316
-3.5518936695153807,-0.00021595173921638844
-3.551030092158338,-0.00021589449968723723
-3.5501665148012957,-0.00021583686809969332
-3.5493029374442533,-0.00021577884497468725
-3.548439360087211,-0.00021572043083179643
-3.5475757827301684,-0.00021566162618971707
-3.546712205373126,-0.00021560243156847764
-3.5458486280160835,-0.00021554284748543512
-3.5449850506590415,-0.00021548287445796732
-3.544121473301999,-0.00021542251300254306
-3.5432578959449565,-0.0002153617636347499
-3.542394318587914,-0.00021530062687061952
-3.5415307412308716,-0.00021523910322440026
-3.540667163873829,-0.00021517719320991724
-3.5398035865167867,-0.0002151148973414188
-3.5389400091597447,-0.00021505221613005165
-3.5380764318027023,-0.00021498915008785063
-3.53721285444566,-0.00021492569972684367
-3.5363492770886173,-0.00021486186555774722
-3.535485699731575,-0.0002147976480894806
-3.5346221223745324,-0.0002147330478318582
-3.53375854501749,-0.00021466806529380628
-3.5328949676604475,-0.00021460270098291184
-3.5320313903034055,-0.00021453695540633866
-3.531167812946363,-0.00021447082907078557
-3.5303042355893206,-0.0002144043224820702
-3.529440658232278,-0.00021433743614601014
-3.5285770808752357,-0.00021427017056663972
-3.5277135035181932,-0.00021420252624801406
-3.526849926161151,-0.0002141345036932793
-3.5259863488041083,-0.00021406610340558851
-3.5251227714470663,-0.00021399732588631842
-3.524259194090024,-0.0002139281716372829
-3.5233956167329814,-0.00021385864115987252
-3.522532039375939,-0.00021378873495234846
-3.5216684620188965,-0.00021371845351564334
-3.520804884661854,-0.00021364779734713013
-3.5199413073048116,-0.00021357676694642308
-3.5190777299477696,-0.00021350536281000698
-3.518214152590727,-0.00021343358543437357
-3.5173505752336847,-0.00021336143531645868
-3.516486997876642,-0.00021328891295052665
-3.5156234205195998,-0.0002132160188335272
-3.5147598431625573,-0.0002131427534579483
-3.513896265805515,-0.0002130691173171731
-3.5130326884484724,-0.00021299511090547285
-3.5121691110914304,-0.0002129207347140033
-3.511305533734388,-0.00021284598923527326
-3.5104419563773455,-0.00021277087495910618
-3.509578379020303,-0.00021269539237666474
-3.5087148016632606,-0.00021261954197733524
-3.507851224306218,-0.00021254332425049705
-3.5069876469491756,-0.0002124667396842181
-3.506124069592133,-0.00021238978876698955
-3.505260492235091,-0.00021231247198464503
-3.5043969148780487,-0.00021223478982568267
-3.5035333375210063,-0.00021215674277415275
-3.502669760163964,-0.00021207833131590276
-3.5018061828069214,-0.00021199955593498299
-3.500942605449879,-0.00021192041711678294
-3.5000790280928364,-0.0002118409153440276
-3.4992154507357944,-0.00021176105109854682
-3.498351873378752,-0.0002116808248639676
-3.4974882960217095,-0.00021160023712034348
-3.496624718664667,-0.00021151928834995531
-3.4957611413076246,-0.00021143797903197536
-3.494897563950582,-0.00021135630964601304
-3.4940339865935397,-0.00021127428067214266
-3.4931704092364972,-0.000211191892586865
-3.4923068318794552,-0.0002111091458693523
-3.4914432545224128,-0.00021102604099611233
-3.4905796771653703,-0.00021094257844408992
-3.489716099808328,-0.0002108587586893626
-3.4888525224512854,-0.00021077458220576661
-3.487988945094243,-0.0002106900494689215
-3.4871253677372005,-0.00021060516095311455
-3.486261790380158,-0.00021051991713084972
-3.485398213023116,-0.0002104343184759841
-3.4845346356660736,-0.00021034836545968938
-3.483671058309031,-0.0002102620585544765
-3.4828074809519887,-0.00021017539823019182
-3.481943903594946,-0.00021008838495800708
-3.4810803262379038,-0.00021000101920689435
-3.4802167488808613,-0.00020991330144713716
-3.4793531715238193,-0.00020982523214591736
-3.478489594166777,-0.00020973681177174908
-3.4776260168097344,-0.0002096480407918072
-3.476762439452692,-0.0002095589196732875
-3.4758988620956495,-0.0002094694488807003
-3.475035284738607,-0.00020937962888122746
-3.4741717073815646,-0.00020928946013894223
-3.473308130024522,-0.00020919894311791087
-3.47244455266748,-0.0002091080782822205
-3.4715809753104376,-0.00020901686609416104
-3.470717397953395,-0.00020892530701691753
-3.4698538205963527,-0.00020883340151189866
-3.4689902432393103,-0.00020874115004095029
-3.468126665882268,-0.0002086485530637186
-3.4672630885252254,-0.00020855561104116127
-3.4663995111681833,-0.00020846232443246654
-3.465535933811141,-0.00020836869369637856
-3.4646723564540984,-0.00020827471929074637
-3.463808779097056,-0.00020818040167343982
-3.4629452017400135,-0.00020808574130186386
-3.462081624382971,-0.0002079907386320981
-3.4612180470259286,-0.0002078953941197781
-3.460354469668886,-0.0002077997082209765
-3.459490892311844,-0.00020770368139001044
-3.4586273149548017,-0.0002076073140802881
-3.4577637375977592,-0.0002075106067465568
-3.456900160240717,-0.00020741355984045529
-3.4560365828836743,-0.00020731617381583578
-3.455173005526632,-0.00020721844912257453
-3.4543094281695894,-0.00020712038621274742
-3.453445850812547,-0.00020702198553754908
-3.452582273455505,-0.0002069232475459537
-3.4517186960984625,-0.00020682417268781672
-3.45085511874142,-0.0002067247614121262
-3.4499915413843776,-0.00020662501416651713
-3.449127964027335,-0.00020652493139863143
-3.4482643866702927,-0.0002064245135565551
-3.44740080931325,-0.00020632376108570272
-3.446537231956208,-0.00020622267443239778
-3.4456736545991657,-0.00020612125404205484
-3.4448100772421233,-0.00020601950035920719
-3.443946499885081,-0.00020591741382794404
-3.4430829225280384,-0.00020581499489190358
-3.442219345170996,-0.0002057122439947448
-3.4413557678139535,-0.00020560916157788545
-3.440492190456911,-0.00020550574808408245
-3.439628613099869,-0.00020540200395342822
-3.4387650357428265,-0.00020529792962867277
-3.437901458385784,-0.0002051935255485901
-3.4370378810287416,-0.00020508879215193343
-3.436174303671699,-0.00020498372987968333
-3.4353107263146567,-0.0002048783391683795
-3.4344471489576143,-0.0002047726204581074
-3.433583571600572,-0.00020466657418364426
-3.43271999424353,-0.00020456020078418735
-3.4318564168864873,-0.00020445350069361184
-3.430992839529445,-0.0002043464743493456
-3.4301292621724024,-0.00020423912218525686
-3.42926568481536,-0.000204131444637011
-3.4284021074583175,-0.00020402344213669987
-3.427538530101275,-0.000203915115119975
-3.426674952744233,-0.00020380646401760294
-3.4258113753871906,-0.00020369748926345188
-3.424947798030148,-0.00020358819128785816
-3.4240842206731057,-0.00020347857052246954
-3.4232206433160632,-0.00020336862739760847
-3.422357065959021,-0.00020325836234447864
-3.4214934886019783,-0.00020314777579075183
-3.420629911244936,-0.00020303686816629946
-3.419766333887894,-0.00020292563989922352
-3.4189027565308514,-0.00020281409141718193
-3.418039179173809,-0.00020270222314782566
-3.4171756018167665,-0.00020259003551749422
-3.416312024459724,-0.00020247752895206222
-3.4154484471026816,-0.00020236470387785532
-3.414584869745639,-0.0002022515607189787
-3.4137212923885967,-0.0002021380999008629
-3.4128577150315547,-0.0002020243218462947
-3.411994137674512,-0.00020191022697981648
-3.4111305603174698,-0.00020179581572331295
-3.4102669829604273,-0.00020168108850000116
-3.409403405603385,-0.00020156604573042664
-3.4085398282463424,-0.000201450687836488
-3.4076762508893,-0.00020133501523873082
-3.406812673532258,-0.00020121902835726346
-3.4059490961752155,-0.00020110272761130615
-3.405085518818173,-0.00020098611342051625
-3.4042219414611306,-0.0002008691862027956
-3.403358364104088,-0.00020075194637646926
-3.4024947867470456,-0.00020063439435809294
-3.401631209390003,-0.00020051653056555457
-3.4007676320329607,-0.00020039835541495882
-3.3999040546759187,-0.00020027986932109887
-3.3990404773188763,-0.00020016107270096756
-3.398176899961834,-0.00020004196596801194
-3.3973133226047914,-0.00019992254953567906
-3.396449745247749,-0.0001998028238196295
-3.3955861678907064,-0.00019968278923110372
-3.394722590533664,-0.00019956244618354185
-3.3938590131766215,-0.00019944179508905868
-3.3929954358195795,-0.00019932083635888082
-3.392131858462537,-0.00019919957040378383
-3.3912682811054946,-0.00019907799763456413
-3.390404703748452,-0.0001989561184611091
-3.3895411263914097,-0.00019883393329198085
-3.3886775490343672,-0.00019871144253707368
-3.387813971677325,-0.00019858864660449865
-3.3869503943202828,-0.00019846554590149945
-3.3860868169632403,-0.00019834214083529894
-3.385223239606198,-0.00019821843181312693
-3.3843596622491554,-0.00019809441924132504
-3.383496084892113,-0.0001979701035248957
-3.3826325075350705,-0.0001978454850697503
-3.381768930178028,-0.00019772056428000312
-3.3809053528209856,-0.0001975953415606635
-3.3800417754639436,-0.00019746981731363217
-3.379178198106901,-0.00019734399194346747
-3.3783146207498587,-0.00019721786585163992
-3.377451043392816,-0.0001970914394409315
-3.3765874660357738,-0.00019696471311279884
-3.3757238886787313,-0.0001968376872682545
-3.374860311321689,-0.00019671036230697186
-3.3739967339646464,-0.00019658273863042142
-3.3731331566076044,-0.00019645481663650016
-3.372269579250562,-0.0001963265967248884
-3.3714060018935195,-0.00019619807929437821
-3.370542424536477,-0.00019606926474197844
-3.3696788471794346,-0.00019594015346605098
-3.368815269822392,-0.00019581074586227237
-3.3679516924653496,-0.00019568104232854655
-3.3670881151083076,-0.00019555104325922473
-3.366224537751265,-0.00019542074905087164
-3.3653609603942227,-0.0001952901600974083
-3.3644973830371803,-0.00019515927679362305
-3.363633805680138,-0.00019502809953342304
-3.3627702283230954,-0.00019489662870937619
-3.361906650966053,-0.0001947648647154035
-3.3610430736090104,-0.00019463280794274063
-3.3601794962519684,-0.00019450045878440653
-3.359315918894926,-0.0001943678176307556
-3.3584523415378835,-0.00019423488487257945
-3.357588764180841,-0.00019410166090069042
-3.3567251868237986,-0.0001939681461049919
-3.355861609466756,-0.0001938343408736179
-3.3549980321097137,-0.0001937002455964787
-3.3541344547526712,-0.00019356586066170134
-3.3532708773956292,-0.0001934311864565455
-3.352407300038587,-0.00019329622336869412
-3.3515437226815443,-0.0001931609717849489
-3.350680145324502,-0.00019302543209166745
-3.3498165679674594,-0.00019288960467431226
-3.348952990610417,-0.00019275348991836666
-3.3480894132533745,-0.00019261708820884904
-3.3472258358963325,-0.00019248039992989657
-3.34636225853929,-0.00019234342546475824
-3.3454986811822476,-0.00019220616519756428
-3.344635103825205,-0.00019206861951113346
-3.3437715264681627,-0.00019193078878693148
-3.34290794911112,-0.00019179267340776324
-3.3420443717540778,-0.00019165427375465727
-3.3411807943970353,-0.00019151559020863518
-3.3403172170399933,-0.0001913766231498512
-3.339453639682951,-0.0001912373729579947
-3.3385900623259084,-0.00019109784001276192
-3.337726484968866,-0.00019095802469340506
-3.3368629076118235,-0.000190817927377393
-3.335999330254781,-0.00019067754844310364
-3.3351357528977386,-0.00019053688826844994
-3.334272175540696,-0.00019039594723046366
-3.333408598183654,-0.00019025472570484425
-3.3325450208266116,-0.00019011322406772835
-3.331681443469569,-0.00018997144269527338
-3.3308178661125267,-0.00018982938196183963
-3.3299542887554843,-0.00018968704224312655
-3.329090711398442,-0.000189544423911725
-3.3282271340413994,-0.0001894015273424393
-3.3273635566843573,-0.00018925835290743015
-3.326499979327315,-0.0001891149009792814
-3.3256364019702724,-0.00018897117193102803
-3.32477282461323,-0.00018882716613437267
-3.3239092472561875,-0.0001886828839601229
-3.323045669899145,-0.00018853832577866297
-3.3221820925421026,-0.00018839349196124455
-3.32131851518506,-0.00018824838287646167
-3.320454937828018,-0.00018810299889424065
-3.3195913604709757,-0.00018795734038361267
-3.3187277831139332,-0.00018781140771229748
-3.317864205756891,-0.0001876652012488822
-3.3170006283998483,-0.00018751872136107267
-3.316137051042806,-0.00018737196841435433
-3.3152734736857634,-0.00018722494277731427
-3.314409896328721,-0.00018707764481367545
-3.313546318971679,-0.00018693007489113678
-3.3126827416146365,-0.00018678223337296324
-3.311819164257594,-0.00018663412062508433
-3.3109555869005516,-0.0001864857370107581
-3.310092009543509,-0.00018633708289459566
-3.3092284321864667,-0.00018618815863896687
-3.308364854829424,-0.00018603896460669261
-3.307501277472382,-0.00018588950116059377
-3.3066377001153398,-0.00018573976866259612
-3.3057741227582973,-0.00018558976747331396
-3.304910545401255,-0.00018543949795422898
-3.3040469680442124,-0.00018528896046505344
-3.30318339068717,-0.00018513815536683187
-3.3023198133301275,-0.00018498708301793731
-3.301456235973085,-0.00018483574377854
-3.300592658616043,-0.0001846841380065689
-3.2997290812590006,-0.00018453226606040402
-3.298865503901958,-0.00018438012829753714
-3.2980019265449156,-0.00018422772507545315
-3.297138349187873,-0.00018407505675076957
-3.2962747718308307,-0.0001839221236800831
-3.2954111944737883,-0.00018376892621910917
-3.294547617116746,-0.0001836154647226751
-3.293684039759704,-0.00018346173954648937
-3.2928204624026614,-0.00018330775104494906
-3.291956885045619,-0.00018315349957198634
-3.2910933076885764,-0.00018299898548065213
-3.290229730331534,-0.0001828442091257737
-3.2893661529744915,-0.0001826891708577305
-3.288502575617449,-0.00018253387103091961
-3.287638998260407,-0.00018237830999572047
-3.2867754209033646,-0.00018222248810385172
-3.285911843546322,-0.00018206640570703203
-3.2850482661892797,-0.00018191006315430858
-3.2841846888322372,-0.0001817534607965257
-3.283321111475195,-0.0001815965989836188
-3.2824575341181523,-0.00018143947806375377
-3.28159395676111,-0.00018128209838642884
-3.280730379404068,-0.00018112446029935891
-3.2798668020470254,-0.0001809665641511679
-3.279003224689983,-0.00018080841028779437
-3.2781396473329405,-0.00018064999905740425
-3.277276069975898,-0.00018049133080549895
-3.2764124926188556,-0.0001803324058784611
-3.275548915261813,-0.0001801732246226942
-3.2746853379047707,-0.0001800137873823604
-3.2738217605477287,-0.00017985409450207296
-3.272958183190686,-0.00017969414632688918
-3.2720946058336438,-0.0001795339432000831
-3.2712310284766013,-0.00017937348546494952
-3.270367451119559,-0.0001792127734652066
-3.2695038737625164,-0.00017905180754280298
-3.268640296405474,-0.00017889058804012453
-3.267776719048432,-0.00017872911529824564
-3.2669131416913895,-0.0001785673896582199
-3.266049564334347,-0.00017840541146199596
-3.2651859869773046,-0.0001782431810493021
-3.264322409620262,-0.0001780806987598596
-3.2634588322632196,-0.00017791796493296652
-3.262595254906177,-0.00017775497990834416
-3.2617316775491347,-0.0001775917440243885
-3.2608681001920927,-0.0001774282576190514
-3.2600045228350503,-0.00017726452103027784
-3.259140945478008,-0.0001771005345955895
-3.2582773681209654,-0.00017693629865159904
-3.257413790763923,-0.0001767718135349261
-3.2565502134068804,-0.0001766070795817462
-3.255686636049838,-0.00017644209712733977
-3.254823058692796,-0.0001762768665074521
-3.2539594813357535,-0.00017611138805647547
-3.253095903978711,-0.00017594566210880902
-3.2522323266216686,-0.00017577968899840785
-3.251368749264626,-0.00017561346905833192
-3.2505051719075837,-0.00017544700262299429
-3.2496415945505412,-0.00017528029002367856
-3.248778017193499,-0.00017511333159389575
-3.247914439836457,-0.0001749461276640482
-3.2470508624794143,-0.00017477867856630774
-3.246187285122372,-0.00017461098463197877
-3.2453237077653294,-0.00017444304619101264
-3.244460130408287,-0.0001742748635742558
-3.2435965530512445,-0.0001741064371103343
-3.242732975694202,-0.00017393776712919945
-3.2418693983371596,-0.00017376885396037933
-3.2410058209801176,-0.00017359969793116076
-3.240142243623075,-0.00017343029937061383
-3.2392786662660327,-0.0001732606586060323
-3.23841508890899,-0.00017309077596425887
-3.2375515115519478,-0.00017292065177304528
-3.2366879341949053,-0.00017275028635790196
-3.235824356837863,-0.00017257968004567859
-3.234960779480821,-0.00017240883316056027
-3.2340972021237784,-0.00017223774602938974
-3.233233624766736,-0.0001720664189754778
-3.2323700474096935,-0.00017189485232477902
-3.231506470052651,-0.00017172304640014624
-3.2306428926956086,-0.0001715510015248764
-3.229779315338566,-0.0001713787180231477
-3.2289157379815236,-0.00017120619621649458
-3.2280521606244816,-0.00017103343642865115
-3.227188583267439,-0.00017086043898024983
-3.2263250059103967,-0.00017068720419325528
-3.2254614285533543,-0.00017051373238873707
-3.224597851196312,-0.00017034002388778557
-3.2237342738392694,-0.00017016607901013808
-3.222870696482227,-0.0001699918980768711
-3.2220071191251844,-0.0001698174814055084
-3.2211435417681424,-0.00016964282931667546
-3.2202799644111,-0.00016946794212835403
-3.2194163870540575,-0.00016929282015894914
-3.218552809697015,-0.00016911746372687275
-3.2176892323399726,-0.00016894187314876047
-3.21682565498293,-0.00016876604874212914
-3.2159620776258877,-0.00016858999082362824
-3.2150985002688457,-0.00016841369970944237
-3.2142349229118032,-0.0001682371757162071
-3.213371345554761,-0.00016806041915833764
-3.2125077681977183,-0.00016788343035157444
-3.211644190840676,-0.00016770620961079064
-3.2107806134836334,-0.00016752875724950628
-3.209917036126591,-0.00016735107358213652
-3.2090534587695485,-0.00016717315892220141
-3.2081898814125065,-0.00016699501358324181
-3.207326304055464,-0.00016681663787655732
-3.2064627266984216,-0.000166638032116119
-3.205599149341379,-0.00016645919661323338
-3.2047355719843367,-0.00016628013168008826
-3.203871994627294,-0.00016610083762622768
-3.2030084172702518,-0.00016592131476383942
-3.2021448399132093,-0.00016574156340245366
-3.2012812625561673,-0.00016556158385337694
-3.200417685199125,-0.00016538137642480022
-3.1995541078420824,-0.00016520094142671166
-3.19869053048504,-0.0001650202791677463
-3.1978269531279975,-0.0001648393899561021
-3.196963375770955,-0.0001646582740999769
-3.1960997984139126,-0.00016447693190756174
-3.1952362210568706,-0.0001642953636857361
-3.194372643699828,-0.00016411356974091462
-3.1935090663427856,-0.0001639315503808511
-3.192645488985743,-0.00016374930591063486
-3.1917819116287007,-0.00016356683663668048
-3.1909183342716583,-0.00016338414286364705
-3.190054756914616,-0.0001632012248975051
-3.1891911795575734,-0.00016301808304201165
-3.1883276022005314,-0.0001628347176013678
-3.187464024843489,-0.00016265112888021183
-3.1866004474864464,-0.00016246731718142643
-3.185736870129404,-0.00016228328280787352
-3.1848732927723615,-0.00016209902606331011
-3.184009715415319,-0.0001619145472492728
-3.1831461380582766,-0.00016172984666773527
-3.182282560701234,-0.000161544924620248
-3.181418983344192,-0.0001613597814092288
-3.1805554059871497,-0.0001611744173331056
-3.1796918286301072,-0.0001609888326943032
-3.178828251273065,-0.00016080302779213074
-3.1779646739160223,-0.0001606170029272505
-3.17710109655898,-0.00016043075839763943
-3.1762375192019374,-0.00016024429450261363
-3.1753739418448954,-0.00016005761154148923
-3.174510364487853,-0.00015987070981179907
-3.1736467871308105,-0.0001596835896115409
-3.172783209773768,-0.0001594962512391357
-3.1719196324167256,-0.0001593086949899028
-3.171056055059683,-0.00015912092116227017
-3.1701924777026407,-0.00015893293005155018
-3.169328900345598,-0.00015874472195396422
-3.168465322988556,-0.00015855629716526876
-3.1676017456315138,-0.00015836765598078312
-3.1667381682744713,-0.00015817879869493845
-3.165874590917429,-0.00015798972560349123
-3.1650110135603864,-0.0001578004369995542
-3.164147436203344,-0.0001576109331775516
-3.1632838588463015,-0.0001574212144296941
-3.162420281489259,-0.00015723128105041284
-3.161556704132217,-0.0001570411333323557
-3.1606931267751746,-0.00015685077156685906
-3.159829549418132,-0.00015666019604701487
-3.1589659720610896,-0.00015646940706370155
-3.158102394704047,-0.0001562784049091298
-3.1572388173470047,-0.00015608718987283887
-3.1563752399899623,-0.00015589576224616514
-3.1555116626329203,-0.000155704122319536
-3.154648085275878,-0.00015551227038205356
-3.1537845079188354,-0.00015532020672370805
-3.152920930561793,-0.00015512793163359462
-3.1520573532047504,-0.0001549354454008292
-3.151193775847708,-0.0001547427483127306
-3.1503301984906655,-0.00015454984065840088
-3.149466621133623,-0.00015435672272472167
-3.148603043776581,-0.00015416339479945584
-3.1477394664195386,-0.000153969857169943
-3.146875889062496,-0.00015377611012261372
-3.1460123117054537,-0.00015358215394301739
-3.1451487343484112,-0.00015338798891714744
-3.144285156991369,-0.0001531936153314345
-3.1434215796343263,-0.0001529990334709977
-3.142558002277284,-0.0001528042436196031
-3.141694424920242,-0.00015260924606368825
-3.1408308475631994,-0.0001524140410852498
-3.139967270206157,-0.000152218628968942
-3.1391036928491145,-0.00015202300999899582
-3.138240115492072,-0.00015182718445740095
-3.1373765381350296,-0.00015163115262748633
-3.136512960777987,-0.0001514349147912486
-3.135649383420945,-0.00015123847123156564
-3.1347858060639027,-0.0001510418222295598
-3.13392222870686,-0.00015084496806677672
-3.1330586513498178,-0.00015064790902432484
-3.1321950739927753,-0.00015045064538242447
-3.131331496635733,-0.00015025317742173305
-3.1304679192786904,-0.00015005550542204066
-3.129604341921648,-0.00014985762966400473
-3.128740764564606,-0.00014965955042518103
-3.1278771872075635,-0.00014946126798623394
-3.127013609850521,-0.00014926278262471226
-3.1261500324934786,-0.00014906409461862974
-3.125286455136436,-0.00014886520424686744
-3.1244228777793936,-0.00014866611178742523
-3.123559300422351,-0.00014846681751607554
-3.1226957230653087,-0.00014826732171038803
-3.1218321457082667,-0.00014806762464746742
-3.1209685683512243,-0.0001478677266030931
-3.120104990994182,-0.0001476676278521563
-3.1192414136371394,-0.00014746732867264994
-3.118377836280097,-0.00014726682933770274
-3.1175142589230544,-0.00014706613012264308
-3.116650681566012,-0.00014686523130236218
-3.11578710420897,-0.00014666413315130716
-3.1149235268519275,-0.00014646283594303006
-3.114059949494885,-0.00014626133995110369
-3.1131963721378426,-0.0001460596454481919
-3.1123327947808,-0.0001458577527082977
-3.1114692174237577,-0.00014565566200320373
-3.1106056400667152,-0.0001454533736060179
-3.109742062709673,-0.0001452508877872044
-3.108878485352631,-0.000145048204818983
-3.1080149079955883,-0.0001448453249731363
-3.107151330638546,-0.0001446422485201146
-3.1062877532815034,-0.00014443897572947312
-3.105424175924461,-0.00014423550687345243
-3.1045605985674185,-0.00014403184222027549
-3.103697021210376,-0.0001438279820408367
-3.1028334438533336,-0.00014362392660336593
-3.1019698664962916,-0.00014341967617697432
-3.101106289139249,-0.0001432152310307938
-3.1002427117822067,-0.00014301059143260325
-3.099379134425164,-0.00014280575765018844
-3.0985155570681218,-0.00014260072995177925
-3.0976519797110793,-0.00014239550860382227
-3.096788402354037,-0.00014219009387456127
-3.095924824996995,-0.00014198448602955466
-3.0950612476399524,-0.00014177868533570004
-3.09419767028291,-0.00014157269205811868
-3.0933340929258675,-0.00014136650646370125
-3.092470515568825,-0.0001411601288171388
-3.0916069382117826,-0.00014095355938354565
-3.09074336085474,-0.00014074679842759896
-3.0898797834976977,-0.00014053984621397592
-3.0890162061406556,-0.00014033270300601447
-3.088152628783613,-0.00014012536906840567
-3.0872890514265707,-0.0001399178446640434
-3.0864254740695283,-0.00013971013005627253
-3.085561896712486,-0.00013950222550754982
-3.0846983193554434,-0.00013929413128076912
-3.083834741998401,-0.00013908584763795695
-3.0829711646413585,-0.00013887737484067492
-3.0821075872843164,-0.00013866871315137974
-3.081244009927274,-0.0001384598628298636
-3.0803804325702315,-0.00013825082413813222
-3.079516855213189,-0.00013804159733687982
-3.0786532778561466,-0.00013783218268544756
-3.077789700499104,-0.00013762258044407172
-3.0769261231420617,-0.00013741279087298858
-3.0760625457850197,-0.0001372028142310952
-3.0751989684279772,-0.0001369926507773095
-3.074335391070935,-0.0001367823007709726
-3.0734718137138923,-0.00013657176446965624
-3.07260823635685,-0.00013636104213226447
-3.0717446589998074,-0.00013615013401591797
-3.070881081642765,-0.00013593904037820237
-3.0700175042857225,-0.00013572776147668247
-3.0691539269286805,-0.00013551629756759775
-3.068290349571638,-0.00013530464890807586
-3.0674267722145956,-0.00013509281575434934
-3.066563194857553,-0.00013488079836222744
-3.0656996175005107,-0.0001346685969874986
-3.064836040143468,-0.00013445621188462598
-3.0639724627864258,-0.00013424364330940491
-3.0631088854293833,-0.00013403089151584752
-3.0622453080723413,-0.00013381795675976305
-3.061381730715299,-0.0001336048392942754
-3.0605181533582564,-0.00013339153937295956
-3.059654576001214,-0.0001331780572498345
-3.0587909986441715,-0.00013296439317758008
-3.057927421287129,-0.00013275054741067327
-3.0570638439300866,-0.00013253652019912937
-3.0562002665730446,-0.0001323223117969674
-3.055336689216002,-0.00013210792245554187
-3.0544731118589596,-0.00013189335242753258
-3.053609534501917,-0.00013167860196341974
-3.0527459571448747,-0.0001314636713145509
-3.0518823797878323,-0.00013124856073094826
-3.05101880243079,-0.0001310332704639594
-3.0501552250737474,-0.00013081780076362043
-3.0492916477167054,-0.00013060215187994662
-3.048428070359663,-0.0001303863240629602
-3.0475644930026204,-0.00013017031756046293
-3.046700915645578,-0.0001299541326233583
-3.0458373382885355,-0.0001297377694985738
-3.044973760931493,-0.0001295212284356806
-3.0441101835744506,-0.00012930450968336865
-3.0432466062174086,-0.0001290876134881075
-3.042383028860366,-0.00012887054009724785
-3.0415194515033237,-0.00012865328975949358
-3.0406558741462812,-0.00012843586272086316
-3.039792296789239,-0.0001282182592278261
-3.0389287194321963,-0.00012800047952729598
-3.038065142075154,-0.0001277825238657354
-3.0372015647181114,-0.0001275643924878514
-3.0363379873610694,-0.00012734608563966243
-3.035474410004027,-0.00012712760356630576
-3.0346108326469845,-0.00012690894651291862
-3.033747255289942,-0.00012669011472418723
-3.0328836779328996,-0.00012647110844348636
-3.032020100575857,-0.0001262519279163904
-3.0311565232188147,-0.00012603257338626023
-3.0302929458617722,-0.00012581304509512448
-3.02942936850473,-0.00012559334328811345
-3.0285657911476878,-0.00012537346820726963
-3.0277022137906453,-0.00012515342009461472
-3.026838636433603,-0.0001249331991935096
-3.0259750590765604,-0.00012471280574553878
-3.025111481719518,-0.00012449223999272396
-3.0242479043624755,-0.00012427150217577537
-3.0233843270054335,-0.00012405059253715878
-3.022520749648391,-0.00012382951131712644
-3.0216571722913486,-0.0001236082587563747
-3.020793594934306,-0.00012338683509426074
-3.0199300175772636,-0.00012316524057282702
-3.019066440220221,-0.00012294347543054251
-3.0182028628631787,-0.0001227215399076595
-3.0173392855061363,-0.00012249943424220977
-3.0164757081490943,-0.00012227715867399458
-3.015612130792052,-0.0001220547134415037
-3.0147485534350094,-0.0001218320987836502
-3.013884976077967,-0.00012160931493846588
-3.0130213987209244,-0.0001213863621426503
-3.012157821363882,-0.00012116324063556061
-3.0112942440068395,-0.00012093995065302204
-3.010430666649797,-0.00012071649243172722
-3.009567089292755,-0.00012049286621059613
-3.0087035119357126,-0.00012026907222410788
-3.00783993457867,-0.00012004511070939916
-3.0069763572216277,-0.00011982098190096296
-3.0061127798645852,-0.00011959668603638007
-3.005249202507543,-0.0001193722233496855
-3.0043856251505003,-0.00011914759407713471
-3.0035220477934583,-0.00011892279845275577
-3.002658470436416,-0.00011869783671104167
-3.0017948930793734,-0.00011847270908602048
-3.000931315722331,-0.00011824741581261539
-3.0000677383652885,-0.00011802195712397323
-2.999204161008246,-0.00011779633325323391
-2.9983405836512036,-0.00011757054443444631
-2.997477006294161,-0.00011734459089986216
-2.996613428937119,-0.00011711847288218419
-2.9957498515800767,-0.00011689219061411515
-2.994886274223034,-0.00011666574432790677
-2.9940226968659918,-0.0001164391342549434
-2.9931591195089493,-0.00011621236062703266
-2.992295542151907,-0.00011598542367554504
-2.9914319647948644,-0.00011575832363140692
-2.990568387437822,-0.00011553106072509367
-2.98970481008078,-0.00011530363518798964
-2.9888412327237375,-0.00011507604724968201
-2.987977655366695,-0.00011484829714065309
-2.9871140780096526,-0.0001146203850900529
-2.98625050065261,-0.00011439231132791272
-2.9853869232955677,-0.00011416407608250828
-2.984523345938525,-0.00011393567958387085
-2.983659768581483,-0.0001137071220598182
-2.9827961912244407,-0.00011347840373950036
-2.9819326138673983,-0.00011324952485028406
-2.981069036510356,-0.00011302048562133321
-2.9802054591533134,-0.00011279128627912638
-2.979341881796271,-0.00011256192705148133
-2.9784783044392285,-0.00011233240816532764
-2.977614727082186,-0.00011210272984758796
-2.976751149725144,-0.00011187289232520575
-2.9758875723681015,-0.0001116428958237714
-2.975023995011059,-0.0001114127405702145
-2.9741604176540166,-0.00011118242678968826
-2.973296840296974,-0.00011095195470822716
-2.9724332629399317,-0.00011072132455099831
-2.9715696855828893,-0.000110490536543148
-2.970706108225847,-0.00011025959090894127
-2.969842530868805,-0.00011002848787397546
-2.9689789535117623,-0.00010979722766117639
-2.96811537615472,-0.00010956581049615527
-2.9672517987976774,-0.00010933423660139385
-2.966388221440635,-0.0001091025062007131
-2.9655246440835925,-0.00010887061951792704
-2.96466106672655,-0.00010863857677553823
-2.963797489369508,-0.00010840637819647253
-2.9629339120124656,-0.00010817402400321863
-2.962070334655423,-0.0001079415144187093
-2.9612067572983807,-0.00010770884966409405
-2.960343179941338,-0.00010747602996098726
-2.9594796025842958,-0.00010724305553187069
-2.9586160252272533,-0.00010700992659745667
-2.957752447870211,-0.00010677664337890164
-2.956888870513169,-0.00010654320609691098
-2.9560252931561264,-0.00010630961497221092
-2.955161715799084,-0.00010607587022461867
-2.9542981384420415,-0.00010584197207484658
-2.953434561084999,-0.00010560792074183062
-2.9525709837279566,-0.00010537371644627619
-2.951707406370914,-0.00010513935940580088
-2.9508438290138717,-0.00010490484984111009
-2.9499802516568296,-0.00010467018797025163
-2.949116674299787,-0.00010443537401216146
-2.9482530969427447,-0.00010420040818488047
-2.9473895195857023,-0.00010396529070602623
-2.94652594222866,-0.00010373002179452778
-2.9456623648716174,-0.00010349460166754476
-2.944798787514575,-0.0001032590305413486
-2.943935210157533,-0.00010302330863442427
-2.9430716328004904,-0.00010278743616350117
-2.942208055443448,-0.00010255141334439971
-2.9413444780864055,-0.00010231524039427953
-2.940480900729363,-0.00010207891752941206
-2.9396173233723206,-0.00010184244496472955
-2.938753746015278,-0.00010160582291651732
-2.9378901686582357,-0.00010136905160103987
-2.9370265913011937,-0.00010113213123146003
-2.9361630139441512,-0.00010089506202449333
-2.935299436587109,-0.00010065784419418383
-2.9344358592300663,-0.00010042047795548459
-2.933572281873024,-0.00010018296352199557
-2.9327087045159814,-9.994530110776778e-05
-2.931845127158939,-9.970749092685222e-05
-2.9309815498018965,-9.946953319284885e-05
-2.9301179724448545,-9.923142811893437e-05
-2.929254395087812,-9.899317591826468e-05
-2.9283908177307696,-9.875477680355849e-05
-2.927527240373727,-9.851623098753454e-05
-2.9266636630166847,-9.827753868290462e-05
-2.9258000856596422,-9.803870010106908e-05
-2.9249365083025998,-9.779971545429561e-05
-2.9240729309455578,-9.756058495397069e-05
-2.9232093535885153,-9.732130881236895e-05
-2.922345776231473,-9.708188723953765e-05
-2.9214821988744304,-9.684232044732122e-05
-2.920618621517388,-9.660260864621101e-05
-2.9197550441603455,-9.63627520467053e-05
-2.918891466803303,-9.612275085974648e-05
-2.9180278894462606,-9.588260529404952e-05
-2.9171643120892186,-9.564231556057068e-05
-2.916300734732176,-9.540188186846904e-05
-2.9154371573751336,-9.516130442691062e-05
-2.914573580018091,-9.492058344550552e-05
-2.9137100026610487,-9.467971913341283e-05
-2.9128464253040063,-9.443871169848017e-05
-2.911982847946964,-9.419756134986662e-05
-2.9111192705899214,-9.395626829585002e-05
-2.9102556932328794,-9.371483274382003e-05
-2.909392115875837,-9.347325490249164e-05
-2.9085285385187944,-9.323153497838021e-05
-2.9076649611617524,-9.298967317975665e-05
-2.9068013838047095,-9.274766971312243e-05
-2.9059378064476675,-9.25055247863113e-05
-2.9050742290906246,-9.226323860448554e-05
-2.9042106517335826,-9.202081137549278e-05
-2.9033470743765397,-9.17782433044953e-05
-2.9024834970194977,-9.153553459888275e-05
-2.901619919662455,-9.129268546337332e-05
-2.900756342305413,-9.104969610403829e-05
-2.899892764948371,-9.080656672559584e-05
-2.899029187591328,-9.056329753410336e-05
-2.898165610234286,-9.031988873428598e-05
-2.897302032877243,-9.00763405304178e-05
-2.896438455520201,-8.983265312723782e-05
-2.895574878163158,-8.958882672857604e-05
-2.894711300806116,-8.93448615391576e-05
-2.893847723449074,-8.910075776237536e-05
-2.892984146092031,-8.88565156025034e-05
-2.892120568734989,-8.86121352620603e-05
-2.8912569913779462,-8.836761694487605e-05
-2.890393414020904,-8.812296085389942e-05
-2.8895298366638613,-8.787816719119101e-05
-2.8886662593068193,-8.763323615969265e-05
-2.8878026819497773,-8.738816796236698e-05
-2.8869391045927344,-8.714296280082356e-05
-2.8860755272356924,-8.6897620877123e-05
-2.8852119498786495,-8.665214239199359e-05
-2.8843483725216075,-8.640652754837719e-05
-2.8834847951645646,-8.616077654701598e-05
-2.8826212178075226,-8.591488958818727e-05
-2.8817576404504797,-8.566886687439573e-05
-2.8808940630934377,-8.542270860459333e-05
-2.8800304857363956,-8.517641498038964e-05
-2.8791669083793527,-8.492998620119457e-05
-2.8783033310223107,-8.468342246772953e-05
-2.877439753665268,-8.443672397939056e-05
-2.876576176308226,-8.418989093557372e-05
-2.875712598951183,-8.394292353611221e-05
-2.874849021594141,-8.369582197997188e-05
-2.873985444237099,-8.344858646609776e-05
-2.873121866880056,-8.320121719299772e-05
-2.872258289523014,-8.295371436006782e-05
-2.871394712165971,-8.270607816492082e-05
-2.870531134808929,-8.245830880607846e-05
-2.869667557451886,-8.221040648115352e-05
-2.868803980094844,-8.196237138820978e-05
-2.867940402737802,-8.171420372486693e-05
-2.8670768253807593,-8.146590368740547e-05
-2.8662132480237172,-8.121747147434716e-05
-2.8653496706666743,-8.096890728241657e-05
-2.8644860933096323,-8.072021130790114e-05
-2.8636225159525894,-8.047138374708829e-05
-2.8627589385955474,-8.022242479670261e-05
-2.8618953612385045,-7.997333465260131e-05
-2.8610317838814625,-7.97241135110649e-05
-2.8601682065244205,-7.947476156749261e-05
-2.8593046291673776,-7.922527901817189e-05
-2.8584410518103356,-7.897566605671869e-05
-2.8575774744532927,-7.872592288032249e-05
-2.8567138970962507,-7.847604968215516e-05
-2.8558503197392078,-7.822604665850413e-05
-2.8549867423821658,-7.797591400254822e-05
-2.8541231650251238,-7.772565190923564e-05
-2.853259587668081,-7.747526057309134e-05
-2.852396010311039,-7.722474018684311e-05
-2.851532432953996,-7.697409094500202e-05
-2.850668855596954,-7.672331304163504e-05
-2.849805278239911,-7.647240666946997e-05
-2.848941700882869,-7.62213720212554e-05
-2.848078123525827,-7.597020929105136e-05
-2.847214546168784,-7.57189186707044e-05
-2.846350968811742,-7.546750035294925e-05
-2.845487391454699,-7.521595453095775e-05
-2.844623814097657,-7.496428139525807e-05
-2.8437602367406143,-7.471248113946616e-05
-2.8428966593835723,-7.446055395454038e-05
-2.8420330820265294,-7.420850003232726e-05
-2.8411695046694874,-7.395631956377824e-05
-2.8403059273124454,-7.37040127416419e-05
-2.8394423499554025,-7.345157975509331e-05
-2.8385787725983604,-7.31990207964231e-05
-2.8377151952413175,-7.294633605525735e-05
-2.8368516178842755,-7.269352572210341e-05
-2.8359880405272326,-7.244058998793351e-05
-2.8351244631701906,-7.21875290423668e-05
-2.8342608858131486,-7.193434307502938e-05
-2.8333973084561057,-7.168103227687961e-05
-2.8325337310990637,-7.142759683576028e-05
-2.831670153742021,-7.117403694264363e-05
-2.830806576384979,-7.092035278537245e-05
-2.829942999027936,-7.066654455357285e-05
-2.829079421670894,-7.041261243553865e-05
-2.828215844313852,-7.015855662088899e-05
-2.827352266956809,-6.99043772974875e-05
-2.826488689599767,-6.965007465273287e-05
-2.825625112242724,-6.939564887580713e-05
-2.824761534885682,-6.91411001541159e-05
-2.823897957528639,-6.888642867550199e-05
-2.823034380171597,-6.863163462738492e-05
-2.8221708028145542,-6.837671819760749e-05
-2.8213072254575122,-6.812167957224308e-05
-2.82044364810047,-6.786651893869733e-05
-2.8195800707434273,-6.761123648348077e-05
-2.8187164933863853,-6.735583239356885e-05
-2.8178529160293424,-6.710030685547208e-05
-2.8169893386723004,-6.684466005526385e-05
-2.8161257613152575,-6.658889217945468e-05
-2.8152621839582155,-6.633300341324366e-05
-2.8143986066011735,-6.607699394225314e-05
-2.8135350292441306,-6.582086395255649e-05
-2.8126714518870886,-6.556461362889482e-05
-2.8118078745300457,-6.530824315733458e-05
-2.8109442971730036,-6.505175272174257e-05
-2.8100807198159607,-6.479514250818524e-05
-2.8092171424589187,-6.453841269962735e-05
-2.8083535651018767,-6.428156348258635e-05
-2.807489987744834,-6.402459503957597e-05
-2.806626410387792,-6.37675075557953e-05
-2.805762833030749,-6.351030121464624e-05
-2.804899255673707,-6.325297619953762e-05
-2.804035678316664,-6.299553269521058e-05
-2.803172100959622,-6.273797088417882e-05
-2.802308523602579,-6.248029094986507e-05
-2.801444946245537,-6.222249307522715e-05
-2.800581368888495,-6.19645774436739e-05
-2.799717791531452,-6.170654423772598e-05
-2.79885421417441,-6.144839363989713e-05
-2.7979906368173673,-6.119012583227779e-05
-2.7971270594603252,-6.093174099649351e-05
-2.7962634821032823,-6.067323931595314e-05
-2.7953999047462403,-6.041462097228917e-05
-2.7945363273891983,-6.015588614623896e-05
-2.7936727500321554,-5.989703502078114e-05
-2.7928091726751134,-5.9638067775764914e-05
-2.7919455953180705,-5.937898459326685e-05
-2.7910820179610285,-5.9119785654031254e-05
-2.7902184406039856,-5.886047113968368e-05
-2.7893548632469436,-5.860104123009413e-05
-2.7884912858899016,-5.834149610555589e-05
-2.7876277085328587,-5.8081835946813265e-05
-2.7867641311758167,-5.7822060934610564e-05
-2.7859005538187738,-5.756217124835289e-05
-2.7850369764617318,-5.730216706791025e-05
-2.784173399104689,-5.704204857357592e-05
-2.783309821747647,-5.678181594387377e-05
-2.782446244390604,-5.6521469358659926e-05
-2.781582667033562,-5.626100899822767e-05
-2.78071908967652,-5.600043503978247e-05
-2.779855512319477,-5.573974766361761e-05
-2.778991934962435,-5.5478947048256955e-05
-2.778128357605392,-5.5218033371336184e-05
-2.77726478024835,-5.49570068122604e-05
-2.776401202891307,-5.469586754823508e-05
-2.775537625534265,-5.4434615759109406e-05
-2.774674048177223,-5.41732516211868e-05
-2.7738104708201803,-5.391177531343522e-05
-2.7729468934631383,-5.365018701215113e-05
-2.7720833161060954,-5.33884868949841e-05
-2.7712197387490534,-5.312667514045105e-05
-2.7703561613920105,-5.286475192529949e-05
-2.7694925840349685,-5.2602717425832834e-05
-2.7686290066779264,-5.234057181879165e-05
-2.7677654293208835,-5.2078315281825494e-05
-2.7669018519638415,-5.181594799078676e-05
-2.7660382746067986,-5.155347012197886e-05
-2.7651746972497566,-5.129088185170522e-05
-2.7643111198927137,-5.102818335581821e-05
-2.7634475425356717,-5.0765374811079234e-05
-2.762583965178629,-5.050245639245249e-05
-2.761720387821587,-5.0239428274909126e-05
-2.760856810464545,-4.997629063564074e-05
-2.759993233107502,-4.9713043648279276e-05
-2.75912965575046,-4.9449687489142025e-05
-2.758266078393417,-4.918622233230502e-05
-2.757402501036375,-4.8922648353183495e-05
-2.756538923679332,-4.8658965726304515e-05
-2.75567534632229,-4.839517462530002e-05
-2.754811768965248,-4.813127522604321e-05
-2.753948191608205,-4.786726770216604e-05
-2.753084614251163,-4.760315222730738e-05
-2.7522210368941202,-4.733892897598735e-05
-2.751357459537078,-4.7074598121414624e-05
-2.7504938821800353,-4.6810159837221144e-05
-2.7496303048229933,-4.654561429748988e-05
-2.7487667274659513,-4.628096167541562e-05
-2.7479031501089084,-4.6016202143742135e-05
-2.7470395727518664,-4.575133587567809e-05
-2.7461759953948235,-4.548636304441134e-05
-2.7453124180377815,-4.522128382224849e-05
-2.7444488406807386,-4.495609838194026e-05
-2.7435852633236966,-4.4690806896230395e-05
-2.7427216859666537,-4.442540953699531e-05
-2.7418581086096117,-4.415990647697876e-05
-2.7409945312525696,-4.38942978871551e-05
-2.7401309538955267,-4.362858394071911e-05
-2.7392673765384847,-4.336276480863821e-05
-2.738403799181442,-4.3096840662344704e-05
-2.7375402218244,-4.283081167369418e-05
-2.736676644467357,-4.2564678013660984e-05
-2.735813067110315,-4.229843985410764e-05
-2.734949489753273,-4.2032097365113374e-05
-2.73408591239623,-4.17656507181105e-05
-2.733222335039188,-4.149910008406643e-05
-2.732358757682145,-4.123244563306733e-05
-2.731495180325103,-4.096568753564345e-05
-2.73063160296806,-4.069882596231811e-05
-2.729768025611018,-4.043186108274727e-05
-2.728904448253976,-4.016479306834242e-05
-2.7280408708969333,-3.9897622087857465e-05
-2.7271772935398912,-3.963034831093448e-05
-2.7263137161828483,-3.936297190809679e-05
-2.7254501388258063,-3.909549304766807e-05
-2.7245865614687634,-3.882791190017165e-05
-2.7237229841117214,-3.8560228634361426e-05
-2.7228594067546785,-3.8292443419435385e-05
-2.7219958293976365,-3.80245564236964e-05
-2.7211322520405945,-3.775656781724451e-05
-2.7202686746835516,-3.748847776793851e-05
-2.7194050973265096,-3.722028644364411e-05
-2.7185415199694667,-3.69519940140034e-05
-2.7176779426124247,-3.668360064687515e-05
-2.716814365255382,-3.641510651058305e-05
-2.7159507878983398,-3.61465117725418e-05
-2.7150872105412978,-3.58778166015053e-05
-2.714223633184255,-3.560902116533926e-05
-2.713360055827213,-3.534012563057021e-05
-2.71249647847017,-3.5071130165077735e-05
-2.711632901113128,-3.480203493672063e-05
-2.710769323756085,-3.4532840112920515e-05
-2.709905746399043,-3.4263545859766764e-05
-2.709042169042001,-3.399415234467407e-05
-2.708178591684958,-3.372465973507793e-05
-2.707315014327916,-3.345506819750488e-05
-2.706451436970873,-3.3185377898044266e-05
-2.705587859613831,-3.291558900322955e-05
-2.7047242822567883,-3.264570167958725e-05
-2.7038607048997463,-3.2375716093664686e-05
-2.7029971275427034,-3.2105632411100204e-05
-2.7021335501856614,-3.1835450798427256e-05
-2.7012699728286194,-3.156517142040294e-05
-2.7004063954715765,-3.129479444399785e-05
-2.6995428181145344,-3.102432003398298e-05
-2.6986792407574915,-3.0753748356884825e-05
-2.6978156634004495,-3.0483079576128225e-05
-2.6969520860434066,-3.021231385869072e-05
-2.6960885086863646,-2.994145136887838e-05
-2.6952249313293226,-2.9670492271906268e-05
-2.6943613539722797,-2.9399436732524542e-05
-2.6934977766152377,-2.912828491504621e-05
-2.692634199258195,-2.8857036985116546e-05
-2.691770621901153,-2.8585693106597532e-05
-2.69090704454411,-2.831425344381605e-05
-2.690043467187068,-2.8042718161522262e-05
-2.689179889830026,-2.7771087422696905e-05
-2.688316312472983,-2.7499361392541166e-05
-2.687452735115941,-2.7227540234472936e-05
-2.686589157758898,-2.695562411237501e-05
-2.685725580401856,-2.6683613190109368e-05
-2.684862003044813,-2.641150763110084e-05
-2.683998425687771,-2.6139307598330164e-05
-2.6831348483307282,-2.586701325565932e-05
-2.6822712709736862,-2.559462476608293e-05
-2.681407693616644,-2.53221422921307e-05
-2.6805441162596013,-2.5049565997671552e-05
-2.6796805389025593,-2.4776896045686225e-05
-2.6788169615455164,-2.4504132597372164e-05
-2.6779533841884744,-2.4231275816612163e-05
-2.6770898068314315,-2.3958325866824115e-05
-2.6762262294743895,-2.3685282907880134e-05
-2.6753626521173475,-2.3412147104093228e-05
-2.6744990747603046,-2.313891861710493e-05
-2.6736354974032626,-2.2865597608577592e-05
-2.6727719200462197,-2.2592184240152746e-05
-2.6719083426891777,-2.2318678674811132e-05
-2.6710447653321348,-2.2045081074201223e-05
-2.6701811879750927,-2.1771391599076373e-05
-2.6693176106180507,-2.1497610410654844e-05
-2.668454033261008,-2.1223737671466347e-05
-2.667590455903966,-2.0949773542715266e-05
-2.666726878546923,-2.0675718184273717e-05
-2.665863301189881,-2.040157175867141e-05
-2.664999723832838,-2.012733442623843e-05
-2.664136146475796,-1.985300634772813e-05
-2.663272569118753,-1.9578587684344895e-05
-2.662408991761711,-1.930407859596084e-05
-2.661545414404669,-1.9029479243773406e-05
-2.660681837047626,-1.875478978766859e-05
-2.659818259690584,-1.8480010388843837e-05
-2.6589546823335413,-1.820514120717126e-05
-2.6580911049764993,-1.7930182401634798e-05
-2.6572275276194564,-1.7655134133875983e-05
-2.6563639502624143,-1.737999656289263e-05
-2.6555003729053723,-1.7104769848549917e-05
-2.6546367955483294,-1.6829454151164047e-05
-2.6537732181912874,-1.655404962927487e-05
-2.6529096408342445,-1.627855644319165e-05
-2.6520460634772025,-1.6002974751912202e-05
-2.6511824861201596,-1.5727304714413526e-05
-2.6503189087631176,-1.5451546491455914e-05
-2.6494553314060756,-1.5175700239802858e-05
-2.6485917540490327,-1.4899766120651803e-05
-2.6477281766919907,-1.4623744291224205e-05
-2.6468645993349478,-1.4347634911385243e-05
-2.6460010219779058,-1.4071438139230674e-05
-2.645137444620863,-1.3795154133737497e-05
-2.644273867263821,-1.3518783053459438e-05
-2.643410289906778,-1.3242325055597137e-05
-2.642546712549736,-1.2965780300022711e-05
-2.641683135192694,-1.268914894394374e-05
-2.640819557835651,-1.2412431145893132e-05
-2.639955980478609,-1.2135627064424614e-05
-2.639092403121566,-1.1858736856294738e-05
-2.638228825764524,-1.1581760680043351e-05
-2.637365248407481,-1.1304698693766213e-05
-2.636501671050439,-1.1027551054219875e-05
-2.635638093693397,-1.0750317918625796e-05
-2.6347745163363543,-1.0472999445516884e-05
-2.6339109389793123,-1.019559579210072e-05
-2.6330473616222694,-9.918107114696706e-06
-2.6321837842652274,-9.640533571393661e-06
-2.6313202069081845,-9.362875318968955e-06
-2.6304566295511425,-9.085132514623229e-06
-2.6295930521941004,-8.807305315119973e-06
-2.6287294748370575,-8.52939387722268e-06
-2.6278658974800155,-8.2513983576879e-06
-2.6270023201229726,-7.973318912848915e-06
-2.6261387427659306,-7.695155699906364e-06
-2.6252751654088877,-7.416908874291472e-06
-2.6244115880518457,-7.1385785932118195e-06
-2.623548010694803,-6.860165012535779e-06
-2.622684433337761,-6.581668289040721e-06
-2.621820855980719,-6.303088577706839e-06
-2.620957278623676,-6.024426035297625e-06
-2.620093701266634,-5.7456808181324814e-06
-2.619230123909591,-5.466853081635692e-06
-2.618366546552549,-5.187942980808269e-06
-2.617502969195506,-4.908950672406764e-06
-2.616639391838464,-4.629876311418313e-06
-2.615775814481422,-4.350720054162316e-06
-2.614912237124379,-4.071482054730791e-06
-2.614048659767337,-3.7921624694570166e-06
-2.6131850824102942,-3.5127614533211893e-06
-2.6123215050532522,-3.233279161310443e-06
-2.6114579276962093,-2.9537157488560006e-06
-2.6105943503391673,-2.674071370493969e-06
-2.6097307729821253,-2.394346181669449e-06
-2.6088671956250824,-2.1145403369185467e-06
-2.6080036182680404,-1.8346539912283966e-06
-2.6071400409109975,-1.554687298253865e-06
-2.6062764635539555,-1.274640413863326e-06
-2.6054128861969126,-9.945134926137023e-07
-2.6045493088398706,-7.143066885970106e-07
-2.6036857314828277,-4.340201554681178e-07
-2.6028221541257857,-1.5365404865824717e-07
-2.6019585767687436,1.267914781846735e-07
-2.6010949994117007,4.0731627094781064e-07
-2.6002314220546587,6.879201759832365e-07
-2.599367844697616,9.686030383038169e-07
-2.598504267340574,1.2493647051428636e-06
-2.597640689983531,1.530205021076092e-06
-2.596777112626489,1.8111238342111147e-06
-2.595913535269447,2.092120989123647e-06
-2.595049957912404,2.37319633349109e-06
-2.594186380555362,2.654349713658577e-06
-2.593322803198319,2.935580975090002e-06
-2.592459225841277,3.2168899658929773e-06
-2.591595648484234,3.4982765310873076e-06
-2.590732071127192,3.7797405187944833e-06
-2.58986849377015,4.0612817753596375e-06
-2.5890049164131073,4.342900148023021e-06
-2.5881413390560652,4.62459548311589e-06
-2.5872777616990223,4.906367627434405e-06
-2.5864141843419803,5.188216429544146e-06
-2.5855506069849374,5.4701417349090065e-06
-2.5846870296278954,5.752143392080689e-06
-2.5838234522708525,6.034221247855354e-06
-2.5829598749138105,6.316375149022224e-06
-2.5820962975567685,6.5986049437027905e-06
-2.5812327201997256,6.880910480025482e-06
-2.5803691428426836,7.163291604321553e-06
-2.5795055654856407,7.4457481647194346e-06
-2.5786419881285987,7.728280008896526e-06
-2.577778410771556,8.01088698497432e-06
-2.5769148334145138,8.293568940193063e-06
-2.5760512560574718,8.576325722660372e-06
-2.575187678700429,8.859157180504673e-06
-2.574324101343387,9.142063161847458e-06
-2.573460523986344,9.425043514366127e-06
-2.572596946629302,9.708098086633199e-06
-2.571733369272259,9.991226727200375e-06
-2.570869791915217,1.0274429283307907e-05
-2.570006214558175,1.0557705603521372e-05
-2.569142637201132,1.0841055536850441e-05
-2.56827905984409,1.1124478931423543e-05
-2.567415482487047,1.1407975635792378e-05
-2.566551905130005,1.1691545498529465e-05
-2.5656883277729623,1.1975188368644474e-05
-2.5648247504159203,1.2258904094258893e-05
-2.5639611730588774,1.2542692524389332e-05
-2.5630975957018354,1.282655350758749e-05
-2.5622340183447934,1.3110486893314066e-05
-2.5613704409877505,1.339449252969055e-05
-2.5605068636307085,1.3678570266170698e-05
-2.5596432862736656,1.3962719952215208e-05
-2.5587797089166235,1.4246941435931693e-05
-2.5579161315595806,1.4531234567224938e-05
-2.5570525542025386,1.4815599195104612e-05
-2.5561889768454966,1.5100035168580384e-05
-2.5553253994884537,1.538454233711295e-05
-2.5544618221314117,1.566912055014219e-05
-2.553598244774369,1.5953769657128802e-05
-2.552734667417327,1.6238489507082454e-05
-2.551871090060284,1.652327995078917e-05
-2.551007512703242,1.6808140836821472e-05
-2.5501439353462,1.7093072014619237e-05
-2.549280357989157,1.7378073333643163e-05
-2.548416780632115,1.7663144644679274e-05
-2.547553203275072,1.794828579718133e-05
-2.54668962591803,1.8233496640165936e-05
-2.545826048560987,1.851877702484933e-05
-2.544962471203945,1.8804126799359944e-05
-2.5440988938469022,1.9089545815371978e-05
-2.5432353164898602,1.9375033921895102e-05
-2.542371739132818,1.966059096972228e-05
-2.5415081617757753,1.9946216807849304e-05
-2.5406445844187333,2.0231911287957316e-05
-2.5397810070616904,2.0517674258611895e-05
-2.5389174297046484,2.0803505571487246e-05
-2.5380538523476055,2.1089405076488155e-05
-2.5371902749905635,2.13753726230545e-05
-2.5363266976335215,2.1661408062867427e-05
-2.5354631202764786,2.194751124538069e-05
-2.5345995429194366,2.223368202093623e-05
-2.5337359655623937,2.2519920241215186e-05
-2.5328723882053517,2.280622575565744e-05
-2.5320088108483088,2.3092598414611865e-05
-2.5311452334912667,2.3379038069752667e-05
-2.5302816561342247,2.366554457186587e-05
-2.529418078777182,2.3952117770412173e-05
-2.52855450142014,2.423875751749599e-05
-2.527690924063097,2.452546366213393e-05
-2.526827346706055,2.481223605733246e-05
-2.525963769349012,2.509907455298943e-05
-2.52510019199197,2.538597899900963e-05
-2.524236614634928,2.5672949247941557e-05
-2.523373037277885,2.595998514969e-05
-2.522509459920843,2.6247086555929167e-05
-2.5216458825638,2.653425331700099e-05
-2.520782305206758,2.682148528458661e-05
-2.5199187278497153,2.710878230945818e-05
-2.5190551504926733,2.739614424285275e-05
-2.5181915731356304,2.7683570936000435e-05
-2.5173279957785883,2.797106224101953e-05
-2.5164644184215463,2.8258618007370728e-05
-2.5156008410645034,2.8546238088046627e-05
-2.5147372637074614,2.883392233295201e-05
-2.5138736863504185,2.9121670594649263e-05
-2.5130101089933765,2.940948272303623e-05
-2.5121465316363336,2.969735857157041e-05
-2.5112829542792916,2.9985297989691684e-05
-2.5104193769222496,3.0273300830413463e-05
-2.5095557995652067,3.0561366944077684e-05
-2.5086922222081647,3.084949618324673e-05
-2.507828644851122,3.113768839871356e-05
-2.5069650674940798,3.1425943441694415e-05
-2.506101490137037,3.171426116475862e-05
-2.505237912779995,3.200264142002446e-05
-2.504374335422953,3.2291084057833874e-05
-2.50351075806591,3.25795889303121e-05
-2.502647180708868,3.2868155888675366e-05
-2.501783603351825,3.315678478593709e-05
-2.500920025994783,3.344547547332738e-05
-2.50005644863774,3.3734227802527383e-05
-2.499192871280698,3.4023041624753336e-05
-2.498329293923655,3.431191679346274e-05
-2.497465716566613,3.4600853158553435e-05
-2.496602139209571,3.48898505730319e-05
-2.4957385618525283,3.5178908888579274e-05
-2.4948749844954863,3.5468027957299975e-05
-2.4940114071384434,3.575720763131923e-05
-2.4931478297814014,3.604644776231125e-05
-2.4922842524243585,3.6335748201950235e-05
-2.4914206750673165,3.662510880236142e-05
-2.4905570977102744,3.69145294160933e-05
-2.4896935203532315,3.720400989482703e-05
-2.4888299429961895,3.7493550090680894e-05
-2.4879663656391466,3.778314985577319e-05
-2.4871027882821046,3.807280904311733e-05
-2.4862392109250617,3.836252750259728e-05
-2.4853756335680197,3.8652305088114625e-05
-2.4845120562109777,3.8942141651343576e-05
-2.483648478853935,3.9232037044402424e-05
-2.482784901496893,3.95219911194164e-05
-2.48192132413985,3.981200372893401e-05
-2.481057746782808,4.0102074724636394e-05
-2.480194169425765,4.0392203959530026e-05
-2.479330592068723,4.068239128528911e-05
-2.47846701471168,4.097263655403888e-05
-2.477603437354638,4.126293961832783e-05
-2.476739859997596,4.1553300330281207e-05
-2.475876282640553,4.184371854246138e-05
-2.475012705283511,4.2134194106542566e-05
-2.4741491279264682,4.2424726875094076e-05
-2.4732855505694262,4.271531670066442e-05
-2.4724219732123833,4.3005963435378824e-05
-2.4715583958553413,4.329666693179968e-05
-2.4706948184982993,4.358742704248936e-05
-2.4698312411412564,4.387824361912901e-05
-2.4689676637842144,4.416911651382305e-05
-2.4681040864271715,4.446004558047306e-05
-2.4672405090701295,4.47510306689769e-05
-2.4663769317130866,4.5042071634117387e-05
-2.4655133543560446,4.533316832713158e-05
-2.4646497769990026,4.562432060056798e-05
-2.4637861996419597,4.591552830655182e-05
-2.4629226222849177,4.620679129808958e-05
-2.4620590449278748,4.649810942685545e-05
-2.4611954675708327,4.678948254586285e-05
-2.46033189021379,4.70809105067721e-05
-2.459468312856748,4.7372393162596615e-05
-2.458604735499705,4.766393036545469e-05
-2.457741158142663,4.79555219679087e-05
-2.456877580785621,4.824716782252797e-05
-2.456014003428578,4.853886778097283e-05
-2.455150426071536,4.883062169625668e-05
-2.454286848714493,4.9122429420497826e-05
-2.453423271357451,4.941429080625864e-05
-2.452559694000408,4.970620570610845e-05
-2.451696116643366,4.999817397215167e-05
-2.450832539286324,5.029019545651353e-05
-2.4499689619292813,5.0582270011756414e-05
-2.4491053845722393,5.087439749088679e-05
-2.4482418072151964,5.116657774514172e-05
-2.4473782298581543,5.1458810627513785e-05
-2.4465146525011114,5.1751095991016405e-05
-2.4456510751440694,5.2043433685991514e-05
-2.4447874977870274,5.233582356722194e-05
-2.4439239204299845,5.262826548505656e-05
-2.4430603430729425,5.292075929337614e-05
-2.4421967657158996,5.321330484341774e-05
-2.4413331883588576,5.350590198774374e-05
-2.4404696110018147,5.3798550579367554e-05
-2.4396060336447727,5.4091250469061325e-05
-2.43874245628773,5.4384001509838464e-05
-2.4378788789306878,5.4676803555149533e-05
-2.4370153015736458,5.496965645533647e-05
-2.436151724216603,5.526256006385677e-05
-2.435288146859561,5.555551423281485e-05
-2.434424569502518,5.584851881344777e-05
-2.433560992145476,5.614157365876199e-05
-2.432697414788433,5.643467862176399e-05
-2.431833837431391,5.672783355324673e-05
-2.430970260074349,5.702103830575872e-05
-2.430106682717306,5.73142927309811e-05
-2.429243105360264,5.7607596682364426e-05
-2.428379528003221,5.790095001113882e-05
-2.427515950646179,5.819435256898542e-05
-2.4266523732891363,5.848780420889682e-05
-2.4257887959320943,5.878130478255417e-05
-2.4249252185750523,5.907485414163166e-05
-2.4240616412180094,5.9368452138691685e-05
-2.4231980638609674,5.966209862541538e-05
-2.4223344865039245,5.995579345346308e-05
-2.4214709091468825,6.02495364754041e-05
-2.4206073317898396,6.054332754291264e-05
-2.4197437544327975,6.0837166508107e-05
-2.4188801770757546,6.113105322266832e-05
-2.4180165997187126,6.142498753781284e-05
-2.4171530223616706,6.171896930655396e-05
-2.4162894450046277,6.201299838012181e-05
-2.4154258676475857,6.230707461019058e-05
-2.414562290290543,6.260119784844143e-05
-2.413698712933501,6.289536794697875e-05
-2.412835135576458,6.318958475748371e-05
-2.411971558219416,6.34838481311864e-05
-2.411107980862374,6.377815792064923e-05
-2.410244403505331,6.407251397622105e-05
-2.409380826148289,6.436691615045037e-05
-2.408517248791246,6.466136429457425e-05
-2.407653671434204,6.49558582602669e-05
-2.406790094077161,6.52503978992025e-05
-2.405926516720119,6.554498306217404e-05
-2.405062939363077,6.583961360084184e-05
-2.4041993620060342,6.613428936733112e-05
-2.4033357846489922,6.642901021242792e-05
-2.4024722072919493,6.672377598780643e-05
-2.4016086299349073,6.701858654425963e-05
-2.4007450525778644,6.731344173344783e-05
-2.3998814752208224,6.76083414066081e-05
-2.3990178978637795,6.790328541497054e-05
-2.3981543205067375,6.819827360932118e-05
-2.3972907431496955,6.849330584134117e-05
-2.3964271657926526,6.878838196135856e-05
-2.3955635884356106,6.908350182149858e-05
-2.3947000110785677,6.937866527210318e-05
-2.3938364337215257,6.967387216440246e-05
-2.3929728563644828,6.99691223487453e-05
-2.3921092790074407,7.026441567723613e-05
-2.3912457016503987,7.055975199933562e-05
-2.390382124293356,7.085513116671799e-05
-2.389518546936314,7.115055303016926e-05
-2.388654969579271,7.14460174404824e-05
-2.387791392222229,7.174152424798547e-05
-2.386927814865186,7.203707330347142e-05
-2.386064237508144,7.233266445772629e-05
-2.385200660151102,7.262829756109201e-05
-2.384337082794059,7.292397246436155e-05
-2.383473505437017,7.321968901786297e-05
-2.382609928079974,7.351544707194513e-05
-2.381746350722932,7.381124647694998e-05
-2.3808827733658893,7.410708708321945e-05
-2.3800191960088473,7.44029687415465e-05
-2.3791556186518044,7.469889130181512e-05
-2.3782920412947623,7.499485461393007e-05
-2.3774284639377203,7.52908585286774e-05
-2.3765648865806774,7.558690289551084e-05
-2.3757013092236354,7.588298756477929e-05
-2.3748377318665925,7.617911238636671e-05
-2.3739741545095505,7.647527721062197e-05
-2.3731105771525076,7.677148188699884e-05
-2.3722469997954656,7.706772626539515e-05
-2.3713834224384236,7.73640101957157e-05
-2.3705198450813807,7.766033352740037e-05
-2.3696562677243387,7.795669611079803e-05
-2.368792690367296,7.825309779491835e-05
-2.3679291130102538,7.854953842965917e-05
-2.367065535653211,7.88460178644812e-05
-2.366201958296169,7.914253594838022e-05
-2.365338380939127,7.943909253170511e-05
-2.364474803582084,7.973568746302145e-05
-2.363611226225042,8.003232059222709e-05
-2.362747648867999,8.032899176745045e-05
-2.361884071510957,8.062570083857551e-05
-2.361020494153914,8.092244765550705e-05
-2.360156916796872,8.121923206592246e-05
-2.359293339439829,8.151605391883837e-05
-2.358429762082787,8.181291306458283e-05
-2.357566184725745,8.210980935084017e-05
-2.3567026073687023,8.240674262662007e-05
-2.3558390300116603,8.270371274093219e-05
-2.3549754526546174,8.300071954234906e-05
-2.3541118752975754,8.329776287897828e-05
-2.3532482979405325,8.359484259983646e-05
-2.3523847205834905,8.389195855348919e-05
-2.3515211432264485,8.418911058850204e-05
-2.3506575658694056,8.448629855167117e-05
-2.3497939885123635,8.478352229376873e-05
-2.3489304111553206,8.50807816611468e-05
-2.3480668337982786,8.537807650281504e-05
-2.3472032564412357,8.567540666600676e-05
-2.3463396790841937,8.597277199929448e-05
-2.3454761017271517,8.627017235078582e-05
-2.344612524370109,8.656760756772103e-05
-2.343748947013067,8.686507749822159e-05
-2.342885369656024,8.716258199085308e-05
-2.342021792298982,8.746012089107941e-05
-2.341158214941939,8.775769404878453e-05
-2.340294637584897,8.805530131032052e-05
-2.339431060227854,8.83529425229207e-05
-2.338567482870812,8.865061753470654e-05
-2.33770390551377,8.894832619203014e-05
-2.336840328156727,8.9246068342555e-05
-2.335976750799685,8.954384383352137e-05
-2.3351131734426422,8.98416525112744e-05
-2.3342495960856002,9.013949422349149e-05
-2.3333860187285573,9.043736881696879e-05
-2.3325224413715153,9.073527613848165e-05
-2.3316588640144733,9.103321603438214e-05
-2.3307952866574304,9.133118835145948e-05
-2.3299317093003884,9.16291929365029e-05
-2.3290681319433455,9.192722963542038e-05
-2.3282045545863035,9.222529829454318e-05
-2.3273409772292606,9.252339876111154e-05
-2.3264773998722186,9.282153088058243e-05
-2.3256138225151766,9.311969449974505e-05
-2.3247502451581337,9.341788946406332e-05
-2.3238866678010917,9.37161156189803e-05
-2.3230230904440488,9.401437281129216e-05
-2.3221595130870067,9.431266088645585e-05
-2.321295935729964,9.461097968992832e-05
-2.320432358372922,9.490932906806165e-05
-2.319568781015879,9.520770886541075e-05
-2.318705203658837,9.550611892832767e-05
-2.317841626301795,9.580455910138119e-05
-2.316978048944752,9.610302923002828e-05
-2.31611447158771,9.640152916017691e-05
-2.315250894230667,9.670005873504972e-05
-2.314387316873625,9.699861780188695e-05
-2.313523739516582,9.729720620348103e-05
-2.31266016215954,9.75958237861771e-05
-2.311796584802498,9.789447039366267e-05
-2.3109330074454553,9.819314587093675e-05
-2.3100694300884133,9.849185006301914e-05
-2.3092058527313704,9.879058281314634e-05
-2.3083422753743283,9.908934396588714e-05
-2.3074786980172854,9.938813336626134e-05
-2.3066151206602434,9.968695085749157e-05
-2.3057515433032014,9.998579628459764e-05
-2.3048879659461585,0.00010028466949037196
-2.3040243885891165,0.0001005835703198274
-2.3031608112320736,0.00010088249861443105
-2.3022972338750316,0.00010118145421962599
-2.3014336565179887,0.00010148043697954384
-2.3005700791609467,0.00010177944673564476
-2.299706501803904,0.00010207848333249753
-2.298842924446862,0.0001023775466124574
-2.2979793470898198,0.00010267663641919111
-2.297115769732777,0.0001029757525959421
-2.296252192375735,0.00010327489498461462
-2.295388615018692,0.00010357406342844516
-2.29452503766165,0.00010387325777067719
-2.293661460304607,0.00010417247785231287
-2.292797882947565,0.00010447172351748385
-2.291934305590523,0.00010477099460809436
-2.29107072823348,0.00010507029096560455
-2.290207150876438,0.0001053696124323697
-2.289343573519395,0.00010566895885072425
-2.288479996162353,0.00010596833006169121
-2.2876164188053103,0.000106267725908063
-2.2867528414482683,0.00010656714623129976
-2.2858892640912263,0.0001068665908728686
-2.2850256867341834,0.0001071660596733276
-2.2841621093771414,0.00010746555247503203
-2.2832985320200985,0.00010776506911899797
-2.2824349546630565,0.00010806460944579738
-2.2815713773060136,0.00010836417329689735
-2.2807077999489715,0.00010866376051285598
-2.2798442225919286,0.00010896337093380809
-2.2789806452348866,0.00010926300440165793
-2.2781170678778446,0.00010956266075608928
-2.2772534905208017,0.00010986233983679289
-2.2763899131637597,0.00011016204148521502
-2.275526335806717,0.00011046176554060233
-2.274662758449675,0.0001107615118430827
-2.273799181092632,0.00011106128023279094
-2.27293560373559,0.00011136107054984107
-2.272072026378548,0.00011166088263303564
-2.271208449021505,0.00011196071632205845
-2.270344871664463,0.0001122605714561492
-2.26948129430742,0.00011256044787544273
-2.268617716950378,0.0001128603454169444
-2.267754139593335,0.00011316026392212131
-2.266890562236293,0.00011346020322799272
-2.266026984879251,0.00011376016317424242
-2.2651634075222082,0.0001140601435987848
-2.2642998301651662,0.0001143601443399575
-2.2634362528081233,0.00011466016523700717
-2.2625726754510813,0.00011496020612695307
-2.2617090980940384,0.00011526026684859081
-2.2608455207369964,0.00011556034724027886
-2.2599819433799535,0.00011586044713857852
-2.2591183660229115,0.00011616056638184824
-2.2582547886658695,0.00011646070480755139
-2.2573912113088266,0.00011676086225226312
-2.2565276339517846,0.00011706103855389782
-2.2556640565947417,0.00011736123354946087
-2.2548004792376997,0.00011766144707597848
-2.2539369018806568,0.00011796167897046989
-2.2530733245236148,0.0001182619290686221
-2.2522097471665727,0.0001185621972079054
-2.25134616980953,0.0001188624832239929
-2.250482592452488,0.0001191627869543549
-2.249619015095445,0.0001194631082333461
-2.248755437738403,0.00011976344689798579
-2.24789186038136,0.00012006380278307971
-2.247028283024318,0.00012036417572563324
-2.246164705667276,0.00012066456556089622
-2.245301128310233,0.00012096497212366747
-2.244437550953191,0.00012126539524830171
-2.243573973596148,0.00012156583477182514
-2.242710396239106,0.00012186629052724635
-2.2418468188820633,0.00012216676235114743
-2.2409832415250213,0.00012246725007610676
-2.2401196641679784,0.00012276775353825542
-2.2392560868109364,0.00012306827257151098
-2.2383925094538943,0.00012336880700932612
-2.2375289320968514,0.0001236693566860625
-2.2366653547398094,0.00012396992143607483
-2.2358017773827665,0.0001242705010919415
-2.2349382000257245,0.00012457109548758005
-2.2340746226686816,0.00012487170445733137
-2.2332110453116396,0.00012517232783289256
-2.2323474679545976,0.00012547296544817427
-2.2314838905975547,0.00012577361713619895
-2.2306203132405127,0.0001260742827291078
-2.22975673588347,0.00012637496205990945
-2.2288931585264278,0.00012667565496074507
-2.228029581169385,0.00012697636126374895
-2.227166003812343,0.00012727708080105538
-2.226302426455301,0.00012757781340480556
-2.225438849098258,0.00012787855890623173
-2.224575271741216,0.0001281793171379192
-2.223711694384173,0.00012848008793022586
-2.222848117027131,0.00012878087111439784
-2.221984539670088,0.00012908166652213227
-2.221120962313046,0.00012938247398421726
-2.220257384956003,0.00012968329333146178
-2.219393807598961,0.00012998412439333557
-2.218530230241919,0.0001302849670019729
-2.2176666528848763,0.00013058582098640636
-2.2168030755278343,0.00013088668617653593
-2.2159394981707914,0.00013118756240272644
-2.2150759208137494,0.00013148844949489175
-2.2142123434567065,0.00013178934728250158
-2.2133487660996645,0.00013209025559414445
-2.2124851887426225,0.0001323911742592762
-2.2116216113855796,0.00013269210310737356
-2.2107580340285375,0.00013299304196701806
-2.2098944566714946,0.00013329399066634717
-2.2090308793144526,0.0001335949490348376
-2.2081673019574097,0.00013389591689972474
-2.2073037246003677,0.0001341968940900412
-2.2064401472433257,0.0001344978804330363
-2.205576569886283,0.00013479887575640337
-2.204712992529241,0.0001350998798869546
-2.203849415172198,0.00013540089265414584
-2.202985837815156,0.0001357019138830129
-2.202122260458113,0.0001360029434025814
-2.201258683101071,0.00013630398103743613
-2.200395105744028,0.0001366050266152774
-2.199531528386986,0.00013690607996334064
-2.198667951029944,0.00013720714090577346
-2.197804373672901,0.00013750820927071333
-2.196940796315859,0.00013780928488274502
-2.1960772189588162,0.0001381103675677925
-2.1952136416017742,0.0001384114571517589
-2.1943500642447313,0.00013871255345923594
-2.1934864868876893,0.00013901365631569657
-2.1926229095306473,0.00013931476554572553
-2.1917593321736044,0.0001396158809748027
-2.1908957548165624,0.00013991700242661081
-2.1900321774595195,0.00014021812972529746
-2.1891686001024775,0.0001405192626950033
-2.1883050227454346,0.00014082040116032007
-2.1874414453883926,0.00014112154494448637
-2.1865778680313506,0.00014142269387076162
-2.1857142906743077,0.00014172384776284241
-2.1848507133172657,0.00014202500644353716
-2.1839871359602228,0.0001423261697356612
-2.1831235586031807,0.00014262733746245315
-2.182259981246138,0.0001429285094453961
-2.181396403889096,0.00014322968550729842
-2.180532826532053,0.00014353086546963628
-2.179669249175011,0.00014383204915522502
-2.178805671817969,0.00014413323638641506
-2.177942094460926,0.00014443442698158088
-2.177078517103884,0.00014473562076486313
-2.176214939746841,0.00014503681755640568
-2.175351362389799,0.00014533801717635936
-2.174487785032756,0.00014563921944529823
-2.173624207675714,0.00014594042418470538
-2.172760630318672,0.0001462416312133924
-2.1718970529616293,0.00014654284035283544
-2.1710334756045873,0.00014684405142096485
-2.1701698982475444,0.0001471452642387988
-2.1693063208905023,0.00014744647862426769
-2.1684427435334594,0.00014774769439795943
-2.1675791661764174,0.00014804891137735338
-2.1667155888193754,0.00014835012938171216
-2.1658520114623325,0.0001486513482293894
-2.1649884341052905,0.0001489525677378714
-2.1641248567482476,0.00014925378772596976
-2.1632612793912056,0.00014955500801160787
-2.1623977020341627,0.00014985622841093976
-2.1615341246771207,0.00015015744874276316
-2.160670547320078,0.00015045866882323206
-2.159806969963036,0.00015075988846893762
-2.1589433926059938,0.00015106110749735918
-2.158079815248951,0.00015136232572465075
-2.157216237891909,0.00015166354296605733
-2.156352660534866,0.00015196475903817702
-2.155489083177824,0.0001522659737567128
-2.154625505820781,0.00015256718693736765
-2.153761928463739,0.00015286839839407512
-2.152898351106697,0.0001531696079434125
-2.152034773749654,0.00015347081539931334
-2.151171196392612,0.00015377202057570427
-2.150307619035569,0.00015407322328784417
-2.149444041678527,0.00015437442334877843
-2.1485804643214843,0.00015467562057330797
-2.1477168869644423,0.00015497681477403408
-2.1468533096074003,0.00015527800576488338
-2.1459897322503574,0.00015557919335845022
-2.1451261548933154,0.00015588037736778
-2.1442625775362725,0.00015618155760545316
-2.1433990001792305,0.00015648273388362693
-2.1425354228221876,0.00015678390601445158
-2.1416718454651456,0.00015708507381007736
-2.1408082681081027,0.0001573862370813292
-2.1399446907510606,0.00015768739563989942
-2.1390811133940186,0.00015798854929661293
-2.1382175360369757,0.00015828969786317593
-2.1373539586799337,0.00015859084114907412
-2.136490381322891,0.00015889197896513246
-2.135626803965849,0.00015919311112126688
-2.134763226608806,0.00015949423742741414
-2.133899649251764,0.00015979535769305997
-2.133036071894722,0.000160096471727246
-2.132172494537679,0.0001603975793394649
-2.131308917180637,0.00016069868033830037
-2.130445339823594,0.00016099977453191278
-2.129581762466552,0.00016130086172934377
-2.128718185109509,0.00016160194173742148
-2.127854607752467,0.00016190301436517368
-2.126991030395425,0.0001622040794194285
-2.1261274530383822,0.00016250513670700711
-2.1252638756813402,0.00016280618603517483
-2.1244002983242973,0.00016310722721120385
-2.1235367209672553,0.00016340826004101333
-2.1226731436102124,0.00016370928433009913
-2.1218095662531704,0.00016401029988528243
-2.1209459888961284,0.00016431130651205217
-2.1200824115390855,0.00016461230401501603
-2.1192188341820435,0.00016491329219964906
-2.1183552568250006,0.00016521427087100304
-2.1174916794679586,0.00016551523983367872
-2.1166281021109157,0.00016581619889138866
-2.1157645247538737,0.00016611714784829645
-2.1149009473968308,0.00016641808650765672
-2.1140373700397888,0.00016671901467363304
-2.1131737926827467,0.0001670199321490498
-2.112310215325704,0.00016732083873673143
-2.111446637968662,0.00016762173423862103
-2.110583060611619,0.00016792261845797324
-2.109719483254577,0.0001682234911962871
-2.108855905897534,0.00016852435225549883
-2.107992328540492,0.00016882520143710056
-2.10712875118345,0.00016912603854125907
-2.106265173826407,0.0001694268633703408
-2.105401596469365,0.00016972767572362435
-2.104538019112322,0.00017002847540260185
-2.10367444175528,0.0001703292622061009
-2.1028108643982373,0.00017063003593473236
-2.1019472870411953,0.00017093079638686587
-2.1010837096841533,0.0001712315433631123
-2.1002201323271104,0.0001715322766605229
-2.0993565549700683,0.00017183299607881342
-2.0984929776130254,0.0001721337014159302
-2.0976294002559834,0.00017243439246935471
-2.0967658228989405,0.00017273506903747737
-2.0959022455418985,0.00017303573091734942
-2.0950386681848556,0.000173336377905578
-2.0941750908278136,0.00017363700979922125
-2.0933115134707716,0.00017393762639487248
-2.0924479361137287,0.00017423822748870166
-2.0915843587566867,0.00017453881287642775
-2.090720781399644,0.00017483938235332563
-2.089857204042602,0.00017513993571423303
-2.088993626685559,0.00017544047275485503
-2.088130049328517,0.00017574099326958526
-2.087266471971475,0.00017604149705236632
-2.086402894614432,0.00017634198389758493
-2.08553931725739,0.00017664245359874653
-2.084675739900347,0.00017694290594889167
-2.083812162543305,0.00017724334074108172
-2.082948585186262,0.0001775437577688152
-2.08208500782922,0.00017784415682381427
-2.081221430472178,0.00017814453769825211
-2.080357853115135,0.0001784449001842811
-2.079494275758093,0.00017874524407229808
-2.0786306984010503,0.0001790455691540252
-2.0777671210440083,0.00017934587522074052
-2.0769035436869654,0.0001796461620628409
-2.0760399663299234,0.00017994642947025824
-2.0751763889728805,0.00018024667723205712
-2.0743128116158385,0.00018054690513862742
-2.0734492342587965,0.00018084711297947087
-2.0725856569017536,0.00018114730054187567
-2.0717220795447115,0.000181447467617106
-2.0708585021876686,0.00018174761398978556
-2.0699949248306266,0.00018204773945074831
-2.0691313474735837,0.00018234784378594326
-2.0682677701165417,0.0001826479267835468
-2.0674041927594997,0.00018294798822949404
-2.066540615402457,0.0001832480279106291
-2.065677038045415,0.00018354804561378918
-2.064813460688372,0.00018384804112403508
-2.06394988333133,0.00018414801422687865
-2.063086305974287,0.00018444796470736685
-2.062222728617245,0.00018474789235101152
-2.061359151260203,0.0001850477969419853
-2.06049557390316,0.00018534767826446086
-2.059631996546118,0.00018564753610261775
-2.058768419189075,0.0001859473702388384
-2.057904841832033,0.00018624718045685829
-2.0570412644749902,0.00018654696654040598
-2.0561776871179482,0.0001868467282701014
-2.0553141097609053,0.00018714646542834779
-2.0544505324038633,0.00018744617779797162
-2.0535869550468213,0.0001877458651595998
-2.0527233776897784,0.0001880455272947404
-2.0518598003327364,0.00018834516398268109
-2.0509962229756935,0.00018864477500538102
-2.0501326456186515,0.00018894436014211397
-2.0492690682616086,0.00018924391917173045
-2.0484054909045666,0.0001895434518744063
-2.0475419135475246,0.0001898429580289851
-2.0466783361904817,0.0001901424374129851
-2.0458147588334397,0.00019044188980568005
-2.0449511814763968,0.00019074131498414415
-2.0440876041193548,0.00019104071272633277
-2.043224026762312,0.0001913400828084319
-2.04236044940527,0.00019163942500793896
-2.041496872048228,0.00019193873910059583
-2.040633294691185,0.00019223802486302566
-2.039769717334143,0.0001925372820696311
-2.0389061399771,0.00019283651049615408
-2.038042562620058,0.00019313570991831563
-2.037178985263015,0.00019343488010874904
-2.036315407905973,0.00019373402084363334
-2.03545183054893,0.0001940331318938185
-2.034588253191888,0.00019433221303593456
-2.033724675834846,0.00019463126404037356
-2.0328610984778033,0.00019493028468110102
-2.0319975211207613,0.0001952292747289669
-2.0311339437637184,0.0001955282339570416
-2.0302703664066764,0.00019582716213573798
-2.0294067890496335,0.00019612605903678026
-2.0285432116925914,0.0001964249244305813
-2.0276796343355494,0.00019672375808665876
-2.0268160569785065,0.00019702255977586264
-2.0259524796214645,0.00019732132926771756
-2.0250889022644216,0.00019762006633039508
-2.0242253249073796,0.00019791877073297576
-2.0233617475503367,0.00019821744224364501
-2.0224981701932947,0.0001985160806301442
-2.0216345928362527,0.00019881468566066568
-2.02077101547921,0.00019911325710116057
-2.0199074381221678,0.00019941179471937714
-2.019043860765125,0.0001997102982812804
-2.018180283408083,0.00020000876755194713
-2.01731670605104,0.00020030720229779336
-2.016453128693998,0.00020060560228388202
-2.015589551336955,0.00020090396727440868
-2.014725973979913,0.00020120229703400605
-2.013862396622871,0.0002015005913259746
-2.012998819265828,0.00020179884991450986
-2.012135241908786,0.00020209707256201026
-2.011271664551743,0.0002023952590313391
-2.010408087194701,0.00020269340908446454
-2.0095445098376583,0.00020299152248379887
-2.0086809324806163,0.00020328959898954085
-2.0078173551235743,0.00020358763836453297
-2.0069537777665314,0.00020388564036719764
-2.0060902004094894,0.00020418360475950303
-2.0052266230524465,0.00020448153129942054
-2.0043630456954045,0.0002047794197480371
-2.0034994683383616,0.00020507726986242203
-2.0026358909813196,0.00020537508140233002
-2.0017723136242775,0.00020567285412484426
-2.0009087362672346,0.00020597058778793614
-2.0000451589101926,0.0002062682821491399
-1.9991815815531497,0.00020656593696419256
-1.9983180041961077,0.0002068635519906284
-1.9974544268390648,0.00020716112698375422
-1.9965908494820228,0.0002074586616984328
-1.99572727212498,0.000207756155890422
-1.994863694767938,0.00020805360931368255
-1.994000117410896,0.00020835102172308412
-1.993136540053853,0.00020864839287126902
-1.992272962696811,0.00020894572251221183
-1.991409385339768,0.0002092430103985618
-1.990545807982726,0.00020954025628250328
-1.9896822306256832,0.00020983745991624142
-1.9888186532686412,0.00021013462105064218
-1.9879550759115991,0.0002104317394370156
-1.9870914985545562,0.00021072881482579048
-1.9862279211975142,0.0002110258469673748
-1.9853643438404713,0.0002113228356113092
-1.9845007664834293,0.00021161978050668329
-1.9836371891263864,0.00021191668140258663
-1.9827736117693444,0.0002122135380463394
-1.9819100344123024,0.00021251035018746145
-1.9810464570552595,0.00021280711757149656
-1.9801828796982175,0.00021310383994709026
-1.9793193023411746,0.00021340051705977942
-1.9784557249841326,0.00021369714865510786
-1.9775921476270897,0.00021399373447904269
-1.9767285702700477,0.0002142902742771277
-1.9758649929130048,0.00021458676779312347
-1.9750014155559628,0.00021488321477212274
-1.9741378381989207,0.00021517961495656074
-1.9732742608418778,0.00021547596809107228
-1.9724106834848358,0.00021577227391764847
-1.971547106127793,0.0002160685321778294
-1.970683528770751,0.00021636474261404331
-1.969819951413708,0.00021666090496783724
-1.968956374056666,0.0002169570189798492
-1.968092796699624,0.00021725308439029395
-1.967229219342581,0.0002175491009393793
-1.966365641985539,0.0002178450683655367
-1.9655020646284962,0.00021814098640898089
-1.9646384872714542,0.0002184368548072413
-1.9637749099144113,0.0002187326732983122
-1.9629113325573693,0.0002190284416197369
-1.9620477552003273,0.0002193241595086215
-1.9611841778432844,0.00021961982670205132
-1.9603206004862423,0.00021991544293402387
-1.9594570231291994,0.00022021100794163834
-1.9585934457721574,0.00022050652145977345
-1.9577298684151145,0.00022080198322198263
-1.9568662910580725,0.00022109739296357483
-1.9560027137010296,0.0002213927504167712
-1.9551391363439876,0.0002216880553151182
-1.9542755589869456,0.00022198330739083005
-1.9534119816299027,0.0002222785063761279
-1.9525484042728607,0.00022257365200276796
-1.9516848269158178,0.00022286874400119505
-1.9508212495587758,0.0002231637821022911
-1.9499576722017329,0.00022345876603604986
-1.9490940948446909,0.00022375369553113977
-1.9482305174876489,0.00022404857031709663
-1.947366940130606,0.00022434339012258886
-1.946503362773564,0.0002246381546749457
-1.945639785416521,0.00022493286370149634
-1.944776208059479,0.0002252275169291329
-1.9439126307024361,0.0002255221140847266
-1.9430490533453941,0.0002258166548938373
-1.9421854759883521,0.0002261111390815737
-1.9413218986313092,0.00022640556637260056
-1.9404583212742672,0.00022669993649203357
-1.9395947439172243,0.0002269942491623031
-1.9387311665601823,0.00022728850410763668
-1.9378675892031394,0.00022758270105003447
-1.9370040118460974,0.00022787683971149664
-1.9361404344890545,0.00022817091981447435
-1.9352768571320125,0.00022846494107873344
-1.9344132797749705,0.000228758903226281
-1.9335497024179276,0.00022905280597645267
-1.9326861250608856,0.00022934664904858404
-1.9318225477038427,0.0002296404321615736
-1.9309589703468006,0.0002299341550338549
-1.9300953929897577,0.00023022781738299414
-1.9292318156327157,0.0002305214189265506
-1.9283682382756737,0.00023081495938075125
-1.9275046609186308,0.0002311084384631623
-1.9266410835615888,0.00023140185588733236
-1.925777506204546,0.00023169521137038351
-1.924913928847504,0.00023198850462499004
-1.924050351490461,0.00023228173536693486
-1.923186774133419,0.000232574903308011
-1.922323196776377,0.00023286800816176706
-1.921459619419334,0.00023316104964088424
-1.920596042062292,0.00023345402745626048
-1.9197324647052492,0.0002337469413192378
-1.9188688873482072,0.00023403979094072103
-1.9180053099911643,0.00023433257603070606
-1.9171417326341222,0.0002346252962987655
-1.9162781552770793,0.0002349179514535768
-1.9154145779200373,0.00023521054120292928
-1.9145510005629953,0.00023550306525550735
-1.9136874232059524,0.00023579552331819825
-1.9128238458489104,0.00023608791509702187
-1.9119602684918675,0.00023638024029843524
-1.9110966911348255,0.0002366724986280072
-1.9102331137777826,0.0002369646897904254
-1.9093695364207406,0.0002372568134899125
-1.9085059590636986,0.00023754886943026798
-1.9076423817066557,0.00023784085731484023
-1.9067788043496137,0.0002381327768452013
-1.9059152269925708,0.00023842462772426243
-1.9050516496355288,0.00023871640965358182
-1.9041880722784859,0.0002390081223329621
-1.9033244949214438,0.00023929976546264303
-1.9024609175644018,0.00023959133874242033
-1.901597340207359,0.00023988284187209663
-1.900733762850317,0.0002401742745483451
-1.899870185493274,0.00024046563647052432
-1.899006608136232,0.00024075692733443316
-1.898143030779189,0.00024104814683720277
-1.897279453422147,0.00024133929467508308
-1.8964158760651042,0.00024163037054341502
-1.8955522987080622,0.00024192137413578396
-1.8946887213510202,0.0002422123051479888
-1.8938251439939773,0.00024250316327227572
-1.8929615666369353,0.0002427939482022301
-1.8920979892798924,0.00024308465963008424
-1.8912344119228504,0.0002433752972463149
-1.8903708345658075,0.00024366586074361235
-1.8895072572087654,0.00024395634981155823
-1.8886436798517234,0.0002442467641401852
-1.8877801024946805,0.00024453710341817286
-1.8869165251376385,0.0002448273673346657
-1.8860529477805956,0.0002451175555770249
-1.8851893704235536,0.0002454076678330627
-1.8843257930665107,0.0002456977037887942
-1.8834622157094687,0.00024598766313069925
-1.8825986383524267,0.00024627754554436276
-1.8817350609953838,0.0002465673507140373
-1.8808714836383418,0.00024685707832353826
-1.8800079062812989,0.00024714672805799254
-1.8791443289242569,0.0002474362995981069
-1.878280751567214,0.0002477257926272458
-1.877417174210172,0.00024801520682655315
-1.876553596853129,0.0002483045418771798
-1.875690019496087,0.0002485937974589236
-1.874826442139045,0.0002488829732516032
-1.8739628647820021,0.0002491720689345861
-1.8730992874249601,0.0002494610841854636
-1.8722357100679172,0.0002497500186822779
-1.8713721327108752,0.00025003887210171827
-1.8705085553538323,0.00025032764412049463
-1.8696449779967903,0.0002506163344139778
-1.8687814006397483,0.0002509049426562063
-1.8679178232827054,0.000251193468523446
-1.8670542459256634,0.0002514819116879452
-1.8661906685686205,0.0002517702718228612
-1.8653270912115785,0.00025205854860090027
-1.8644635138545356,0.00025234674169388044
-1.8635999364974936,0.0002526348507718504
-1.8627363591404515,0.00025292287550528203
-1.8618727817834086,0.0002532108155646681
-1.8610092044263666,0.00025349867061782994
-1.8601456270693237,0.000253786440333921
-1.8592820497122817,0.00025407412437943727
-1.8584184723552388,0.0002543617224226302
-1.8575548949981968,0.00025464923412821944
-1.856691317641154,0.0002549366591626939
-1.855827740284112,0.00025522399719076633
-1.85496416292707,0.00025551124787582397
-1.854100585570027,0.0002557984108830097
-1.853237008212985,0.0002560854858726022
-1.852373430855942,0.0002563724725088701
-1.8515098534989,0.00025665937045075277
-1.8506462761418572,0.0002569461793607494
-1.8497826987848152,0.00025723289889822976
-1.8489191214277731,0.00025751952872258427
-1.8480555440707302,0.00025780606849230836
-1.8471919667136882,0.00025809251786456516
-1.8463283893566453,0.00025837887649696883
-1.8454648119996033,0.00025866514404622454
-1.8446012346425604,0.0002589513201672819
-1.8437376572855184,0.0002592374045146395
-1.8428740799284764,0.0002595233967441282
-1.8420105025714335,0.00025980929650803314
-1.8411469252143915,0.0002600951034586185
-1.8402833478573486,0.00026038081724905765
-1.8394197705003066,0.0002606664375307405
-1.8385561931432637,0.00026095196395283654
-1.8376926157862217,0.00026123739616674274
-1.8368290384291788,0.00026152273382072655
-1.8359654610721368,0.00026180797656352034
-1.8351018837150948,0.0002620931240416291
-1.8342383063580519,0.00026237817590422235
-1.8333747290010098,0.0002626631317955916
-1.832511151643967,0.0002629479913617838
-1.831647574286925,0.00026323275424709053
-1.830783996929882,0.00026351742009624035
-1.82992041957284,0.0002638019885517415
-1.829056842215798,0.000264086459256109
-1.828193264858755,0.0002643708318513932
-1.827329687501713,0.0002646551059778887
-1.8264661101446702,0.00026493928127677147
-1.8256025327876282,0.00026522335738566466
-1.8247389554305853,0.000265507333944863
-1.8238753780735433,0.00026579121059197575
-1.8230118007165013,0.00026607498696330084
-1.8221482233594584,0.0002663586626960174
-1.8212846460024164,0.00026664223742508403
-1.8204210686453735,0.0002669257107863546
-1.8195574912883314,0.0002672090824121093
-1.8186939139312885,0.00026749235193731374
-1.8178303365742465,0.00026777551899337393
-1.8169667592172036,0.0002680585832125909
-1.8161031818601616,0.0002683415442254686
-1.8152396045031196,0.00026862440166208756
-1.8143760271460767,0.00026890715515207747
-1.8135124497890347,0.0002691898043246238
-1.8126488724319918,0.0002694723488062545
-1.8117852950749498,0.00026975478822436477
-1.8109217177179069,0.0002700371222054826
-1.8100581403608649,0.00027031935037479665
-1.8091945630038229,0.0002706014723566075
-1.80833098564678,0.00027088348777522253
-1.807467408289738,0.0002711653962531521
-1.806603830932695,0.00027144719741248324
-1.805740253575653,0.000271728890875296
-1.8048766762186101,0.0002720104762623382
-1.8040130988615681,0.00027229195319214416
-1.8031495215045261,0.00027257332128411554
-1.8022859441474832,0.00027285458015678665
-1.8014223667904412,0.0002731357294273526
-1.8005587894333983,0.0002734167687121203
-1.7996952120763563,0.0002736976976274036
-1.7988316347193134,0.00027397851578638693
-1.7979680573622714,0.0002742592228049401
-1.7971044800052285,0.00027453981829537316
-1.7962409026481865,0.0002748203018704404
-1.7953773252911445,0.0002751006731411265
-1.7945137479341016,0.00027538093171839556
-1.7936501705770596,0.0002756610772123441
-1.7927865932200167,0.0002759411092317296
-1.7919230158629746,0.0002762210273844212
-1.7910594385059317,0.00027650083127873926
-1.7901958611488897,0.0002767805205207627
-1.7893322837918477,0.00027706009471525905
-1.7884687064348048,0.00027733955346787714
-1.7876051290777628,0.0002776188963824894
-1.78674155172072,0.00027789812306253103
-1.785877974363678,0.0002781772331096402
-1.785014397006635,0.00027845622612503174
-1.784150819649593,0.0002787351017099135
-1.783287242292551,0.00027901385946282886
-1.782423664935508,0.00027929249898410446
-1.781560087578466,0.0002795710198707155
-1.7806965102214232,0.0002798494217196579
-1.7798329328643812,0.0002801277041274766
-1.7789693555073383,0.0002804058666893844
-1.7781057781502962,0.00028068390899971263
-1.7772422007932533,0.0002809618306518838
-1.7763786234362113,0.00028123963123889706
-1.7755150460791693,0.00028151731035219035
-1.7746514687221264,0.0002817948675827575
-1.7737878913650844,0.0002820723025211552
-1.7729243140080415,0.0002823496147556989
-1.7720607366509995,0.0002826268038751689
-1.7711971592939566,0.00028290386946656226
-1.7703335819369146,0.00028318081111620985
-1.7694700045798726,0.0002834576284104495
-1.7686064272228297,0.00028373432093293377
-1.7677428498657877,0.00028401088826822407
-1.7668792725087448,0.0002842873299984325
-1.7660156951517028,0.0002845636457063372
-1.7651521177946599,0.00028483983497183674
-1.7642885404376178,0.00028511589737569704
-1.7634249630805758,0.00028539183249692845
-1.762561385723533,0.00028566763991409033
-1.761697808366491,0.0002859433192041877
-1.760834231009448,0.0002862188699442325
-1.759970653652406,0.0002864942917085514
-1.7591070762953631,0.00028676958407282405
-1.758243498938321,0.00028704474661028073
-1.7573799215812782,0.0002873197788941517
-1.7565163442242362,0.00028759468049478765
-1.7556527668671942,0.00028786945098473876
-1.7547891895101513,0.0002881440899328014
-1.7539256121531093,0.0002884185969077649
-1.7530620347960664,0.00028869297147841866
-1.7521984574390244,0.00028896721321222674
-1.7513348800819815,0.00028924132167418987
-1.7504713027249394,0.0002895152964297737
-1.7496077253678974,0.00028978913704310466
-1.7487441480108545,0.0002900628430783092
-1.7478805706538125,0.0002903364140964121
-1.7470169932967696,0.0002906098496597495
-1.7461534159397276,0.000290883149328236
-1.7452898385826847,0.00029115631266177916
-1.7444262612256427,0.00029142933921806613
-1.7435626838686007,0.0002917022285552351
-1.7426991065115578,0.00029197498022918295
-1.7418355291545158,0.0002922475937956054
-1.7409719517974729,0.00029252006880974707
-1.7401083744404309,0.0002927924048246322
-1.739244797083388,0.00029306460139240376
-1.738381219726346,0.00029333665806540593
-1.737517642369303,0.00029360857439400534
-1.736654065012261,0.00029388034992745143
-1.735790487655219,0.00029415198421499367
-1.7349269102981761,0.0002944234768043341
-1.7340633329411341,0.00029469482724115564
-1.7331997555840912,0.00029496603507182806
-1.7323361782270492,0.0002952370998409379
-1.7314726008700063,0.0002955080210924124
-1.7306090235129643,0.0002957787983681598
-1.7297454461559223,0.0002960494312101089
-1.7288818687988794,0.00029631991915973765
-1.7280182914418374,0.00029659026175452713
-1.7271547140847945,0.000296860458535074
-1.7262911367277525,0.0002971305090381793
-1.7254275593707096,0.00029740041280022084
-1.7245639820136676,0.0002976701693569034
-1.7237004046566256,0.0002979397782425994
-1.7228368272995827,0.00029820923899080004
-1.7219732499425406,0.0002984785511340876
-1.7211096725854977,0.00029874771420328877
-1.7202460952284557,0.0002990167277294453
-1.7193825178714128,0.00029928559124115656
-1.7185189405143708,0.0002995543042674728
-1.717655363157328,0.0002998228663354252
-1.716791785800286,0.0003000912769702893
-1.715928208443244,0.00030035953569822194
-1.715064631086201,0.0003006276420429374
-1.714201053729159,0.00030089559552749084
-1.713337476372116,0.00030116339567291817
-1.712473899015074,0.00030143104200160836
-1.7116103216580312,0.00030169853403216873
-1.7107467443009892,0.00030196587128409474
-1.7098831669439472,0.0003022330532748904
-1.7090195895869043,0.00030250007952048463
-1.7081560122298622,0.00030276694953771527
-1.7072924348728193,0.0003030336628396385
-1.7064288575157773,0.00030330021894086484
-1.7055652801587344,0.00030356661735268103
-1.7047017028016924,0.0003038328575867971
-1.7038381254446504,0.00030409893915338965
-1.7029745480876075,0.0003043648615610739
-1.7021109707305655,0.00030463062431846516
-1.7012473933735226,0.00030489622693152113
-1.7003838160164806,0.0003051616689066228
-1.6995202386594377,0.0003054269497483955
-1.6986566613023957,0.0003056920689601256
-1.6977930839453537,0.00030595702604398894
-1.6969295065883108,0.00030622182050216856
-1.6960659292312688,0.00030648645183393997
-1.6952023518742259,0.00030675091953882155
-1.6943387745171838,0.0003070152231147705
-1.693475197160141,0.00030727936205863365
-1.692611619803099,0.00030754333586615473
-1.691748042446056,0.0003078071440315022
-1.690884465089014,0.0003080707860490875
-1.690020887731972,0.0003083342614099843
-1.689157310374929,0.0003085975696063767
-1.688293733017887,0.0003088607101284571
-1.6874301556608442,0.00030912368246462096
-1.6865665783038022,0.0003093864861021742
-1.6857030009467593,0.0003096491205286378
-1.6848394235897173,0.00030991158522931245
-1.6839758462326753,0.0003101738796881734
-1.6831122688756324,0.00031043600338895305
-1.6822486915185904,0.00031069795581385035
-1.6813851141615475,0.0003109597364423927
-1.6805215368045054,0.0003112213447554399
-1.6796579594474625,0.0003114827802318601
-1.6787943820904205,0.00031174404234783626
-1.6779308047333785,0.00031200513058046025
-1.6770672273763356,0.0003122660444041525
-1.6762036500192936,0.00031252678329333344
-1.6753400726622507,0.00031278734672020997
-1.6744764953052087,0.0003130477341565241
-1.6736129179481658,0.00031330794507248433
-1.6727493405911238,0.00031356797893740407
-1.671885763234081,0.00031382783521904933
-1.6710221858770389,0.0003140875133840551
-1.6701586085199969,0.000314347012898189
-1.669295031162954,0.00031460633322587944
-1.668431453805912,0.0003148654738297785
-1.667567876448869,0.00031512443417187896
-1.666704299091827,0.0003153832137132648
-1.6658407217347841,0.00031564181191326424
-1.6649771443777421,0.00031590022823031055
-1.6641135670207001,0.00031615846212150467
-1.6632499896636572,0.00031641651304240015
-1.6623864123066152,0.00031667438044764157
-1.6615228349495723,0.0003169320637907841
-1.6606592575925303,0.0003171895625240437
-1.6597956802354874,0.00031744687609852607
-1.6589321028784454,0.0003177040039637896
-1.6580685255214034,0.00031796094556826165
-1.6572049481643605,0.000318217700358836
-1.6563413708073185,0.0003184742677819555
-1.6554777934502756,0.00031873064728250855
-1.6546142160932336,0.0003189868383036143
-1.6537506387361907,0.00031924284028770483
-1.6528870613791486,0.0003194986526756788
-1.6520234840221057,0.00031975427490753966
-1.6511599066650637,0.00032000970642129256
-1.6502963293080217,0.00032026494665406136
-1.6494327519509788,0.000320519995042505
-1.6485691745939368,0.00032077485102063874
-1.647705597236894,0.00032102951402224883
-1.646842019879852,0.0003212839834791231
-1.645978442522809,0.00032153825882216824
-1.645114865165767,0.0003217923394813818
-1.644251287808725,0.0003220462248841177
-1.643387710451682,0.00032229991445838907
-1.64252413309464,0.00032255340762910034
-1.6416605557375972,0.0003228067038209409
-1.6407969783805552,0.00032305980245680294
-1.6399334010235123,0.0003233127029593774
-1.6390698236664702,0.00032356540474779566
-1.6382062463094282,0.0003238179072418551
-1.6373426689523853,0.0003240702098595838
-1.6364790915953433,0.0003243223120174346
-1.6356155142383004,0.00032457421313077106
-1.6347519368812584,0.0003248259126129513
-1.6338883595242155,0.0003250774098775555
-1.6330247821671735,0.0003253287043348402
-1.6321612048101306,0.000325579795395263
-1.6312976274530886,0.000325830682467082
-1.6304340500960466,0.0003260813649585484
-1.6295704727390037,0.00032633184227391643
-1.6287068953819617,0.0003265821138194458
-1.6278433180249188,0.0003268321789971565
-1.6269797406678768,0.00032708203720953344
-1.6261161633108339,0.0003273316878570562
-1.6252525859537919,0.00032758113033887204
-1.6243890085967498,0.0003278303640534691
-1.623525431239707,0.000328079388395984
-1.622661853882665,0.0003283282027622403
-1.621798276525622,0.00032857680654627824
-1.62093469916858,0.00032882519914013975
-1.6200711218115371,0.0003290733799347634
-1.619207544454495,0.0003293213483195126
-1.618343967097453,0.0003295691036828835
-1.6174803897404102,0.00032981664541225503
-1.6166168123833682,0.0003300639728930077
-1.6157532350263253,0.0003303110855085306
-1.6148896576692833,0.0003305579826417479
-1.6140260803122404,0.00033080466367405026
-1.6131625029551984,0.00033105112798548914
-1.6122989255981555,0.0003312973749541176
-1.6114353482411135,0.0003315434039573295
-1.6105717708840714,0.0003317892143713877
-1.6097081935270285,0.00033203480556924514
-1.6088446161699865,0.000332280176924514
-1.6079810388129436,0.0003325253278090301
-1.6071174614559016,0.0003327702575917496
-1.6062538840988587,0.00033301496564205196
-1.6053903067418167,0.0003332594513266729
-1.6045267293847747,0.000333503714011453
-1.6036631520277318,0.0003337477530606786
-1.6027995746706898,0.0003339915678375327
-1.6019359973136469,0.000334235157702735
-1.6010724199566049,0.000334478522017026
-1.600208842599562,0.00033472166013847476
-1.59934526524252,0.00033496457142359604
-1.598481687885478,0.0003352072552289115
-1.597618110528435,0.00033544971090781334
-1.596754533171393,0.0003356919378134926
-1.5958909558143501,0.00033593393529713494
-1.5950273784573081,0.0003361757027083717
-1.5941638011002652,0.0003364172393952869
-1.5933002237432232,0.0003366585447048334
-1.5924366463861803,0.00033689961798243073
-1.5915730690291383,0.00033714045857149294
-1.5907094916720963,0.00033738106581499006
-1.5898459143150534,0.00033762143905301245
-1.5889823369580114,0.00033786157762540764
-1.5881187596009685,0.00033810148087004555
-1.5872551822439265,0.0003383411481225687
-1.5863916048868836,0.0003385805787190707
-1.5855280275298416,0.0003388197719920716
-1.5846644501727996,0.000339058727273224
-1.5838008728157567,0.0003392974438937296
-1.5829372954587146,0.00033953592118168147
-1.5820737181016717,0.00033977415846451337
-1.5812101407446297,0.000340012155068084
-1.5803465633875868,0.0003402499103164966
-1.5794829860305448,0.00034048742353295913
-1.5786194086735028,0.0003407246940377931
-1.57775583131646,0.0003409617211508828
-1.576892253959418,0.0003411985041907595
-1.576028676602375,0.0003414350424735327
-1.575165099245333,0.0003416713353141948
-1.57430152188829,0.000341907382026628
-1.573437944531248,0.00034214318192227894
-1.5725743671742052,0.0003423787343112411
-1.5717107898171632,0.0003426140385031848
-1.5708472124601212,0.00034284909380422057
-1.5699836351030783,0.0003430838995204591
-1.5691200577460362,0.00034331845495646357
-1.5682564803889933,0.0003435527594141119
-1.5673929030319513,0.00034378681219419255
-1.5665293256749084,0.0003440206125961548
-1.5656657483178664,0.00034425415991811564
-1.5648021709608244,0.0003444874534555345
-1.5639385936037815,0.0003447204925036279
-1.5630750162467395,0.0003449532763545246
-1.5622114388896966,0.0003451858043003464
-1.5613478615326546,0.0003454180756303285
-1.5604842841756117,0.00034565008963260285
-1.5596207068185697,0.0003458818455939483
-1.5587571294615277,0.00034611334279894407
-1.5578935521044848,0.0003463445805314963
-1.5570299747474428,0.00034657555807195844
-1.5561663973903999,0.0003468062747018011
-1.5553028200333578,0.00034703672969825516
-1.554439242676315,0.00034726692233879447
-1.553575665319273,0.0003474968518982213
-1.55271208796223,0.0003477265176500058
-1.551848510605188,0.0003479559188658485
-1.550984933248146,0.00034818505481654105
-1.5501213558911031,0.0003484139247695653
-1.549257778534061,0.0003486425279926181
-1.5483942011770182,0.0003488708637507318
-1.5475306238199762,0.0003490989313073914
-1.5466670464629333,0.00034932672992406266
-1.5458034691058913,0.000349554258861344
-1.5449398917488493,0.00034978151737760643
-1.5440763143918064,0.00035000850473011075
-1.5432127370347644,0.0003502352201732381
-1.5423491596777215,0.0003504616629611268
-1.5414855823206794,0.00035068783234504936
-1.5406220049636365,0.0003509137275753832
-1.5397584276065945,0.00035113934790072937
-1.5388948502495525,0.0003513646925668093
-1.5380312728925096,0.00035158976081976767
-1.5371676955354676,0.0003518145519022173
-1.5363041181784247,0.0003520390650558758
-1.5354405408213827,0.00035226329952024044
-1.5345769634643398,0.00035248725453414925
-1.5337133861072978,0.00035271092933331083
-1.532849808750255,0.0003529343231525664
-1.5319862313932129,0.0003531574352249739
-1.5311226540361709,0.00035338026478159285
-1.530259076679128,0.0003536028110523795
-1.529395499322086,0.0003538250732641607
-1.528531921965043,0.0003540470506433399
-1.527668344608001,0.0003542687424138713
-1.5268047672509582,0.0003544901477983767
-1.5259411898939161,0.00035471126601815256
-1.5250776125368741,0.000354932096291366
-1.5242140351798312,0.0003551526378350947
-1.5233504578227892,0.0003553728898655212
-1.5224868804657463,0.0003555928515950532
-1.5216233031087043,0.00035581252223654963
-1.5207597257516614,0.00035603190099951776
-1.5198961483946194,0.00035625098709259756
-1.5190325710375774,0.0003564697797219796
-1.5181689936805345,0.0003566882780927441
-1.5173054163234925,0.00035690648140709186
-1.5164418389664496,0.00035712438886675857
-1.5155782616094076,0.0003573419996703922
-1.5147146842523647,0.00035755931301596766
-1.5138511068953227,0.0003577763280990173
-1.5129875295382798,0.0003579930441133042
-1.5121239521812377,0.00035820946025079403
-1.5112603748241957,0.0003584255757019192
-1.5103967974671528,0.0003586413896546625
-1.5095332201101108,0.0003588569012954526
-1.508669642753068,0.00035907210980961474
-1.507806065396026,0.0003592870143795668
-1.506942488038983,0.0003595016141864152
-1.506078910681941,0.000359715908409039
-1.505215333324899,0.00035992989622520705
-1.504351755967856,0.0003601435768095865
-1.503488178610814,0.0003603569493363795
-1.5026246012537712,0.00036057001297736674
-1.5017610238967292,0.0003607827669021013
-1.5008974465396863,0.000360995210278367
-1.5000338691826443,0.0003612073422725945
-1.4991702918256022,0.0003614191620490148
-1.4983067144685593,0.0003616306687696316
-1.4974431371115173,0.00036184186159467224
-1.4965795597544744,0.00036205273968348273
-1.4957159823974324,0.00036226330219161357
-1.4948524050403895,0.00036247354827508016
-1.4939888276833475,0.00036268347708589416
-1.4931252503263046,0.000362893087774957
-1.4922616729692626,0.0003631023794914007
-1.4913980956122206,0.00036331135138256004
-1.4905345182551777,0.0003635200025931262
-1.4896709408981357,0.0003637283322668952
-1.4888073635410928,0.0003639363395441103
-1.4879437861840508,0.0003641440235654658
-1.4870802088270079,0.00036435138346763846
-1.4862166314699659,0.00036455841838599345
-1.4853530541129238,0.00036476512745455686
-1.484489476755881,0.00036497150980446813
-1.483625899398839,0.00036517756456576345
-1.482762322041796,0.00036538329086579363
-1.481898744684754,0.00036558868783059806
-1.4810351673277111,0.0003657937545833226
-1.480171589970669,0.0003659984902462249
-1.479308012613627,0.0003662028939391271
-1.4784444352565842,0.00036640696477961004
-1.4775808578995422,0.00036661070188327705
-1.4767172805424993,0.00036681410436439216
-1.4758537031854573,0.0003670171713345549
-1.4749901258284144,0.0003672199019038175
-1.4741265484713724,0.00036742229517954667
-1.4732629711143295,0.0003676243502682419
-1.4723993937572875,0.00036782606627350917
-1.4715358164002454,0.0003680274422967339
-1.4706722390432025,0.0003682284774381983
-1.4698086616861605,0.00036842917079505516
-1.4689450843291176,0.0003686295214638119
-1.4680815069720756,0.00036882952853808243
-1.4672179296150327,0.00036902919110881616
-1.4663543522579907,0.0003692285082665253
-1.4654907749009487,0.0003694274790981486
-1.4646271975439058,0.0003696261026897574
-1.4637636201868638,0.0003698243781243074
-1.462900042829821,0.0003700223044838663
-1.4620364654727789,0.0003702198808469559
-1.461172888115736,0.00037041710629185515
-1.460309310758694,0.000370613979892645
-1.459445733401652,0.0003708105007236215
-1.458582156044609,0.00037100666785508385
-1.457718578687567,0.0003712024803564501
-1.4568550013305241,0.00037139793729489695
-1.4559914239734821,0.00037159303773451335
-1.4551278466164392,0.0003717877807384931
-1.4542642692593972,0.0003719821653673655
-1.4534006919023543,0.00037217619067966834
-1.4525371145453123,0.00037236985573147613
-1.4516735371882703,0.000372563159577996
-1.4508099598312274,0.0003727561012704314
-1.4499463824741854,0.0003729486798595416
-1.4490828051171425,0.00037314089439254017
-1.4482192277601005,0.0003733327439161757
-1.4473556504030576,0.00037352422747299885
-1.4464920730460156,0.00037371534410555324
-1.4456284956889736,0.00037390609285282983
-1.4447649183319307,0.00037409647275160607
-1.4439013409748886,0.00037428648283797245
-1.4430377636178457,0.0003744761221442655
-1.4421741862608037,0.0003746653897010385
-1.4413106089037608,0.0003748542845372904
-1.4404470315467188,0.0003750428056795846
-1.4395834541896768,0.000375230952151355
-1.438719876832634,0.00037541872297583434
-1.437856299475592,0.0003756061171722516
-1.436992722118549,0.0003757931337582815
-1.436129144761507,0.00037597977174938513
-1.435265567404464,0.00037616603015944855
-1.434401990047422,0.00037635190799904794
-1.4335384126903792,0.0003765374042774203
-1.4326748353333372,0.0003767225180006939
-1.4318112579762952,0.00037690724817456
-1.4309476806192523,0.000377091593799804
-1.4300841032622102,0.0003772755538772321
-1.4292205259051673,0.00037745912740497906
-1.4283569485481253,0.000377642313378293
-1.4274933711910824,0.0003778251107904307
-1.4266297938340404,0.00037800751863262955
-1.4257662164769984,0.00037818953589392745
-1.4249026391199555,0.00037837116156046874
-1.4240390617629135,0.0003785523946168434
-1.4231754844058706,0.000378733234045428
-1.4223119070488286,0.0003789136788259137
-1.4214483296917857,0.00037909372793556995
-1.4205847523347437,0.00037927338034988295
-1.4197211749777017,0.00037945263504211846
-1.4188575976206588,0.0003796314909822185
-1.4179940202636168,0.0003798099471398822
-1.4171304429065739,0.00037998800248038866
-1.4162668655495319,0.0003801656559678998
-1.415403288192489,0.0003803429065636979
-1.414539710835447,0.0003805197532274901
-1.413676133478404,0.0003806961949156737
-1.412812556121362,0.00038087223058330677
-1.41194897876432,0.0003810478591823388
-1.4110854014072771,0.0003812230796633939
-1.410221824050235,0.0003813978909735227
-1.4093582466931922,0.0003815722920584644
-1.4084946693361502,0.0003817462818610645
-1.4076310919791073,0.00038191985932194833
-1.4067675146220653,0.00038209302337974954
-1.4059039372650233,0.00038226577296952835
-1.4050403599079804,0.0003824381070259217
-1.4041767825509384,0.0003826100244795627
-1.4033132051938955,0.00038278152425908624
-1.4024496278368535,0.0003829526052918017
-1.4015860504798106,0.00038312326650166706
-1.4007224731227685,0.0003832935068099966
-1.3998588957657265,0.0003834633251363212
-1.3989953184086836,0.00038363272039795143
-1.3981317410516416,0.0003838016915090961
-1.3972681636945987,0.00038397023738216685
-1.3964045863375567,0.0003841383569269316
-1.3955410089805138,0.00038430604905070886
-1.3946774316234718,0.00038447331265881873
-1.393813854266429,0.00038464014665303553
-1.3929502769093869,0.00038480654993444663
-1.3920866995523449,0.00038497252139994137
-1.391223122195302,0.00038513805994529193
-1.39035954483826,0.0003853031644633839
-1.389495967481217,0.00038546783384444533
-1.388632390124175,0.000385632066976907
-1.3877688127671322,0.00038579586274522376
-1.3869052354100901,0.0003859592200336215
-1.3860416580530481,0.0003861221377221072
-1.3851780806960052,0.0003862846146891405
-1.3843145033389632,0.0003864466498100516
-1.3834509259819203,0.00038660824195819316
-1.3825873486248783,0.0003867693900044683
-1.3817237712678354,0.0003869300928166716
-1.3808601939107934,0.00038709034926127234
-1.3799966165537514,0.0003872501582009441
-1.3791330391967085,0.00038740951849660504
-1.3782694618396665,0.0003875684290069459
-1.3774058844826236,0.00038772688858710463
-1.3765423071255816,0.000387884896090894
-1.3756787297685387,0.00038804245036877516
-1.3748151524114967,0.00038819955026878766
-1.3739515750544538,0.0003883561946374098
-1.3730879976974117,0.0003885123823166789
-1.3722244203403697,0.0003886681121484173
-1.3713608429833268,0.0003888233829697635
-1.3704972656262848,0.00038897819361698865
-1.369633688269242,0.00038913254292258226
-1.3687701109122,0.0003892864297172574
-1.367906533555157,0.0003894398528288476
-1.367042956198115,0.000389592811083167
-1.366179378841073,0.000389745303302276
-1.36531580148403,0.0003898973283066737
-1.364452224126988,0.00039004888491397244
-1.3635886467699452,0.00039019997193890515
-1.3627250694129032,0.00039035058819462953
-1.3618614920558603,0.00039050073249054934
-1.3609979146988183,0.00039065040363384096
-1.3601343373417762,0.0003907996004299044
-1.3592707599847333,0.0003909483216799278
-1.3584071826276913,0.00039109656618396826
-1.3575436052706484,0.00039124433273832887
-1.3566800279136064,0.00039139162013730744
-1.3558164505565635,0.00039153842717298826
-1.3549528731995215,0.0003916847526338821
-1.3540892958424786,0.0003918305953065221
-1.3532257184854366,0.0003919759539743259
-1.3523621411283946,0.0003921208274187127
-1.3514985637713517,0.000392265214418
-1.3506349864143097,0.00039240911374782
-1.3497714090572668,0.0003925525241813832
-1.3489078317002248,0.0003926954444887845
-1.3480442543431819,0.0003928378734381205
-1.3471806769861399,0.000392979809794608
-1.3463170996290978,0.0003931212523203345
-1.345453522272055,0.0003932621997749658
-1.344589944915013,0.0003934026509157182
-1.34372636755797,0.00039354260449692147
-1.342862790200928,0.0003936820592702478
-1.3419992128438851,0.00039382101398446195
-1.3411356354868431,0.0003939594673861291
-1.340272058129801,0.00039409741821825467
-1.3394084807727582,0.0003942348652218458
-1.3385449034157162,0.000394371807135252
-1.3376813260586733,0.00039450824269302714
-1.3368177487016313,0.00039464417062907986
-1.3359541713445884,0.0003947795896724268
-1.3350905939875464,0.0003949144985505304
-1.3342270166305035,0.0003950488959873072
-1.3333634392734615,0.0003951827807048766
-1.3324998619164194,0.00039531615142204823
-1.3316362845593765,0.0003954490068547381
-1.3307727072023345,0.00039558134571619774
-1.3299091298452916,0.00039571316671790924
-1.3290455524882496,0.0003958444685664489
-1.3281819751312067,0.0003959752499677477
-1.3273183977741647,0.00039610550962373287
-1.3264548204171227,0.00039623524623388917
-1.3255912430600798,0.0003963644584948217
-1.3247276657030378,0.0003964931451002282
-1.323864088345995,0.00039662130474160673
-1.3230005109889529,0.0003967489361068957
-1.32213693363191,0.0003968760378815911
-1.321273356274868,0.00039700260874830917
-1.320409778917826,0.00039712864738675885
-1.319546201560783,0.00039725415247422735
-1.318682624203741,0.0003973791226846643
-1.3178190468466981,0.0003975035566884666
-1.3169554694896561,0.00039762745315537196
-1.3160918921326132,0.0003977508107502123
-1.3152283147755712,0.00039787362813584193
-1.3143647374185283,0.0003979959039728878
-1.3135011600614863,0.000398117636917536
-1.3126375827044443,0.0003982388256242031
-1.3117740053474014,0.0003983594687435102
-1.3109104279903594,0.0003984795649247669
-1.3100468506333165,0.00039859911281327903
-1.3091832732762745,0.00039871811105102184
-1.3083196959192316,0.0003988365582782011
-1.3074561185621896,0.0003989544531318931
-1.3065925412051476,0.0003990717942454203
-1.3057289638481047,0.0003991885802503217
-1.3048653864910627,0.0003993048097743618
-1.3040018091340198,0.00039942048144286924
-1.3031382317769777,0.00039953559387759935
-1.3022746544199348,0.00039965014569855184
-1.3014110770628928,0.0003997641355217227
-1.3005474997058508,0.0003998775619608874
-1.299683922348808,0.00039999042362605375
-1.298820344991766,0.00040010271912521017
-1.297956767634723,0.0004002144470628133
-1.297093190277681,0.0004003256060406482
-1.296229612920638,0.00040043619465694735
-1.295366035563596,0.00040054621150795167
-1.2945024582065532,0.0004006556551861065
-1.2936388808495112,0.00040076452428121356
-1.2927753034924692,0.00040087281737973685
-1.2919117261354263,0.00040098053306636405
-1.2910481487783843,0.0004010876699206828
-1.2901845714213414,0.0004011942265220378
-1.2893209940642993,0.0004013002014437994
-1.2884574167072564,0.0004014055932584429
-1.2875938393502144,0.0004015104005342246
-1.2867302619931724,0.0004016146218376315
-1.2858666846361295,0.00040171825573091097
-1.2850031072790875,0.0004018213007736665
-1.2841395299220446,0.00040192375552283027
-1.2832759525650026,0.0004020256185324478
-1.2824123752079597,0.00040212688835235266
-1.2815487978509177,0.00040222756353058137
-1.2806852204938757,0.00040232764261119436
-1.2798216431368328,0.00040242712413580267
-1.2789580657797908,0.0004025260066426867
-1.2780944884227479,0.0004026242886679132
-1.2772309110657059,0.0004027219687428654
-1.276367333708663,0.0004028190453969488
-1.275503756351621,0.00040291551715623125
-1.274640178994579,0.0004030113825438941
-1.273776601637536,0.00040310664007935093
-1.272913024280494,0.00040320128827999596
-1.2720494469234511,0.00040329532565946957
-1.271185869566409,0.0004033887507276304
-1.2703222922093662,0.00040348156199256774
-1.2694587148523242,0.0004035737579585752
-1.2685951374952813,0.0004036653371270807
-1.2677315601382393,0.00040375629799573043
-1.2668679827811973,0.00040384663905995016
-1.2660044054241544,0.0004039363588116199
-1.2651408280671124,0.000404025455738824
-1.2642772507100695,0.0004041139283276693
-1.2634136733530275,0.0004042017750602589
-1.2625500959959846,0.0004042889944164754
-1.2616865186389425,0.0004043755848715455
-1.2608229412819005,0.00040446154489889863
-1.2599593639248576,0.0004045468729686544
-1.2590957865678156,0.00040463156754648455
-1.2582322092107727,0.00040471562709628456
-1.2573686318537307,0.000404799050078182
-1.2565050544966878,0.00040488183494961916
-1.2556414771396458,0.0004049639801638402
-1.2547778997826038,0.00040504548417186204
-1.253914322425561,0.0004051263454209267
-1.2530507450685189,0.0004052065623553966
-1.252187167711476,0.00040528613341583863
-1.251323590354434,0.0004053650570408421
-1.250460012997391,0.0004054433316645484
-1.249596435640349,0.0004055209557177683
-1.2487328582833062,0.0004055979276295432
-1.2478692809262641,0.0004056742458240087
-1.2470057035692221,0.00040574990872310063
-1.2461421262121792,0.00040582491474519533
-1.2452785488551372,0.00040589926230511636
-1.2444149714980943,0.00040597294981480764
-1.2435513941410523,0.00040604597568352774
-1.2426878167840094,0.00040611833831567107
-1.2418242394269674,0.00040619003611340465
-1.2409606620699254,0.000406261067476231
-1.2400970847128825,0.0004063314307992186
-1.2392335073558405,0.00040640112447430654
-1.2383699299987976,0.0004064701468905682
-1.2375063526417556,0.00040653849643351725
-1.2366427752847127,0.00040660617148578077
-1.2357791979276707,0.00040667317042621803
-1.2349156205706286,0.00040673949163033685
-1.2340520432135857,0.0004068051334705572
-1.2331884658565437,0.0004068700943161835
-1.2323248884995008,0.00040693437253296744
-1.2314613111424588,0.00040699796648289294
-1.230597733785416,0.00040706087452548056
-1.229734156428374,0.00040712309501605287
-1.228870579071331,0.00040718462630726093
-1.228007001714289,0.000407245466747537
-1.227143424357247,0.0004073056146835438
-1.226279847000204,0.0004073650684568164
-1.225416269643162,0.0004074238264071342
-1.2245526922861192,0.00040748188686871856
-1.2236891149290772,0.00040753924817490267
-1.2228255375720343,0.00040759590865391965
-1.2219619602149923,0.0004076518666315393
-1.2210983828579502,0.0004077071204299995
-1.2202348055009073,0.0004077616683673124
-1.2193712281438653,0.0004078155087592697
-1.2185076507868224,0.00040786863991767314
-1.2176440734297804,0.0004079210601511951
-1.2167804960727375,0.0004079727677640879
-1.2159169187156955,0.00040802376105837646
-1.2150533413586535,0.0004080740383325329
-1.2141897640016106,0.0004081235978812617
-1.2133261866445686,0.00040817243799547154
-1.2124626092875257,0.00040822055696342757
-1.2115990319304837,0.0004082679530698352
-1.2107354545734408,0.000408314624594959
-1.2098718772163988,0.000408360569817294
-1.2090082998593559,0.0004084057870104296
-1.2081447225023139,0.00040845027444464527
-1.2072811451452719,0.0004084940303882151
-1.206417567788229,0.00040853705310386207
-1.205553990431187,0.00040857934085253983
-1.204690413074144,0.00040862089189074025
-1.203826835717102,0.00040866170447164535
-1.2029632583600591,0.00040870177684554365
-1.2020996810030171,0.00040874110725806073
-1.201236103645975,0.00040877969395260866
-1.2003725262889322,0.00040881753516835984
-1.1995089489318902,0.00040885462914095477
-1.1986453715748473,0.00040889097410314046
-1.1977817942178053,0.00040892656828344504
-1.1969182168607624,0.00040896140990685087
-1.1960546395037204,0.000408995497195655
-1.1951910621466784,0.00040902882836751225
-1.1943274847896355,0.0004090614016374061
-1.1934639074325935,0.00040909321521699626
-1.1926003300755506,0.00040912426731325863
-1.1917367527185085,0.0004091545561303034
-1.1908731753614656,0.00040918407986912514
-1.1900095980044236,0.0004092128367262776
-1.1891460206473807,0.0004092408248949908
-1.1882824432903387,0.00040926804256580934
-1.1874188659332967,0.00040929448792463574
-1.1865552885762538,0.00040932015915381287
-1.1856917112192118,0.000409345054432797
-1.184828133862169,0.00040936917193794276
-1.1839645565051269,0.0004093925098400328
-1.183100979148084,0.0004094150663076501
-1.182237401791042,0.0004094368395060402
-1.181373824434,0.0004094578275962296
-1.180510247076957,0.0004094780287354771
-1.179646669719915,0.00040949744107813407
-1.1787830923628722,0.00040951606277413177
-1.1779195150058301,0.00040953389197073004
-1.1770559376487872,0.00040955092681096983
-1.1761923602917452,0.0004095671654336802
-1.1753287829347032,0.0004095826059758931
-1.1744652055776603,0.00040959724656888796
-1.1736016282206183,0.00040961108534127294
-1.1727380508635754,0.0004096241204187695
-1.1718744735065334,0.0004096363499222211
-1.1710108961494905,0.00040964777196911967
-1.1701473187924485,0.0004096583846734253
-1.1692837414354056,0.0004096681861459825
-1.1684201640783636,0.00040967717449275076
-1.1675565867213216,0.00040968534781769816
-1.1666930093642787,0.0004096927042192208
-1.1658294320072367,0.00040969924179351525
-1.1649658546501938,0.0004097049586323301
-1.1641022772931517,0.00040970985282363925
-1.1632386999361088,0.0004097139224529811
-1.1623751225790668,0.0004097171656005441
-1.1615115452220248,0.000409719580343873
-1.160647967864982,0.0004097211647558427
-1.15978439050794,0.0004097219169071076
-1.158920813150897,0.000409721834863222
-1.158057235793855,0.00040972091668705496
-1.157193658436812,0.0004097191604361672
-1.15633008107977,0.0004097165641672243
-1.155466503722728,0.0004097131259300085
-1.1546029263656852,0.0004097088437725327
-1.1537393490086432,0.00040970371573856995
-1.1528757716516003,0.0004096977398681395
-1.1520121942945583,0.00040969091419725684
-1.1511486169375154,0.0004096832367588288
-1.1502850395804733,0.0004096747055811062
-1.1494214622234304,0.00040966531868965456
-1.1485578848663884,0.0004096550741056193
-1.1476943075093464,0.0004096439698461421
-1.1468307301523035,0.000409632003925256
-1.1459671527952615,0.0004096191743525601
-1.1451035754382186,0.0004096054791349682
-1.1442399980811766,0.00040959091627430777
-1.1433764207241337,0.00040957548376906877
-1.1425128433670917,0.0004095591796146325
-1.1416492660100497,0.0004095420018012802
-1.1407856886530068,0.00040952394831727384
-1.1399221112959648,0.0004095050171455672
-1.1390585339389219,0.0004094852062653323
-1.1381949565818799,0.0004094645136532987
-1.137331379224837,0.0004094429372808739
-1.136467801867795,0.0004094204751165578
-1.135604224510753,0.00040939712512465254
-1.13474064715371,0.0004093728852659004
-1.133877069796668,0.0004093477534970469
-1.1330134924396251,0.00040932172777084774
-1.1321499150825831,0.0004092948060364851
-1.1312863377255402,0.00040926698623916513
-1.1304227603684982,0.00040923826632053434
-1.1295591830114553,0.0004092086442180204
-1.1286956056544133,0.0004091781178655052
-1.1278320282973713,0.0004091466851926309
-1.1269684509403284,0.00040911434412573
-1.1261048735832864,0.000409081092586909
-1.1252412962262435,0.00040904692849472873
-1.1243777188692015,0.00040901184976306626
-1.1235141415121586,0.0004089758543024888
-1.1226505641551165,0.00040893894002044795
-1.1217869867980745,0.00040890110481906633
-1.1209234094410316,0.000408862346598253
-1.1200598320839896,0.00040882266325234506
-1.1191962547269467,0.00040878205267236983
-1.1183326773699047,0.000408740512746239
-1.1174691000128618,0.00040869804135653526
-1.1166055226558198,0.00040865463638384975
-1.1157419452987778,0.0004086102957034238
-1.114878367941735,0.00040856501718652266
-1.1140147905846929,0.0004085187987015182
-1.11315121322765,0.0004084716381118972
-1.112287635870608,0.00040842353327848885
-1.111424058513565,0.0004083744820561064
-1.110560481156523,0.0004083244822982515
-1.1096969037994802,0.0004082735318524239
-1.1088333264424381,0.00040822162856279237
-1.1079697490853961,0.0004081687702702022
-1.1071061717283532,0.0004081149548101487
-1.1062425943713112,0.0004080601800168157
-1.1053790170142683,0.0004080044437174968
-1.1045154396572263,0.00040794774373748705
-1.1036518623001834,0.0004078900778972036
-1.1027882849431414,0.00040783144401349003
-1.1019247075860994,0.0004077718398987698
-1.1010611302290565,0.00040771126336235086
-1.1001975528720145,0.0004076497122095443
-1.0993339755149716,0.0004075871842403392
-1.0984703981579296,0.00040752367725226113
-1.0976068208008867,0.00040745918903774964
-1.0967432434438447,0.00040739371738679475
-1.0958796660868027,0.0004073272600833913
-1.0950160887297598,0.00040725981490976476
-1.0941525113727177,0.0004071913796425686
-1.0932889340156748,0.0004071219520551464
-1.0924253566586328,0.0004070515299157279
-1.09156177930159,0.00040698011099032233
-1.090698201944548,0.00040690769304006086
-1.089834624587505,0.000406834273821835
-1.088971047230463,0.0004067598510887824
-1.088107469873421,0.0004066844225904809
-1.087243892516378,0.00040660798607251164
-1.086380315159336,0.0004065305392753557
-1.0855167378022932,0.00040645207993614263
-1.0846531604452512,0.00040637260578847006
-1.0837895830882083,0.0004062921145612658
-1.0829260057311663,0.00040621060398012693
-1.0820624283741243,0.00040612807176577254
-1.0811988510170814,0.0004060445156355702
-1.0803352736600393,0.0004059599333022454
-1.0794716963029964,0.00040587432247563004
-1.0786081189459544,0.00040578768086022704
-1.0777445415889115,0.0004057000061572155
-1.0768809642318695,0.0004056112960630909
-1.0760173868748275,0.0004055215482717048
-1.0751538095177846,0.000405430760472017
-1.0742902321607426,0.00040533893034810226
-1.0734266548036997,0.00040524605558115573
-1.0725630774466577,0.0004051521338479108
-1.0716995000896148,0.00040505716282201315
-1.0708359227325728,0.0004049611401711062
-1.0699723453755299,0.0004048640635603909
-1.0691087680184879,0.00040476593065019023
-1.0682451906614459,0.0004046667390976977
-1.067381613304403,0.0004045664865547985
-1.066518035947361,0.00040446517067026233
-1.065654458590318,0.00040436278908819595
-1.064790881233276,0.00040425933944982645
-1.0639273038762331,0.00040415481939014286
-1.0630637265191911,0.0004040492265426007
-1.062200149162149,0.0004039425585344314
-1.0613365718051062,0.00040383481298997964
-1.0604729944480642,0.0004037259875298224
-1.0596094170910213,0.0004036160797691868
-1.0587458397339793,0.00040350508732043405
-1.0578822623769364,0.0004033930077910336
-1.0570186850198944,0.000403279838784458
-1.0561551076628524,0.00040316557790019
-1.0552915303058095,0.0004030502227350269
-1.0544279529487675,0.00040293377087956966
-1.0535643755917246,0.00040281621992108163
-1.0527007982346825,0.00040269756744260726
-1.0518372208776396,0.0004025778110243114
-1.0509736435205976,0.00040245694824034284
-1.0501100661635547,0.0004023349766622067
-1.0492464888065127,0.0004022118938569602
-1.0483829114494707,0.00040208769738699773
-1.0475193340924278,0.0004019623848107237
-1.0466557567353858,0.00040183595368385727
-1.045792179378343,0.0004017084015561431
-1.044928602021301,0.00040157972597421043
-1.044065024664258,0.0004014499244802544
-1.043201447307216,0.0004013189946126747
-1.042337869950174,0.0004011869339058949
-1.041474292593131,0.0004010537398887806
-1.040610715236089,0.0004009194100886432
-1.0397471378790462,0.00040078394202613943
-1.0388835605220041,0.000400647333219685
-1.0380199831649612,0.0004005095811823872
-1.0371564058079192,0.0004003706834240159
-1.0362928284508772,0.0004002306374496778
-1.0354292510938343,0.000400089440760934
-1.0345656737367923,0.00039994709085443975
-1.0337020963797494,0.00039980358522309634
-1.0328385190227074,0.00039965892135646747
-1.0319749416656645,0.0003995130967390098
-1.0311113643086225,0.0003993661088509681
-1.0302477869515796,0.0003992179551692357
-1.0293842095945376,0.0003990686331662857
-1.0285206322374956,0.0003989181403099215
-1.0276570548804527,0.0003987664740643937
-1.0267934775234107,0.000398613631889963
-1.0259299001663678,0.0003984596112424285
-1.0250663228093257,0.0003983044095738353
-1.0242027454522828,0.0003981480243308924
-1.0233391680952408,0.00039799045295853264
-1.0224755907381988,0.0003978316928945902
-1.021612013381156,0.00039767174157554624
-1.020748436024114,0.0003975105964321296
-1.019884858667071,0.0003973482548912874
-1.019021281310029,0.00039718471437574787
-1.018157703952986,0.0003970199723044715
-1.017294126595944,0.000396854026091957
-1.016430549238902,0.0003966868731487272
-1.0155669718818592,0.000396518510881079
-1.0147033945248172,0.0003963489366910905
-1.0138398171677743,0.000396178147976628
-1.0129762398107323,0.00039600614213265023
-1.0121126624536894,0.0003958329165481417
-1.0112490850966473,0.0003956584686085271
-1.0103855077396044,0.0003954827956963447
-1.0095219303825624,0.0003953058951885885
-1.0086583530255204,0.00039512776445801284
-1.0077947756684775,0.00039494840087450633
-1.0069311983114355,0.00039476780180262155
-1.0060676209543926,0.00039458596460380246
-1.0052040435973506,0.00039440288663394885
-1.0043404662403077,0.00039421856524627513
-1.0034768888832657,0.00039403299778935363
-1.0026133115262237,0.00039384618160686474
-1.0017497341691808,0.00039365811404049045
-1.0008861568121388,0.0003934687924245922
-1.0000225794550959,0.0003932782140921784
-0.9991590020980539,0.0003930863763709491
-0.998295424741011,0.0003928932765841567
-0.997431847383969,0.0003926989120521668
-0.9965682700269269,0.0003925032800895789
-0.995704692669884,0.0003923063780083072
-0.994841115312842,0.0003921082031158457
-0.9939775379557991,0.00039190875271413045
-0.9931139605987571,0.00039170802410332106
-0.9922503832417142,0.00039150601457758893
-0.9913868058846722,0.00039130272142775396
-0.9905232285276293,0.00039109814194066006
-0.9896596511705873,0.00039089227339803717
-0.9887960738135453,0.0003906851130789507
-0.9879324964565024,0.00039047665825758804
-0.9870689190994604,0.0003902669062036748
-0.9862053417424175,0.00039005585418251665
-0.9853417643853755,0.00038984349945785784
-0.9844781870283326,0.0003896298392856712
-0.9836146096712906,0.00038941487092038207
-0.9827510323142485,0.0003891985916115101
-0.9818874549572056,0.00038898099860393276
-0.9810238776001636,0.000388762089139634
-0.9801603002431207,0.00038854186045526873
-0.9792967228860787,0.0003883203097841681
-0.9784331455290358,0.0003880974343549795
-0.9775695681719938,0.00038787323139304053
-0.9767059908149518,0.0003876476981183527
-0.9758424134579089,0.00038742083174825304
-0.9749788361008669,0.0003871926294952005
-0.974115258743824,0.0003869630885669703
-0.973251681386782,0.0003867322061684719
-0.9723881040297391,0.000386499979500389
-0.9715245266726971,0.0003862664057578541
-0.9706609493156542,0.0003860314821335642
-0.9697973719586122,0.00038579520581508847
-0.9689337946015701,0.0003855575739864642
-0.9680702172445272,0.00038531858382794687
-0.9672066398874852,0.0003850782325146851
-0.9663430625304423,0.00038483651721805956
-0.9654794851734003,0.0003845934351060995
-0.9646159078163574,0.0003843489833424141
-0.9637523304593154,0.00038410315908594256
-0.9628887531022734,0.0003838559594918495
-0.9620251757452305,0.0003836073817119756
-0.9611615983881885,0.00038335742289303393
-0.9602980210311456,0.00038310608017820547
-0.9594344436741036,0.00038285335070666754
-0.9585708663170607,0.00038259923161249737
-0.9577072889600187,0.000382343720027975
-0.9568437116029767,0.0003820868130791841
-0.9559801342459338,0.0003818285078890926
-0.9551165568888917,0.0003815688015766719
-0.9542529795318488,0.0003813076912560151
-0.9533894021748068,0.00038104517403764193
-0.9525258248177639,0.00038078124702898425
-0.9516622474607219,0.0003805159073321379
-0.950798670103679,0.00038024915204609017
-0.949935092746637,0.000379980978264062
-0.949071515389595,0.0003797113830774773
-0.9482079380325521,0.00037944036357289573
-0.9473443606755101,0.0003791679168322071
-0.9464807833184672,0.00037889403993397047
-0.9456172059614252,0.0003786187299523111
-0.9447536286043823,0.0003783419839582247
-0.9438900512473403,0.0003780637990169547
-0.9430264738902983,0.00037778417219151705
-0.9421628965332554,0.0003775031005398208
-0.9412993191762133,0.00037722058111711726
-0.9404357418191704,0.0003769366109728639
-0.9395721644621284,0.0003766511871527642
-0.9387085871050855,0.00037636430670051624
-0.9378450097480435,0.0003760759666533789
-0.9369814323910015,0.0003757861640463975
-0.9361178550339586,0.00037549489590926743
-0.9352542776769166,0.0003752021592690405
-0.9343907003198737,0.0003749079511472103
-0.9335271229628317,0.00037461226856305013
-0.9326635456057888,0.00037431510853051103
-0.9317999682487468,0.0003740164680601926
-0.9309363908917039,0.00037371634415894056
-0.9300728135346619,0.0003734147338291527
-0.9292092361776199,0.0003731116340694521
-0.928345658820577,0.00037280704187402786
-0.927482081463535,0.00037250095423460583
-0.926618504106492,0.0003721933681371595
-0.92575492674945,0.0003718842805649908
-0.9248913493924071,0.0003715736884969609
-0.9240277720353651,0.00037126158890838507
-0.9231641946783231,0.00037094797876989494
-0.9223006173212802,0.0003706328550488122
-0.9214370399642382,0.0003703162147080108
-0.9205734626071953,0.0003699980547079221
-0.9197098852501533,0.0003696783720034333
-0.9188463078931104,0.00036935716354608017
-0.9179827305360684,0.00036903442628386657
-0.9171191531790264,0.00036871015716012645
-0.9162555758219835,0.00036838435311508516
-0.9153919984649415,0.0003680570110852002
-0.9145284211078986,0.0003677281280015793
-0.9136648437508565,0.0003673977007935744
-0.9128012663938136,0.00036706572638520174
-0.9119376890367716,0.00036673220169714665
-0.9110741116797287,0.00036639712364632676
-0.9102105343226867,0.0003660604891449759
-0.9093469569656447,0.00036572229510335036
-0.9084833796086018,0.0003653825384259263
-0.9076198022515598,0.0003650412160145153
-0.9067562248945169,0.000364698324766273
-0.9058926475374749,0.0003643538615754477
-0.905029070180432,0.0003640078233314234
-0.90416549282339,0.0003636602069213568
-0.903301915466348,0.0003633110092268535
-0.9024383381093051,0.00036296022712641735
-0.9015747607522631,0.0003626078574954228
-0.9007111833952202,0.0003622538972043801
-0.8998476060381781,0.0003618983431211281
-0.8989840286811352,0.0003615411921088496
-0.8981204513240932,0.0003611824410273759
-0.8972568739670512,0.00036082208673211824
-0.8963932966100083,0.00036046012607648253
-0.8955297192529663,0.00036009655590765743
-0.8946661418959234,0.0003597313730710622
-0.8938025645388814,0.0003593645744080984
-0.8929389871818385,0.00035899615675552554
-0.8920754098247965,0.0003586261169469876
-0.8912118324677536,0.0003582544518123537
-0.8903482551107116,0.00035788115817816935
-0.8894846777536696,0.0003575062328662962
-0.8886211003966267,0.0003571296726963963
-0.8877575230395847,0.00035675147448301775
-0.8868939456825418,0.00035637163503760005
-0.8860303683254998,0.0003559901511680369
-0.8851667909684569,0.0003556070196793146
-0.8843032136114148,0.00035522223737022296
-0.8834396362543728,0.0003548358010391009
-0.8825760588973299,0.00035444770747807
-0.8817124815402879,0.00035405795347748237
-0.880848904183245,0.0003536665358230065
-0.879985326826203,0.00035327345129700094
-0.8791217494691601,0.00035287869667848665
-0.8782581721121181,0.00035248226874182165
-0.8773945947550761,0.0003520841642593725
-0.8765310173980332,0.000351684379998822
-0.8756674400409912,0.0003512829127247652
-0.8748038626839483,0.00035087975919757125
-0.8739402853269063,0.0003504749161747228
-0.8730767079698634,0.0003500683804099347
-0.8722131306128214,0.00034966014865401435
-0.8713495532557793,0.00034925021765268294
-0.8704859758987364,0.00034883858414965635
-0.8696223985416944,0.0003484252448839875
-0.8687588211846515,0.0003480101965922938
-0.8678952438276095,0.000347593436007175
-0.8670316664705666,0.00034717495985747693
-0.8661680891135246,0.00034675476486915185
-0.8653045117564817,0.0003463328477641553
-0.8644409343994397,0.000345909205261119
-0.8635773570423977,0.00034548383407554534
-0.8627137796853548,0.00034505673091873856
-0.8618502023283128,0.0003446278924997756
-0.8609866249712699,0.00034419731552262633
-0.8601230476142279,0.0003437649966899353
-0.859259470257185,0.0003433309326994413
-0.858395892900143,0.0003428951202449071
-0.8575323155431009,0.0003424575560187562
-0.856668738186058,0.00034201823670852727
-0.855805160829016,0.0003415771589988792
-0.8549415834719731,0.0003411343195708974
-0.8540780061149311,0.00034068971510235746
-0.8532144287578882,0.00034024334226836345
-0.8523508514008462,0.0003397951977393565
-0.8514872740438042,0.00033934527818334226
-0.8506236966867613,0.0003388935802649748
-0.8497601193297193,0.0003384401006455984
-0.8488965419726764,0.0003379848359829976
-0.8480329646156344,0.0003375277829318485
-0.8471693872585915,0.0003370689381432812
-0.8463058099015495,0.0003366082982661847
-0.8454422325445066,0.00033614585994480584
-0.8445786551874646,0.0003356816198204979
-0.8437150778304225,0.00033521557453261575
-0.8428515004733796,0.00033474772071541425
-0.8419879231163376,0.0003342780550015731
-0.8411243457592947,0.0003338065740193519
-0.8402607684022527,0.00033333327439478283
-0.8393971910452098,0.0003328581527501234
-0.8385336136881678,0.0003323812057038633
-0.8376700363311258,0.00033190242987358315
-0.8368064589740829,0.0003314218218708892
-0.8359428816170409,0.0003309393783064926
-0.835079304259998,0.00033045509578621957
-0.834215726902956,0.00032996897091434885
-0.8333521495459131,0.0003294810002913637
-0.8324885721888711,0.00032899118051399334
-0.8316249948318291,0.0003284995081776279
-0.8307614174747862,0.0003280059798725504
-0.8298978401177441,0.00032751059218749656
-0.8290342627607012,0.00032701334170762847
-0.8281706854036592,0.0003265142250150205
-0.8273071080466163,0.00032601323868818727
-0.8264435306895743,0.00032551037930431126
-0.8255799533325314,0.0003250056434356968
-0.8247163759754894,0.0003244990276530732
-0.8238527986184474,0.0003239905285234157
-0.8229892212614045,0.000323480142610362
-0.8221256439043625,0.00032296786647621756
-0.8212620665473196,0.0003224536966786318
-0.8203984891902776,0.00032193762977367896
-0.8195349118332347,0.00032141966231301333
-0.8186713344761927,0.0003208997908469499
-0.8178077571191507,0.0003203780119218069
-0.8169441797621078,0.0003198543220819111
-0.8160806024050657,0.00031932871786823774
-0.8152170250480228,0.00031880119581845223
-0.8143534476909808,0.0003182717524684367
-0.8134898703339379,0.00031774038435074953
-0.8126262929768959,0.0003172070879950417
-0.8117627156198539,0.0003166718599285426
-0.810899138262811,0.0003161346966749218
-0.810035560905769,0.00031559559475562854
-0.8091719835487261,0.0003150545506901206
-0.8083084061916841,0.00031451156099339406
-0.8074448288346412,0.0003139666221793555
-0.8065812514775992,0.0003134197307581299
-0.8057176741205563,0.0003128708832378438
-0.8048540967635143,0.0003123200761233
-0.8039905194064723,0.0003117673059175041
-0.8031269420494294,0.000311212569120152
-0.8022633646923873,0.00031065586222804586
-0.8013997873353444,0.0003100971817359896
-0.8005362099783024,0.0003095365241361295
-0.7996726326212595,0.00030897388591770436
-0.7988090552642175,0.0003084092635677535
-0.7979454779071755,0.0003078426535702006
-0.7970819005501326,0.0003072740524067488
-0.7962183231930906,0.0003067034565566659
-0.7953547458360477,0.00030613086249675625
-0.7944911684790057,0.00030555626670118047
-0.7936275911219628,0.00030497966564098367
-0.7927640137649208,0.0003044010557861007
-0.7919004364078788,0.00030382043360269867
-0.7910368590508359,0.00030323779555536945
-0.7901732816937939,0.0003026531381058392
-0.789309704336751,0.00030206645771405083
-0.788446126979709,0.0003014777508357283
-0.787582549622666,0.00030088701392682465
-0.786718972265624,0.0003002942434390532
-0.7858553949085811,0.0002996994358221497
-0.7849918175515391,0.0002991025875240666
-0.7841282401944971,0.00029850369499031387
-0.7832646628374542,0.0002979027546632998
-0.7824010854804122,0.0002972997629836355
-0.7815375081233693,0.00029669471639062056
-0.7806739307663273,0.000296087611319773
-0.7798103534092844,0.0002954784442052785
-0.7789467760522424,0.0002948672114782211
-0.7780831986952004,0.0002942539095689978
-0.7772196213381575,0.0002936385349042517
-0.7763560439811155,0.00029302108390950876
-0.7754924666240726,0.0002924015530074084
-0.7746288892670306,0.00029177993861904256
-0.7737653119099877,0.000291156237163262
-0.7729017345529456,0.0002905304450560517
-0.7720381571959036,0.00028990255871294557
-0.7711745798388607,0.0002892725745454808
-0.7703110024818187,0.0002886404889643132
-0.7694474251247758,0.00028800629837807956
-0.7685838477677338,0.00028736999919299483
-0.7677202704106909,0.0002867315878132687
-0.7668566930536489,0.00028609106064133444
-0.765993115696606,0.00028544841407807803
-0.765129538339564,0.00028480364452081186
-0.764265960982522,0.0002841567483670912
-0.7634023836254791,0.0002835077220111337
-0.7625388062684371,0.0002828565618458248
-0.7616752289113942,0.0002822032642616143
-0.7608116515543522,0.00028154782564759895
-0.7599480741973093,0.000280890242391342
-0.7590844968402672,0.00028023051087795736
-0.7582209194832252,0.0002795686274905604
-0.7573573421261823,0.0002789045886109412
-0.7564937647691403,0.0002782383906195368
-0.7556301874120974,0.00027757002989414054
-0.7547666100550554,0.00027689950281120645
-0.7539030326980125,0.00027622680574607844
-0.7530394553409705,0.0002755519350712207
-0.7521758779839285,0.0002748748871579665
-0.7513123006268856,0.0002741956583765595
-0.7504487232698436,0.0002735142450945721
-0.7495851459128007,0.00027283064367935456
-0.7487215685557587,0.00027214485049493337
-0.7478579911987158,0.00027145686190487017
-0.7469944138416738,0.00027076667427097106
-0.7461308364846309,0.0002700742839537029
-0.7452672591275888,0.00026937968731109013
-0.7444036817705468,0.0002686828807013861
-0.7435401044135039,0.00026798386047949263
-0.7426765270564619,0.0002672826229998884
-0.741812949699419,0.0002665791646154908
-0.740949372342377,0.00026587348167766284
-0.7400857949853341,0.0002651655705362202
-0.7392222176282921,0.0002644554275402916
-0.7383586402712501,0.00026374304903658413
-0.7374950629142072,0.00026302843137157583
-0.7366314855571652,0.00026231157088952434
-0.7357679082001223,0.0002615924639340281
-0.7349043308430803,0.0002608711068468883
-0.7340407534860374,0.00026014749596881687
-0.7331771761289954,0.00025942162763985255
-0.7323135987719533,0.00025869349819759163
-0.7314500214149104,0.00025796310397963734
-0.7305864440578684,0.0002572304413222398
-0.7297228667008255,0.00025649550655989367
-0.7288592893437835,0.00025575829602597633
-0.7279957119867406,0.0002550188060536501
-0.7271321346296986,0.00025427703297383614
-0.7262685572726557,0.00025353297311792033
-0.7254049799156137,0.0002527866228143952
-0.7245414025585717,0.0002520379783917531
-0.7236778252015288,0.00025128703617738335
-0.7228142478444868,0.0002505337924982101
-0.7219506704874439,0.00024977824367895807
-0.7210870931304019,0.000249020386044789
-0.720223515773359,0.0002482602159186442
-0.719359938416317,0.00024749772962347205
-0.718496361059275,0.0002467329234815338
-0.717632783702232,0.00024596579381311323
-0.71676920634519,0.0002451963369389312
-0.7159056289881471,0.0002444245491777103
-0.7150420516311051,0.00024365042684840188
-0.7141784742740622,0.00024287396626882646
-0.7133148969170202,0.00024209516375615914
-0.7124513195599782,0.00024131401562645788
-0.7115877422029353,0.00024053051819533655
-0.7107241648458933,0.00023974466777886005
-0.7098605874888504,0.0002389564606901859
-0.7089970101318084,0.0002381658932431585
-0.7081334327747655,0.00023737296175161543
-0.7072698554177235,0.0002365776625276178
-0.7064062780606806,0.00023577999188389986
-0.7055427007036386,0.00023497994613117662
-0.7046791233465965,0.000234177521580628
-0.7038155459895536,0.00023337271454298286
-0.7029519686325116,0.000232565521328304
-0.7020883912754687,0.00023175593824621699
-0.7012248139184267,0.00023094396160610459
-0.7003612365613838,0.0002301295877160381
-0.6994976592043418,0.00022931281288608024
-0.6986340818472998,0.0002284936334227411
-0.6977705044902569,0.00022767204563520216
-0.6969069271332149,0.00022684804582973755
-0.696043349776172,0.00022602163031486266
-0.69517977241913,0.00022519279539686549
-0.6943161950620871,0.00022436153738270015
-0.6934526177050451,0.00022352785257954977
-0.6925890403480031,0.00022269173729324437
-0.6917254629909602,0.00022185318783074504
-0.6908618856339181,0.00022101220049767362
-0.6899983082768752,0.00022016877160098425
-0.6891347309198332,0.00021932289744630573
-0.6882711535627903,0.00021847457433924605
-0.6874075762057483,0.00021762379858654424
-0.6865439988487054,0.00021677056649382215
-0.6856804214916634,0.00021591487436758983
-0.6848168441346214,0.00021505671851369812
-0.6839532667775785,0.0002141960952386432
-0.6830896894205365,0.00021333300084871998
-0.6822261120634936,0.00021246743164999443
-0.6813625347064516,0.00021159938394942068
-0.6804989573494087,0.00021072885405418185
-0.6796353799923667,0.00020985583827055204
-0.6787718026353247,0.00020898033290660256
-0.6779082252782818,0.00020810233426950958
-0.6770446479212398,0.0002072218386671154
-0.6761810705641969,0.00020633884240793543
-0.6753174932071548,0.00020545334179979807
-0.6744539158501119,0.000204565333152551
-0.6735903384930699,0.00020367481277492466
-0.6727267611360279,0.00020278177697653776
-0.671863183778985,0.00020188622206768203
-0.670999606421943,0.00020098814435951656
-0.6701360290649001,0.00020008754016255514
-0.6692724517078581,0.00019918440578908098
-0.6684088743508152,0.00019827873755071113
-0.6675452969937732,0.00019737053176084596
-0.6666817196367303,0.00019645978473286502
-0.6658181422796883,0.0001955464927803907
-0.6649545649226463,0.00019463065221837078
-0.6640909875656034,0.00019371225936264114
-0.6632274102085614,0.00019279131052948872
-0.6623638328515185,0.00019186780203517967
-0.6615002554944764,0.00019094173019777727
-0.6606366781374335,0.00019001309133600403
-0.6597731007803915,0.00018908188176902652
-0.6589095234233495,0.0001881480978162403
-0.6580459460663066,0.00018721173580035083
-0.6571823687092646,0.0001862727920420859
-0.6563187913522217,0.00018533126286549712
-0.6554552139951797,0.0001843871445935258
-0.6545916366381368,0.00018344043355178474
-0.6537280592810948,0.0001824911260654219
-0.6528644819240528,0.0001815392184622705
-0.6520009045670099,0.00018058470706993485
-0.6511373272099679,0.0001796275882180176
-0.650273749852925,0.0001786678582365725
-0.649410172495883,0.0001777055134576308
-0.64854659513884,0.00017674055021324464
-0.647683017781798,0.00017577296483767962
-0.6468194404247551,0.0001748027536660965
-0.6459558630677131,0.00017382991303474538
-0.6450922857106711,0.00017285443928233973
-0.6442287083536282,0.00017187632874691994
-0.6433651309965862,0.00017089557776985703
-0.6425015536395433,0.000169912182692529
-0.6416379762825013,0.00016892613985851346
-0.6407743989254584,0.00016793744561251905
-0.6399108215684164,0.0001669460963012459
-0.6390472442113744,0.00016595208827183822
-0.6381836668543315,0.0001649554178743337
-0.6373200894972895,0.00016395608145919338
-0.6364565121402466,0.00016295407537956358
-0.6355929347832046,0.00016194939598836167
-0.6347293574261617,0.00016094203964316794
-0.6338657800691196,0.00015993200270068147
-0.6330022027120776,0.00015891928151980095
-0.6321386253550347,0.00015790387246233245
-0.6312750479979927,0.00015688577189051922
-0.6304114706409498,0.00015586497616949108
-0.6295478932839078,0.00015484148166527295
-0.6286843159268649,0.0001538152847465335
-0.6278207385698229,0.0001527863817835165
-0.62695716121278,0.00015175476914823516
-0.626093583855738,0.00015072044321514516
-0.625230006498696,0.0001496834003600414
-0.6243664291416531,0.00014864363696158456
-0.6235028517846111,0.00014760114939934427
-0.6226392744275682,0.00014655593405643597
-0.6217756970705262,0.00014550798731686326
-0.6209121197134833,0.00014445730556730124
-0.6200485423564412,0.00014340388519729075
-0.6191849649993992,0.00014234772259639344
-0.6183213876423563,0.00014128881415904904
-0.6174578102853143,0.00014022715628014132
-0.6165942329282714,0.00013916274535811374
-0.6157306555712294,0.00013809557779294324
-0.6148670782141865,0.00013702564998707006
-0.6140035008571445,0.00013595295834514798
-0.6131399235001025,0.00013487749927471732
-0.6122763461430596,0.0001337992691855458
-0.6114127687860176,0.00013271826449048896
-0.6105491914289747,0.00013163448160397745
-0.6096856140719327,0.00013054791694354362
-0.6088220367148898,0.00012945856692938434
-0.6079584593578478,0.00012836642798325776
-0.6070948820008049,0.00012727149653178615
-0.6062313046437628,0.0001261737690018347
-0.6053677272867208,0.00012507324182425839
-0.6045041499296779,0.00012396991143302089
-0.6036405725726359,0.00012286377426386913
-0.602776995215593,0.00012175482675585991
-0.601913417858551,0.00012064306535095742
-0.6010498405015081,0.00011952848649400549
-0.6001862631444661,0.00011841108663229044
-0.5993226857874241,0.00011729086221665824
-0.5984591084303812,0.0001161678097001545
-0.5975955310733392,0.00011504192554028653
-0.5967319537162963,0.00011391320619588696
-0.5958683763592543,0.00011278164813022934
-0.5950047990022114,0.00011164724780859253
-0.5941412216451694,0.00011051000170000935
-0.5932776442881273,0.00010936990627619797
-0.5924140669310844,0.00010822695801286641
-0.5915504895740424,0.00010708115338838725
-0.5906869122169995,0.00010593248888447065
-0.5898233348599575,0.00010478096098658074
-0.5889597575029146,0.00010362656618242289
-0.5880961801458726,0.00010246930096435847
-0.5872326027888297,0.00010130916182742034
-0.5863690254317877,0.0001001461452695071
-0.5855054480747457,9.898024779386727e-05
-0.5846418707177028,9.781146590529671e-05
-0.5837782933606608,9.66397961125881e-05
-0.5829147160036179,9.5465234929204e-05
-0.5820511386465759,9.428777887058454e-05
-0.581187561289533,9.31074244572977e-05
-0.580323983932491,9.192416821212496e-05
-0.579460406575449,9.073800666317688e-05
-0.578596829218406,8.954893634079142e-05
-0.577733251861364,8.835695377972658e-05
-0.5768696745043211,8.716205551853595e-05
-0.5760060971472791,8.596423809931891e-05
-0.5751425197902362,8.476349806883776e-05
-0.5742789424331942,8.355983197697037e-05
-0.5734153650761522,8.235323637757058e-05
-0.5725517877191093,8.114370782873193e-05
-0.5716882103620673,7.993124289231573e-05
-0.5708246330050244,7.871583813506833e-05
-0.5699610556479824,7.749749012574136e-05
-0.5690974782909395,7.627619543972702e-05
-0.5682339009338975,7.50519506548808e-05
-0.5673703235768546,7.382475235371416e-05
-0.5665067462198126,7.259459712273542e-05
-0.5656431688627706,7.136148155334476e-05
-0.5647795915057277,7.012540224025227e-05
-0.5639160141486856,6.888635578307378e-05
-0.5630524367916427,6.764433878585913e-05
-0.5621888594346007,6.639934785665491e-05
-0.5613252820775578,6.515137960817763e-05
-0.5604617047205158,6.390043065711976e-05
-0.5595981273634738,6.264649762552366e-05
-0.5587345500064309,6.138957713942156e-05
-0.5578709726493889,6.0129665828842493e-05
-0.557007395292346,5.8866760329373546e-05
-0.556143817935304,5.760085728079983e-05
-0.5552802405782611,5.633195332736818e-05
-0.5544166632212191,5.506004511820345e-05
-0.5535530858641771,5.378512930709345e-05
-0.5526895085071342,5.2507202553384036e-05
-0.5518259311500922,5.122626151884274e-05
-0.5509623537930493,4.994230287280743e-05
-0.5500987764360072,4.8655323288161745e-05
-0.5492351990789643,4.736531944245226e-05
-0.5483716217219223,4.607228801900565e-05
-0.5475080443648794,4.477622570556866e-05
-0.5466444670078374,4.347712919434976e-05
-0.5457808896507954,4.2174995183767716e-05
-0.5449173122937525,4.086982037646014e-05
-0.5440537349367105,3.956160148017862e-05
-0.5431901575796676,3.825033520864912e-05
-0.5423265802226256,3.693601827939319e-05
-0.5414630028655827,3.561864741614268e-05
-0.5405994255085407,3.4298219347958514e-05
-0.5397358481514987,3.297473080879354e-05
-0.5388722707944558,3.164817853724272e-05
-0.5380086934374138,3.0318559278361135e-05
-0.5371451160803709,2.8985869782970075e-05
-0.5362815387233288,2.7650106804999464e-05
-0.5354179613662859,2.6311267105935676e-05
-0.5345543840092439,2.4969347452795387e-05
-0.5336908066522019,2.3624344616168802e-05
-0.532827229295159,2.2276255374632792e-05
-0.531963651938117,2.0925076510094898e-05
-0.5311000745810741,1.957080481224116e-05
-0.5302364972240321,1.8213437074955652e-05
-0.5293729198669892,1.6852970098138464e-05
-0.5285093425099472,1.5489400686567734e-05
-0.5276457651529043,1.4122725653237245e-05
-0.5267821877958623,1.2752941814700436e-05
-0.5259186104388203,1.1380045993707177e-05
-0.5250550330817774,1.0004035019689494e-05
-0.5241914557247354,8.624905727623589e-06
-0.5233278783676925,7.2426549578147315e-06
-0.5224643010106504,5.857279556792383e-06
-0.5216007236536075,4.4687763781706136e-06
-0.5207371462965655,3.0771422804692916e-06
-0.5198735689395235,1.6823741277524618e-06
-0.5190099915824806,2.8446879229981903e-07
-0.5181464142254386,-1.1165768493831552e-06
-0.5172828368683957,-2.520765914150458e-06
-0.5164192595113537,-3.9281015125069985e-06
-0.5155556821543108,-5.3385867478591975e-06
-0.5146921047972688,-6.752224718839517e-06
-0.5138285274402268,-8.16901851685703e-06
-0.5129649500831839,-9.588971227124377e-06
-0.5121013727261419,-1.1012085928394089e-05
-0.511237795369099,-1.2438365693208386e-05
-0.510374218012057,-1.3867813587559175e-05
-0.5095106406550141,-1.5300432670325992e-05
-0.508647063297972,-1.6736225994747056e-05
-0.5077834859409291,-1.8175196607600475e-05
-0.5069199085838871,-1.9617347547677688e-05
-0.5060563312268451,-2.10626818491072e-05
-0.5051927538698022,-2.251120253735084e-05
-0.5043291765127602,-2.396291263289524e-05
-0.5034655991557173,-2.5417815148101597e-05
-0.5026020217986753,-2.6875913089231818e-05
-0.5017384444416324,-2.8337209455657486e-05
-0.5008748670845904,-2.980170723988762e-05
-0.5000112897275484,-3.1269409427304995e-05
-0.4991477123705055,-3.2740318997082074e-05
-0.49828413501346347,-3.421443892050874e-05
-0.49742055765642057,-3.569177216253966e-05
-0.49655698029937856,-3.717232168026774e-05
-0.49569340294233566,-3.8656090425324974e-05
-0.49482982558529365,-4.0143081340579534e-05
-0.49396624822825164,-4.163329736201621e-05
-0.49310267087120874,-4.3126741419728665e-05
-0.4922390935141667,-4.462341643539369e-05
-0.4913755161571238,-4.6123325323450814e-05
-0.4905119388000818,-4.762647099201822e-05
-0.4896483614430389,-4.913285634066539e-05
-0.4887847840859969,-5.064248426229351e-05
-0.487921206728954,-5.2155357643052236e-05
-0.487057629371912,-5.367147936018862e-05
-0.48619405201487,-5.519085228473941e-05
-0.4853304746578271,-5.671347927952569e-05
-0.48446689730078507,-5.823936320036721e-05
-0.48360331994374217,-5.9768506894999907e-05
-0.48273974258670016,-6.130091320436654e-05
-0.48187616522965726,-6.28365849609791e-05
-0.48101258787261525,-6.437552498968907e-05
-0.48014901051557324,-6.591773610801349e-05
-0.47928543315853034,-6.746322112616276e-05
-0.4784218558014883,-6.901198284622184e-05
-0.4775582784444454,-7.056402406140083e-05
-0.4766947010874034,-7.211934755858157e-05
-0.4758311237303605,-7.36779561164233e-05
-0.4749675463733185,-7.523985250550147e-05
-0.4741039690162765,-7.680503948782197e-05
-0.4732403916592336,-7.837351981862528e-05
-0.4723768143021916,-7.994529624460317e-05
-0.4715132369451487,-8.152037150389174e-05
-0.4706496595881067,-8.309874832687636e-05
-0.4697860822310638,-8.468042943637205e-05
-0.46892250487402176,-8.626541754676309e-05
-0.46805892751697886,-8.785371536410708e-05
-0.46719535015993685,-8.944532558568391e-05
-0.46633177280289484,-9.104025090157786e-05
-0.46546819544585194,-9.263849399319263e-05
-0.46460461808880993,-9.424005753305709e-05
-0.46374104073176703,-9.58449441862616e-05
-0.462877463374725,-9.745315660878578e-05
-0.4620138860176821,-9.906469744896951e-05
-0.4611503086606401,-0.00010067956934591699
-0.4602867313035981,-0.00010229777493007963
-0.4594231539465552,-0.00010391931682469241
-0.4585595765895132,-0.00010554419764310236
-0.4576959992324703,-0.0001071724199905727
-0.4568324218754283,-0.00010880398646379713
-0.4559688445183854,-0.00011043889965048348
-0.45510526716134336,-0.00011207716212990187
-0.45424168980430135,-0.00011371877647287781
-0.45337811244725845,-0.00011536374524104276
-0.45251453509021644,-0.0001170120709872366
-0.45165095773317354,-0.00011866375625609049
-0.45078738037613153,-0.0001203188035821326
-0.44992380301908863,-0.00012197721549255663
-0.4490602256620466,-0.000123638994503808
-0.4481966483050046,-0.00012530414312498378
-0.4473330709479617,-0.0001269726638560842
-0.4464694935909197,-0.0001286445591865623
-0.4456059162338768,-0.0001303198315984258
-0.4447423388768348,-0.0001319984835640442
-0.4438787615197919,-0.00013368051754632931
-0.4430151841627499,-0.00013536593599931812
-0.442151606805707,-0.00013705474136783274
-0.44128802944866496,-0.0001387469360879176
-0.44042445209162295,-0.00014044252258486878
-0.43956087473458005,-0.00014214150327652303
-0.43869729737753804,-0.00014384388057062103
-0.43783372002049514,-0.0001455496568651335
-0.43697014266345313,-0.00014725883454903138
-0.43610656530641023,-0.0001489714160019806
-0.4352429879493682,-0.0001506874035938563
-0.4343794105923262,-0.00015240679968521464
-0.4335158332352833,-0.00015412960662773006
-0.4326522558782413,-0.0001558558267624119
-0.4317886785211984,-0.00015758546242074234
-0.4309251011641564,-0.00015931851592519003
-0.4300615238071135,-0.00016105498958890463
-0.4291979464500715,-0.00016279488571437767
-0.42833436909302947,-0.00016453820659476787
-0.42747079173598657,-0.00016628495451359582
-0.42660721437894455,-0.0001680351317449244
-0.42574363702190166,-0.0001697887405521653
-0.42488005966485964,-0.00017154578318951536
-0.42401648230781674,-0.00017330626190083936
-0.42315290495077473,-0.0001750701789206971
-0.42228932759373183,-0.0001768375364731914
-0.4214257502366898,-0.00017860833677244004
-0.4205621728796478,-0.00018038258202345697
-0.4196985955226049,-0.0001821602744192588
-0.4188350181655629,-0.00018394141614544446
-0.41797144080852,-0.00018572600937515754
-0.417107863451478,-0.0001875140562725558
-0.4162442860944351,-0.00018930555899190904
-0.4153807087373931,-0.00019110051967585057
-0.41451713138035107,-0.00019289894045855516
-0.41365355402330817,-0.0001947008234625472
-0.41278997666626616,-0.00019650617080158028
-0.41192639930922326,-0.0001983149845768556
-0.41106282195218125,-0.0002001272668817125
-0.41019924459513835,-0.00020194301979725715
-0.40933566723809633,-0.00020376224539505466
-0.4084720898810543,-0.00020558494573612307
-0.4076085125240114,-0.0002074111228708153
-0.4067449351669694,-0.00020924077883940212
-0.4058813578099265,-0.0002110739156705871
-0.4050177804528845,-0.00021291053538397692
-0.4041542030958416,-0.00021475063998752097
-0.4032906257387996,-0.00021659423147861456
-0.4024270483817567,-0.00021844131184490384
-0.4015634710247147,-0.00022029188306202374
-0.40069989366767267,-0.00022214594709629026
-0.39983631631062977,-0.00022400350590169593
-0.39897273895358776,-0.00022586456142290046
-0.39810916159654486,-0.00022772911559303805
-0.39724558423950285,-0.00022959717033500804
-0.39638200688245995,-0.00023146872755928222
-0.39551842952541794,-0.0002333437891681167
-0.3946548521683759,-0.00023522235704988292
-0.393791274811333,-0.0002371044330840913
-0.392927697454291,-0.00023899001913868512
-0.3920641200972481,-0.00024087911707040138
-0.3912005427402061,-0.00024277172872498587
-0.3903369653831632,-0.00024466785593729723
-0.3894733880261212,-0.00024656750053133475
-0.3886098106690792,-0.00024847066431897546
-0.3877462333120363,-0.0002503773491023334
-0.38688265595499427,-0.00025228755667119906
-0.38601907859795137,-0.0002542012888045869
-0.38515550124090936,-0.00025611854727065203
-0.38429192388386646,-0.0002580393338257603
-0.38342834652682445,-0.0002599636502148492
-0.38256476916978155,-0.00026189149817230917
-0.38170119181273954,-0.0002638228794206443
-0.3808376144556975,-0.0002657577956712773
-0.3799740370986546,-0.0002676962486235085
-0.3791104597416126,-0.0002696382399659872
-0.3782468823845697,-0.00027158377137581624
-0.3773833050275277,-0.0002735328445185453
-0.3765197276704848,-0.00027548546104775445
-0.3756561503134428,-0.0002774416226060117
-0.3747925729564008,-0.0002794013308246787
-0.3739289955993579,-0.00028136458732257175
-0.37306541824231587,-0.00028333139370728677
-0.37220184088527297,-0.00028530175157478327
-0.37133826352823096,-0.0002872756625100087
-0.37047468617118806,-0.00028925312808514986
-0.36961110881414605,-0.00029123414986118035
-0.36874753145710404,-0.0002932187293876315
-0.36788395410006114,-0.000295206868201732
-0.3670203767430191,-0.0002971985678290323
-0.36615679938597623,-0.00029919382978354364
-0.3652932220289342,-0.00030119265556717567
-0.3644296446718913,-0.0003031950466699518
-0.3635660673148493,-0.00030520100456981475
-0.3627024899578064,-0.00030721053073391735
-0.3618389126007644,-0.00030922362661565256
-0.3609753352437224,-0.0003112402936578662
-0.3601117578866795,-0.00031326053329074066
-0.3592481805296375,-0.00031528434693282176
-0.3583846031725946,-0.00031731173599042206
-0.35752102581555256,-0.0003193427018569825
-0.35665744845850966,-0.00032137724591561195
-0.35579387110146765,-0.0003234153695357844
-0.35493029374442564,-0.0003254570740756288
-0.35406671638738274,-0.0003275023608804023
-0.35320313903034073,-0.0003295512312839269
-0.35233956167329783,-0.00033160368660725
-0.3514759843162558,-0.00033365972816000455
-0.3506124069592129,-0.000335719357238036
-0.3497488296021709,-0.00033778257512664944
-0.3488852522451289,-0.0003398493830973834
-0.348021674888086,-0.000341919782410445
-0.347158097531044,-0.0003439937743131838
-0.3462945201740011,-0.0003460713600404938
-0.3454309428169591,-0.0003481525408153968
-0.3445673654599162,-0.0003502373178483689
-0.34370378810287416,-0.0003523256923366677
-0.34284021074583126,-0.0003544176654655812
-0.34197663338878925,-0.00035651323840827503
-0.34111305603174724,-0.00035861241232537644
-0.34024947867470434,-0.0003607151883638568
-0.33938590131766233,-0.00036282156766013346
-0.33852232396061943,-0.0003649315513356566
-0.3376587466035774,-0.0003670451405014194
-0.3367951692465345,-0.0003691623362538782
-0.3359315918894925,-0.0003712831396790531
-0.3350680145324505,-0.00037340755184808033
-0.3342044371754076,-0.0003755355738211258
-0.3333408598183656,-0.00037766720664434567
-0.3324772824613227,-0.0003798024513519127
-0.3316137051042807,-0.0003819413089652321
-0.3307501277472378,-0.00038408378049260145
-0.32988655039019577,-0.0003862298669299047
-0.32902297303315375,-0.00038837956926012634
-0.32815939567611085,-0.0003905328884529352
-0.32729581831906884,-0.0003926898254657876
-0.32643224096202594,-0.00039485038124303234
-0.32556866360498393,-0.0003970145567163824
-0.32470508624794103,-0.00039918235280354125
-0.323841508890899,-0.00040135377041100595
-0.3229779315338561,-0.00040352881043106276
-0.3221143541768141,-0.00040570747374333443
-0.3212507768197721,-0.00040788976121447496
-0.3203871994627292,-0.00041007567369901604
-0.3195236221056872,-0.0004122652120363973
-0.3186600447486443,-0.00041445837705517824
-0.3177964673916023,-0.0004166551695693674
-0.3169328900345594,-0.0004188555903808927
-0.31606931267751737,-0.0004210596402784497
-0.31520573532047536,-0.00042326732003630796
-0.31434215796343246,-0.0004254786304178568
-0.31347858060639044,-0.0004276935721712685
-0.31261500324934755,-0.00042991214603307903
-0.31175142589230553,-0.00043213435272492634
-0.31088784853526263,-0.00043436019295713113
-0.3100242711782206,-0.0004365896674261363
-0.3091606938211786,-0.00043882277681394494
-0.3082971164641357,-0.0004410595217911456
-0.3074335391070937,-0.0004432999030140952
-0.3065699617500508,-0.000445543921125946
-0.3057063843930088,-0.00044779157675663844
-0.3048428070359659,-0.0004500428705226725
-0.3039792296789239,-0.00045229780302757927
-0.303115652321881,-0.00045455637486132433
-0.30225207496483897,-0.0004568185865998914
-0.30138849760779696,-0.00045908443880682964
-0.30052492025075406,-0.0004613539320319146
-0.29966134289371205,-0.00046362706681173094
-0.29879776553666915,-0.0004659038436689647
-0.29793418817962714,-0.0004681842631133193
-0.29707061082258424,-0.00047046832564084234
-0.2962070334655422,-0.00047275603173402986
-0.2953434561085002,-0.00047504738186163187
-0.2944798787514573,-0.00047734237647972105
-0.2936163013944153,-0.00047964101603005516
-0.2927527240373724,-0.00048194330094162435
-0.2918891466803304,-0.00048424923162931205
-0.2910255693232875,-0.0004865588084941447
-0.2901619919662455,-0.0004888720319250264
-0.28929841460920347,-0.0004911889022954363
-0.28843483725216057,-0.0004935094199664189
-0.28757125989511856,-0.000495833585285356
-0.28670768253807566,-0.0004981613985851063
-0.28584410518103365,-0.0005004928601859623
-0.28498052782399075,-0.0005028279703943456
-0.28411695046694874,-0.0005051667295026888
-0.28325337310990584,-0.000507509137789873
-0.2823897957528638,-0.0005098551955210334
-0.2815262183958218,-0.0005122049029479617
-0.2806626410387789,-0.0005145582603085785
-0.2797990636817369,-0.000516915267826483
-0.278935486324694,-0.0005192759257127214
-0.278071908967652,-0.0005216402341638171
-0.2772083316106091,-0.000524008193362395
-0.2763447542535671,-0.0005263798034778749
-0.27548117689652507,-0.0005287550646659103
-0.27461759953948217,-0.0005311339770674925
-0.27375402218244016,-0.0005335165408108661
-0.27289044482539726,-0.0005359027560100441
-0.27202686746835525,-0.0005382926227648355
-0.27116329011131235,-0.0005406861411626079
-0.27029971275427034,-0.0005430833112749847
-0.2694361353972283,-0.0005454841331612448
-0.2685725580401854,-0.000547888606865686
-0.2677089806831434,-0.0005502967324200608
-0.2668454033261005,-0.0005527085098411266
-0.2659818259690585,-0.0005551239391321169
-0.2651182486120156,-0.0005575430202825887
-0.2642546712549736,-0.0005599657532682281
-0.2633910938979307,-0.0005623921380502883
-0.2625275165408887,-0.000564822174576804
-0.26166393918384667,-0.0005672558627809535
-0.2608003618268038,-0.00056969320258346
-0.25993678446976176,-0.0005721341938900656
-0.25907320711271886,-0.0005745788365920795
-0.25820962975567685,-0.0005770271305678143
-0.25734605239863395,-0.0005794790756819476
-0.25648247504159194,-0.0005819346717838153
-0.25561889768454993,-0.0005843939187103256
-0.25475532032750703,-0.0005868568162830656
-0.253891742970465,-0.000589323364310404
-0.2530281656134221,-0.0005917935625867413
-0.2521645882563801,-0.0005942674108921353
-0.2513010108993372,-0.0005967449089932172
-0.2504374335422952,-0.0005992260566415192
-0.24957385618525318,-0.0006017108535760207
-0.24871027882821028,-0.0006041992995200682
-0.24784670147116827,-0.0006066913941846636
-0.24698312411412537,-0.0006091871372657168
-0.24611954675708336,-0.0006116865284450379
-0.24525596940004046,-0.0006141895673905523
-0.24439239204299845,-0.0006166962537572165
-0.24352881468595555,-0.0006192065871838681
-0.24266523732891354,-0.0006217205672974721
-0.24180165997187153,-0.0006242381937091174
-0.24093808261482863,-0.0006267594660175624
-0.24007450525778662,-0.0006292843838057102
-0.23921092790074372,-0.0006318129466438976
-0.2383473505437017,-0.0006343451540879244
-0.2374837731866588,-0.0006368810056781582
-0.2366201958296168,-0.0006394205009435244
-0.23575661847257479,-0.0006419636393968711
-0.2348930411155319,-0.0006445104205375918
-0.23402946375848988,-0.000647060843850765
-0.23316588640144698,-0.0006496149088080355
-0.23230230904440496,-0.0006521726148661644
-0.23143873168736206,-0.0006547339614683886
-0.23057515433032005,-0.0006572989480436026
-0.22971157697327804,-0.0006598675740066076
-0.22884799961623514,-0.0006624398387579944
-0.22798442225919313,-0.0006650157416842467
-0.22712084490215023,-0.0006675952821592127
-0.22625726754510822,-0.0006701784595396221
-0.22539369018806532,-0.0006727652731709985
-0.2245301128310233,-0.0006753557223834333
-0.2236665354739804,-0.0006779498064926892
-0.2228029581169384,-0.0006805475248012269
-0.2219393807598964,-0.0006831488765973864
-0.2210758034028535,-0.0006857538611546379
-0.22021222604581148,-0.0006883624777324626
-0.21934864868876858,-0.0006909747255769011
-0.21848507133172657,-0.0006935906039196929
-0.21762149397468367,-0.000696210111978679
-0.21675791661764165,-0.0006988332489561641
-0.21589433926059964,-0.0007014600140427957
-0.21503076190355674,-0.000704090406413227
-0.21416718454651473,-0.0007067244252285873
-0.21330360718947183,-0.0007093620696361075
-0.21244002983242982,-0.0007120033387684813
-0.21157645247538692,-0.0007146482317449687
-0.2107128751183449,-0.000717296747670057
-0.2098492977613029,-0.0007199488856350425
-0.20898572040426,-0.0007226046447161016
-0.208122143047218,-0.0007252640239759842
-0.2072585656901751,-0.000727927022463451
-0.20639498833313308,-0.0007305936392124901
-0.20553141097609018,-0.0007332638732441207
-0.20466783361904817,-0.0007359377235641312
-0.20380425626200527,-0.0007386151891653273
-0.20294067890496326,-0.0007412962690257485
-0.20207710154792125,-0.000743980962109328
-0.20121352419087835,-0.0007466692673665856
-0.20034994683383633,-0.0007493611837333658
-0.19948636947679343,-0.000752056710131975
-0.19862279211975142,-0.0007547558454703979
-0.19775921476270852,-0.0007574585886428453
-0.1968956374056665,-0.0007601649385287831
-0.1960320600486245,-0.0007628748939947777
-0.1951684826915816,-0.0007655884538930804
-0.1943049053345396,-0.0007683056170605107
-0.1934413279774967,-0.0007710263823223346
-0.19257775062045468,-0.0007737507484874076
-0.19171417326341178,-0.0007764787143526852
-0.19085059590636977,-0.0007792102786999197
-0.18998701854932776,-0.0007819454402970966
-0.18912344119228486,-0.0007846841978983166
-0.18825986383524285,-0.0007874265502439345
-0.18739628647819995,-0.0007901724960596296
-0.18653270912115794,-0.0007929220340580981
-0.18566913176411504,-0.0007956751629371525
-0.18480555440707302,-0.0007984318813819696
-0.18394197705003013,-0.0008011921880627174
-0.18307839969298811,-0.0008039560816358038
-0.1822148223359461,-0.0008067235607435372
-0.1813512449789032,-0.0008094946240152293
-0.1804876676218612,-0.0008122692700655576
-0.1796240902648183,-0.0008150474974950792
-0.17876051290777628,-0.0008178293048914792
-0.17789693555073338,-0.0008206146908280101
-0.17703335819369137,-0.0008234036538633735
-0.17616978083664936,-0.0008261961925438571
-0.17530620347960646,-0.000828992305400518
-0.17444262612256445,-0.0008317919909518745
-0.17357904876552155,-0.000834595247701235
-0.17271547140847954,-0.0008374020741399105
-0.17185189405143664,-0.0008402124687435786
-0.17098831669439463,-0.0008430264299750176
-0.17012473933735262,-0.000845843956283357
-0.16926116198030972,-0.0008486650461035153
-0.1683975846232677,-0.0008514896978568595
-0.1675340072662248,-0.0008543179099514547
-0.1666704299091828,-0.0008571496807803572
-0.1658068525521399,-0.0008599850087247507
-0.16494327519509788,-0.0008628238921500539
-0.16407969783805498,-0.0008656663294103542
-0.16321612048101297,-0.0008685123188439947
-0.16235254312397096,-0.000871361858775864
-0.16148896576692806,-0.000874214947518645
-0.16062538840988605,-0.0008770715833699219
-0.15976181105284315,-0.0008799317646145041
-0.15889823369580114,-0.0008827954895230111
-0.15803465633875824,-0.0008856627563526079
-0.15717107898171623,-0.0008885335633474767
-0.15630750162467422,-0.0008914079087367008
-0.15544392426763132,-0.0008942857907378102
-0.1545803469105893,-0.0008971672075529236
-0.1537167695535464,-0.0009000521573718154
-0.1528531921965044,-0.0009029406383708333
-0.1519896148394615,-0.0009058326487110038
-0.15112603748241948,-0.0009087281865421334
-0.15026246012537747,-0.0009116272499992834
-0.14939888276833457,-0.0009145298372047264
-0.14853530541129256,-0.0009174359462658654
-0.14767172805424966,-0.000920345575279112
-0.14680815069720765,-0.0009232587223244396
-0.14594457334016475,-0.000926175385470962
-0.14508099598312274,-0.0009290955627732286
-0.14421741862607984,-0.000932019252272473
-0.14335384126903783,-0.0009349464519960507
-0.14249026391199582,-0.0009378771599594313
-0.14162668655495292,-0.000940811374163783
-0.1407631091979109,-0.0009437490925969308
-0.139899531840868,-0.0009466903132329396
-0.139035954483826,-0.0009496350340342172
-0.1381723771267831,-0.0009525832529478431
-0.13730879976974109,-0.0009555349679094827
-0.13644522241269907,-0.0009584901768401252
-0.13558164505565617,-0.0009614488776481106
-0.13471806769861416,-0.000964411068228678
-0.13385449034157126,-0.0009673767464644031
-0.13299091298452925,-0.0009703459102231166
-0.13212733562748635,-0.0009733185573613037
-0.13126375827044434,-0.0009762946857206911
-0.13040018091340233,-0.0009792742931310147
-0.12953660355635943,-0.000982257377408792
-0.12867302619931742,-0.0009852439363571275
-0.12780944884227452,-0.0009882339677658933
-0.1269458714852325,-0.0009912274694123119
-0.1260822941281896,-0.000994224439060394
-0.1252187167711476,-0.0009972248744611542
-0.1243551394141047,-0.0010002287733531928
-0.12349156205706269,-0.0010032361334609899
-0.12262798470002068,-0.001006246952497153
-0.12176440734297778,-0.0010092612281604046
-0.12090082998593576,-0.0010122789581376093
-0.12003725262889287,-0.0010153001401017325
-0.11917367527185085,-0.0010183247717135344
-0.11831009791480795,-0.0010213528506207853
-0.11744652055776594,-0.0010243843744581482
-0.11658294320072393,-0.0010274193408478724
-0.11571936584368103,-0.0010304577473991966
-0.11485578848663902,-0.001033499591708266
-0.11399221112959612,-0.0010365448713594572
-0.11312863377255411,-0.0010395935839228182
-0.11226505641551121,-0.0010426457269576486
-0.1114014790584692,-0.0010457012980095715
-0.11053790170142719,-0.001048760294610672
-0.10967432434438429,-0.001051822714281711
-0.10881074698734228,-0.0010548885545306752
-0.10794716963029938,-0.00105795781285236
-0.10708359227325737,-0.001061030486729217
-0.10622001491621447,-0.0010641065736312696
-0.10535643755917246,-0.0010671860710158854
-0.10449286020212956,-0.001070268976328212
-0.10362928284508754,-0.0010733552870005394
-0.10276570548804553,-0.0010764450004524806
-0.10190212813100263,-0.0010795381140918867
-0.10103855077396062,-0.0010826346253139524
-0.10017497341691772,-0.001085734531500765
-0.09931139605987571,-0.0010888378300235521
-0.09844781870283281,-0.001091944518239532
-0.0975842413457908,-0.0010950545934943837
-0.09672066398874879,-0.0010981680531217952
-0.09585708663170589,-0.0011012848944427917
-0.09499350927466388,-0.00110440511476554
-0.09412993191762098,-0.0011075287113870846
-0.09326635456057897,-0.0011106556815918198
-0.09240277720353607,-0.0011137860226517055
-0.09153919984649406,-0.0011169197318267043
-0.09067562248945205,-0.0011200568063643654
-0.08981204513240915,-0.0011231972435015586
-0.08894846777536713,-0.001126341040460728
-0.08808489041832424,-0.0011294881944536594
-0.08722131306128222,-0.0011326387026805856
-0.08635773570423932,-0.0011357925623282153
-0.08549415834719731,-0.001138949770572134
-0.08463058099015441,-0.0011421103245763883
-0.0837670036331124,-0.0011452742214923678
-0.08290342627607039,-0.001148441458459909
-0.08203984891902749,-0.0011516120326066567
-0.08117627156198548,-0.0011547859410486888
-0.08031269420494258,-0.0011579631808900995
-0.07944911684790057,-0.0011611437492232146
-0.07858553949085767,-0.001164327643129029
-0.07772196213381566,-0.0011675148596756793
-0.07685838477677365,-0.0011707053959204017
-0.07599480741973075,-0.0011738992489088926
-0.07513123006268874,-0.001177096415674636
-0.07426765270564584,-0.001180296893239563
-0.07340407534860383,-0.0011835006786138566
-0.07254049799156093,-0.0011867077687970212
-0.07167692063451891,-0.0011899181607756895
-0.0708133432774769,-0.001193131851525614
-0.069949765920434,-0.0011963488380112158
-0.06908618856339199,-0.0011995691171851688
-0.06822261120634909,-0.0012027926859890237
-0.06735903384930708,-0.0012060195413519034
-0.06649545649226418,-0.001209249680192273
-0.06563187913522217,-0.0012124830994177105
-0.06476830177817927,-0.0012157197959236019
-0.06390472442113726,-0.0012189597665946544
-0.06304114706409525,-0.00122220300830337
-0.06217756970705235,-0.0012254495179120362
-0.06131399235001034,-0.0012286992922707213
-0.06045041499296744,-0.0012319523282193004
-0.05958683763592543,-0.0012352086225856374
-0.05872326027888253,-0.0012384681721871668
-0.057859682921840516,-0.0012417309738297772
-0.056996105564798505,-0.0012449970243073594
-0.056132528207755605,-0.0012482663204049435
-0.055268950850713594,-0.0012515388588948823
-0.054405373493670695,-0.001254814636538655
-0.05354179613662868,-0.0012580936500870832
-0.052678218779585784,-0.0012613758962801008
-0.05181464142254377,-0.0012646613718467828
-0.05095106406550176,-0.0012679500735053029
-0.05008748670845886,-0.0012712419979620734
-0.04922390935141685,-0.001274537141913959
-0.04836033199437395,-0.0012778355020467147
-0.04749675463733194,-0.0012811370750350146
-0.04663317728028904,-0.0012844418575426314
-0.04576959992324703,-0.001287749846222909
-0.04490602256620413,-0.0012910610377187479
-0.04404244520916212,-0.0012943754286628556
-0.043178867852120106,-0.0012976930156759284
-0.04231529049507721,-0.0013010137953686773
-0.041451713138035196,-0.0013043377643413775
-0.040588135780992296,-0.0013076649191845272
-0.039724558423950285,-0.0013109952564768768
-0.038860981066907385,-0.0013143287727873862
-0.037997403709865374,-0.001317665464674364
-0.03713382635282336,-0.001321005328686127
-0.03627024899578046,-0.0013243483613605486
-0.03540667163873845,-0.001327694559223977
-0.03454309428169555,-0.0013310439187943016
-0.03367951692465354,-0.0013343964365780947
-0.03281593956761064,-0.0013377521090719366
-0.03195236221056863,-0.0013411109327619644
-0.03108878485352662,-0.0013444729041243442
-0.03022520749648372,-0.001347838019625229
-0.029361630139441708,-0.0013512062757207871
-0.02849805278239881,-0.0013545776688563063
-0.027634475425356797,-0.0013579521954677418
-0.026770898068313898,-0.0013613298519812994
-0.025907320711271886,-0.0013647106348122842
-0.025043743354229875,-0.0013680945403664602
-0.024180165997186975,-0.0013714815650404874
-0.023316588640144964,-0.001374871705220139
-0.022453011283102065,-0.0013782649572812167
-0.021589433926060053,-0.0013816613175901757
-0.020725856569017154,-0.0013850607825041522
-0.019862279211975142,-0.0013884633483694023
-0.018998701854932243,-0.0013918690115237373
-0.01813512449789023,-0.0013952777682943313
-0.01727154714084822,-0.0013986896149985675
-0.01640796978380532,-0.0014021045479453986
-0.01554439242676331,-0.0014055225634326748
-0.01468081506972041,-0.00140894365775069
-0.013817237712678399,-0.0014123678271777684
-0.012953660355635499,-0.0014157950679842199
-0.012090082998593488,-0.0014192253764314794
-0.011226505641551476,-0.0014226587487696576
-0.010362928284508577,-0.001426095181241531
-0.009499350927466566,-0.0014295346700790162
-0.008635773570423666,-0.001432977211505572
-0.007772196213381655,-0.0014364228017348935
-0.006908618856338755,-0.0014398714369720164
-0.006045041499296744,-0.0014433231134119776
-0.0051814641422547325,-0.0014467778272413967
-0.004317886785211833,-0.001450235574637103
-0.0034543094281698217,-0.0014536963517668283
-0.002590732071126922,-0.0014571601547903115
-0.0017271547140849108,-0.001460626979856848
-0.0008635773570420113,-0.0014640968231077606
0.0,-0.0014675696806748031
