RA,DEC
10.68471,41.26875
11.88806,-25.2888
148.88826,69.06526
201.36565,-43.01871
196.36366,-49.4679
23.4621,30.65994
148.96846,69.6797
56.70214,68.09611
204.25383,-29.86576
189.99789,-11.62307
10.67427,40.86517
192.72145,41.12015
194.18207,21.68266
308.71805,60.15368
187.44499,8.00041
202.46957,47.19526
184.74008,47.30372
50.67412,-37.2082
198.95554,42.02929
40.66988,-0.01329
190.9167,11.55261
49.3275,-41.10807
166.45247,-0.0359
10.09198,41.6853
187.70593,12.3911
151.30824,-7.71858
170.06261,12.99129
210.80243,54.34875
35.63711,42.34832
61.94545,69.81243
339.26709,34.41592
143.04213,21.50083
169.73315,13.09221
189.08669,25.98739
140.51106,50.97648
287.44208,-63.85754
170.07091,13.58949
186.35022,18.19108
145.63867,-3.69914
186.54922,12.94597
40.10005,39.06325
187.99673,14.42041
138.08124,-24.1726
186.26575,12.88696
64.04361,-55.78014
161.95667,12.58163
133.17227,33.4218
192.61089,25.50076
202.49829,47.26613
161.6906,11.81994
41.57941,-30.27491
54.62118,-35.45074
114.21415,65.60255
192.14961,-5.80085
197.73463,37.05894
192.25911,-8.66435
188.51262,7.69914
3.72334,-39.19663
183.97685,13.1494
53.40191,-36.14066
146.41164,-31.19109
189.43166,11.81809
177.75743,-28.80621
190.53337,32.54151
190.70778,2.68778
54.71721,-26.33784
76.92643,-37.51305
189.20757,13.16287
169.56792,-32.8126
129.3526,-55.12374
168.32129,-26.75499
186.11761,7.31752
131.28436,-33.79476
185.72874,15.82238
228.97369,56.32885
160.99055,11.70361
193.09213,-1.19969
55.0496,-18.58038
188.91618,12.55604
162.0704,12.6293
190.50967,11.64693
63.01806,-32.87421
128.34517,-22.97367
186.86066,11.10754
63.93843,-55.59236
197.15636,-49.50641
9.74154,48.33738
54.71632,-35.59439
331.96841,31.35915
7.59122,-33.24535
221.23335,1.95474
344.29453,-36.46248
171.53577,43.58592
226.62317,55.76331
54.11496,-34.9763
259.2478,-62.82055
182.02507,65.17413
209.03015,5.25474
185.47896,4.47359
38.86555,-9.35601
186.61293,31.22352
114.09934,-69.53082
183.45122,14.90047
188.5354,2.65381
54.62412,-23.02769
36.90609,-1.15628
65.00175,-54.93781
13.72283,-37.68438
57.08638,70.13288
76.31023,-37.98075
226.62206,1.60537
191.28615,-0.46191
184.70677,14.41649
169.22774,18.05181
282.24118,-65.17344
51.57217,-21.33537
184.96111,29.6147
332.31769,-47.16666
20.4452,5.25672
94.65713,78.35702
199.95851,-27.41009
179.39993,53.37452
133.90721,78.22308
137.58397,7.03777
187.85014,25.77498
167.87903,55.67412
198.36473,36.59365
24.17405,15.78346
67.91473,-54.60227
137.90627,60.03721
179.58571,-50.97707
253.19304,-59.21694
23.57598,-29.41849
0.81228,16.14523
200.49023,-36.63021
178.45428,52.32654
200.07051,-21.82758
187.12347,17.08495
187.25011,13.97856
21.19883,9.53884
71.4273,-59.24741
151.45065,-67.37798
309.30872,66.10563
65.49509,-56.97475
359.45761,-32.59103
180.47154,-18.8772
185.02841,29.2805
218.16991,-44.17461
296.23416,-14.79758
187.45366,13.42932
192.20532,-41.31109
55.50647,-47.22208
167.49054,-37.53934
139.82732,69.20334
343.75394,-39.66137
40.43847,0.44318
319.75104,-48.56201
207.31334,60.19041
153.44031,3.42467
348.03162,-28.5396
150.49135,55.68
199.52112,-26.83722
187.50945,13.63645
188.86012,14.49632
35.76904,-21.23385
153.56291,3.46612
140.75441,-32.44976
302.47531,-48.37955
267.36047,70.14434
187.01622,9.80362
204.38362,8.88506
186.94022,13.00859
178.23065,36.98635
25.75979,13.64568
95.41574,-27.23374
186.91875,13.079
28.25218,-13.73868
180.09848,-1.1
200.44267,-27.43052
184.84692,5.82471
349.59842,-42.37057
29.83159,19.00754
165.07739,13.90123
179.48395,55.45355
188.87294,-3.79321
22.83648,-6.86806
182.76819,50.48468
193.23354,11.2308
190.83391,1.97836
45.30903,44.89721
150.82976,68.73373
188.18994,0.11504
187.04633,44.09356
154.22359,73.40069
110.97812,-27.52906
182.63608,39.40576
40.26999,-8.25583
215.08311,3.93359
183.77098,33.19728
187.65154,41.64363
191.27489,3.05571
54.23773,-35.50664
169.0195,-76.21632
189.98309,10.1761
52.78383,-33.62864
170.27855,3.23482
194.83864,-15.04217
212.09892,-47.97081
52.08195,-31.06818
154.52351,21.83194
181.39246,50.53903
205.75877,-48.16941
147.59264,72.27865
168.65417,12.81802
63.18019,-57.73796
193.07318,11.31366
225.29694,1.70197
181.66989,-29.76021
204.16269,-33.96588
133.38644,51.31358
172.8833,-30.30774
287.84848,-57.04957
188.58463,8.19776
200.30356,-43.70469
60.1157,68.57774
161.92667,13.98564
344.30655,-43.39614
181.76303,43.06539
226.35944,2.09932
50.98499,-36.46466
189.14288,11.23863
154.57077,41.42438
180.36205,61.8957
349.04486,-42.58483
81.69839,-63.76002
185.6335,29.89532
196.45383,-8.02041
17.3628,35.71796
146.81441,67.91638
179.85495,50.96169
208.36134,40.28308
192.41232,15.16549
101.9288,-26.75436
185.30371,18.3824
8.69484,-8.39644
192.0955,8.4873
27.23879,5.90598
295.89349,-58.65571
137.70609,-8.8907
160.87979,24.92222
155.39616,-34.2668
178.30719,60.67556
188.61304,2.18788
179.63091,43.94702
315.88995,29.8974
183.96208,47.09179
210.91154,-33.97839
60.97617,-43.34885
47.43964,-20.5793
186.32426,-39.75972
295.6691,-10.3237
301.83115,-48.37022
56.32115,76.6383
62.10057,-47.89704
113.08536,85.70886
178.6671,-13.97504
46.03325,-26.06963
162.72208,13.41214
177.30507,-29.27674
198.25421,-19.5183
62.466,-56.11845
171.18182,38.76278
156.63451,-39.94394
223.49016,3.54451
67.70494,64.84792
146.06685,-21.27829
189.22249,7.24663
181.59631,52.71095
56.13298,-44.64483
304.57977,-70.85881
349.77002,-8.48514
263.10126,7.06027
208.91676,40.46177
186.73515,15.04742
118.96465,-52.30678
196.07124,-30.52628
199.2437,-16.63485
184.53465,28.17532
194.18013,-50.34687
155.87753,19.86495
202.45346,-17.96649
186.23096,11.70427
197.23845,-15.51629
83.34065,-21.94577
354.97446,-12.29301
176.53242,47.4945
177.31404,56.08435
116.89188,-41.45214
200.10402,-20.61099
198.84987,-16.38553
13.01798,47.55051
53.75563,-24.93311
224.59462,-1.09108
63.41961,-31.64541
187.24588,3.5706
185.99094,16.69335
153.67546,-28.87206
54.87851,-18.68817
330.66592,-20.81282
94.76109,3.16428
194.50517,1.57558
124.69003,-25.49952
187.06429,28.6203
38.55573,29.31127
180.79036,44.53126
50.68454,-37.10379
49.92116,-19.41136
138.46037,-69.645
185.42699,14.59776
113.71317,-69.28413
182.40031,42.53419
204.51266,-17.88403
209.46098,-43.9313
189.35431,74.19189
85.5199,69.37838
186.90549,-39.33781
215.26534,3.27099
113.48438,-50.44302
189.99742,61.60919
38.39312,-39.04506
184.93866,12.79833
190.98599,13.12635
149.60246,-26.9266
61.01133,-54.10006
49.96339,-26.06059
156.82657,28.5074
173.14558,53.06783
183.21712,1.29968
172.43512,-36.3913
32.08808,10.99492
157.79832,-46.25127
8.3005,48.50874
105.66829,-28.69725
188.99037,27.95976
188.02586,11.17643
49.56686,-66.49826
169.60532,58.78622
326.06717,-75.11132
199.72836,-21.0391
189.11247,11.43929
194.86308,14.17105
218.19521,49.45784
181.50484,47.47836
41.49969,-7.57864
177.15913,48.71082
300.86264,-55.94717
64.39906,-62.78367
145.6468,58.85121
185.08968,5.3864
332.11414,48.44078
161.79169,72.83967
225.23209,-7.45736
172.53107,9.27663
139.04623,-16.31273
194.20375,-8.52529
140.85019,-63.81256
14.45378,30.35236
199.74973,-47.90866
308.58569,-31.98089
175.24477,11.47112
154.97913,45.54969
305.20682,-48.23908
111.76688,80.17807
173.33823,47.02909
169.65051,57.99997
140.36455,-11.90949
339.35223,23.79833
332.14288,-57.44259
23.21629,-7.03156
154.60374,21.89397
162.81761,27.975
88.04749,-7.4562
330.53522,-31.98982
328.177,-48.2539
124.7431,57.80309
192.51636,-41.38203
13.17652,-31.20583
181.53584,49.58231
178.20605,44.12073
187.26254,13.18385
45.89479,46.38635
350.06049,8.20626
190.92764,16.39338
284.12366,-54.30577
86.75787,-34.2506
66.9088,-55.02779
141.07729,34.51338
147.53401,-73.9222
184.37358,37.80711
229.5565,-24.09793
119.56254,-49.85141
29.92765,-5.96419
49.18761,80.79332
142.11032,-60.80177
350.17722,8.217
95.23224,-8.49562
288.81738,-54.13249
156.96364,-43.90382
67.91609,-5.08612
209.47607,-29.31573
54.19257,-35.99924
296.31311,-54.34414
187.3667,8.75016
91.42652,-86.63202
95.46039,0.36621
179.71759,42.72241
74.23473,-4.86575
150.17017,-31.66449
186.44508,12.66207
192.53069,72.87448
184.11385,-43.32426
63.65226,-56.06081
189.91455,-5.34421
169.24567,18.1486
229.65219,-24.06859
11.78564,-20.7604
214.60713,36.49362
56.61356,-3.96879
150.05891,-19.63644
149.78607,-34.22523
70.36762,-2.85804
207.27213,-30.29586
53.0126,-20.81916
190.88559,11.58247
224.85045,-16.62399
157.61037,-35.3595
131.77258,-33.76406
181.01595,31.89579
198.21608,-43.09623
58.00346,-83.83068
330.17181,17.73807
198.55682,-42.96127
215.30455,-46.2979
176.76906,-16.8546
184.04887,47.88337
213.31209,-3.20756
295.91959,56.10946
194.53265,-46.26424
93.04019,-21.80595
234.66582,59.35588
209.05002,5.01446
333.34042,-46.01761
237.45645,-29.38683
186.71091,9.58418
193.64874,-12.56861
54.68694,-44.10061
191.13326,11.19052
57.56205,70.0947
190.30534,10.15575
281.82559,-63.33116
40.81271,32.42497
220.5997,-17.25317
157.50273,-35.32546
185.86642,46.99382
190.69762,11.44247
170.01582,18.35681
248.80881,-58.08003
219.79607,5.36355
243.94202,-60.91871
53.81914,-35.22625
56.26214,-18.26604
193.21164,-42.65993
203.1692,-77.84463
171.2603,-9.79538
281.27634,-62.29723
199.42786,-32.1017
228.44048,-14.26982
55.58097,-35.39263
211.66864,-55.3573
193.47064,-39.71432
182.37411,43.68529
183.89279,-35.62975
139.08228,-23.63324
274.94339,74.56837
165.84903,-23.08679
243.76605,-60.90725
142.90256,-16.73476
199.88187,-12.65701
101.94249,74.48183
319.13492,-48.36355
139.65295,-38.01009
229.18007,55.40926
183.91322,36.32689
176.52693,-56.39111
186.48178,18.21393
281.82846,45.55064
150.62094,-31.67741
201.32727,-21.13416
220.23495,-0.31823
214.6138,-43.38826
338.94263,-26.05025
341.94791,-22.3121
45.65661,-22.86716
67.68935,0.86368
190.23004,-40.9764
32.881,70.77241
35.50419,33.26607
197.41936,-7.83341
54.01647,-35.44121
166.95212,-46.52607
346.23605,12.32289
80.64352,-11.49954
184.67932,65.89808
63.11806,27.70187
348.68277,4.53393
252.77838,-58.99346
139.47044,-22.35468
253.47231,-58.77807
43.61413,41.57961
165.09978,28.97482
331.47839,-50.11933
275.57285,-85.40205
213.97789,-48.11485
234.90454,59.33195
217.41827,3.23339
142.49353,-62.18325
165.79671,27.9725
226.78198,1.54428
196.05476,-5.55162
49.95098,41.51168
178.52789,-39.86706
345.24982,30.14478
29.08735,5.62887
359.74915,-55.45834
348.98959,6.68752
193.65741,46.53115
218.02322,57.92143
192.88266,-26.45209
124.69157,-25.36976
183.91402,13.90151
230.48567,5.07054
304.23535,-70.76825
159.17842,-27.52834
46.51253,-15.61121
284.23306,-54.54544
341.84232,-65.05849
344.50757,-33.74221
101.20464,-27.63861
159.06779,37.32463
157.2561,-44.65685
170.26227,53.16943
55.2369,-22.56448
272.96347,14.98177
330.5079,-31.86989
208.60094,-48.51253
157.22322,-35.60551
310.98917,-80.00085
354.73785,-12.96109
357.85367,20.11182
157.96703,-34.8537
160.88759,-36.4107
65.86292,75.29557
134.33546,2.9214
193.05544,-29.84066
267.95337,23.07194
187.5726,12.32854
324.12027,-54.55732
195.24887,-14.51363
0.99545,20.75235
184.87743,14.87769
53.01423,68.36839
57.11308,-16.3929
144.18689,-21.12815
206.75168,60.97308
147.81438,-32.75256
176.69371,-27.92218
184.40326,29.60801
333.91455,37.29871
94.09206,-21.37272
110.33326,-69.00148
288.46808,-56.30996
185.89709,16.72226
305.93692,-19.32542
234.10945,-66.85975
353.31857,-45.01596
356.24683,-42.91093
146.57774,-30.43748
160.53145,13.74693
42.3317,8.09264
192.95015,-10.45473
39.84861,1.09379
145.726,31.84726
20.91642,33.25613
109.16273,-35.37344
218.8737,48.74154
211.18013,54.89262
40.93477,-29.00336
30.06218,31.42939
191.82291,-2.72749
185.3866,14.60607
193.37155,2.16833
227.97354,-72.85941
209.06944,47.23562
78.01389,-15.6878
54.13202,-35.29519
189.13626,11.25787
132.34122,19.07496
17.74534,33.152
190.77321,-41.35891
330.59009,-18.9165
29.08016,73.28278
191.04164,-41.74994
186.53149,13.11279
21.50248,-1.34514
349.72839,-42.23906
224.6926,-19.26686
171.93314,17.2241
228.55595,-46.8092
133.89479,58.73441
204.98344,-31.64018
204.84782,-30.77407
185.07399,75.3709
306.27789,-24.80943
191.93971,13.76272
312.17746,-37.99743
180.55077,62.13728
212.01311,-33.31506
130.90872,50.20554
211.7972,55.00156
257.60373,72.30438
219.89645,-45.019
184.29126,7.19163
220.04803,-0.28921
206.32976,41.71236
177.00423,-10.96206
164.85846,-66.3328
8.56449,-27.8036
148.61916,-25.70345
10.14592,-13.8728
173.98877,70.53558
17.48158,-45.9312
349.50558,-4.65031
109.15722,-62.34372
61.26641,70.99652
189.37729,9.5551
132.29947,60.22112
358.82928,5.91582
145.80006,31.92879
212.87242,-5.04362
157.71584,-36.73697
195.98743,-11.49658
201.19003,-37.68221
147.50327,-32.88282
102.15536,-64.27332
140.87587,-23.16143
226.02922,1.21991
323.93619,-63.90282
46.3788,42.83542
193.35808,-41.20284
103.47482,-40.86261
243.95898,-60.80305
168.54575,48.31838
187.33797,-23.16664
21.14613,3.79241
321.09171,-40.53773
327.69427,-70.33414
24.77722,-7.5126
162.01817,-31.53337
276.97348,-71.60987
47.18517,65.66212
185.77576,5.25041
195.03378,27.97698
208.22217,-28.48932
352.18094,-41.33348
67.66637,0.66168
349.8381,-42.25684
356.08807,9.93409
216.63867,56.58264
58.6622,-20.50245
160.69394,-36.35268
183.07185,13.20531
185.66057,11.80088
252.7614,-60.80869
55.54806,-29.89351
172.13052,58.56161
278.65277,22.90966
102.53611,60.84575
53.32116,-13.66414
86.69774,-16.78266
280.46902,-63.86209
157.30568,-44.12291
55.62212,-13.48817
254.7623,-60.21602
319.58975,-63.76067
36.82047,33.57888
137.86462,-14.81665
158.78433,-43.69184
27.8232,22.35797
165.85577,18.13539
186.11812,75.52891
74.4963,68.32352
15.84117,-6.33921
58.61853,-35.96715
16.85396,32.41256
195.2533,-32.44135
193.36386,-48.74919
218.50519,-78.3875
221.54631,-0.22301
7.31275,2.86405
198.74739,-16.59031
231.89603,-64.17095
331.70898,-64.31625
193.95685,-12.0553
159.23349,21.88213
330.13718,-43.38972
348.70209,-43.59994
194.30101,-13.66485
107.08556,18.78025
225.00172,1.89129
202.86783,-34.79443
234.1319,16.60785
119.21788,60.34938
339.44534,23.78669
213.89261,36.22698
176.45442,13.7667
304.59702,-41.05016
95.38657,59.12668
152.21068,-67.03085
159.14854,-27.51843
181.11276,1.89601
133.63544,-32.93748
54.84709,-31.32143
68.76662,73.26243
252.7276,-61.81264
333.90833,-45.85007
291.70728,-54.95131
317.96689,-49.28373
198.49191,-49.47871
145.92125,-20.47719
159.44725,-27.08125
319.6377,26.44691
179.03102,-19.89618
186.32538,4.92506
316.28058,66.77304
152.71733,-66.64742
197.20309,-6.77754
198.58429,-46.12486
328.33432,-47.88245
134.25465,-24.67375
189.61842,4.31915
216.03163,34.85887
217.91092,-43.41844
185.89561,6.08174
190.15353,-5.13301
149.98143,-29.6178
185.50935,-35.79274
166.69789,72.56853
23.77366,-7.3403
29.38636,33.20928
164.08678,-50.56024
34.05539,70.68877
218.90013,-45.96696
76.363,-11.87138
177.20985,59.41562
184.8427,6.09876
191.08163,-40.73181
289.59448,-60.50109
39.63658,-6.67755
114.1174,-47.63555
307.1409,-36.02712
108.57268,84.38227
245.45258,-2.28344
108.88035,-29.35903
192.05698,-3.33292
138.38165,-63.62642
51.55865,66.59373
237.85513,62.31003
208.14957,0.81835
170.42955,20.16957
228.76353,42.04987
217.33083,-33.45512
59.90612,-67.63477
311.14056,-68.74773
54.45708,72.57133
190.38647,7.31482
186.34239,10.01672
193.28012,-10.49428
354.4581,-47.72778
174.75716,-37.73857
196.05995,-10.33961
234.98912,58.07939
163.22357,-32.92762
323.14688,-44.06756
178.50642,-19.56877
158.39934,-27.45445
171.3037,-26.73688
101.84758,-26.73626
224.73444,-42.01337
54.29891,-35.74611
340.46823,-44.76716
356.06552,10.76709
41.60494,-0.49872
179.8757,-19.26522
110.92501,-29.65234
74.92458,-7.75518
146.42519,-14.32636
334.0379,-36.84372
182.04018,10.37872
209.65811,37.42455
21.38085,1.75903
28.19365,36.15182
42.07262,50.80029
276.03152,73.18324
55.51548,-21.24436
242.49454,0.70929
271.49683,18.58724
39.58149,2.11925
152.54112,-12.43377
184.14072,7.46208
304.90973,66.72832
79.89718,-77.72868
134.24686,51.34739
212.60429,-43.32462
54.36798,-24.5013
201.59056,-33.86848
227.31714,-11.32182
100.72079,-23.47599
252.17039,-62.60599
248.08734,19.82655
342.65054,-1.54483
184.29758,15.32399
178.42393,47.85876
307.12024,25.72341
169.83998,57.75774
185.52344,9.04357
209.02632,59.74199
248.71898,-60.61881
45.42646,35.20563
342.95309,-20.60809
56.20813,-21.92057
148.63701,-28.29819
171.88287,56.87671
173.97173,-37.99737
130.66588,14.28554
155.86255,19.89844
173.45557,53.1255
178.4881,-23.16426
45.97701,-11.9918
193.2737,-9.20399
27.35358,21.9973
177.45961,-38.78448
46.54964,-9.54141
188.87752,12.22092
56.34296,-18.63363
300.17673,66.22752
166.8253,-19.47154
253.07637,-69.12514
173.88547,-37.95638
27.29515,-10.42649
343.09421,1.09251
180.14476,-17.84262
203.43324,-48.15117
34.49852,14.54404
208.34,40.36396
288.68265,-62.27261
142.39415,62.4906
299.31253,5.8904
55.70461,-22.10837
325.05377,-42.5394
3.68583,-7.34528
308.20926,9.92643
12.44917,32.27771
244.41554,-34.36594
197.39482,-51.96857
52.0274,-32.28612
126.04198,-18.77556
193.59897,-10.5372
195.17894,37.31528
159.64003,-7.17073
202.97292,-33.2344
300.20984,-38.57505
101.82238,33.56719
282.9978,11.8761
233.51024,56.6856
266.24036,-60.73981
3.8787,17.32841
227.38982,3.05274
209.27075,41.846
21.14082,1.73118
354.08551,75.64813
145.22466,5.16585
174.19997,54.29365
187.4731,14.06863
62.07887,-21.05196
245.4789,-60.66915
138.90179,-63.06964
330.74188,41.05899
335.6145,36.20983
207.33025,-30.30944
288.3385,-60.86015
149.10693,-26.09492
47.81098,-8.92214
181.04663,18.44345
210.85854,-6.03081
101.8082,74.23653
159.26054,-27.56502
250.42458,-69.37215
18.44692,-31.74722
49.83872,41.49064
94.11669,-21.37585
109.1301,-29.32471
234.98819,-30.55279
307.91278,-30.83189
150.13196,-31.245
248.18118,-57.85265
136.88972,60.47933
205.12874,-51.07089
193.63507,-6.85942
284.58704,-62.11842
97.32312,-17.35887
248.16333,78.19817
57.00317,33.1116
202.18372,-48.91681
141.42722,11.43216
100.67207,-27.45949
20.0279,3.41527
258.44598,-77.53619
154.23134,-48.88107
305.99194,-43.99527
40.84277,4.96842
182.13472,68.76762
209.16469,-44.00925
152.55388,-67.00507
73.12981,-3.10609
20.7978,33.46012
199.8996,-55.93134
300.89322,-48.28451
121.40851,-11.42704
26.81729,35.56329
192.51947,-14.73343
18.05886,-58.24798
39.79984,10.84682
227.45599,0.47004
138.42996,76.4753
356.77011,29.48344
162.01509,-20.84921
177.28937,27.02206
300.69687,-56.0903
154.07785,-33.56382
37.63802,-1.10847
38.58377,32.50561
133.37427,-59.21711
206.91698,-30.93953
76.32513,-9.14724
139.94527,33.74979
51.10652,-21.54404
178.98869,6.74938
11.86505,-31.42175
337.14969,-24.84413
48.38349,-25.72518
128.45844,-13.17466
354.43503,-47.50636
150.02428,-31.55287
196.60887,-40.4146
140.60388,-61.04953
179.63019,-18.34684
199.59843,-35.45867
33.86517,6.00262
60.70106,1.96573
313.00974,-57.06877
205.53491,35.65427
28.30543,4.19584
94.84039,76.81168
27.5584,27.64567
180.72481,-16.37361
2.26786,27.72941
310.15771,-54.30306
333.73303,-66.84941
133.42607,73.49095
195.16307,2.50143
37.67844,-2.93901
190.71846,13.25723
197.90437,22.91549
43.42226,13.01415
64.90806,2.40993
210.17517,55.16446
167.82736,-36.87551
120.60277,9.41358
195.36763,-4.54645
286.76575,29.00647
304.32202,-52.79675
186.40723,-39.31967
214.2206,10.80737
186.31143,15.60747
194.05971,56.87345
184.28204,7.62438
344.0119,36.36136
183.68799,-35.50979
354.7027,-6.51786
54.05647,67.56464
137.02582,78.08516
245.18517,-70.1426
180.67606,1.97676
202.30795,-33.17384
334.58542,13.62373
218.61938,-27.51855
189.23488,14.21736
316.94724,16.33587
12.67441,-1.91024
48.05966,-10.48112
197.51846,-46.43734
306.11725,-43.65353
227.44478,57.00019
193.6524,-12.55801
52.64574,-34.85395
124.47288,23.47214
91.14261,57.62774
182.25116,-31.51988
293.32901,-58.11424
10.39125,-10.0214
155.42163,-34.69678
226.94881,2.56858
186.30133,14.7622
86.9643,-17.6024
228.7193,-63.80566
289.13583,-40.20918
8.51153,-9.70534
133.90215,-3.18394
141.80243,-11.64345
200.06911,-24.4462
311.8295,0.32081
131.82077,-20.03568
207.43475,39.98467
305.80768,-27.71457
194.40054,-49.75121
105.07308,-30.16377
188.56604,13.07551
170.72757,16.59014
280.08255,24.19997
67.98782,59.42981
170.07079,2.96417
154.89098,-26.69888
47.22961,70.56324
195.3839,-32.29105
234.62489,12.1866
202.26506,-41.99623
345.27716,16.38841
106.42512,50.58106
354.67166,15.95479
89.36231,11.94919
131.81593,72.98563
62.25779,-45.51754
344.15067,-37.03008
143.44221,10.15239
154.6523,-17.98252
198.14764,-17.5424
170.16486,-10.25735
194.36627,-19.69128
199.99556,-47.28182
165.31738,3.62801
168.77588,14.78708
189.45166,5.36844
190.43497,74.42094
179.11728,55.12532
201.43358,-29.83368
120.69614,-12.31784
153.46045,38.76491
210.70857,49.17263
259.50385,-59.17208
286.95316,-61.3681
120.09856,39.83041
209.60466,-34.51732
161.64566,13.75078
204.73808,-25.84571
247.87682,-58.09985
214.03218,35.34376
95.27316,-20.04842
144.46359,-62.15109
21.32225,9.26411
133.61281,-3.06704
179.57098,28.1925
237.06639,-75.67294
36.45925,18.499
26.23375,10.42302
299.45444,-31.81069
263.88626,-5.08323
157.22308,-31.60894
203.98611,-33.45382
214.54398,-48.01007
290.99133,-59.92251
351.34061,28.49523
110.53925,-29.23554
188.9026,-39.90929
258.1156,-23.36966
302.88025,-45.59322
2.47255,25.92379
31.92703,75.16137
186.7606,15.46136
188.90822,12.26399
238.5798,0.54303
210.8506,35.13207
72.15498,-6.31988
192.73848,-14.33295
343.94064,-42.64202
175.32771,36.54674
284.89484,19.10597
323.8862,35.39834
350.12555,17.22556
35.27655,-33.72068
155.93314,12.56781
107.63564,75.32665
175.489,-6.15567
196.37244,-43.59113
40.95794,32.47489
163.14896,22.93414
270.70145,-66.43064
333.95779,19.23237
338.52823,5.57034
285.91821,-64.89448
193.89873,-26.82507
207.71127,39.57488
40.12132,-11.27755
156.07065,-32.48266
58.26801,35.59195
52.88081,-51.90483
346.77045,-36.27536
16.75928,-80.30775
330.67325,-51.29659
167.6516,-37.54757
193.66922,28.93871
65.37265,36.94921
207.20699,-30.51112
201.20947,-30.30778
236.56822,2.41547
303.30197,-46.16163
344.86127,-37.7029
155.58336,21.56959
334.21039,41.50283
26.97718,27.43278
185.63066,15.53792
185.97484,-3.44288
296.00955,-28.40066
348.81702,18.9614
309.58426,-52.11046
330.53082,-51.74309
285.2117,-57.75944
56.24358,45.96748
101.09383,-26.10884
149.58775,32.37
202.54749,46.67079
282.25491,19.33111
318.78131,-47.22049
134.03354,-3.36012
317.83371,-64.02533
345.81531,8.87369
93.90173,71.03753
157.62152,-35.61064
185.4328,75.32259
208.76816,-26.78068
34.77158,-6.79091
65.4669,36.12701
145.51385,0.33647
53.12239,-15.22113
138.35303,79.18732
203.81746,-77.64118
220.89137,-24.46089
38.85361,40.86972
221.94327,-19.07856
175.07042,17.72792
283.00848,-57.32075
138.52133,40.11375
186.97319,12.29323
327.44171,-34.87627
22.61895,-22.66721
221.10178,1.67973
196.52002,-29.75429
141.44725,11.42454
181.39722,-26.52263
287.85733,-50.64219
290.09372,-60.38916
28.30249,-49.56035
28.79253,35.28189
193.33864,1.2692
196.33417,-35.33743
61.65723,30.37625
195.10974,-15.28345
107.79503,50.17469
19.93688,3.40995
210.75429,34.75785
129.14565,-20.47047
162.60873,-12.84508
40.87518,37.34126
357.76654,20.15041
70.56051,-20.43479
194.44806,-39.7617
262.29025,-62.44574
132.73344,-34.53757
136.33885,18.31311
192.32903,-9.10842
353.91412,15.30205
188.52527,11.32126
201.84909,-57.48951
206.59872,43.87204
212.4888,17.54548
163.04755,32.95042
231.5332,41.67605
349.7244,-7.58045
55.90451,-35.85302
180.88092,-43.65386
149.72112,-30.35771
218.11345,49.90471
325.33032,-63.9087
208.99811,-30.34143
186.3381,-47.47408
197.64844,-39.60442
200.16679,-43.69995
289.65552,-60.49646
142.08981,-36.1666
245.33293,-60.78296
101.46997,-18.2108
174.84319,56.27071
192.94284,-41.13225
339.77307,-22.66668
158.23105,28.51173
302.5452,-48.28705
340.10092,-66.47898
74.85788,-10.98071
120.40511,15.70983
42.12881,50.75453
32.3525,-10.13587
149.87306,-22.82624
246.45941,-60.7526
196.02194,-41.41159
219.42113,2.29098
27.67384,21.75992
39.20672,33.32726
69.15562,-0.1436
186.15082,39.383
178.08578,-26.90589
185.91252,7.05398
8.00903,-64.25338
50.73037,37.03329
227.92064,59.80883
182.64023,30.40153
185.91119,6.95398
82.9547,-67.35941
75.53956,-8.24056
349.94675,42.85263
129.06326,-26.4094
132.01909,74.09887
276.26288,27.53531
191.84074,-41.23751
344.73041,40.93226
193.76199,8.06545
213.03813,-49.38956
226.8662,-36.3274
334.21899,40.50461
5.2952,22.35719
316.36633,-52.55196
330.51331,-31.97369
96.48119,64.74065
141.74681,-12.1089
159.09315,-27.43814
196.2821,-6.49384
114.1563,17.88391
187.74059,12.27046
329.04053,-49.52193
32.53988,39.19037
255.20972,23.01099
53.47366,-31.19412
55.93983,68.30132
152.69226,-34.84468
281.15988,-73.26342
224.75562,-42.58172
296.35095,-55.3469
179.18398,32.02161
71.4473,-2.39284
243.88704,-60.6653
350.52744,40.84543
105.68842,-29.42832
217.13226,27.40903
215.17967,39.69359
161.65352,63.22364
74.48602,-0.12578
232.69221,-2.82951
159.31464,-41.62756
179.37569,-73.68451
286.89023,-68.91281
347.44702,-43.42796
299.05359,40.43397
138.05327,-30.91103
194.89877,27.95938
218.71826,54.47573
295.97501,-70.63338
110.91078,-30.05111
185.93842,-34.62219
167.87694,-18.2895
199.75388,-47.25778
189.03168,-39.43868
210.1909,59.3287
289.66464,-60.54601
53.4154,-5.08953
118.99615,85.15891
186.80566,12.73481
60.25425,74.08385
177.68953,51.82421
285.48593,-53.86309
27.44705,21.97085
91.8744,-61.80758
166.63231,-37.65312
186.28735,-39.7755
125.14869,21.06784
206.60271,46.10739
150.48026,72.1703
112.55038,-62.25264
74.88282,-15.82367
149.26263,-32.25685
44.15184,43.04737
179.33716,25.19538
100.21541,-32.48229
348.30847,-28.35751
345.01495,15.98034
218.65477,-36.28584
304.57556,-44.80697
279.67908,-62.94302
44.73333,-12.39859
103.25803,-26.52512
220.04755,-25.77661
192.06282,10.98362
162.94299,32.90068
95.64437,51.90953
200.73547,-12.96473
279.16528,19.72928
36.97787,20.33258
56.77006,-33.70987
179.78966,-53.40902
220.04518,-44.31459
164.75076,-28.47698
46.52508,-39.03639
7.42353,-51.52067
288.45233,-59.29436
162.80974,5.84009
125.68109,22.55306
148.49434,-27.28633
183.97717,6.40111
274.49506,-42.77093
213.00299,-46.08872
49.80924,-19.1
8.56459,-31.786
247.91739,-28.10181
280.17102,-41.57393
44.54294,3.36194
157.33301,29.49144
41.28631,-55.74057
148.27975,16.67767
220.6203,41.84231
39.87465,-8.13919
47.10933,4.11083
184.95602,5.4634
196.89058,-24.00856
356.96567,-30.52203
69.00434,19.95034
83.50462,-23.31008
330.81195,-33.83844
157.48776,-35.22439
207.29755,-7.22433
284.116,-54.21395
37.77414,-36.03466
279.64114,25.37513
291.32977,-63.86016
90.96842,-69.57745
96.1496,-22.83825
338.09918,-14.12052
92.09944,-52.5123
143.33961,-33.03351
167.38387,-37.34964
191.66611,54.53419
274.10712,-71.5813
353.87033,-56.01228
171.62415,16.86328
54.13135,-43.95683
226.50325,1.63381
190.38686,41.15079
248.13274,82.53791
147.35252,-32.83881
182.04623,2.87832
199.83603,-14.84453
38.50008,20.97677
279.15536,19.92151
110.59394,22.08328
19.7922,3.30083
73.21729,-59.74226
193.95395,4.30412
193.08165,-41.06002
40.70123,28.57421
56.57919,-34.94355
193.84142,58.344
12.00621,27.62386
15.71465,-65.61015
183.26271,7.03881
133.07639,-17.74449
150.5695,24.71111
194.16927,-7.56278
190.65677,-40.74423
219.45418,-36.87799
230.23097,-2.57801
139.34564,41.99971
253.24535,2.40102
95.41145,-59.73991
214.01877,-52.60871
58.3926,-66.01806
84.51195,16.25667
135.66432,-68.22684
259.67126,60.6081
274.73141,23.65561
148.42035,1.57965
358.47455,7.97055
54.25194,32.66896
58.38296,32.4928
188.1987,63.93925
228.37886,-20.67507
324.75919,44.23888
352.14624,32.41573
29.17029,33.04351
183.07834,29.17931
283.23013,-59.25543
62.99718,-32.85081
187.18044,11.75492
235.09691,-63.32679
210.54921,55.81401
85.2383,-82.1194
162.09776,-25.16204
33.05132,44.5684
114.55013,-69.4754
221.2877,-20.87047
142.72038,-14.73577
211.40242,-39.20337
213.10074,-30.64408
252.92665,-2.61519
71.62399,18.46091
192.58022,-13.32434
187.18982,44.86422
184.89995,-26.14551
198.44121,-13.04236
269.01553,18.37301
43.80111,-0.18384
213.33279,-3.14888
341.38202,-39.34184
309.14096,11.49471
336.6149,16.14821
17.86522,-38.08347
88.72334,46.43934
167.73706,53.38768
38.69572,32.84621
193.21925,-15.4133
157.74834,-34.56295
184.35759,6.69003
185.08655,29.31088
19.8947,-58.5243
227.73201,-11.47999
31.13578,-52.17215
143.02599,8.44186
273.46207,18.82528
30.27688,-6.81585
232.48152,-70.58495
244.08136,-61.29609
341.05728,-64.04338
290.2392,43.13249
354.06311,-37.93947
126.78362,25.97034
142.37601,7.71882
224.66591,53.88609
254.24861,-65.95293
119.30725,23.76772
181.34456,50.35279
185.75795,58.44464
240.89825,-60.15027
278.60318,-58.49662
10.65345,-1.52878
49.97563,41.5634
55.48924,-4.70486
101.5917,-26.10872
197.38805,1.67311
242.9039,-61.08137
192.77826,10.91208
49.17918,41.32483
74.83596,-7.85896
140.51875,71.844
176.009,19.94982
178.81107,-37.6963
227.20476,-11.20784
50.52732,-15.40005
290.37863,61.14489
132.68948,-21.96337
167.64497,-49.10261
21.41789,34.71297
269.0238,33.2084
2.48559,-24.96313
34.55899,77.78107
75.18213,62.24403
250.76794,61.5789
143.79509,-16.39831
201.97638,-29.61802
261.7981,11.5436
280.16721,36.28964
263.88681,60.8134
298.59802,-58.71356
29.45973,36.3431
185.28607,-52.58609
64.10223,-60.20682
13.78131,31.54228
184.98358,5.34335
315.87341,-67.18132
27.43241,35.78563
185.45438,-24.16829
258.9133,-77.48952
344.8454,53.74006
233.63496,15.19382
243.17395,-59.24279
328.06381,-55.56967
51.25706,-5.74589
167.70239,-37.44787
53.87931,-34.44705
190.22505,-41.60663
208.81689,59.50668
186.42377,12.8104
292.48444,72.11282
45.91,-15.61349
246.3497,-62.63799
299.20499,40.41113
288.3819,-47.06146
344.48972,26.15
147.73804,33.55353
244.79811,57.98415
272.22382,-37.09842
279.48749,-62.53091
268.99911,18.33826
74.72753,-0.48891
156.93652,-40.43504
187.21146,-1.93916
234.34344,-16.59577
238.59641,-61.34001
330.86252,-34.94183
167.47246,-23.72593
232.53481,-38.65099
226.3967,-72.43284
183.9996,66.23076
280.79782,18.72762
178.29883,-39.13025
74.86555,-11.12295
119.62518,-14.35427
320.28177,23.08496
264.88159,-85.31042
308.77884,64.8028
185.55301,-33.48449
221.89053,-14.85357
143.73993,21.70525
155.29276,-46.013
174.5892,-50.71536
176.43988,10.82461
111.80984,85.75455
250.51299,-5.03264
87.69429,-21.56726
37.70269,37.13677
350.50375,-42.48049
107.0582,46.11585
170.99277,38.56237
193.00214,-41.14692
217.5434,31.2155
112.0542,58.5067
211.64789,-34.31161
99.62016,-24.84868
209.96175,38.18245
339.23407,38.54806
12.0137,-2.77534
44.4232,6.02693
335.91318,-3.43161
14.95871,-7.57796
141.22954,26.77467
352.2659,11.44516
184.35947,70.80257
38.53295,32.94725
190.05756,-25.32688
207.73724,-49.05541
142.57082,-30.38503
180.71107,48.63626
328.11017,-81.53082
108.30081,12.26608
21.67731,2.02235
281.7399,45.70566
43.63963,-18.63508
107.91849,-26.70506
271.09396,7.28035
176.21686,-9.23327
219.9431,-32.66921
183.44695,13.42479
204.03436,-8.49774
73.65974,3.26797
269.87839,-63.66873
56.42966,-4.09158
186.79828,9.42055
316.96738,-47.17899
69.15276,-3.18887
124.48503,0.74569
126.37777,-68.11767
71.03761,28.21681
27.766,-9.70262
80.45062,-23.81015
188.92159,26.52304
302.08115,-48.2114
335.76752,-79.99696
134.87695,44.91398
226.89476,19.5823
160.96057,-38.26324
260.92096,-65.01024
77.94227,5.20061
172.04588,25.6611
279.48358,-62.70065
74.32111,-15.28899
203.04343,62.76779
234.47282,59.3918
250.76562,36.83241
335.80014,40.05562
154.1423,21.12293
274.92859,23.70956
47.77229,35.38682
189.57669,-41.50334
197.44875,-23.38388
223.31261,3.95973
300.87543,-54.84477
46.13481,42.33931
101.51486,29.34813
54.66073,-18.42797
131.50412,-19.3029
304.87347,-70.85986
308.27545,-2.02749
28.73427,-9.01085
65.53724,-43.62957
82.85757,67.73055
134.39944,3.09028
10.36676,25.49937
271.05716,-65.40993
276.28006,-63.24836
4.43965,11.45033
181.66217,28.17422
159.37115,-26.317
279.35901,26.4172
42.66879,41.67149
187.74892,8.07794
240.9556,-60.97781
274.63947,13.26502
305.88785,58.34405
118.51998,74.38624
185.67593,9.33282
310.97379,12.51192
152.08606,31.8627
275.35278,-76.58333
327.74268,-71.41329
9.215,23.99092
26.06091,28.70592
37.38243,-42.81135
49.18333,65.02867
186.90285,8.15434
226.3645,1.63471
327.6069,-30.99473
118.58653,4.4597
222.82455,58.97773
197.01802,-23.79687
116.05669,31.65121
159.22035,-32.34835
181.78944,-40.20818
181.98921,-30.33947
171.10867,11.34206
306.94193,-3.07705
197.57387,-75.49657
198.16614,12.59975
327.08127,-34.95129
317.31195,-63.29002
140.25238,-33.19154
136.90274,3.39295
247.15945,39.55135
9.82677,3.03746
166.78145,-37.17264
197.31689,-5.39642
198.51341,-16.12312
15.1517,30.66898
178.8696,11.96835
270.4653,6.96825
190.67067,14.29585
154.41069,21.68825
217.31921,28.82191
144.63959,-61.73849
153.08278,-47.29475
182.50635,39.88386
186.39626,45.68466
271.75284,-57.73092
333.13147,38.68277
352.11624,22.4212
15.46144,-6.79981
306.91205,-47.02702
163.5334,-33.11958
343.92374,-5.49534
27.62853,6.14521
35.83488,41.95141
146.28741,68.59451
176.89313,55.96725
313.00681,-69.19331
207.28918,-31.16504
9.80578,0.86413
123.31101,45.98979
201.65627,-12.3239
277.41141,39.86514
15.53836,-4.24546
92.00926,-21.74669
143.63167,-20.92035
241.92058,-60.67034
109.85928,-35.65652
155.45415,74.17687
83.20146,-14.0628
33.95818,-31.201
198.88043,-23.98244
27.63849,36.37081
23.7693,-41.4362
144.12619,-62.09931
336.04617,36.12587
9.82741,3.3313
209.59602,-48.47611
320.75827,68.19506
353.3197,-54.09447
35.80408,42.98782
53.57664,39.35676
185.69499,65.84377
222.28532,-20.37603
36.36157,41.82429
245.25694,-36.14211
352.2287,17.30963
21.59075,34.70303
217.06816,25.84878
241.4666,21.48496
300.58167,43.12683
17.15397,39.64431
46.7184,-0.79443
192.90448,-8.41022
198.2271,-16.76583
27.23392,-23.79815
224.4554,-51.97118
339.33075,34.4479
59.28788,34.16088
100.18004,-58.52459
165.40979,-70.95306
204.90796,-11.49386
310.53574,-73.61937
172.10017,9.40772
187.76857,-8.05392
255.04782,-9.92996
60.99501,69.85989
193.38396,-9.5415
37.06029,31.31151
70.40211,-1.80902
174.43375,47.8931
74.82244,-11.11866
209.30801,-25.24582
216.05516,-16.723
48.03888,67.40597
152.75902,-39.69347
216.82607,4.80288
280.80191,60.65333
84.2722,-5.6826
229.04144,-44.01487
295.42551,50.63249
132.10577,73.96716
351.83057,12.4674
138.06052,44.95486
344.22101,-36.55417
5.34335,22.43362
138.66339,-60.43414
28.92135,-29.92235
158.1855,-28.61005
283.20007,-63.25961
198.10977,-15.79786
275.59128,23.47855
16.82331,32.48288
190.23984,11.91212
202.32982,17.05172
21.19116,9.99452
83.67244,-29.23208
284.90994,-64.67514
138.89549,-35.64804
210.29359,-33.94582
193.06183,-26.30395
278.17145,-34.19094
146.9173,-30.94887
276.90463,14.81906
197.75755,-44.59253
295.74823,-27.41918
332.81354,-30.56316
349.9025,8.06324
102.21162,-64.33553
113.54065,31.40585
201.04173,13.97648
285.37787,-57.53204
55.73367,-12.91643
6.49886,29.21207
175.05627,15.34236
192.61938,-26.84262
231.53348,-22.28247
41.64132,-0.24708
197.46536,-16.51571
221.40366,-11.80963
264.38916,11.12173
280.64951,-64.94292
282.64227,26.83838
194.38319,28.47692
208.5488,-7.58813
38.67966,23.41306
310.87527,80.156
286.54428,-62.19693
122.30292,-61.66037
159.812,-30.29782
273.92914,24.91243
313.58786,-44.06268
121.55603,17.7065
187.18036,14.99944
203.308,-16.12132
207.89694,-48.0266
170.91077,53.84213
238.55374,-38.84533
268.17429,29.83867
149.52888,10.35979
176.80133,89.09319
9.33971,-19.93425
94.27003,-27.38858
194.54327,-22.87601
38.16598,28.06994
45.4002,-14.8366
201.0072,-32.34394
138.37563,-60.78953
17.30898,32.75214
191.44844,-7.0697
207.23361,39.9852
59.63133,-81.063
82.00823,-5.31066
353.61453,-36.10108
175.17361,20.34301
136.92444,-23.62141
171.77097,-28.98021
190.63345,-0.08254
192.47572,-41.27935
301.41168,-54.37561
68.27482,-4.29745
131.02464,49.79391
187.66928,9.01567
314.54318,-48.6303
326.8172,72.47214
350.76373,-67.65372
93.62344,80.44989
164.0061,57.11697
320.80804,-45.77311
24.66347,-42.52752
37.04644,19.59912
157.89746,-39.95465
131.12901,-20.35049
201.30794,43.26726
223.56857,42.55784
46.43062,36.78617
65.07367,-0.69273
284.08258,-40.97754
43.93422,-14.20778
151.13545,-62.51748
176.0573,57.94818
263.16571,16.40177
27.30857,13.05531
219.39697,-54.07935
57.03135,42.21348
89.46763,-20.08463
29.41827,-57.79016
37.12513,51.44643
165.69716,17.98949
12.75776,-7.05693
87.82441,79.69619
27.71341,36.27577
162.57494,-12.10873
191.12242,13.49862
221.85706,-13.71614
76.64865,75.59538
237.1039,-13.75757
282.87448,26.48375
349.73605,0.24384
18.81885,-1.62619
115.16377,39.23338
265.87653,-69.7852
37.36459,31.64093
39.07589,11.64207
277.6658,67.98701
83.85654,-17.81529
312.13525,-8.36018
341.51553,-11.0011
86.4495,58.70107
123.75037,73.57896
158.67822,11.19721
174.93578,31.93128
186.22888,7.44451
248.04597,-28.09203
58.63863,-2.91792
81.48668,-46.72847
170.57506,59.07424
20.44914,17.59242
65.67838,-40.60093
197.94069,-19.26175
307.66037,-33.48557
264.28287,-74.38143
335.18652,-24.67833
224.85329,-16.69347
320.6308,-36.68155
42.39114,-31.1894
308.0802,11.3673
23.42051,44.92869
74.06179,30.05223
232.00279,64.76316
29.60963,71.1189
113.13213,-84.07233
185.198,58.0924
230.19531,-36.93369
171.07092,-13.85722
43.21276,42.20544
130.73802,-20.05115
92.19535,32.48428
110.80168,58.06479
112.24871,-66.8983
148.33432,0.69767
217.13045,-37.58375
51.20291,-3.04228
94.62652,-18.53727
102.77623,12.92204
5.38207,-48.62473
171.79659,17.03028
188.71193,15.55148
194.40289,-27.29215
199.83797,-43.64939
286.49976,-42.3657
347.26422,18.1772
174.34911,61.75936
332.5488,-16.661
16.92752,-46.90759
32.41074,35.79723
39.81229,30.15167
43.21589,-1.27466
157.46455,-34.91165
338.9913,33.96563
72.90347,67.21676
217.60628,35.32107
345.36932,1.7534
63.41165,25.48292
108.11954,47.16677
181.47295,-29.29208
209.23328,29.16429
332.73624,-46.08147
120.48847,8.55183
163.12971,36.61878
193.57919,27.06806
68.20453,71.88311
144.11694,-11.33053
194.82687,-13.23104
195.42369,-30.91235
219.37689,51.55816
69.28159,-2.30464
157.45244,-35.32238
288.51614,-56.61071
302.19522,-61.09991
124.80909,-78.69614
354.62241,27.03137
32.36763,-9.68004
153.04941,-62.53339
184.35152,-9.95164
16.81536,32.52035
40.09988,-8.4336
74.84537,-11.13232
349.97684,43.95771
168.24449,72.87931
345.03687,-12.80789
243.48415,-61.01143
334.12122,-21.43069
125.90181,-15.03607
128.04713,22.56058
171.92165,66.58981
217.30617,30.02641
294.46509,41.00938
73.71777,-18.11557
206.85199,-30.407
274.42117,22.23845
317.03137,-33.24277
22.92545,-0.93291
32.72771,-39.36588
108.88461,64.92622
187.23976,13.24192
208.36543,37.91504
181.47485,-14.52642
198.3017,-36.7228
214.53841,7.56452
354.13107,0.29731
54.84105,-22.7247
125.35114,-13.31787
158.94763,-32.35851
312.91803,65.44398
326.85547,-34.88367
126.20948,73.41203
182.20816,74.9043
46.88714,42.38755
60.11295,38.90487
204.19824,-34.06586
27.22273,10.52162
107.28328,48.61554
126.25838,-0.59146
133.95335,-3.12758
150.37442,-34.11241
171.61084,57.04832
192.35403,-5.19587
325.8342,43.5763
138.41451,29.99285
322.94705,-42.84768
49.74217,41.47009
174.92708,31.90941
155.16005,25.505
192.9411,-26.09018
266.7117,-59.25838
20.73061,33.17392
49.19466,40.00364
230.29836,-23.65841
359.85626,20.74985
59.53228,43.55092
83.11917,-13.92699
215.97935,-28.68805
305.8913,6.44366
148.78735,-33.13713
189.46301,-40.53736
319.23038,-42.26001
348.93527,-2.3815
29.42582,35.91612
210.55431,8.03697
348.20273,12.67931
192.90686,-26.11741
241.1281,3.86853
359.81589,46.88923
0.40968,23.48363
28.20419,-3.44682
157.76001,-28.71665
31.23192,28.98743
263.93222,-7.34798
298.0365,-30.82527
29.23754,40.34139
32.82233,37.49717
95.59194,-64.93407
139.41634,52.99282
308.23312,54.50876
123.55893,21.3555
149.90282,-28.33136
159.01738,-24.32307
194.50343,-3.62113
183.47328,13.1729
44.9285,25.24116
70.03284,-0.54752
138.81387,40.91762
39.31034,7.30563
162.92751,43.71262
205.53667,-30.76343
278.32187,-57.97571
21.4346,-1.37948
62.19194,-62.79759
193.40002,-8.63875
291.01321,53.62478
300.70886,-65.22987
86.81218,50.87091
305.62924,10.1501
68.06627,66.30631
132.59186,73.46309
143.22049,67.6174
182.96864,24.12366
228.77119,42.20985
344.4563,-65.03855
2.1439,-33.85834
20.33512,-34.06329
28.28516,36.81985
289.85196,-60.64426
46.54128,42.37193
93.99931,-26.76548
265.63327,0.2168
280.16086,-77.15794
124.95132,22.03143
253.73965,-72.58708
332.28198,-27.80947
357.74408,27.1474
299.49991,-32.66336
93.26134,-27.72983
107.39245,50.18225
109.01704,64.71144
159.16016,14.1714
194.43719,-29.76635
281.31232,25.51258
288.89218,-54.62669
103.89884,39.7646
198.95216,-16.5189
205.05341,-51.14226
210.08379,38.91537
212.14589,-49.23425
54.41352,-18.33946
201.13651,-21.13683
266.7883,-64.6387
327.05432,22.15958
69.63922,55.53683
211.30156,55.74181
277.2489,6.80764
318.4411,13.57491
121.53115,-22.56368
128.97313,0.70719
168.8623,18.11036
238.93034,47.86729
136.38795,-19.20702
244.29504,-58.31253
249.42686,-21.44661
27.17498,-48.64849
107.04591,50.68193
112.0264,-62.36312
224.25157,-35.88484
207.06697,3.95089
214.49808,25.13685
71.09803,-8.53119
141.58195,-28.03509
159.24214,-28.17641
188.07269,-7.56346
235.37668,15.78767
39.11595,38.96907
131.32123,85.74001
190.60526,-6.971
199.60713,-35.35248
247.43695,40.81168
299.19809,-60.468
32.18549,38.77721
68.50011,-8.57915
192.88495,-13.33003
333.27942,-26.15001
113.26947,65.07912
169.06512,-33.82746
186.52968,16.18088
213.286,20.41629
352.25717,-59.71667
31.51678,29.79301
164.52264,-50.50808
206.86824,-32.86499
49.30495,-32.57588
160.06068,-46.32845
157.27661,-35.5952
191.92653,-41.52827
228.76729,-10.08612
316.17096,-48.1909
79.16167,-37.10252
100.13566,50.10551
116.03802,29.24743
146.05429,-28.84889
324.16394,35.69472
8.90174,9.12424
39.16151,-54.85978
161.16405,76.80944
248.82985,-58.21879
175.89445,8.94252
209.23616,37.61036
295.74484,45.29819
26.85355,27.88576
43.79618,51.90716
71.11874,75.63974
163.83778,7.69675
169.86806,-52.37164
201.93155,-57.509
214.6617,7.37735
14.17354,-52.97591
280.43097,-63.94819
155.48941,-22.26776
91.18729,-73.39984
275.76593,-59.23894
319.96387,-8.78295
330.25836,-13.26974
137.63382,50.43333
153.36484,-38.19612
223.45631,83.59052
241.10439,-60.73744
298.51028,49.93785
265.68225,-61.69427
333.14932,-68.66187
128.8223,28.47346
202.35814,11.00793
203.2225,-24.20713
88.85545,51.91061
139.19992,-26.81628
175.28212,24.8217
215.60576,-34.36538
227.21703,-38.4793
262.34113,16.20675
85.46301,-64.30113
192.79988,71.63671
241.58847,-67.72335
254.49208,27.85439
358.36163,7.87566
17.19805,-28.58234
191.87604,-39.57086
194.93904,-22.1754
207.15205,-30.42852
258.84558,57.41123
18.52925,-32.65088
72.39178,0.25285
111.9781,-67.57423
200.21109,-47.2183
220.1214,-35.12341
275.82443,-43.14253
37.79076,29.58875
193.79375,-12.60847
111.33717,19.17743
36.69511,20.49749
150.9337,-80.42167
164.64281,-46.58389
168.85643,47.44712
218.16611,36.30227
86.82591,56.11235
197.66054,-41.55994
202.6713,-28.1503
271.29175,25.23262
59.36412,-46.21072
71.2981,-15.87002
158.68657,-1.96907
243.60335,-0.20754
64.75819,26.8275
101.42131,71.34383
183.87682,9.58495
277.43335,12.13853
5.5564,10.49159
224.43526,-43.13135
229.04518,10.50968
310.23557,-20.47021
351.45276,27.02989
9.01692,23.95789
152.40941,-39.9377
344.22638,-37.34725
278.48187,22.88828
198.39072,-43.52602
202.06268,32.0324
75.80489,-22.83312
228.7924,-14.61693
355.00342,27.13372
60.52832,23.13291
79.75584,-37.08937
194.35147,27.49772
70.67693,18.5834
215.95642,14.63872
336.09088,-33.69409
66.14594,33.87508
152.28116,-29.0643
301.56506,-40.1983
72.13688,-6.57008
278.19586,-41.51205
330.68539,-32.80313
3.66711,18.58203
145.10031,14.92265
161.76689,17.2737
187.71765,16.75876
129.35638,78.02641
166.41205,-9.92385
192.55115,-41.5149
195.82597,-30.52103
317.40378,66.16994
145.11974,-32.84354
100.77509,-74.23625
159.04924,-27.16223
300.05063,-38.57858
301.70795,-56.38993
331.63306,-31.26301
42.22079,53.03735
109.82761,51.2924
34.68864,-6.63909
186.62328,9.01927
170.63127,39.87692
217.45454,-29.74849
339.67255,-25.85068
63.45703,-32.00698
160.78195,-46.2124
213.91348,14.28263
143.68149,-21.92779
192.98067,12.08297
263.92783,-7.69303
342.50891,11.69867
1.58297,-41.49992
181.8011,-14.18538
195.0439,12.48334
208.57913,-26.87352
286.19342,-47.84864
1.61858,-3.71615
32.33691,-10.13309
76.6386,-17.58584
214.29195,-55.54429
147.78455,-17.50007
164.56389,-49.42377
149.19965,-65.62592
186.91081,-8.27843
195.23598,-13.94423
215.01874,3.99265
160.11816,9.1825
275.07462,-64.73409
128.63896,-2.54681
349.93417,8.57639
2.38623,33.30867
172.88474,-14.23136
192.08981,-41.71436
198.75888,-15.9518
268.71149,18.32686
277.77884,-71.69368
72.07114,-5.42762
201.90225,-29.56226
216.28152,-13.163
246.64861,-63.19617
46.62952,-66.77562
184.94672,5.28369
350.12491,8.39573
96.73183,59.08008
22.73025,17.18855
200.93747,31.56576
212.14992,-53.35281
294.19046,-37.55436
53.69743,36.20985
65.28647,-48.25478
157.95892,-30.38454
344.43192,-36.02623
80.68845,-70.17442
106.08459,64.02029
232.50351,12.98931
108.13625,71.75053
211.67184,50.72329
270.86444,-0.29529
329.10062,73.26091
38.52593,34.47995
187.49615,12.34868
198.9971,-16.39717
203.11633,7.31659
273.26761,-37.67546
297.33493,4.15388
322.50809,26.71788
190.54456,7.67695
189.95953,-41.10678
200.12535,43.08397
348.98306,13.19622
3.64543,48.2555
42.75365,46.95485
86.47462,-21.99913
179.52409,-2.12011
184.73404,4.78598
198.37828,-19.54663
30.04792,38.02135
243.04814,-60.78331
346.85483,32.37505
140.9487,-25.63791
169.52774,23.39734
32.52552,-32.93987
137.39017,33.12342
183.19354,10.86597
305.33127,-53.7632
341.10153,-0.16205
353.26068,-51.69835
293.10358,-64.41338
309.75259,-4.97259
141.21873,-25.78821
144.63702,17.03129
202.34822,-34.27128
230.39978,-12.09341
279.47345,-57.61108
317.13336,-29.76905
341.20001,-23.68808
3.25313,30.91529
217.60657,11.92797
259.47079,61.78077
100.92432,65.20629
27.26915,-14.97483
134.05128,-2.56345
190.30168,11.88664
304.65869,-0.15051
4.10144,-6.3219
117.82808,50.23551
181.19325,-53.17467
281.82523,-63.35941
329.82434,-43.86702
25.93494,-36.08883
240.05106,-66.38329
15.23092,47.68198
47.06454,38.38216
62.40242,29.37537
160.91205,14.87194
315.33224,-72.64273
345.03735,-12.83429
65.06741,-45.03146
193.06665,-41.39051
204.37476,-49.83692
227.30499,52.52835
345.504,15.96485
159.06323,-8.33395
50.41649,41.36056
71.83669,-10.23808
148.07986,-1.61225
119.50181,52.86175
207.63521,-48.58961
179.65833,47.26132
285.28174,-45.31373
90.65813,65.37121
169.37569,4.55548
228.38396,-39.21536
6.37474,45.92171
122.75665,5.08734
124.74119,-67.50287
144.42137,-22.03505
149.77673,-27.12881
176.11803,16.55803
192.82744,-14.5736
288.64456,-46.59595
150.9662,-27.57087
214.61072,-27.37885
76.97929,-18.1899
84.90458,77.31248
119.18828,39.92783
151.0088,-6.47479
186.35623,16.47
220.52867,-9.00944
102.5442,-11.25361
200.19521,-14.08066
10.8849,14.3426
160.5096,-33.24545
179.6492,16.1773
204.0094,-25.88232
308.87927,-2.76479
90.28321,-23.67235
114.52294,-55.19078
293.06888,-55.90793
48.69879,42.22263
191.81454,-10.06344
307.07779,10.75578
168.66281,-33.90675
178.1776,20.6313
194.21356,-43.12667
260.97162,-59.99938
303.39957,7.28173
141.60219,-11.55572
162.31967,-19.63693
175.31702,59.88583
176.81836,-37.54952
248.96205,-61.46674
30.06923,-83.98769
38.8445,12.83771
77.63174,63.16546
111.14905,57.96756
145.592,-41.81581
184.14035,33.52203
237.21458,-67.32348
28.07547,48.08778
192.08499,-26.46454
53.5811,39.54567
60.93328,22.15909
119.20275,7.47797
103.2377,-71.76176
148.61639,-18.63888
149.19955,-7.17965
20.47458,9.20654
178.74469,58.49348
185.42279,5.38483
137.25398,53.84951
192.50966,-25.92068
203.60515,34.69042
235.65381,-38.70089
246.29305,40.89281
340.22708,75.1647
2.58326,-46.41942
157.25447,-44.40288
207.65009,33.70485
30.20249,-9.00254
49.70755,-1.97333
103.05146,74.42698
123.24147,36.25454
188.58052,6.4677
193.44043,-6.62217
256.91855,60.75084
341.40182,-65.12183
27.96053,6.29688
37.15549,-10.53917
94.76556,-8.6369
148.63722,-6.85757
200.07301,-43.86466
138.10159,35.02748
244.50717,-63.20216
75.90427,1.57334
144.53287,9.52388
158.53096,-35.32339
160.07092,-27.77709
287.06821,50.93314
64.35535,2.37109
101.16959,-71.45738
352.52777,-59.46471
37.13964,20.28368
150.82765,-64.96745
300.64899,-23.29545
39.54816,-1.31869
112.57689,-31.59902
134.29773,-20.5771
279.36032,40.05774
52.02483,-8.38862
142.72467,-35.68843
151.07169,-75.47878
176.27315,8.46947
218.10745,8.07849
142.7789,-30.35827
163.27483,-40.32905
340.14944,72.86389
154.88756,58.20576
171.37685,63.44623
215.23312,3.238
269.66479,-58.37162
14.85152,-34.32892
77.78782,-34.39346
311.01324,3.20944
48.53769,-2.82295
56.32178,-23.00247
329.48032,-28.80409
23.90201,-39.35783
109.87882,59.35511
145.78604,-10.38325
233.98752,43.49318
237.80354,47.25489
18.46357,-31.78835
144.49837,-30.14872
159.43875,-26.63073
232.7345,82.45585
13.17105,-83.85526
14.06639,-52.78268
14.17781,-9.91407
310.8714,-53.35674
16.70964,75.60033
150.68001,-42.08975
164.55244,-50.44335
50.512,40.8639
141.73596,-24.78302
194.78708,37.31033
201.5235,-48.23592
207.41167,4.23829
61.8506,30.28924
104.39635,-45.81197
173.55809,-9.84567
175.5462,10.27775
185.84949,7.47315
231.51204,18.07367
241.89655,-59.85992
308.33014,-25.47445
14.59924,-8.40775
20.48261,50.04747
30.93678,38.25871
112.22262,33.81905
137.19089,-38.60788
315.93665,-49.02975
196.20827,-30.24429
350.79898,43.95892
5.62501,29.74535
70.71504,18.55457
179.39828,55.45878
265.9108,25.49391
48.20234,-5.22469
193.33467,-41.63564
279.04068,-25.09445
136.64883,-75.8257
207.50618,-30.57846
341.14352,3.6464
30.6222,18.37299
38.60741,32.95444
95.36033,-28.11142
229.76498,-23.82076
330.96701,35.99061
334.69382,-36.80159
33.15404,-31.9446
107.9225,49.86194
178.93797,55.32064
337.74963,-14.00354
19.97945,16.54469
75.52087,-69.56828
187.33881,8.15659
187.71414,8.36012
175.05804,24.69703
214.99689,-4.45125
56.64973,-4.4532
112.07298,-62.35292
163.66704,-21.06655
19.06179,31.03383
74.60068,-62.0284
176.55078,20.39163
39.82039,40.87229
39.90226,10.79334
228.84715,55.51716
232.4375,42.91868
294.38754,-6.21799
184.88589,56.7366
21.01626,12.91738
21.38994,33.67136
220.74113,4.89012
316.1214,16.08277
55.63604,-4.29864
186.09038,9.29276
195.76199,-30.79299
209.41335,-34.21901
176.02032,60.11973
191.42599,-26.24374
222.91199,40.59919
12.00629,8.29709
66.67387,20.40783
83.30374,-36.39882
165.94199,-23.2455
348.62265,23.68484
1.12828,5.20028
49.68716,41.46772
196.73553,-23.91704
246.53967,-61.66198
104.07301,45.4928
212.51837,17.73379
222.84657,-37.98581
281.73264,-57.69497
125.0986,21.13148
334.76526,-20.93991
17.09773,33.13361
87.38144,17.68551
87.8121,-53.57481
151.66624,-19.22158
227.38152,54.50641
345.69373,-40.83526
28.37354,36.22129
49.00312,-2.42737
284.94659,18.83039
287.18237,-51.04607
311.85123,0.30083
313.0394,-48.77778
325.86258,43.55515
195.87387,-29.82876
231.48979,-37.15541
134.71027,6.29312
304.07504,-44.29992
333.1235,-47.22195
32.46165,-7.76243
47.71946,-10.74799
183.12947,29.16856
33.63986,-0.76672
66.99999,-47.91273
160.08588,-36.41111
156.9393,22.84715
216.86826,46.14654
279.24258,-59.4023
48.82462,42.6963
208.02455,-6.0583
241.23622,23.93283
1.27599,6.92011
141.10632,-41.39413
184.88371,49.81568
208.5593,-1.43645
45.67198,64.34848
58.30561,60.33939
86.39365,14.89981
149.07999,16.83122
172.04845,-13.19437
184.92632,5.5382
322.88742,-38.6179
120.44131,56.55337
192.63797,-9.45112
195.35889,27.88598
272.73953,31.1162
48.83791,41.35542
73.53001,72.32381
159.79681,-46.14105
191.60847,-40.75253
198.09537,-4.33648
334.42184,-23.73104
29.5757,-54.21582
69.74287,39.28075
145.54784,4.67313
203.92236,-24.0738
241.94803,-38.88159
269.6778,-53.79984
74.04076,2.15688
148.82521,4.27004
195.84879,-32.23719
36.53204,31.91233
124.81141,-25.18798
153.17175,3.12932
195.08403,-6.10384
98.19653,63.67367
238.55807,14.60124
107.32535,20.63597
163.6635,54.30523
245.76292,37.92236
251.47766,-23.4517
40.80185,41.5006
225.42439,-19.29003
70.89324,38.20957
191.73805,-41.58254
296.78149,59.90708
270.44327,19.72895
316.48016,-48.20711
144.55679,-63.48656
266.7139,20.76114
358.04456,11.4703
0.95359,7.47864
14.94423,-40.33355
156.92694,-40.00257
207.61778,-52.66076
285.64691,-36.37178
23.49057,-36.49324
31.36892,13.25151
37.01505,28.17533
190.22023,-36.75586
322.93185,-76.48132
93.69782,66.56749
107.44526,-27.5689
163.01599,10.14825
224.02704,-37.69646
273.14041,21.42614
72.89765,-2.62315
285.97668,-22.94102
66.90295,56.745
99.05153,82.96911
204.41425,-33.81136
224.3405,-19.2137
227.80571,46.1512
243.39873,-60.86517
172.51961,-11.54621
183.82031,13.02384
277.09952,22.7369
332.65942,42.02127
40.91916,1.37587
88.25033,-17.87607
182.22163,-9.0365
54.19788,-34.73961
119.80447,32.91478
35.40196,-5.52138
113.75941,32.82215
166.63377,11.38536
186.06053,8.53585
192.68573,-42.54778
221.89026,-19.76412
237.68233,-7.56041
151.67293,-41.11819
113.33326,59.62536
161.5432,73.35307
193.3634,-17.00553
331.68295,-31.16245
115.82693,52.3185
203.05582,-8.78623
330.57693,-20.54774
0.00695,47.27456
50.99356,37.75566
174.4355,-49.17705
178.35027,-28.55316
292.7836,54.10217
143.93344,31.70543
167.11047,-10.25604
168.79863,17.26269
272.12781,-52.06696
279.02985,-37.94585
349.56784,6.58579
32.32533,-23.41507
68.40767,-13.26196
161.6803,-40.01601
306.08438,27.06384
39.66614,41.64753
69.12321,20.60449
105.63776,50.59059
163.70262,17.62119
230.40802,-13.16928
5.51344,22.40809
80.64731,-79.85181
87.80624,37.90074
203.97424,-34.29575
204.328,-49.74886
341.8873,40.2388
194.21957,-41.81332
215.57845,50.50139
336.70193,35.51872
39.96083,18.02427
64.80894,3.34834
65.4902,1.83897
193.84074,-49.54974
201.00133,-12.27645
308.87021,51.59096
349.18018,33.99582
137.26265,-67.93247
139.09421,-71.14912
160.13826,-46.19094
274.20532,-57.2315
28.87778,47.95496
55.98701,39.29515
77.22797,75.42789
85.89792,-71.14211
162.11636,12.53316
233.8468,12.04754
292.07086,-29.52901
18.04021,32.12316
119.87378,27.02642
183.54002,54.52663
199.08374,-28.28569
203.332,-53.3547
299.44241,52.87993
211.58975,50.72502
326.54059,-48.3538
329.37143,41.24889
332.80008,38.92728
344.33139,-1.04901
344.47891,-35.85804
24.78753,48.28266
170.88449,-8.65855
340.95541,8.70548
204.62387,-10.70417
220.12518,-53.08181
36.50204,39.47092
170.68265,-7.67625
38.58335,32.42944
85.16228,-70.7533
279.47687,17.53386
331.20551,-64.04684
13.03729,-2.21844
51.73548,68.58124
115.99269,-38.56695
210.85356,-6.0691
284.21268,-63.16623
18.24973,-0.25244
47.32647,42.97215
57.94149,67.33501
242.5712,-60.95897
133.15848,-2.60323
211.87405,-27.01787
304.68195,-16.946
174.26187,58.41558
358.33197,7.87093
34.13483,-11.34855
51.51078,-17.59149
2.39809,-32.27686
49.56203,-27.61033
149.34955,-19.35498
248.60616,21.54087
309.10431,-49.25907
53.77151,69.03468
161.06216,22.37103
201.22334,-30.33362
253.46756,39.76019
323.95056,35.35113
117.16351,54.6119
221.86879,-22.27824
12.63549,-8.65163
51.77112,12.55238
72.3659,63.92518
175.07706,9.00986
181.20769,-2.38249
185.31866,4.59568
199.96666,-22.27884
252.72263,-15.00397
113.82063,-76.91876
116.98626,-38.89461
161.52069,-45.32735
196.93286,-19.39561
339.37204,10.53157
356.55023,-75.27484
9.4904,8.63518
67.75281,34.61543
217.50557,36.36092
351.81744,69.01294
30.62846,-50.93165
70.72878,0.61859
117.31197,-5.93713
176.27083,19.60635
350.42401,8.88692
55.12239,-26.86225
217.54977,-36.96435
220.17862,3.46542
240.07204,-66.32195
343.38593,68.68269
155.78412,-39.62391
200.65425,-53.43337
327.02246,-50.56522
164.78755,61.53049
193.01332,-41.45991
197.43367,-16.60215
237.43962,-39.73895
29.69999,24.89248
126.00687,21.02718
91.32485,-27.85698
150.35802,15.76999
327.39798,15.79045
129.38629,28.70522
189.52145,1.47785
43.41381,-34.19763
159.40546,-27.59408
227.87048,-75.85997
309.72702,-5.6399
109.68143,-62.93629
214.41777,-7.41743
221.25789,-13.94664
163.06697,-32.67105
174.31021,17.83996
323.63947,-40.81863
144.72279,-4.8487
186.32486,-43.44547
339.62277,35.32798
28.24865,12.70847
37.91162,-44.52431
39.83004,6.54393
44.35833,10.47894
69.40117,-4.71487
224.10022,49.69609
35.27702,48.96019
152.82903,-17.20429
217.45752,49.62263
56.86755,41.3072
68.4003,13.52105
122.84615,3.63307
224.03514,-37.64787
20.26224,33.89845
195.2444,-0.02745
230.8533,-37.37724
18.90678,33.06771
45.37682,37.76599
63.38977,27.54159
203.27228,-1.03579
54.77882,-18.29228
213.09731,-27.10802
262.35172,-12.13001
66.10558,-0.74623
81.22723,-12.6888
92.04585,34.26363
191.87006,-43.3348
252.88461,-3.09644
78.12373,51.28753
267.94577,24.48347
273.57043,-60.0917
14.13576,-1.77196
69.72813,18.83909
220.40932,-33.31106
247.27731,-61.64428
353.88455,5.21465
356.7431,6.8618
50.34571,-2.31684
74.89431,-0.26041
182.65627,16.03293
208.74339,5.33363
50.05051,41.367
92.63636,-62.53843
158.09132,-22.30229
198.70514,-16.4926
210.92809,-32.71685
258.17828,-24.59663
277.43649,-42.75325
291.37265,-57.67044
344.32654,-41.07057
357.22791,-16.54115
23.77662,-36.49022
109.42078,23.35674
254.4942,-62.72596
17.04518,-46.09406
44.6987,-32.09921
105.17735,-27.36865
107.27475,61.59554
155.79858,-49.47079
7.74206,10.20841
22.02502,49.2413
188.13953,-68.53886
207.87869,14.09212
329.27997,-34.58223
84.13493,16.64138
9.24559,-29.47784
83.03558,-7.91815
125.79701,22.6646
306.86816,8.0981
21.95089,-1.87954
53.8201,-35.26567
79.44781,58.23957
111.41946,-30.40462
130.18486,-4.12172
152.15157,18.23125
268.95184,62.61216
279.60938,17.19715
47.80645,41.36371
69.02734,-3.14867
125.12671,-84.97664
175.45016,20.10363
178.26369,-36.63883
274.59497,21.29296
349.30652,18.70816
51.22794,-2.91921
68.1879,-4.3724
74.58085,0.74224
163.47858,73.69035
250.21907,-60.39428
18.99019,5.1787
86.86368,79.63587
152.74956,-45.15104
153.38156,22.73756
45.59335,51.96979
285.91379,-53.9342
64.17684,-12.20006
74.97092,-12.03669
199.75218,-27.62855
213.37546,-45.41359
263.53348,6.51809
9.5516,2.72855
45.99578,43.39831
119.65563,8.02968
151.7162,14.37357
225.75085,-13.28267
316.29251,-47.78971
31.71457,44.57291
40.27572,8.73801
170.04178,-8.10571
185.82187,11.36798
230.38783,-13.09174
41.22355,-17.65915
110.39252,23.54878
308.98459,-25.27997
349.34476,-4.72786
351.66565,25.08014
209.56204,6.25876
277.21478,-72.09213
7.54462,2.09344
26.98026,-26.89214
162.1813,-45.41994
196.7749,-23.67704
9.74767,-9.0027
30.95749,14.73905
155.64366,19.88705
262.40622,75.70433
15.77957,-6.98835
46.47956,41.59201
60.75726,30.84535
186.74364,2.49436
77.90986,-20.42729
85.81379,-30.07839
160.29767,-37.14368
123.48853,52.64795
135.1868,-63.80499
239.2625,48.16843
252.83435,-59.2345
37.64031,32.17624
43.96768,9.31175
49.36339,41.40513
169.56223,-48.74575
186.5533,-7.68494
193.20915,-41.33723
244.69667,7.41096
23.71367,-36.13723
79.15474,6.44801
86.18403,16.81393
112.7021,73.70637
122.0399,39.15742
323.8847,-82.90216
338.60141,50.44329
64.14293,2.75907
64.9409,35.50954
119.41841,-53.26505
322.06271,-37.86132
40.19609,43.81793
125.67158,4.26239
144.62148,-61.82962
168.89815,-48.7604
221.72198,-27.71498
284.68134,-63.13924
63.09446,5.54698
215.54471,13.91798
190.56856,-40.64206
319.99182,-34.49137
141.06676,49.24911
148.88998,16.43283
167.44493,-13.38064
190.11287,1.19689
205.88835,-38.17599
242.31696,-60.53078
321.47324,-42.41127
98.86206,48.84401
141.88599,-60.7708
145.79987,-9.6124
155.27304,-66.49207
187.1517,-43.26174
202.48247,-20.68464
72.38952,69.47502
153.7238,-23.05069
156.55782,-45.73514
193.21039,-40.45166
194.11765,-36.37094
207.0695,68.085
216.17831,-3.21216
306.54022,1.1555
122.9688,-18.30034
158.3752,-26.89752
200.49814,-54.61255
202.54784,-1.66316
136.70436,-15.49979
188.64484,18.20261
200.35735,-16.30575
210.11063,-53.72514
219.34229,36.56783
20.12871,50.14448
80.42296,72.33145
103.26345,23.13576
120.37821,9.70764
211.99617,-32.05133
307.14609,25.73334
332.5416,-36.08862
2.84294,6.38929
21.33645,34.02512
179.40356,32.27773
183.5535,-47.22866
281.22498,-62.3647
59.82135,6.68717
186.8679,-8.16788
40.78017,41.06442
48.13794,39.31892
66.80633,-62.78062
201.21439,36.37854
215.41005,35.20491
24.57774,35.36484
122.5633,33.95655
189.29878,-72.59201
309.47873,10.63133
56.91578,39.34687
190.95462,-40.71461
191.19606,-10.19784
214.24504,-75.64719
134.78366,11.14915
148.03404,29.23623
193.03496,-21.86511
220.73354,-18.44489
271.25259,9.48107
10.90234,30.58699
32.75539,37.66628
41.41811,-15.36112
95.36485,-64.99279
326.44598,-48.42043
169.1942,18.01715
314.31412,25.96487
22.44839,-6.98005
183.17192,-14.01456
186.42773,7.21676
266.0416,-60.97846
267.15979,51.15726
269.04691,-60.27656
352.65042,-3.03989
14.81317,76.51294
27.90439,8.25658
56.43248,46.67354
104.65676,45.21058
111.05327,-36.8116
140.84277,-37.99006
225.20911,-51.56783
258.11945,-9.12409
20.99226,-35.11512
29.09083,-4.46763
43.39955,-83.14222
32.23441,7.97148
57.6508,73.03143
194.28436,-32.51276
237.46973,-39.90948
23.00286,-85.17772
43.92758,75.1544
183.3425,28.51093
185.99519,48.77937
196.13121,-30.17064
69.80303,58.34565
284.29013,-62.09093
314.45975,-43.37441
201.987,-31.49549
239.37575,70.68913
244.21643,53.00599
267.64624,-1.6517
4.18407,7.07609
39.35619,21.1008
185.60948,29.20868
249.22318,-61.02774
251.24013,-8.25063
21.17354,-1.58707
244.33398,34.90148
64.40614,36.28584
136.64169,-7.24096
244.13615,-65.6524
357.87042,-13.38157
129.58064,-73.54368
217.84377,-28.74962
281.93414,23.34728
295.0257,-77.55817
300.02597,18.46575
21.36869,-38.2674
40.64829,34.76351
11.52249,-1.72341
27.09361,11.52154
269.85529,6.28703
17.89981,49.12111
42.41485,21.2079
64.66727,2.56082
78.93105,19.36299
86.71922,-18.7264
94.00586,75.93651
156.19777,-43.96433
244.61113,-60.77969
327.32556,-60.60922
37.66044,42.23221
181.44547,-27.94013
277.87057,16.12277
316.40576,11.41417
9.62248,29.51121
140.90208,-26.88182
171.47058,-35.39457
177.94859,48.68314
75.47845,-3.29623
166.01241,28.03679
186.23938,-26.03072
358.30206,28.28344
88.94317,-69.56087
164.27365,-48.66138
233.96713,39.76891
14.38637,30.28076
20.99898,33.90783
80.55816,18.07377
123.16494,-16.05073
151.02191,31.18538
193.16255,-39.02828
269.81131,45.88708
52.86472,4.38088
316.68967,-44.81471
355.1402,29.18817
27.28504,-3.90438
49.53492,41.7544
68.17388,-43.71589
164.44804,-47.84274
309.83707,10.8057
28.35774,71.25183
63.50277,36.84765
124.62505,-21.81612
177.49716,21.33367
208.04201,2.32511
20.91908,33.28066
137.49193,62.24738
159.95763,-36.03616
165.00992,14.84159
292.01617,-38.91876
37.29034,-10.82806
355.60745,-19.45226
59.41476,36.78747
72.83232,23.20801
78.52556,-10.62688
182.7419,63.91459
209.83553,-40.0687
37.30826,23.08271
156.37018,-39.82756
263.91626,-6.59937
298.23151,-60.98447
14.02509,24.1269
189.43245,-43.62113
200.3463,0.34258
39.40246,-32.92443
69.07763,-2.83138
214.24667,-44.97734
9.38938,-6.92224
77.22045,-29.25125
112.06236,63.2556
124.79476,21.43574
188.67868,-40.30057
254.63075,58.93626
321.24457,-42.46045
332.8974,25.86438
18.66099,-1.02058
55.29394,-1.30281
71.33176,11.06796
114.23622,35.24196
267.44357,72.02114
32.41055,-10.14627
68.13644,16.63417
83.07727,-17.22387
128.95212,1.72169
151.34599,-34.21996
168.51366,-14.08727
223.55211,4.7502
246.52161,-60.52674
343.4202,33.70914
158.55191,-73.24013
181.02568,20.23505
333.9541,-45.84645
326.94193,41.11858
183.7829,-30.76638
208.32439,33.49076
283.84192,-53.81845
316.59009,-48.16943
32.10408,14.34967
43.4217,6.26562
43.45937,12.84924
71.02666,-5.46571
110.64454,71.59895
141.34422,-12.39159
273.00513,21.46349
28.53218,-56.69366
317.9668,11.27616
327.73483,44.54225
139.17436,30.91537
301.14215,-57.59817
351.61526,-81.91158
221.85074,-17.44557
279.60709,-57.49044
350.9751,9.66749
352.07397,-67.82137
12.70186,-6.8857
14.19671,-53.09737
184.17549,69.46257
210.15498,-2.8578
262.38153,-64.02286
36.03331,47.96967
143.98582,-7.72668
178.42607,-72.88082
187.06642,9.4363
206.28618,41.50335
227.70149,-18.43094
283.59253,-34.6112
69.48154,-9.51926
287.89188,-5.44486
48.53544,42.74921
144.63196,-63.93346
176.77335,19.83724
7.95575,-26.72054
44.99421,36.82048
67.04025,21.65534
200.60196,-16.72844
242.54024,-61.43377
21.98754,-35.71769
134.73549,-4.90195
286.80972,-65.46185
304.93552,-53.44737
243.23688,9.86708
53.0305,47.79405
342.90872,-5.5573
29.62519,25.36011
34.42223,12.47061
51.5129,41.25229
152.92679,-31.64285
157.95146,-26.56541
195.02957,-50.93736
265.2948,-63.39085
1.81601,27.70808
41.40031,-17.68893
45.87612,74.66517
128.89197,-1.8501
164.74883,-50.36539
332.53818,41.01727
21.85591,-1.91297
61.44856,25.40841
106.07666,23.90177
241.11661,-2.12092
358.54199,0.38291
132.32912,-19.00411
170.94362,-1.10492
252.62784,-61.82211
350.22867,25.89856
28.14459,36.50089
69.08176,-65.1411
180.95441,3.54821
185.36826,6.65356
218.49641,3.77801
25.6135,26.14307
132.49312,70.29944
134.59612,-66.7287
187.84235,57.96465
333.66635,-27.46398
52.58123,41.57275
101.37167,-37.00978
148.31956,-25.92905
159.54475,-28.78333
182.63695,58.30382
210.06091,-34.03797
294.34396,40.70551
340.47385,34.91978
36.18507,42.623
191.56561,-41.70598
237.59459,18.93917
269.31223,12.17946
349.39056,29.0194
59.2916,-28.87911
111.64756,43.29641
178.78848,-18.92743
221.29578,-20.9135
330.87891,12.63677
352.97354,-5.00696
150.11278,3.37431
191.73175,-41.49675
250.36517,57.78363
347.92075,-2.16004
141.90567,-19.69541
168.67488,-23.72769
263.5817,-60.87154
196.66916,-38.27552
196.25104,-47.2369
24.2044,35.51219
203.47702,3.28359
273.3735,-64.47673
275.66217,15.698
135.66101,25.93451
157.32008,26.09915
204.48909,-30.93166
216.01993,33.04745
222.80753,-26.63127
23.22401,-12.19131
139.01624,17.62841
239.28384,22.40456
279.98511,-67.4257
47.08304,-4.13838
56.65874,-16.55017
75.67731,-61.14007
159.30356,-27.68394
170.64737,20.70407
300.871,-54.97993
64.16567,60.9245
139.20836,20.19853
297.28867,-10.57362
42.91861,-16.65077
81.97389,19.86336
136.23686,59.93295
195.58815,-50.33404
276.41,22.32729
315.28229,-0.19517
12.61464,-5.85848
46.55516,41.84894
171.53563,-54.23586
172.29889,57.13221
207.0464,-30.45209
280.70621,-63.20842
329.00272,-1.51694
14.54552,-8.21701
18.23213,0.98156
71.47247,-5.13672
152.2637,-11.23325
175.56293,-13.86695
226.42091,-42.44952
245.54297,-1.51483
247.49197,40.62862
265.98422,36.80011
313.14774,-5.71113
18.60389,-55.39709
24.74365,-46.57332
66.57843,-3.62109
194.21817,-41.7972
195.53111,-33.12067
220.23143,-32.37563
333.38058,-27.55803
9.89532,2.88744
70.28594,73.67174
144.05174,-8.43443
195.45648,-8.33625
250.30229,-30.11352
346.74561,22.93647
42.28001,-16.99335
175.23224,-44.48125
210.70262,9.34141
256.22079,41.8655
331.56738,47.25122
79.2877,-64.95984
87.38114,17.64916
246.86339,-58.92504
49.96454,41.57352
116.83463,26.9302
120.34632,15.3693
129.93849,-23.45879
207.32289,-36.06343
335.55743,36.38701
354.05881,2.15502
19.01504,4.2941
52.62234,36.94766
216.83525,-87.77224
26.92838,-52.76181
113.65141,18.28156
308.24588,9.88208
322.40601,-21.19565
106.645,63.8489
119.91725,15.38676
160.38002,37.31286
175.8275,-12.87837
241.6263,-61.42116
346.4512,3.54511
47.50513,-53.33575
195.22061,-13.44981
212.12798,8.93191
223.03313,-2.52973
239.31444,5.99837
346.30676,2.54943
135.08441,52.49419
161.75328,-9.94132
226.29393,-43.50951
320.53134,18.66569
9.93445,3.29959
22.99187,33.47652
72.05269,-13.66707
77.18922,31.27221
77.93839,67.48822
115.972,56.9869
138.64297,30.1409
9.60543,3.16645
42.74857,37.46664
111.2775,-38.41652
135.15901,50.67839
158.69778,-28.49632
190.17964,-40.76337
199.03493,-28.41054
231.48399,-30.272
269.29434,27.96138
59.95488,-84.09386
111.60977,-35.90602
157.87495,24.86936
182.79234,20.17571
338.88208,34.80351
352.63342,0.08109
17.65235,33.12649
71.79752,66.0544
147.41354,-5.16659
244.78963,-24.44757
46.7331,-9.54408
208.02899,-48.17051
307.5896,-1.00793
348.62225,31.54894
351.20566,15.2756
101.8247,33.59921
224.49921,-6.72322
19.6267,51.94567
50.24123,41.89384
52.34954,39.79221
53.36114,-23.71279
183.90637,23.98186
209.14514,-32.62974
274.14288,25.04402
326.04074,46.24611
346.52023,34.10769
349.65936,42.95801
17.26897,-45.77354
66.58561,-10.09846
140.00908,1.03826
241.9695,-60.52016
29.67497,8.34678
45.9546,-1.10365
133.29636,76.48607
144.50613,-20.34378
190.71733,54.856
306.83704,53.96603
326.49362,41.27195
334.06232,-27.40281
338.51682,68.44167
10.86857,-6.34876
61.91156,3.96818
169.32324,-48.44211
191.72812,-11.63707
238.38963,-42.18113
33.08247,37.47732
147.15021,33.42149
186.65039,3.96465
242.25531,-59.79916
261.11386,29.39016
354.78506,32.08561
34.75455,34.46239
147.38867,-68.01535
153.19807,-27.83945
214.8434,-26.64471
331.02823,35.93848
202.11365,-44.172
263.52682,25.3439
356.29251,7.04213
280.42429,34.84386
25.80908,8.88936
209.37349,6.09694
20.28085,-26.726
25.54023,12.60189
32.13482,6.32373
35.63065,47.85003
79.04754,-0.14981
193.84659,-44.8133
198.02785,24.09505
308.77005,-41.68417
52.55529,-5.54338
54.90453,41.08361
72.48152,-31.96559
152.66644,20.07015
162.03391,18.18862
164.24039,-14.30056
87.89688,-59.04563
115.63683,49.80966
314.48132,-17.94283
3.70996,-86.99312
21.18252,33.4296
96.71985,-24.6171
181.04707,20.40978
293.64481,-61.14577
130.60733,37.22108
178.64034,58.367
229.18536,7.02164
264.47708,-55.5182
133.81569,-32.04665
159.21053,-27.91931
177.01401,30.35931
299.47131,-32.46563
79.91123,22.95078
91.54549,-0.54239
94.74781,-24.63019
151.07393,-74.93059
231.392,18.27722
348.42407,24.90234
128.69931,-57.64605
183.81615,65.98539
52.26675,40.82402
54.16282,-20.90226
74.33805,78.18884
170.10925,3.58549
203.2052,7.17011
204.5661,4.54255
336.03842,36.19981
67.90101,17.44232
138.90889,-86.76678
191.98038,27.22242
237.91183,-60.77467
264.41284,-59.94073
297.76999,-30.75763
354.30896,49.55693
56.05846,46.10893
80.12695,14.44715
145.9447,74.85962
175.31931,47.69078
254.52477,-21.27285
75.38576,-16.16609
131.38342,-15.12117
210.89886,-25.42794
124.96618,20.98501
279.08578,51.46648
35.44677,-10.0237
118.76753,-76.41251
178.45305,-5.16783
182.04544,-15.80346
211.2567,53.66221
259.67618,41.69427
20.75083,53.2624
110.57735,49.29241
116.61155,-37.61287
132.88722,30.86538
158.32338,64.7494
162.1573,66.36201
165.74861,-16.28943
258.16129,23.27011
2.19883,33.43332
20.302,-9.21121
23.96775,33.68189
49.8614,41.54053
80.4949,3.48216
95.3781,-22.08744
125.08275,66.98197
186.8004,-5.83089
211.91992,-25.11708
333.64816,-29.16067
75.65278,86.22236
177.26677,59.43273
257.02725,-63.45537
280.35098,-64.01392
353.7142,44.30398
20.08508,-40.96612
29.97703,23.6444
30.86639,38.11693
31.92805,45.62295
94.80547,80.06847
206.09959,-52.36943
241.56754,-29.28167
0.33319,13.11126
10.88901,-4.11785
50.00688,41.25117
56.00433,-14.35865
89.66696,10.30331
183.37209,50.74149
291.6333,50.12527
21.07348,9.33095
148.61256,-6.95334
181.08333,1.56764
336.37637,-17.24331
144.58147,-70.09127
267.24414,-63.25454
277.043,-71.69393
284.13422,-64.92892
316.69791,-47.18785
346.04269,20.0795
9.84576,2.79792
67.09067,-47.81589
157.19963,-50.69925
177.67299,20.01514
192.02254,-27.57765
196.24326,29.1223
213.97476,-52.01127
256.98938,60.99011
273.15424,25.53679
78.39644,20.47894
94.25367,81.13774
94.64971,-5.73468
188.02057,-39.98246
299.19849,-37.32837
348.21606,20.24842
353.12109,23.93107
111.062,-29.39078
149.98274,-39.1576
179.24123,-19.85511
185.83627,-12.5586
74.34222,-75.44512
196.74854,-57.22469
198.36229,27.80239
208.57701,-26.89377
29.89472,14.00826
52.39631,40.86888
95.31475,-64.45884
181.00592,20.23227
1.16622,-8.1004
20.32401,-22.80068
97.3359,74.49269
115.2426,55.4272
191.0219,-34.20209
240.46414,17.95744
30.28945,50.50708
137.07295,21.44342
306.66623,-54.79971
357.90305,-28.36505
20.59904,-0.87523
33.26249,-42.03352
87.14937,-18.67026
89.60575,68.46104
120.78271,23.39186
140.43991,64.25794
306.1492,12.44374
70.16747,-8.60779
92.49091,79.926
190.27451,50.39344
264.05444,-58.25366
316.16455,-12.33835
30.27756,31.88247
70.84283,18.70742
79.17635,18.79771
354.43198,-15.11849
153.37917,-43.81804
187.57646,13.5775
341.19067,33.46061
355.81061,49.97948
42.025,-13.95922
53.68118,-19.02893
172.00243,29.51103
181.1586,1.78768
309.59943,6.99655
335.66925,36.19454
122.20571,57.76961
338.58578,-10.35701
24.98763,-28.69667
117.53457,55.38412
152.9227,-37.92791
193.65425,-10.61304
273.79388,-34.62405
337.12302,16.78324
349.26184,30.33509
30.41666,31.8265
137.15535,37.62155
159.35603,-25.31944
193.10832,-40.7074
225.94427,-25.87297
249.4747,36.07308
117.18536,66.19736
187.88554,11.62475
206.82787,-29.80895
61.11308,-2.18917
114.84825,-32.35598
174.77501,-9.34818
195.60782,-17.67984
209.66489,-43.96373
45.08561,5.71238
49.26862,-22.86664
80.26663,4.00635
89.50854,-38.33455
121.69982,5.30943
168.14162,-36.42795
201.30222,-33.65552
207.58496,41.36631
216.67612,-49.67245
250.28773,61.32631
42.24515,3.16868
124.99468,-7.07631
315.63031,-16.8183
337.83585,39.35825
93.13245,6.69674
45.3052,44.95541
47.76295,40.62212
139.6339,74.31905
325.42227,-10.63561
32.42808,-10.18383
106.00574,29.24346
162.99179,3.79205
182.49417,46.45718
218.95897,36.54318
60.47356,5.63945
168.16586,9.0558
198.15652,47.06331
8.99928,-10.12171
36.42665,41.95628
38.053,-17.21684
157.84633,-42.06061
170.91014,-13.8311
175.59888,10.26413
208.22696,-1.11473
209.47906,-54.01997
165.63091,-53.64275
167.84346,-48.01995
219.6114,-22.36762
329.67966,-28.4662
77.544,-0.71916
107.6283,61.78633
211.54385,9.35342
226.86378,19.59763
284.21268,36.62397
74.55227,-7.78039
203.73302,13.74206
251.0087,-61.94293
258.56256,43.6847
342.76205,37.08793
0.57981,12.97164
45.19086,44.45193
46.08512,48.27012
143.19742,-5.72471
146.81705,22.08948
184.61043,29.81289
193.05191,-13.41473
287.45776,-17.92842
299.67618,50.03687
301.14383,12.73945
346.71051,28.17912
32.67138,-75.03767
88.14782,66.81986
4.59393,30.07958
59.5915,-44.46652
71.62479,-4.78878
274.90472,-42.18992
157.98219,-35.40981
178.58504,-51.78105
300.97015,-26.46758
304.86066,-41.3325
19.78289,-34.10378
85.0278,-40.83651
145.1516,3.57699
193.81476,2.89666
265.07614,-74.98673
84.6763,15.74814
169.46191,-26.13443
188.4153,9.17482
208.41025,36.13416
209.55356,6.51808
21.11168,33.79954
152.04196,53.08348
215.76031,-34.2919
251.8054,-0.27532
321.83948,-60.0146
39.71582,27.84722
40.02631,1.50879
44.45485,-36.71793
72.62055,-3.52137
79.4276,-15.52339
110.71336,22.5892
210.88123,35.0252
221.20647,-48.35993
330.73645,-20.47129
337.47824,-65.66137
1.84908,47.04074
139.63667,73.75933
280.9823,-57.16755
357.86145,20.58624
85.13064,-11.66558
182.32379,29.92762
312.40192,16.86558
140.72919,3.15694
195.27811,39.84142
224.08284,49.40005
264.29559,-55.56127
353.63126,-2.85428
50.7775,-21.37519
66.18732,-54.94201
86.63187,69.05098
164.67871,-50.32483
187.27812,2.05233
193.71642,-10.24784
286.71555,-36.95843
308.05124,-9.05602
353.18121,29.46074
47.32761,80.13062
135.05981,3.17771
194.48399,-13.06009
8.66712,-10.7665
48.21363,4.70704
244.37657,-68.04025
293.72928,-64.74067
341.26642,33.99616
345.54343,-39.5694
16.27032,-6.2124
74.99641,-17.4598
97.97147,-20.16644
100.04872,-25.89535
154.92206,-25.81474
203.77045,-35.26903
348.57352,49.79733
24.39967,-33.92409
45.52787,41.59358
67.28423,-53.8279
147.97929,-6.82293
181.68581,67.1632
233.73863,23.50291
281.06418,24.1425
119.51024,56.35959
207.30804,35.25743
231.56062,-44.1484
68.89056,18.34593
139.71408,-38.752
267.62738,-1.8007
293.16406,37.87427
333.28757,-64.84897
32.80686,-1.48555
34.26995,1.2442
47.40059,71.64122
64.89127,36.27733
138.7485,29.73029
144.11513,-37.341
198.47563,-16.49095
310.45148,-13.84689
58.98492,41.58856
117.97809,73.01569
151.54153,-39.74356
199.50734,-36.95022
215.06021,-29.74748
88.03892,-18.02359
108.14881,-28.65384
190.09579,3.11771
221.93285,-73.30594
232.43378,42.7779
238.39699,-61.68288
30.96435,25.92529
45.89666,-12.07631
187.6116,4.2465
305.46124,-49.70227
1.83139,32.60925
19.53477,-44.46194
192.2982,3.38871
194.29828,-17.40954
290.91754,-55.06564
2.17708,37.44791
141.54805,-76.62632
217.66417,7.27497
319.06042,-64.46468
28.16501,36.17142
208.03305,16.96982
51.99343,-37.14999
338.59894,43.80894
347.41418,-36.42009
2.94578,-5.58629
7.20913,2.83886
42.06173,4.57808
50.05449,-2.11413
79.63388,46.6929
204.25243,-8.21077
256.69745,-5.07499
341.29178,-19.95199
351.98627,8.779
65.10959,-31.72457
191.15744,-10.08312
201.00291,9.71013
296.18707,-28.3862
18.133,-4.14636
193.57635,-41.82061
194.84645,-27.42721
278.45901,-60.1291
309.09778,-4.61878
11.97512,19.59684
120.47173,50.7371
191.21597,-20.42653
215.59917,-0.38749
344.90683,39.14587
30.33998,-5.37097
189.38857,-41.30803
325.01425,-63.90895
35.69716,-41.37108
124.77074,70.72003
202.50954,-20.55175
343.60632,32.4517
46.47986,4.85811
64.4674,-63.67525
191.39453,27.06076
282.25989,-51.26519
356.93774,-28.14067
95.61792,66.57855
130.39713,-20.31502
140.04123,-16.52593
158.71065,-28.583
192.49121,5.31143
203.0582,13.89234
208.50113,-7.93065
211.63333,6.02936
229.17581,-36.80241
303.47675,-1.15751
5.7064,-45.26901
10.6911,-23.5616
174.2034,-8.58636
181.90985,-14.96962
186.5674,-7.68084
259.02197,73.4359
304.18097,7.39691
75.82233,-2.93652
200.46172,-17.33648
10.20364,-56.21407
174.49762,-17.2336
258.76208,43.66021
334.86545,29.39581
355.97656,26.07561
11.2464,-56.37996
42.01818,27.1031
59.6277,-61.54093
72.09914,-59.80032
195.35211,29.30844
205.16646,38.79404
280.8306,-62.11229
126.92499,21.47909
139.64661,52.51453
304.87943,-5.32308
338.03357,-25.39779
350.09421,27.3157
51.61489,40.5079
151.93738,-41.3316
159.99352,-30.19304
183.62389,28.42345
299.00797,-27.45263
43.98862,0.69254
74.32224,-75.42067
78.6504,-61.4815
94.82149,-24.46617
300.75443,-55.94802
304.14926,-46.966
68.89095,19.17171
317.09396,17.82051
23.13885,35.35857
47.1649,-3.38001
109.00822,56.81801
244.31566,-11.73179
133.51956,-7.18326
219.03859,21.7935
122.22482,-51.08497
156.61821,20.2282
159.89194,-23.92269
328.5961,15.15683
72.55713,-17.26605
117.82346,50.17937
151.10933,-41.41608
301.61774,-48.37562
311.89206,0.41163
69.12609,-2.86639
133.74748,-2.98761
186.42838,0.57264
192.28395,-11.40987
39.42417,1.97531
74.78917,4.97514
87.06917,6.63685
116.31436,-38.72223
136.9115,66.57471
165.30989,-49.90718
178.19347,20.98932
211.01332,-26.21614
248.3242,35.34242
249.84795,-2.40636
6.72767,-2.50089
106.80968,-26.62257
119.08182,-41.62838
163.52003,-45.81683
173.90164,54.94855
200.31709,-15.90267
213.70988,15.14675
306.15176,6.91118
2.49699,-57.02082
0.42471,23.49588
3.62758,-7.1674
54.54153,40.98308
136.42944,18.3396
176.44218,19.77382
178.86696,-12.06126
315.78809,-14.52459
55.17548,-37.51083
116.72606,-38.30336
133.89973,-67.45293
157.54439,-3.16363
201.12042,14.09258
211.14308,-33.96075
235.18987,-62.2157
328.64014,2.94303
44.28145,17.51434
49.40204,-1.81876
112.67189,-62.02654
210.13348,-28.87457
15.42743,-15.56777
41.73616,48.19305
56.52985,-4.0692
67.35031,70.42446
183.03987,17.75693
208.1113,14.09123
30.93627,16.03098
181.03918,20.34788
184.89906,5.84677
186.85992,6.26267
192.60051,-40.84406
207.91478,-30.48904
325.12277,-26.52795
177.77861,55.07872
233.74384,11.7503
273.21036,7.50252
307.30258,-22.6717
14.31158,-40.9591
39.52298,41.78955
80.11118,-69.85725
204.18893,-16.94827
234.99155,21.4708
134.24176,52.06596
183.45998,7.20086
224.22903,-35.94487
243.44157,-61.00819
259.10004,6.55989
356.00848,0.51672
36.45807,-53.08788
42.34716,17.66589
73.10493,-3.56553
178.29007,-68.60887
229.46324,-17.58929
21.1605,33.47271
21.35279,14.86465
45.97019,9.61329
47.11653,2.10857
54.81251,14.46042
162.92395,18.48096
175.00504,-48.96159
260.85492,56.97454
17.65418,-7.62094
46.75872,-66.93865
156.13104,-23.55297
164.46149,-20.00165
181.19849,10.59557
220.60191,-36.57241
288.77002,-50.65683
299.15521,-38.61364
303.47183,-44.52674
47.11024,33.9721
54.79524,-22.38866
73.08245,-3.10581
84.22155,-15.20409
109.44357,7.95353
183.06215,56.17744
188.37616,8.65446
193.49393,-8.77571
194.15048,-6.81783
342.754,31.37494
89.94888,62.15801
192.64328,-9.46303
257.68155,41.65107
311.95322,-9.99595
324.00015,-76.34574
52.50767,41.83216
119.58521,25.14923
143.51158,10.10875
120.86343,-70.36687
141.01227,-28.17897
229.45609,-43.50157
113.35033,-35.08602
132.64937,-61.2779
201.68378,-27.43935
214.56018,-27.41517
313.40088,-71.14121
1.82,8.30163
140.45007,40.15123
194.25221,-20.48093
221.62692,-43.95267
232.04254,-46.77908
258.3143,-25.04076
41.32508,-17.70836
125.41808,73.98836
174.49478,59.61692
180.69849,-53.83551
181.04813,10.8544
194.05058,27.74551
216.08644,36.4614
240.41762,21.35295
49.26512,41.63364
160.24614,-27.08402
188.27066,16.26549
226.1454,-72.61661
355.57214,26.23175
18.20251,-0.29019
34.46323,32.39602
45.15324,49.04397
109.09161,-35.50262
234.94911,-34.91518
241.6675,30.09899
272.7804,14.09309
31.15169,47.93849
240.09988,20.84914
296.14383,52.86227
347.62418,11.01228
76.24181,-81.31068
131.7049,28.17127
252.82181,-25.90037
286.47961,-43.72538
6.74005,-56.97805
50.40194,41.3928
62.43047,37.00969
173.95497,54.52357
208.19185,-29.92975
220.7832,-36.48915
235.54416,-31.55078
298.18622,48.68568
306.09265,-50.43395
308.98856,-54.29946
358.62387,28.30892
65.94437,-51.59945
89.78964,-51.46888
96.49158,-22.00484
144.4339,2.76093
271.9549,17.60489
123.93685,58.32105
142.10799,-36.12946
201.58214,2.10076
202.51529,62.51154
210.73213,9.42067
273.06152,-63.77614
93.27197,64.56132
125.20065,-8.91846
179.04353,60.52499
195.2885,-18.19782
210.65024,32.51044
225.1619,-3.85822
7.53043,-11.11364
120.54638,56.94234
32.24448,-7.7669
111.25694,23.78322
121.83436,51.13162
151.53098,47.26267
232.05316,42.92985
238.98917,5.93188
246.92122,40.92692
299.16565,7.8444
300.70779,49.31976
331.09341,39.74374
67.99418,-5.36971
95.14175,27.97856
141.65053,7.95454
197.75656,29.63668
282.98395,26.48823
53.8107,-20.37368
143.31366,-16.76785
151.5,58.81226
164.60498,24.22638
200.73178,26.98069
261.86157,58.51659
263.03537,-17.6702
13.05061,29.67696
136.49777,35.37743
190.43559,35.06284
196.00259,-30.36903
41.93597,9.3568
42.21583,20.86261
199.88327,-24.48423
206.80067,-24.37294
244.15402,-61.046
255.47153,-23.41138
281.51831,32.27961
303.02289,-55.24589
317.36151,-22.87848
328.04861,3.3012
348.08929,14.60933
30.03742,12.65609
60.92862,19.89495
115.93202,-56.76785
118.4621,-38.8265
152.53589,-38.1335
164.75748,-43.44046
203.52472,17.85679
33.90956,35.52355
45.49931,42.58493
47.7238,-2.55317
147.26273,-7.15593
167.4351,21.75886
201.57085,-19.63522
213.15891,39.3102
299.05533,-56.91088
300.58878,-20.22544
349.46988,7.37944
27.35725,35.4529
55.43613,-18.26699
134.77391,53.77169
186.02092,11.21806
212.02847,-9.07176
27.37444,12.50905
44.5275,-74.4566
106.50124,50.5103
266.02228,25.35071
339.71478,-25.70904
350.36115,8.21764
208.49355,-27.62321
302.22849,-56.39219
310.80975,-29.85339
17.72394,-5.82152
22.66961,-1.99436
66.08755,-47.52652
68.09096,33.21898
147.57545,-23.02529
162.04846,4.92772
189.72746,-27.30783
190.46959,41.27372
220.38741,38.85139
224.74002,-42.13177
230.3521,-29.87811
244.82143,-61.02052
287.45255,41.57612
299.40643,-37.93568
335.1131,-15.77354
336.32959,42.71726
359.79468,-4.12701
73.31905,25.87864
150.02249,-34.22827
190.07259,-43.21946
289.07471,-60.20032
331.02771,41.81934
350.50378,-23.5068
38.34477,9.6017
80.41935,49.12202
117.69278,54.36222
238.29442,-74.82527
92.65135,71.38614
164.37988,40.94617
198.5988,-46.11149
337.21286,-60.88206
42.20208,-19.97124
152.25507,-40.31744
193.72986,27.41269
227.09525,-28.84451
284.1001,52.37762
311.04068,-10.72351
316.51932,-45.43291
325.66104,43.5158
335.6228,37.10823
348.76443,18.9734
22.96009,-33.11927
80.44065,6.68887
178.85214,-50.30106
81.85432,45.8469
184.95496,6.01498
203.45859,-12.13057
302.15689,-55.45368
16.17024,-0.8027
43.6862,41.52855
50.21587,38.25396
73.96306,-29.88345
119.7541,59.11691
146.70882,22.01398
42.43913,53.25226
130.81607,-33.56886
196.87112,-27.38913
29.71668,-11.51463
65.41695,36.73172
73.77337,-10.69078
91.60138,31.79237
175.68678,52.77949
229.85304,20.89629
269.35495,50.72807
276.09729,-34.18184
38.09975,35.49465
44.62889,45.72059
54.66902,9.97
22.24428,-0.94892
28.92594,46.80191
173.09001,0.80404
222.87852,-52.52836
275.46408,6.35891
39.6335,41.52925
233.36586,56.55962
353.06696,44.96968
30.43423,8.49994
46.59151,36.01456
75.58038,-10.35643
113.73972,85.53719
118.54443,55.49531
135.52321,-64.90431
190.00693,-42.04276
192.47418,-6.71743
204.84386,-32.22408
288.17612,-53.87374
127.29559,63.33786
212.69852,35.91343
300.24341,-47.07024
53.12313,42.67942
66.93679,-12.03379
84.76035,20.33887
170.61134,-7.65282
173.93855,-38.36483
268.71594,34.77618
333.12552,45.32848
47.23643,-2.95515
201.86678,-27.32469
296.98883,59.89256
320.07285,-1.68432
23.86768,33.65673
247.28716,-66.50219
0.25176,6.24206
18.51892,33.70419
30.22883,38.21072
43.51139,2.9621
63.03776,27.93026
66.99814,-42.83862
89.47255,-23.18077
215.52762,-26.85742
47.57945,-22.40594
51.87159,-21.56016
58.07055,36.23688
73.7641,-4.10108
138.82068,11.88566
156.58943,-2.62217
159.83522,-0.20026
163.02817,-0.56083
211.19049,14.38208
239.37788,15.95616
262.35529,-62.4806
315.86212,-48.20494
22.24815,-0.56191
44.60244,6.59188
73.52467,22.16032
80.07756,-25.32449
172.97797,-9.7252
234.34549,20.5498
304.88425,-40.72615
101.26472,40.41429
131.98975,72.89574
158.56325,52.87073
163.98013,36.86152
194.26556,-10.76183
195.47394,27.6244
292.45273,35.68195
344.50803,13.13455
33.82028,18.31798
139.53874,16.19803
198.0643,-39.93733
11.4932,-7.28221
44.45712,-10.16725
61.92477,30.26271
143.61198,-2.50416
181.51495,20.60807
181.80905,-30.02465
192.86151,-26.80802
199.62393,-31.6309
223.27182,3.33174
301.77652,-42.81379
304.09726,-35.91136
51.15194,40.69081
60.64109,71.7059
199.83009,8.42908
204.67377,-45.85596
228.28073,41.26463
4.59825,30.06325
50.24543,-0.3676
92.21664,-65.73058
151.81451,-39.94666
180.79822,19.72878
215.30463,3.43579
226.65427,-41.31986
340.36224,-4.44471
180.62299,-0.21241
277.23904,22.90301
24.72611,-46.83557
107.34612,48.63552
109.44068,-36.39516
209.76154,15.56566
213.71799,25.31762
264.4328,-63.72966
353.69531,16.07578
21.38111,32.13626
41.60547,3.60718
54.8771,10.18945
87.11501,-32.97723
122.50315,-64.93662
191.79762,19.4644
204.99036,0.83093
343.81122,36.67177
25.60724,35.63832
26.0859,17.47758
108.59033,5.08144
162.05069,28.6018
297.85977,-44.84327
6.87533,-1.51348
80.16989,8.80868
153.50841,-35.1356
202.67856,-22.42116
207.59303,-48.37709
210.99957,-14.61686
285.36929,-66.11019
308.0784,-19.73299
348.29099,24.24403
150.77866,-26.15957
209.21255,37.79715
200.98734,30.98802
273.11212,25.4272
348.6438,28.32704
359.25293,-34.75919
75.82171,-63.75101
85.18212,49.69486
224.17174,-17.24394
270.02298,26.36652
331.42038,16.78524
339.11676,21.6218
49.0262,40.80456
55.46191,8.15982
60.66372,21.56091
150.54556,72.12528
186.63438,12.61085
20.48458,33.52097
201.53824,35.93443
328.64752,-29.0636
332.95248,38.69917
16.94818,-17.50697
49.10891,41.53042
194.71217,-43.87509
195.23373,27.79078
206.3528,-12.57417
273.23083,68.36332
355.33121,4.01747
211.52904,-33.92344
312.49576,9.89909
329.83517,-31.88316
1.58159,20.20294
37.9625,-36.67206
46.16641,-12.34133
66.45174,-67.81483
181.77185,-27.69632
239.18048,48.09499
247.5918,-61.54122
48.76583,37.86007
104.35289,-24.72694
187.73805,11.48355
335.43854,36.35
14.713,12.97282
120.49155,-49.77845
214.0085,-53.71657
219.54808,46.63836
16.23409,-27.42935
37.61625,-43.02686
50.86396,8.91238
79.65772,-14.15024
140.83865,-71.59362
171.64529,-43.05872
197.0798,45.3617
100.3772,32.83233
104.83883,-25.89977
152.46429,30.32078
221.54297,-37.68513
49.43969,-10.28909
63.0649,34.91637
155.78165,-42.23754
357.29974,30.98315
8.89138,-2.84872
10.8573,-50.18283
149.17032,-37.11677
185.3241,11.51107
16.86346,32.31982
29.24079,-5.40286
61.66497,37.11575
198.77846,-37.14279
333.51257,-26.93773
35.67043,28.25698
41.5849,44.95224
139.60875,-39.28682
141.3007,-6.82993
158.3062,-7.46458
189.20305,-42.14087
200.41072,-16.27904
239.1376,-61.51276
305.28345,-12.35889
153.37704,-43.7169
177.51854,26.47898
195.37782,-30.86829
273.49838,13.27589
303.87054,-57.9127
31.04405,47.97571
44.75497,42.34595
88.11521,-11.34865
111.40584,19.12782
144.74666,6.95548
193.93375,-26.80941
221.47664,68.92979
49.89261,41.58055
61.22306,69.9966
175.63692,26.48886
185.4288,-39.76951
212.73898,6.36485
241.65509,-68.95605
303.36548,-37.18879
327.9122,-37.50414
328.72516,74.48743
53.34791,-4.99868
80.3412,4.88781
103.86526,33.2804
115.90186,49.6676
133.64546,57.16667
169.46088,26.62588
175.98508,19.89456
185.2596,3.72196
241.1217,69.66576
254.62616,-28.48571
273.41586,-57.72527
324.96429,-22.47369
45.90275,46.9438
149.86853,-26.8639
172.92513,28.15356
229.59918,-38.50679
239.7617,51.30447
55.84406,46.16293
203.02861,62.70076
251.64999,62.82268
356.84579,-2.30067
65.23261,2.63348
77.08209,17.36324
90.69827,-63.76369
102.72318,33.47876
110.87727,2.61581
113.34881,31.48355
181.783,-25.6929
199.96466,22.99996
3.51662,-23.18209
11.94712,-11.46869
45.15587,35.16908
108.31015,73.84314
214.13254,39.5891
231.07706,-39.08696
285.09787,-37.20676
69.04494,59.3209
151.45763,0.63336
178.28433,-32.56599
230.07591,3.51836
249.77248,-6.56087
280.20032,23.68404
281.9874,22.94254
297.99603,-30.81589
332.12433,-64.70615
45.48304,51.14861
45.51598,36.09843
105.19008,-37.74652
162.45879,32.98287
203.77776,-33.48099
208.09598,39.68725
278.63138,-57.79277
54.57063,37.8548
57.17602,41.86882
194.30472,-46.37469
202.52559,-1.72064
30.4003,-68.43919
48.22473,-2.90168
112.22575,49.13702
134.28035,84.80853
161.08646,14.08449
261.86655,-62.01017
272.23334,69.06789
79.89021,3.31767
91.58627,83.8386
144.02428,-12.43663
276.19281,41.49268
30.37819,26.48098
84.76421,15.57545
95.34866,-64.95666
165.14743,12.16156
209.88095,34.77345
216.0956,24.61424
265.84818,-61.68211
331.12817,41.41115
355.44705,-3.66722
110.09021,-28.98646
119.61712,37.78666
136.13884,-38.48952
148.15614,-7.62052
157.27596,-44.15966
159.67473,-45.90819
170.6098,24.29914
175.12976,60.29892
185.50928,-46.216
203.80556,34.67738
204.40627,15.97218
206.84247,30.33357
243.14809,29.4848
303.32489,66.29054
322.15887,-70.83458
338.12589,-25.66199
116.95345,-39.15777
137.97775,-20.11693
184.37556,45.61928
187.16898,9.25893
219.47224,-0.39887
221.46556,-11.91416
56.5128,-4.1381
69.72415,-64.20808
82.53716,-20.33945
196.96056,18.41554
211.81485,-27.1582
223.81502,42.50685
297.72507,48.05964
348.08722,31.12562
31.83355,-25.44189
40.87188,-14.75431
238.15259,-38.85019
1.36524,5.22233
227.72528,-40.95017
328.32098,-59.49355
337.06238,-2.88456
30.38701,45.00357
66.16699,7.21904
107.08894,35.17004
196.25404,35.17812
208.92403,-33.72485
213.41124,7.66037
34.99409,-41.40314
51.63414,-35.71357
114.26192,13.60107
195.55353,-14.96984
210.63814,-33.39941
312.46469,6.22013
4.57705,30.07176
10.65102,-1.99524
103.79783,24.22922
152.28444,-38.39625
152.81213,-35.69489
201.06224,-10.65428
210.80423,-33.35777
280.0498,-27.58591
14.23987,-52.92391
35.79752,41.36801
39.73183,34.62228
62.28685,17.11169
72.42786,-10.70678
214.45242,-13.87295
215.75635,40.37734
223.97446,-52.01249
288.72684,-30.98517
42.01653,48.76001
158.69711,21.64833
195.53081,-7.71077
340.96674,38.37687
70.4344,-7.08633
73.29381,34.38468
251.94617,-7.21276
50.02546,41.63002
81.98914,63.85948
125.14655,68.60031
162.93195,51.02216
179.67761,25.03672
224.10555,-37.60094
234.74907,-44.40221
236.02203,-41.24795
276.96594,-53.21006
294.45236,1.00387
295.71924,-28.50198
299.32538,-32.47801
307.55948,-19.11596
331.78967,-49.99548
17.83042,-45.9321
93.96751,-69.83598
98.4231,-34.27159
101.10244,-63.71733
107.12315,-49.21406
131.03174,30.11906
169.58914,45.74829
195.75514,-32.8408
20.69551,-1.39199
47.49354,19.20813
54.76136,-3.62703
67.8438,60.91673
85.48146,18.49235
87.52164,13.62656
173.12727,-9.96943
213.09494,50.34843
246.53461,48.36689
313.22964,62.28629
61.9097,43.3614
66.01174,36.64309
87.90592,-12.56485
121.6005,1.03606
198.71642,17.22675
200.59129,-52.39644
259.11288,-19.86435
268.62695,18.37586
43.91847,-27.42314
53.42447,-21.47865
193.68146,-12.76077
281.71533,-63.31453
300.04242,-38.51535
67.63786,38.92991
80.08947,-61.29588
139.27878,20.06968
198.77644,-55.1563
262.61646,-62.0281
299.98364,-36.40062
352.1944,3.5114
20.73316,33.47141
92.28375,42.0852
184.22067,-48.97385
215.66525,-48.54578
280.06223,-30.74321
308.34039,-2.03718
331.15054,42.32728
353.65176,-4.53426
40.35761,17.81222
87.61123,-19.72588
90.9162,-32.14779
90.93436,-69.58829
97.0818,-74.26112
166.15399,45.12524
174.47412,21.98111
182.55913,-29.73681
214.84781,-27.37046
229.85527,45.88036
234.30539,43.2984
16.85425,32.29278
78.339,20.25729
95.43043,-52.6926
153.70438,-38.18882
166.11382,38.20885
4.66241,-15.3223
42.6633,-1.73406
49.24477,31.56726
57.08346,41.93541
148.40071,-12.4821
200.73672,-32.72839
289.37564,-28.2535
33.05607,39.23551
36.38471,50.8195
141.30737,-6.71658
159.40784,37.45568
185.55148,7.14435
193.68761,-39.85228
199.7462,-18.58796
222.11153,34.99808
225.58197,5.64668
231.67284,40.5644
281.91534,-39.32356
342.34439,-37.47178
357.04712,-2.43257
153.40955,-0.92548
156.99142,-39.81477
163.51379,-16.02772
201.22044,-4.08199
10.29167,16.46939
31.10603,45.77431
31.33198,-6.45088
43.18506,46.93814
61.0771,29.68981
152.52654,-8.47964
227.92096,75.38483
278.5466,32.06459
20.72629,39.25724
50.56078,9.56825
121.02847,53.54923
152.27303,-38.40959
195.95808,28.18574
216.11435,-16.76276
238.85831,78.99678
356.86905,-28.10929
43.27908,25.4904
108.76965,50.536
256.97604,-23.7715
265.72025,66.47605
269.89282,24.88696
317.17923,12.48427
17.94276,-61.52763
34.66181,-6.90332
51.20238,-3.01559
61.89923,39.32518
15.49098,-1.93675
146.62576,-21.57161
147.18179,44.08131
162.82506,44.5718
203.62677,-27.30424
302.98276,-46.14409
338.31863,-27.2466
339.12366,-12.56702
342.88153,23.08055
160.30453,-2.80291
202.60831,31.62071
209.01202,18.3719
241.11102,-60.56514
29.95569,-55.82417
46.78944,-9.59266
234.91267,21.78276
49.67958,42.30058
76.03528,31.67595
111.536,1.98371
117.64592,16.36858
139.9917,37.19104
186.32814,64.93351
348.7963,25.28196
30.12224,-34.25564
271.45624,18.53802
293.92767,-59.7896
295.12878,-56.41016
313.07166,-16.28564
12.91233,52.09058
172.55618,-8.86288
276.46616,-63.3533
2.77755,-12.10787
14.06712,-1.25543
16.77409,32.79511
42.60055,46.69817
77.71017,16.47632
178.79326,-7.84372
257.9082,-74.13976
286.2641,55.71516
319.19247,-42.26168
14.44555,-27.50164
70.64728,35.9334
148.12354,2.15444
188.94104,26.90884
279.83121,38.93977
345.7959,-8.98907
25.79032,-34.2419
40.1051,-5.44039
74.98261,80.17872
195.40094,-30.06581
278.52008,38.59845
322.02448,-1.64687
21.12837,-15.53784
27.67872,33.08204
60.98169,30.84005
69.32253,-62.5834
121.86922,-22.55134
124.36206,-24.68109
181.1413,64.43674
193.46187,9.70998
264.2034,72.08896
42.99469,-33.33982
108.72765,-26.79849
165.89923,-17.47905
194.62756,-15.53317
214.95085,56.72905
218.46782,5.45833
251.37776,-62.91145
44.27844,50.53741
70.4984,-7.31143
98.09348,-33.51529
146.02681,-21.28597
187.91338,3.93946
282.90729,23.63475
348.94394,13.29033
354.27884,-20.46307
26.18731,-4.13535
134.27681,-20.03284
189.51889,33.45892
233.45511,-47.02867
300.23572,-55.63159
306.08328,-49.6846
25.49558,-31.0094
267.82492,59.47086
352.72302,-2.9343
39.24525,25.44291
42.72375,-54.97591
199.90749,40.38611
202.40211,58.41873
266.23596,55.7047
288.03671,-32.12651
25.77558,-44.21479
190.53374,-40.82086
210.42441,-11.60697
225.37816,-37.99228
104.50677,12.66718
157.37521,-3.76022
188.96767,-5.27933
230.07504,-31.43178
304.63074,62.69121
18.39232,-37.90163
61.47789,37.06214
215.24744,6.20263
218.0936,-28.37891
222.74348,-18.4719
314.47491,-51.87084
1.18997,-62.06155
14.84867,-4.80319
71.58994,-13.34974
113.38216,30.56296
197.22714,62.30634
154.48836,41.11423
187.63321,12.49019
283.8985,-53.72344
341.53265,-71.32343
23.75978,41.24814
38.93575,-13.65487
60.65174,-9.32244
93.44966,81.07437
126.58195,-13.30314
248.47952,-15.53039
260.58487,6.63829
46.6187,-9.73107
51.68956,7.71457
105.65084,-42.06855
106.24689,-49.08321
160.49911,-28.7767
179.84818,-1.65458
300.33688,-46.66701
336.41968,-31.20075
61.6282,14.83719
146.93117,-32.83743
149.87158,-19.49227
163.68449,-17.042
173.70547,49.07751
201.98497,-25.85623
289.439,1.67223
73.96967,25.76573
77.69837,18.01966
124.80322,20.51072
233.64651,15.19837
301.48532,-9.04091
24.65483,-40.01142
45.88016,27.68669
163.80568,-26.14076
192.01109,-40.81857
224.62656,-47.69895
9.27286,25.69898
18.59287,5.9269
61.71206,29.17954
151.06755,-31.36294
151.73293,-45.04656
3.78196,-7.10673
76.93698,-8.01909
83.5976,-30.80104
179.00444,-2.72086
228.68924,-40.35455
299.61151,-55.58469
79.89923,-32.65775
198.38434,-17.07872
208.08784,-27.89433
214.71169,-27.41045
42.93031,42.82828
51.96362,36.38972
187.91484,16.85278
296.84991,-38.12248
297.2482,50.31303
147.37109,-21.74224
188.28145,14.57494
189.90382,-40.74002
205.27388,67.67218
224.07149,-52.02628
311.26236,-11.10414
336.37799,-25.64576
35.76225,-20.71186
146.58806,3.0712
162.82227,-12.40238
185.87427,19.42698
198.66702,-42.67623
228.68327,1.15424
108.15264,12.54558
136.4386,36.35459
202.00055,-27.35427
278.83682,52.72839
353.61438,-70.63152
45.2329,44.35037
110.19823,-34.11834
170.22145,-29.40309
202.10532,46.59163
237.77083,67.15869
316.2067,-35.39126
350.70999,11.98882
12.76885,-7.06564
109.98878,-63.06702
206.0155,-27.2317
207.16318,-30.81071
228.59328,50.32964
281.37186,-39.18145
43.77011,42.26232
125.62172,-11.41778
173.62254,-50.23717
217.86334,3.00909
341.58087,3.21004
343.98734,-70.57368
348.22192,-23.4692
33.51505,27.87717
35.74366,43.01194
68.29621,5.35433
73.99567,-75.54118
148.31013,-15.97792
219.12819,-52.67796
296.91998,-5.70501
34.36293,-59.86105
50.61893,-2.75713
87.82732,-38.32046
202.94122,-2.71295
203.88286,13.67621
224.1506,9.36978
301.90527,-21.12519
303.48444,-44.35117
102.73717,33.43758
156.24716,28.02389
159.99141,24.09125
203.64609,34.77785
40.30355,8.71941
108.9772,-57.34349
211.48602,-53.71959
9.82434,0.91274
22.44608,45.59903
97.77479,84.92554
98.15666,71.56096
111.25654,-32.49903
196.54362,-37.58575
305.18652,9.61092
338.63385,-12.93377
359.642,10.72826
65.18592,66.16882
91.00064,51.09337
124.59751,-67.61121
140.12589,-16.49519
177.80603,50.1568
182.92538,-38.54849
330.88733,38.55662
0.26204,-43.33044
40.79717,40.42675
61.23139,20.82987
123.23788,73.56326
136.44962,25.4374
140.17932,39.31576
147.4781,9.16366
177.27048,-9.72998
192.93234,-38.8292
194.55266,26.39686
253.27031,-16.291
11.25803,6.11336
93.06858,64.26879
101.35793,34.48619
102.94778,48.49641
198.30055,-43.24648
211.14214,-52.69729
240.26822,-29.34571
254.45839,-76.99297
308.84909,-6.24463
329.54355,-27.39215
347.60541,-29.73104
354.10815,50.28368
41.75907,8.65221
51.46809,40.74878
63.48359,29.15754
142.31834,-20.37929
180.59987,14.84373
197.19386,62.27166
203.73293,13.8325
221.59064,32.78015
68.06846,-49.67582
140.09146,-7.88069
167.66013,28.76771
190.19475,-40.89305
317.99332,-19.7938
333.20096,-38.12745
0.80545,53.87077
24.0975,-37.32156
62.0776,3.8972
72.92298,-3.80935
87.09262,38.69363
112.69337,73.6302
124.90406,4.65723
125.04118,27.09338
137.66518,50.37978
157.88588,-39.55927
234.87668,-38.53897
255.56609,-12.47257
260.06528,39.26046
36.26913,22.21721
156.76038,-36.22817
199.77361,-24.418
66.94611,40.72514
198.93562,-53.19681
295.16187,-60.04818
302.6236,-54.78325
28.41192,19.8405
48.26313,42.45713
65.1708,-14.78105
200.81549,-43.54395
239.45674,16.31016
245.90071,-61.70795
247.4095,8.45068
252.0163,62.20045
263.69385,-6.98545
345.45139,15.58247
349.83572,43.97374
24.8035,-75.01099
63.37514,-61.84554
91.37319,-19.03355
127.92087,-4.11794
181.94212,43.12642
30.07554,-34.31657
73.20501,1.25914
102.59547,53.45333
186.2724,-50.29617
241.05591,13.744
55.18801,17.74117
73.58027,1.64036
119.91183,24.98228
143.69809,10.28373
153.73892,-43.61916
185.51503,12.74085
186.252,28.55855
195.58279,75.40417
273.61035,10.00556
325.61099,12.56925
359.36911,-29.04758
9.85962,6.73418
25.4495,49.04083
43.08267,44.06554
51.77234,46.96659
128.27113,-12.35552
147.2626,-2.82174
153.93558,-20.29559
195.14925,-6.07468
210.76727,28.03339
264.69727,18.87788
273.67331,43.26863
288.19922,-46.01157
56.91235,13.25593
191.69298,-21.39295
286.12906,-53.9868
20.86622,33.20428
154.59816,-13.10439
155.11855,-39.35258
158.86398,-14.12987
171.84761,-29.2576
176.37346,19.4002
208.26414,69.30814
213.714,3.13088
239.19954,-34.1896
65.33324,36.76009
79.22945,6.55266
103.74506,80.96565
120.73963,16.29923
133.40649,39.13573
182.69031,19.04079
184.49954,-43.54003
314.6326,-49.27868
19.30526,-58.90995
50.98527,-21.52772
173.71031,25.53064
198.84048,-34.93423
176.05827,33.5145
176.23039,-51.90572
192.72237,-9.8623
201.98177,-13.42309
241.67531,16.31969
261.02383,-3.07263
84.70455,41.12883
153.90347,-20.64732
235.7216,14.23141
287.21851,19.41149
44.76136,44.52908
48.43839,-0.2415
123.99609,23.19954
138.77002,-28.26318
153.88902,-45.13282
279.36255,18.84599
295.8584,-1.17561
10.89361,-8.18651
78.9235,-3.44425
105.40315,14.13524
117.96089,2.81558
281.92389,-63.40567
308.99118,-49.60423
48.75591,42.03574
153.52971,38.65262
174.53775,-9.60713
210.04866,-48.26994
350.62891,11.89262
165.2393,10.50558
208.01743,-2.20655
237.47684,-21.04935
284.8786,-54.36046
347.59323,7.58064
356.44812,-29.5178
4.29249,-19.30147
14.45817,31.48476
82.9162,-10.39232
141.01312,49.20432
172.77893,22.768
184.94849,30.33915
106.60231,20.79761
145.3192,35.88216
178.91727,-12.02745
208.72209,41.31352
242.79584,61.26796
284.90192,19.42741
23.87792,-39.38373
67.16526,70.34723
108.51608,35.27928
116.91795,-41.9803
204.57188,48.2756
292.79303,54.09241
186.49567,3.42732
191.10919,37.12128
198.91374,42.0941
209.47292,64.91096
316.2323,-21.73058
353.75436,4.89775
10.72003,-23.54102
76.27612,-73.65121
128.91162,-4.08821
176.26613,19.97364
178.0817,-72.49542
182.10983,76.80403
205.97917,-19.7597
264.73138,12.98429
316.85687,-25.42866
344.13065,17.78446
141.12283,-37.75265
15.34209,-6.88427
69.34426,55.99301
94.58634,-66.01752
266.34024,87.64227
287.97778,-56.27613
15.43472,-51.86886
95.06548,-57.5784
204.03064,51.23577
212.97267,38.19384
237.51904,-39.9182
274.4982,-83.36146
4.91526,-51.26662
23.38013,35.66823
73.21907,3.05718
103.21669,74.48071
175.97763,7.92561
181.15755,2.0726
212.91135,39.64185
244.75616,-63.26461
310.3078,-38.19342
351.48203,14.20982
352.7269,3.54653
13.36096,29.27035
13.39565,12.69313
13.47531,-31.09552
92.41328,-47.62263
140.84766,-38.72333
192.75456,-6.39305
198.04916,44.03802
294.81876,33.96333
303.04901,-44.14668
16.85438,-69.87917
24.32309,5.87741
32.84936,15.95489
167.14131,4.83186
184.26787,-39.05093
244.51729,-60.69496
280.18234,36.16375
308.29565,-8.00639
335.22134,33.29534
344.23819,-43.76043
183.32025,43.69827
208.53897,60.678
231.19179,68.73063
264.02509,-61.89847
332.40616,39.28278
19.7202,-16.80343
182.29094,31.56954
195.34486,-30.93496
241.14905,17.72148
54.07562,45.63749
233.59235,-8.90575
277.89557,33.93735
333.69312,42.18118
68.62046,73.20483
69.79935,-21.34769
83.49693,-71.75693
84.66717,15.14702
152.3018,15.00517
183.0282,-51.94099
209.6418,-48.52501
343.57755,-39.31496
57.28226,-48.8582
110.85641,2.91079
184.10954,47.02536
190.62982,3.96032
7.74682,5.15976
49.0042,42.07432
125.82955,-26.19706
182.576,26.43075
345.42877,2.26361
355.67889,-65.94463
98.54141,52.12766
167.08234,-37.62391
200.79381,43.08631
214.87675,-27.37621
2.66226,53.41783
39.41651,34.43159
73.12501,74.49601
148.27126,19.43222
229.64981,-24.11995
243.1468,29.36496
318.17542,13.98133
8.06192,-41.38389
44.17945,7.33369
72.4276,-2.7605
130.69978,72.97648
156.67921,57.22643
178.10034,32.40376
192.92155,-42.60569
215.04614,10.26288
217.03012,25.86878
300.86182,-38.40532
310.42545,55.69814
344.7558,-25.52843
348.30304,6.32166
32.95997,70.44399
73.77827,-12.09337
112.6941,9.64689
135.95761,85.50169
201.1465,6.52904
248.59293,-13.97319
332.76828,41.28261
46.63635,41.48537
67.18713,69.57943
73.12924,-62.98576
144.89421,48.42177
146.57172,5.70884
175.593,8.76989
184.92583,-12.22554
223.04326,-10.74039
224.5824,-37.55616
265.70908,-9.724
284.73581,-63.93097
286.57788,-19.9458
349.72418,-1.06025
61.55271,31.05229
71.52469,-44.73336
102.49865,25.63438
181.12746,-55.76853
215.61786,40.31979
272.37726,-52.56561
31.42472,-52.80217
54.55871,10.08436
139.75931,26.27
177.00085,4.48812
197.88002,36.28205
203.27856,-22.59959
238.25189,-27.2921
51.49659,40.78902
107.64231,50.11891
150.99509,22.27602
234.68655,-3.38
246.32037,-9.18117
317.81912,37.88479
54.27468,-5.04274
58.05244,-6.34901
116.72105,39.03195
194.18134,27.17884
196.30153,27.56977
245.2964,-60.98516
318.55246,2.17799
1.31967,-16.47691
37.70621,-34.22089
38.82733,40.9265
46.75243,36.16766
52.29912,41.388
168.11722,-32.19728
273.51468,22.28379
305.37634,59.73701
47.0647,-4.25947
67.3335,69.53117
84.29509,14.66276
97.30804,-26.49631
119.9768,47.41311
171.39612,-0.76836
174.79822,-49.41475
248.15186,-29.95265
252.64554,-14.80599
347.67603,7.56763
4.89635,47.24103
69.77658,-24.18414
100.8782,-72.5946
186.32893,45.84744
229.77255,-15.99612
232.42143,-39.17609
236.09567,25.32746
334.1561,86.92971
35.38501,32.54451
55.5956,-35.15353
57.25061,42.31932
217.10745,17.92427
262.08093,14.16892
311.7868,-38.08854
3.23482,22.10027
10.26522,31.7327
15.71819,-4.76188
27.38025,-34.90516
52.22729,-12.15336
133.19398,-73.62218
223.63644,2.9665
356.65768,3.79981
115.50528,-85.42112
243.504,-60.99099
14.50667,-5.07123
33.60774,-7.36847
87.92632,-69.93013
153.69774,-39.80657
205.09062,-71.12916
224.06885,-43.72139
239.94569,2.71268
36.31777,42.08988
76.17443,23.47679
138.38066,28.95169
143.39636,-25.13606
147.47047,9.09586
193.79025,-8.85856
194.25902,-20.50484
203.97134,-26.01158
220.27301,-17.47697
21.12375,56.18221
96.37489,-32.28735
160.86774,-25.86685
186.83482,64.80164
301.54877,-60.21161
14.66497,50.0451
21.68684,-3.50148
30.98582,-23.31162
49.59363,41.40971
107.89024,50.24835
209.15677,-5.46988
255.10773,-22.82245
284.08737,-43.14687
299.52942,-31.87127
324.66998,44.26233
327.85034,46.05089
22.90353,-6.89375
59.29289,-18.7776
83.29762,-52.64201
115.88215,-51.68255
184.99324,25.77171
198.02608,46.19608
314.24063,-27.96614
320.62216,15.28205
17.64842,-30.22128
29.72835,36.67496
41.54219,-15.07313
99.03448,-15.78533
114.3968,35.60575
241.55843,-61.19137
349.71893,-10.2593
4.72933,-3.27609
50.95137,40.56345
53.29604,36.56112
92.12663,64.72369
93.10163,-4.17229
228.02133,67.36267
301.32324,-56.25618
17.38843,-35.80562
67.742,5.54238
75.23048,-13.42226
127.12051,85.60811
148.38921,-19.58316
159.22495,-27.91704
172.2099,20.7951
218.28828,10.51081
219.81752,20.04376
222.45839,-20.27819
229.49594,-16.32097
283.06961,-47.00764
295.81064,-51.80751
13.51664,73.08485
55.89199,41.07353
139.43468,-32.41487
171.20699,23.94525
203.17723,7.32729
258.1524,38.02039
258.35114,-5.81199
274.1694,22.11281
312.11511,7.73997
314.12769,-18.56654
356.38437,27.36093
128.44341,-4.65317
201.7243,-48.16231
233.39536,-78.12386
234.45016,-44.61294
285.95477,33.8447
320.06525,-4.87651
54.28732,-35.19503
104.59617,35.84059
132.01924,17.70246
200.62874,21.31637
317.87701,-2.03256
358.48642,28.49267
61.83284,-62.89931
70.90382,-44.97523
143.43073,-11.322
182.70663,39.47284
204.96796,0.83959
257.77438,5.85224
282.50156,-61.71951
39.01847,42.42095
75.2175,22.16668
151.7554,-43.07624
241.55783,-60.17135
301.061,-38.16712
340.30106,34.24903
343.83521,-33.88791
21.94516,51.66433
249.39301,50.34552
252.52097,42.73982
334.33224,35.57116
0.09211,-80.79286
50.10471,42.54713
92.71401,-33.88236
189.82825,-0.53184
226.73508,12.84686
239.09669,-31.56746
252.48285,53.95386
313.12378,-5.7461
22.07819,34.30863
84.14008,9.07557
87.13762,50.30973
110.97856,-35.88802
174.92432,-9.36742
192.35963,-41.4893
204.41272,-42.84697
204.99646,-32.59169
241.2099,-59.98214
37.19111,45.97064
48.31593,-31.65306
158.22424,-6.50731
160.46138,38.71679
187.4075,7.82404
188.9025,3.03452
210.19646,-34.22477
265.44925,23.67221
278.2561,34.06047
307.39655,-12.50356
29.61737,-56.25611
46.36291,-5.74575
94.32058,-55.54941
125.35402,-53.03283
148.78967,-33.21022
157.27391,-43.84928
158.49655,-30.16789
160.20959,-27.96599
178.90167,29.99591
239.28238,63.91748
303.56497,-38.16635
22.04242,-1.30602
39.54873,-20.16701
41.29036,32.98975
56.74136,-3.46148
83.39522,6.27331
195.50769,-42.77141
199.87666,-12.74086
207.06746,-32.23933
208.80586,25.05179
319.63815,22.74584
336.77408,36.3616
41.28291,-13.23668
44.29491,2.77507
108.7956,-27.97213
168.82054,-13.73297
348.10776,34.88151
55.91269,46.15548
98.38961,21.0371
139.00745,17.58983
181.71262,-11.09481
190.18465,-10.25362
191.99321,-22.26845
243.02272,14.2088
349.49637,9.68019
210.19351,-45.41856
324.96561,-36.03698
331.84772,38.74873
23.80034,-39.14604
58.57945,17.58501
146.42282,4.9419
219.72954,20.50667
246.4583,40.48873
305.47617,-18.37913
335.65182,-4.12074
4.90748,29.93387
18.20209,-58.28227
20.31339,-44.43228
50.04038,-6.26193
56.55727,-36.69634
186.7276,-0.87763
189.96629,15.2978
193.11424,-15.51861
237.43704,18.52691
252.07724,6.31222
254.78035,-5.74196
271.24484,-41.6636
300.23236,-18.17429
307.28961,10.74394
327.41873,40.66337
12.0212,-1.56582
134.63684,28.26726
245.27554,-60.61904
305.62128,-41.90085
19.12646,-7.97698
73.43919,63.60163
74.07948,-15.7982
77.17809,-29.27598
140.81079,40.16387
146.94006,-6.43815
160.60497,-44.88586
166.86995,6.71426
209.64018,37.4535
213.94022,-47.64095
17.75474,-30.43852
69.44861,-51.42318
172.26595,9.11214
259.80814,-18.19184
327.73492,-9.26658
17.75354,-55.87067
37.32285,45.91134
44.96082,2.77136
47.86666,10.80819
86.81046,-45.48273
140.54312,33.84856
145.6041,4.28315
159.25038,18.13582
179.5423,25.12223
205.86072,-29.80347
313.15948,-57.23245
96.42479,30.65635
155.1019,-40.40205
193.52295,-20.1827
205.0829,-23.85809
213.44861,20.84827
219.82713,-52.22596
296.10025,-6.83345
335.62961,-18.86969
70.65044,69.2165
122.64523,-22.70934
127.19631,-6.94015
160.91705,-44.22358
175.07933,17.76575
188.79443,-0.22109
201.25467,36.39957
204.06407,38.34299
230.60199,-38.19942
318.73349,2.83484
343.58673,-45.34702
15.15858,-7.98103
17.1987,-15.84516
45.98601,-39.44042
74.44724,-73.23083
127.4096,-17.29772
153.20238,43.14553
299.41333,-0.91777
300.73297,53.88507
45.24774,43.01758
164.40405,-25.42766
164.65659,9.05047
197.74525,-46.22388
199.90857,-12.69897
343.81918,2.24632
0.36155,31.43374
41.86593,-0.28509
44.11983,15.9161
50.14721,-18.71533
54.3891,-6.52048
69.28159,12.35265
92.45108,-19.72827
261.77896,-60.87912
330.7778,11.19931
335.94803,32.40303
2.75444,30.05207
40.88043,0.3068
72.92342,5.5056
170.73537,34.1115
173.81789,-49.01128
193.09396,-41.28193
224.86511,16.64506
339.43423,34.41004
111.25003,49.49237
167.73817,19.18263
255.56152,-20.74195
295.19092,50.89075
308.42227,-11.36885
310.31302,-32.48642
334.42783,-15.57129
8.28063,-32.25836
95.80129,-10.3679
142.44304,2.06445
166.14354,16.06173
202.31746,53.08199
332.13043,41.89795
346.45413,31.08724
41.5736,-55.45742
50.72432,42.55344
61.23455,63.20379
181.31485,43.16896
195.28491,-30.81414
202.33984,11.73512
204.98183,28.40059
215.14217,-29.24186
272.54141,-0.17212
72.19892,-14.37881
253.60013,-9.88915
74.82253,15.43136
239.37408,15.87263
246.06229,-61.09487
341.94876,-11.81665
1.30788,6.77199
40.59573,-3.10751
58.93646,-42.36733
80.21758,8.86463
80.72338,72.96289
152.79114,-20.87069
178.15305,23.5825
187.84546,29.13643
191.19481,54.87576
202.46204,-29.51442
259.03641,-19.7757
292.74252,46.71225
210.42244,33.82677
241.97208,-59.22695
275.28708,-39.24086
347.5018,42.56652
8.63578,-43.65612
49.79925,39.44334
116.72958,39.01518
124.9562,-14.71643
172.4982,-20.58292
179.4971,23.202
333.93747,2.06595
49.9297,9.75221
63.94043,-13.48772
66.65365,-42.09373
75.82654,18.45254
174.69675,-33.16835
176.38812,58.97807
179.09866,23.86803
221.08662,12.13202
221.86111,-30.6453
279.38309,36.85545
41.24094,32.70628
53.63368,-4.81071
72.68462,-5.41865
207.85783,59.86336
296.08963,-27.40689
36.52795,-0.33199
86.8831,-10.56982
181.40904,33.09784
194.11601,26.98748
225.47397,25.96462
246.1662,-61.2196
22.96025,71.05814
32.41396,-6.9222
42.82563,-28.20069
75.06537,-3.35251
178.65688,-7.75651
192.8131,-15.20056
196.93204,-12.55906
234.73755,-22.66349
291.60559,-60.33605
92.77772,-15.49353
104.04378,84.0789
123.22556,55.67204
149.7747,-30.25133
210.55717,-53.54084
252.33755,-17.6446
255.49153,-63.31166
258.20193,42.81488
298.11935,-69.67962
146.47264,-0.26827
161.12155,-11.20791
168.71359,35.50225
168.79175,31.03364
182.36311,-32.51515
201.82019,32.03072
236.63704,72.16922
248.9949,-5.11777
299.39032,-55.57791
346.83417,36.36253
350.30444,7.36643
50.2643,-37.1017
141.97008,29.98573
167.855,26.96363
246.96568,-66.78669
247.44917,-61.32685
293.10443,41.90424
324.89423,8.87686
25.08997,-28.91275
30.0794,24.47369
240.40074,12.3602
34.3461,38.41382
35.3696,39.37566
117.60504,30.22576
121.28745,-67.5867
244.01505,-22.62538
153.51463,-21.97675
192.4077,-41.38826
212.15952,-29.57203
223.82256,-51.57084
257.64026,36.30349
259.88855,11.20737
299.87457,1.09702
36.54659,26.05543
201.28745,-19.76814
211.1801,-9.71363
252.25653,-6.79101
303.85095,-23.10156
306.67517,2.69535
10.46049,-9.30305
35.24623,32.83985
42.21638,0.98946
67.79259,7.6309
70.75825,-9.31653
76.08184,-10.07654
119.21214,73.78667
125.78413,-77.85201
193.51025,29.60365
200.44798,-14.10037
251.39339,-27.18996
63.21854,2.36964
69.10445,-4.98727
74.14119,-28.50391
76.22071,59.98726
100.93526,-27.26651
101.23904,-13.28887
176.29866,-9.31396
176.35016,-44.4241
272.18997,11.82929
357.87659,-34.45226
26.3718,10.5528
60.42955,67.09844
157.19632,-35.65809
211.91911,-37.28596
327.66006,13.28826
333.68747,13.84653
34.05328,32.64951
43.72542,-6.37323
74.5555,-20.36358
146.45139,-14.3683
159.9021,47.39797
209.01418,13.50581
245.72127,-29.67365
280.5213,20.14144
288.17963,-3.93581
355.69336,27.05295
69.22401,27.55413
123.00677,19.36462
243.55165,-29.67217
41.41385,-24.81475
41.84904,45.53157
62.47999,-1.37413
129.89537,-63.12937
134.1689,-67.87032
161.82999,-24.43817
162.85973,8.29868
194.91531,53.34126
195.07475,28.2023
195.79144,-39.24877
208.21951,-1.89534
208.72768,-28.36906
242.10083,-5.66247
288.43088,45.81913
351.69144,-68.02753
34.90672,-37.81876
63.89781,1.1809
178.42366,20.88247
190.04976,8.38373
292.27243,1.26889
12.47418,-39.63974
36.6603,50.04505
85.04008,-55.53967
162.47969,32.99068
185.15532,-18.66706
348.64377,4.49835
4.85977,6.44934
36.58883,-44.44616
82.60992,5.18381
83.21468,42.9894
96.60994,77.39078
115.95974,49.61427
139.59688,69.81123
157.91728,-45.48313
170.99963,-12.29645
212.64668,19.61234
311.65512,-23.63048
29.19846,-3.73713
117.85911,14.02046
155.42184,23.92296
261.51559,-80.19512
280.68893,-61.44629
290.30896,-58.6703
67.71508,-5.79829
67.71808,-16.30635
69.71149,-69.50671
107.29971,20.60287
182.53319,35.87758
240.5827,16.34612
19.02509,30.34909
47.55385,40.76566
50.06469,41.39865
75.0007,53.82996
192.45941,2.85141
314.81958,-32.69365
20.53744,0.94535
42.28511,-31.28971
57.05136,39.35324
73.22773,-15.34646
193.976,63.61185
226.67403,23.64197
260.67044,-18.56109
288.65558,-54.22789
330.35941,-5.43277
49.47259,-7.29775
113.77853,-46.92596
258.72174,-19.99776
316.67053,-42.55706
43.45319,39.57806
218.43173,-14.61969
257.99884,23.38003
108.64391,-26.02538
120.93006,9.95986
143.59161,-13.98126
175.53787,20.31571
318.28967,66.5481
350.61932,29.18096
38.23489,21.89349
56.21357,45.84529
67.87836,-29.7504
68.23708,59.7735
103.08556,15.24912
105.17961,-21.24679
182.02316,25.23728
198.92395,2.87906
342.03745,-68.90286
11.73334,32.67533
20.73142,9.04919
21.30014,-38.09452
27.25017,13.21117
49.50167,11.77553
67.10989,39.62584
155.32489,-39.79925
13.57675,-61.89287
116.31686,-71.41042
179.49594,23.12497
185.79564,-13.20463
209.62595,-34.24182
223.57434,4.28386
223.98022,11.8614
264.02414,68.15584
295.84415,2.41608
337.85617,-19.03447
28.19132,36.61932
68.47505,16.91207
71.56525,28.01961
134.27539,-5.90508
159.7858,-46.50549
160.02518,-46.11568
184.96915,27.62093
192.90889,-19.87878
210.49684,8.93771
224.74326,49.82141
241.6413,72.49435
273.0231,29.15589
29.63612,-26.29371
40.41207,-12.3594
59.7989,1.22123
62.2997,8.64881
112.56735,24.48788
125.84035,4.37245
151.6925,-47.69635
210.94652,35.74173
228.78668,-22.8044
289.23672,-53.70068
343.44189,1.37199
351.90405,-67.81546
25.00117,-28.03416
31.51455,-55.19352
98.25957,75.86751
116.77323,-49.83994
11.94343,-9.83504
16.79631,-41.9166
119.00279,58.43024
124.35744,21.68554
58.04099,-8.99937
69.60072,-20.64985
124.40091,59.95378
158.24812,-34.88622
235.06444,-8.60093
288.06598,-63.97664
68.64972,40.19003
162.68954,28.469
208.23561,2.81431
303.91617,-13.62194
322.95175,3.588
81.75584,17.3126
111.8105,52.94855
130.21021,73.48668
208.63948,-53.31118
209.85318,-3.20923
280.28311,-41.79502
281.84579,-41.71803
316.4957,37.00286
78.94112,19.30132
138.35785,52.98133
161.15385,26.18156
184.53862,-56.74083
191.98135,-1.65603
213.03963,-34.26531
266.69714,59.24569
277.71103,9.47826
307.69632,-47.47371
349.56406,29.23061
36.09478,-58.39665
73.84888,-20.57109
157.82947,-8.59058
202.36234,16.82585
90.09937,-19.7092
115.12342,13.87174
151.97896,-35.22961
237.14594,-41.22535
21.35854,-1.55063
45.63714,-57.86042
86.06003,75.62059
108.01533,-60.50742
142.92348,4.50006
210.10683,-23.30479
215.17468,-27.3854
243.3839,-61.00627
10.96155,32.85339
14.41282,43.80076
82.09649,76.66374
84.24659,16.24525
107.26297,-28.48626
144.76315,-32.98625
160.5282,-40.57632
257.93771,-25.74736
279.24506,-62.85433
299.97925,42.55865
13.67275,55.77369
44.14433,48.69039
145.55084,-4.71404
156.23749,-17.43444
229.75598,4.52073
277.9834,-31.79521
4.06159,10.33234
6.44899,-2.28477
45.51023,-39.99212
131.15834,55.01889
182.88954,57.73746
192.9415,25.7773
203.69919,-27.12709
244.79404,14.13363
305.44897,-10.49026
357.57971,10.7574
20.31926,-0.5445
27.80983,22.58224
326.92065,45.79423
131.84473,49.55869
152.78168,46.9154
183.59177,56.01142
188.21777,11.40429
220.16255,3.46961
328.66147,-34.66933
119.09527,-78.70031
162.7435,-2.15037
188.88519,73.67487
227.45494,0.52974
9.44283,-17.84947
13.1756,30.63907
48.98001,37.15403
80.17548,72.53576
135.25044,10.6172
182.56104,25.3089
267.51794,7.28517
287.5607,-50.05473
295.99603,-28.48682
135.36931,3.72057
197.27328,11.6341
295.9144,50.54228
319.11514,-0.82651
30.14679,28.22527
56.51394,12.70312
100.01716,-37.76351
125.87518,18.74935
286.40448,63.93404
13.70263,28.86678
26.31782,10.64943
29.15841,34.17684
57.2728,-3.06053
60.7076,-60.83952
188.70322,-44.73549
243.48952,-60.94006
248.85339,-5.54247
60.60694,-18.0476
77.45905,7.48344
185.6252,-4.6527
206.93738,38.30455
355.40463,-3.56498
15.11719,47.9952
37.78865,-57.91835
116.5776,18.36871
138.61716,-33.95581
165.28644,-44.03954
315.72083,-15.81152
343.16357,-9.26781
37.13802,-19.04211
68.67304,40.23938
73.79591,75.6501
102.79709,33.52711
180.80254,-14.64417
192.64343,-41.47093
206.92969,3.41142
237.42,-24.58291
260.77246,12.69544
278.25375,-41.48589
320.03171,-39.7686
326.56323,-46.51841
344.87094,39.08299
130.09462,23.53969
200.5649,-29.55726
255.87744,36.41866
268.62253,32.88727
281.13058,12.3644
107.9082,29.17088
145.31902,10.64695
158.18921,-12.71723
181.476,20.57253
221.58803,34.37059
232.05244,-30.95525
3.67848,-60.32843
64.30908,4.78164
130.95264,-78.94939
145.1734,11.88842
156.59256,-34.9637
192.42284,-11.09303
195.71814,-23.92158
209.30501,12.02124
238.69687,-37.58235
243.38725,-60.82323
280.40341,-63.00016
282.01831,19.03246
289.55981,36.39497
303.07675,1.95758
345.05963,39.23607
10.51933,36.80504
14.74165,-18.74266
173.49678,49.06204
192.81882,53.69625
196.5186,55.65609
261.15756,-2.7183
280.6915,-64.07267
332.88052,38.72136
26.93538,-33.60151
38.60214,-10.84373
44.84504,47.07851
158.98553,72.61632
175.47064,10.3044
199.30165,-17.25448
277.34357,39.71335
329.91269,-43.3062
331.71579,-64.63457
64.02032,8.18013
117.46192,33.96204
140.46452,33.4019
182.19704,29.30478
182.99733,15.4013
206.31732,23.21901
339.11652,-24.34176
45.85569,35.77269
162.54028,-17.24243
188.64252,63.52508
193.22316,28.37115
223.59776,16.35524
224.25284,24.61742
290.11893,30.82551
295.85394,41.94114
329.27487,-69.68994
343.35303,37.17527
350.98929,16.77722
12.92657,7.7186
34.2947,14.54782
64.81892,-14.10314
69.87282,73.29143
227.73375,5.7449
34.06295,28.59972
39.24619,54.73745
70.12466,66.63518
90.08541,-16.16671
129.03894,-7.05497
207.20479,-31.15537
208.64444,-26.5561
302.41312,-49.33171
30.2491,15.18913
111.71092,1.64751
114.63366,-68.77067
162.05811,-53.30164
168.76401,-28.3924
187.43898,56.82634
190.55206,-17.40356
201.11316,-10.21022
232.4576,3.51088
279.80106,55.6418
288.59174,-54.56561
114.40109,-66.11965
127.19218,22.05346
257.83658,-22.57944
267.62045,14.39446
316.2688,-43.41969
28.34568,36.95514
48.49276,-21.98637
67.44218,37.53312
126.30031,20.33476
191.29933,23.03609
84.55434,-67.85606
125.78303,-5.00239
150.65341,89.03102
160.57869,-17.64855
160.96135,69.74744
165.79616,56.22171
252.56548,23.57984
50.33676,41.46002
65.18106,2.32596
77.25927,-20.25556
140.90199,2.13647
177.34802,-1.08389
179.17264,-32.38574
207.24776,-7.19494
256.25162,-1.54128
335.12537,35.97359
336.73557,51.50239
19.99838,14.78625
64.25096,0.8352
81.86243,-63.50459
88.92468,-69.80042
188.43741,52.25476
198.27129,-19.97691
357.41626,29.93207
157.44003,-38.34856
217.24261,13.8618
237.70226,-39.89642
325.79904,-38.96827
342.26672,40.00117
8.5811,-12.65625
21.9194,37.18293
38.94926,-74.24194
119.77974,-0.63793
119.97277,23.39006
159.23793,-7.02388
212.53232,18.36449
245.24234,65.39055
302.87195,-7.81347
311.33478,-45.61566
26.02964,-61.12342
26.59444,36.46031
49.38382,-54.35797
65.1334,35.69915
72.09832,62.13388
125.00723,62.83059
174.26036,-36.81536
188.11046,-68.33659
208.62144,54.3307
250.88757,-68.97849
309.48267,-61.91065
321.50107,-40.83478
345.19931,-12.91848
356.55075,33.37036
31.55184,29.96636
72.14332,-3.86711
96.23753,82.31851
158.14508,65.04108
159.31433,-46.58498
172.27701,8.98859
199.80235,-12.53988
266.30945,18.13893
339.55478,35.49886
41.40126,42.15757
81.68541,-19.20982
157.78831,-39.94466
187.57718,-49.73333
314.45593,-43.35156
314.6189,-19.98142
333.14078,-35.93608
77.87994,-0.58601
120.85632,10.0506
152.97215,16.44019
174.46114,-50.74123
195.53606,-75.59138
201.02794,-31.66992
233.33629,-8.70052
234.17569,43.53936
248.92012,0.33146
267.50293,61.53177
285.15045,59.16676
287.87701,-80.30682
332.04401,41.17735
12.19641,31.95696
14.25859,-0.87519
93.3401,-11.94593
107.77935,25.9155
251.3185,67.93781
279.70905,-63.3499
299.14343,-38.10038
303.10068,19.29126
2.00678,33.07071
62.12212,69.67254
103.87858,69.56305
217.95955,-52.93517
298.19913,-15.98591
304.27679,-12.09705
12.41195,22.93234
44.55804,11.1333
74.69607,-21.56941
115.94825,52.35742
192.00113,-39.63086
201.21411,13.73781
246.94728,-65.41354
280.88593,-62.10796
32.87812,-35.8351
67.67828,-4.87025
134.7267,66.46832
144.72337,-4.86016
159.33067,43.58756
161.91867,38.93154
184.09384,13.30704
207.77248,25.09369
349.15598,-2.33057
86.94804,-19.86645
89.69104,-59.12595
93.49,80.47633
153.92693,-34.41306
234.15858,-18.78634
240.97212,-22.94713
263.88458,-6.67874
313.86508,-1.22515
325.88965,43.55021
326.90042,-13.18272
331.18713,44.94899
39.40599,42.63589
116.55088,-41.14804
208.38974,37.38699
230.84015,-35.74512
309.69095,-52.14325
343.04526,-14.86791
0.48258,-27.62723
110.93111,33.44203
173.57022,-9.57601
221.77635,11.59378
305.81497,0.66472
306.02414,15.75673
325.73615,44.3838
73.36158,7.13762
78.62335,-62.17067
130.86531,-56.20794
144.21825,66.78838
164.99823,50.05663
171.57394,46.97415
211.83391,-28.96981
233.84355,25.2971
277.26413,-38.34101
300.27103,51.01882
64.6204,-60.672
122.43092,-43.63003
165.80396,11.07676
194.94124,-29.60023
203.74062,38.45753
210.67967,39.16847
218.29002,-15.4052
224.36353,-21.66534
245.36639,36.37656
317.16302,-43.48613
0.77358,-1.9138
37.9907,1.24654
49.37513,72.6536
56.97086,-8.48916
89.76111,-52.45081
104.39352,46.40299
146.51479,4.40336
158.84686,-28.31407
224.09703,-5.88623
228.98256,-36.75351
263.99521,-5.63747
273.57703,15.50456
304.99573,-52.62196
311.78256,57.59362
331.78387,44.29861
27.71907,48.3518
44.25575,-15.04831
66.13126,10.88877
82.47472,-18.71446
214.39787,2.05322
249.15485,36.20044
319.56744,-48.53753
337.19614,51.04895
344.63281,10.7318
41.36498,0.91444
54.72072,-18.35409
70.61927,-44.24846
127.13179,30.43124
155.84897,12.83511
174.20743,-9.56771
192.27673,-41.83233
192.39394,-41.05485
194.44514,-9.63374
202.5094,13.41599
216.46756,-42.36424
312.06168,-19.8492
333.35956,-22.0967
117.79922,62.0814
142.25677,-37.84211
167.31711,36.02111
182.29163,29.17682
200.08437,-12.57179
203.15936,-27.16962
227.17169,-37.66771
20.11953,32.70903
21.18597,-38.12909
39.1919,2.05042
48.5994,2.67791
62.74941,-56.48046
77.51915,-36.96024
113.41747,31.33441
143.55212,46.70805
195.39,29.13053
247.40054,15.65843
256.21481,4.4746
275.4993,-52.93868
291.18002,0.41918
308.63062,-30.62466
28.1158,17.51259
30.081,31.31302
37.80601,43.33879
53.47114,-20.28249
67.37727,-26.71312
161.28935,22.07847
181.18079,31.17722
200.44284,-56.82305
253.72353,-16.95197
285.16592,-49.09923
359.07843,-0.30564
1.17596,-30.48364
9.30194,1.94224
36.34499,42.0355
40.66679,39.53431
45.09205,-17.15253
46.71661,42.52307
171.44081,-48.14178
234.16295,-62.69608
296.88748,-10.11558
320.09772,-13.17116
321.67709,-6.99496
343.64548,20.23623
21.26678,-4.7086
25.92822,-4.0017
27.13785,12.61383
56.38714,44.85484
93.10869,-44.66075
131.03456,34.71718
159.10344,-26.99954
178.50287,-20.56732
263.63727,49.98796
264.10953,10.02077
352.26627,3.53334
8.60253,12.26847
31.66309,-41.15675
65.05784,-63.96516
191.83263,-9.49789
200.57478,-16.90664
225.38528,48.31989
291.83826,-59.31532
55.80896,40.64688
220.15802,3.37705
276.54144,23.31614
278.70938,70.52393
291.26013,-62.96539
70.01973,74.18562
83.2324,55.39327
107.67541,34.42113
128.69385,-55.0615
133.02061,53.61734
153.64531,-27.69284
155.04688,-64.01685
177.37567,-1.08648
253.20181,-58.94614
257.36795,-22.44737
323.61536,-33.38567
349.18546,8.90562
20.38766,-33.15605
30.24208,46.14169
42.66665,53.26968
120.76024,-18.70207
138.39827,12.44084
170.98155,52.92097
192.66624,-9.03107
209.90126,-24.36789
211.91759,-26.5612
258.74222,-22.35831
295.86102,41.65936
315.75702,-28.33914
341.63354,21.0837
29.75313,86.67366
36.65547,12.15534
38.89933,-12.27618
69.74182,9.8926
83.23006,-14.13305
90.99564,-63.69961
123.85682,58.17891
273.42166,-34.7063
330.12766,-24.63262
59.55823,-52.32816
200.91246,-37.10882
202.42508,13.30403
267.84946,-60.12833
276.08212,71.60191
301.12921,-26.42767
329.26047,66.43603
351.10825,13.97227
28.51311,-14.25298
33.51784,16.4559
69.90367,-53.01263
72.83581,-17.5034
105.96326,22.36953
202.16312,11.38701
214.69939,24.94041
224.27826,49.66903
245.20607,-60.40487
294.29089,9.58531
306.44952,-34.19351
309.54465,-67.18464
329.63162,36.8619
335.28772,36.59089
10.05553,-56.15303
14.48068,-5.13042
28.83842,46.55765
50.97349,38.67706
99.98354,-29.01007
116.65699,44.79049
174.53557,58.75832
294.92993,-0.50104
337.4686,36.71929
346.41824,27.66548
355.86972,13.20965
27.67327,-3.93829
61.72088,22.86333
87.46994,-43.39909
94.73586,33.6989
250.66737,-9.72192
255.99374,24.17759
282.25366,47.6581
287.72464,73.41016
294.58029,-30.53845
327.13272,44.03992
329.10812,30.78762
0.79429,-54.74892
8.1777,-11.31814
27.82997,-4.05596
29.80682,18.95468
31.55969,-55.45808
48.57362,46.03117
55.36785,15.25904
237.46494,-7.47997
241.7791,22.06047
246.32788,-29.24783
281.00119,-61.99017
331.75827,10.23355
13.76317,-19.00596
38.55355,68.04931
97.39285,-26.63138
134.55347,-19.19182
150.35912,-34.78148
198.93797,-16.32673
247.68594,81.54402
257.18527,3.89408
286.73788,50.34788
356.33334,-1.68489
45.46454,35.84118
112.03367,52.47157
157.00677,-42.11072
220.01617,-36.62743
345.46658,15.98185
20.15918,29.69883
41.57289,13.09568
124.90749,21.11449
182.72337,-12.65504
191.42101,-10.71706
201.37105,-57.45155
237.3568,19.03205
262.67493,6.28227
276.36649,68.00581
279.9639,32.80632
54.61427,48.52494
97.5022,-32.90541
104.18108,48.90152
109.15763,-75.56594
198.75368,12.72516
212.76878,25.69791
218.18123,9.89045
243.5137,14.28208
285.42337,40.74364
355.73599,27.47074
2.06114,7.78024
27.68407,35.28453
30.63692,-79.67039
67.80539,-61.45325
195.13324,-45.41467
199.86755,-26.99783
214.82339,35.13795
221.33188,38.73126
240.62697,21.1207
255.65828,-15.14718
319.64746,19.71866
327.99335,3.07175
351.08368,14.64707
10.86613,-0.1249
112.98614,18.33308
174.4518,22.69193
225.21805,-14.16521
347.59103,-8.68866
36.46112,-11.19071
42.26703,-14.47063
81.31981,0.42043
108.37912,-36.23869
255.3392,-28.56734
258.54059,-23.53158
49.797,41.35325
74.99084,-26.02221
151.14099,-37.33556
170.2867,3.19456
178.41655,43.46096
187.94673,64.23383
214.33578,-45.20044
37.21511,-41.40267
42.39143,-38.76958
69.93774,3.03296
78.68385,-72.2079
96.25323,64.56527
106.11981,18.58949
157.10446,-50.692
175.41377,24.8005
199.78432,28.50686
200.71114,-17.03253
259.02127,6.8405
299.95087,49.97645
342.38699,33.36045
67.65929,-0.30417
199.05138,30.95029
225.95967,-77.49474
288.55969,-46.25634
292.87762,56.36074
311.37344,-38.17527
68.05506,61.79655
136.20901,13.56185
140.19131,22.0762
209.24191,45.97323
43.95546,46.30547
195.08347,-22.69197
223.97334,49.72612
235.79405,-12.57405
310.16382,-20.43888
330.09006,-13.14737
39.01065,42.6141
57.33364,43.39394
79.29089,6.92741
82.93496,67.61246
157.75581,-49.04697
168.03363,35.45207
173.41888,61.88796
190.76521,-42.91346
195.41464,-23.98737
203.99113,33.42997
205.41504,55.67072
321.37827,-40.27413
27.69959,35.93275
30.93577,14.70928
37.92217,-9.30036
48.75569,37.88184
54.87739,-18.52694
143.80156,-41.80459
146.57164,-68.91277
172.47639,-55.4695
180.59569,4.32983
199.07089,7.04624
252.08994,6.22278
334.63327,-73.61501
337.63818,37.89093
5.17516,-23.28284
43.06968,52.58194
84.07086,7.32628
166.71321,23.01627
192.82788,-30.31747
234.5688,-39.47049
277.07446,-77.1587
301.10513,-36.01774
301.13077,-39.06782
308.06677,-2.24917
358.9035,-60.74285
30.40928,-58.2686
161.10799,-25.377
178.27118,26.20703
181.48383,77.50507
192.78705,28.78808
194.16884,-46.92612
197.20879,-0.81723
274.54086,54.5157
45.47432,35.73317
164.32344,-50.25756
193.75522,-40.97074
255.48686,-23.29816
310.89355,-29.70363
321.3869,25.32441
322.74008,13.98609
330.84537,-28.76962
331.3093,-0.64823
359.02957,-0.91647
177.64061,-2.90901
207.65477,-38.44212
211.28946,-48.58918
224.57925,-38.88448
352.02597,23.53144
38.16738,0.2601
38.29342,-36.8597
49.45215,-7.61685
129.36752,24.94666
176.45602,19.76741
243.60901,35.10914
269.26959,12.23982
333.09552,39.27955
51.99452,37.04048
91.71775,-75.36471
112.57664,79.87253
214.8033,24.79863
223.28983,-21.39411
321.52255,6.71168
333.81955,-65.55073
77.6964,18.03027
79.92385,84.05257
107.7552,48.51281
113.09248,-77.91922
129.32974,-20.94
145.38417,11.41329
201.7261,52.75353
203.95105,2.99887
224.437,6.62696
255.23514,58.9705
258.60339,-23.22983
259.12747,6.43201
280.37146,-61.77222
1.30506,-11.5026
9.39308,-22.54924
38.9306,-13.68098
86.23599,69.15929
139.45279,-65.1849
155.01018,-21.51855
170.45026,-5.7577
194.90411,-29.2583
219.36546,-28.72384
261.8223,58.48552
299.18259,-31.47529
40.76204,32.49123
139.85077,33.62395
197.84927,-44.37778
281.93353,-63.157
313.43927,-71.02474
352.27936,29.77508
58.62315,41.38068
65.09058,58.1762
74.78501,-58.6549
136.8177,37.21541
149.95697,-2.87738
202.00034,-16.35616
235.9431,-34.1882
274.66318,50.27765
281.25479,-63.69223
289.59021,34.83705
42.71056,22.77198
163.41876,-21.79275
180.42827,-31.70377
189.80185,6.01223
272.81409,36.00777
339.60468,35.3658
18.26067,38.76836
38.91413,6.27253
71.00567,-41.46342
112.56631,-29.1008
142.26031,-42.30111
170.2662,34.3441
189.6174,-40.3678
272.77145,49.90918
342.68106,-45.33078
72.02534,27.05987
93.30432,39.04824
127.76334,-4.1959
158.59644,73.76497
178.33466,20.75162
208.0347,14.11625
249.13562,39.02796
249.69917,-9.03887
318.06622,13.01652
56.74142,-25.52176
147.5582,-12.05768
167.39325,-46.74921
173.05608,0.8193
225.98477,48.55021
256.27328,43.04319
288.34274,-16.8009
345.28448,5.65436
353.50647,24.94459
71.08119,37.83489
77.19153,62.44299
146.3551,-18.37391
183.46777,-47.27374
184.31223,16.53139
197.47658,-43.10572
221.81038,-37.31993
348.82199,19.04166
15.19091,-9.18572
28.82027,71.21832
42.27446,21.61377
49.46814,43.30413
71.73623,-5.98257
143.84451,-12.35966
168.46942,4.29077
177.2478,35.01605
222.94722,-7.23266
267.05115,17.6253
288.6011,-58.26218
325.05435,14.63297
356.47946,12.06175
11.63331,36.32561
15.81829,22.34265
21.64136,-23.22618
28.44033,-23.75775
32.81039,14.12068
57.24109,-22.13132
174.31476,16.8772
221.92606,18.50205
227.88077,7.25193
250.8468,61.98395
256.08887,-27.19118
257.58667,48.33176
281.54721,-41.40548
344.55655,-69.05211
27.46569,-27.46662
42.18833,-32.347
82.86555,-49.40088
117.70798,74.35768
126.86047,17.28415
211.0666,-25.64011
230.77209,8.6092
29.18282,36.38453
52.66996,-50.30962
138.67122,15.46199
142.57062,29.53998
230.83386,-4.15161
242.48734,-60.32375
246.85106,19.59725
274.01108,6.7468
319.90958,21.97199
325.63605,-29.3674
14.40663,-48.90268
109.43841,24.51391
192.88495,-14.22117
199.94688,-21.89995
232.77972,-5.04461
252.08437,62.97635
357.78183,8.72848
8.96185,-59.69382
47.35128,16.11551
254.75603,47.23717
304.56342,-45.84143
335.535,41.32972
343.33701,32.13066
5.26187,22.56648
28.58252,36.62981
43.83408,8.82817
130.98581,-12.84751
196.57198,29.06315
247.03635,-29.09676
255.50984,-12.49754
282.33301,-43.99728
284.41733,-47.55072
291.96326,-35.04844
38.06495,43.45501
90.89854,7.78539
98.50115,-34.17235
215.93703,40.02385
285.21045,28.77123
8.59221,10.20501
33.82504,18.00632
58.4035,19.10483
90.30422,-15.49508
97.79578,-36.82057
105.52892,-28.45739
118.19139,6.49667
133.98085,13.22971
144.31335,23.59061
146.51523,1.66834
162.81265,-17.00802
163.55869,-11.40506
184.72377,12.91271
190.96214,-0.56128
1.27236,-7.09342
19.02057,-61.62217
28.69564,20.69821
41.93158,13.25533
170.75861,34.49771
209.66524,-38.40937
230.13885,-8.53008
271.25394,56.26302
273.4104,21.09009
289.46429,-45.61525
317.19675,-39.85202
41.37321,-17.54225
89.18383,54.0505
300.52231,-32.98808
328.16318,-68.7599
340.44897,36.10621
12.39873,1.11555
14.59431,26.86626
29.93535,-7.83913
39.9436,1.55828
78.33166,9.75492
109.65409,-35.65692
149.91711,-20.78752
151.45004,-17.43455
225.3663,-14.31337
289.38351,-1.76225
10.13105,-45.98542
36.22189,43.3251
37.84079,43.4657
96.22956,49.5089
142.53825,20.0909
183.09715,-52.46143
189.48183,34.02208
194.39279,-12.74401
238.51202,23.13121
255.83704,24.93621
271.94391,-37.75132
6.1823,-5.14876
74.43958,10.52993
81.94646,19.94976
122.80619,25.20693
149.02397,75.01434
186.95978,26.99347
211.33578,-84.27271
273.09079,39.63301
350.02368,24.22114
28.16711,48.09253
67.24892,-12.22476
93.44839,-37.67684
168.42082,47.57851
177.26474,-37.51711
203.69673,-45.54744
260.77945,-18.82854
315.51492,-6.29689
4.7215,10.5947
123.60551,4.34244
133.69296,39.53881
134.68979,39.51002
180.80508,1.95086
189.00047,54.2209
328.60641,45.92747
31.3083,9.92526
31.36099,31.17533
36.52156,42.14408
60.98008,-11.17904
69.10612,14.3349
160.09306,-46.42392
166.12001,-9.79136
195.06403,-13.00705
242.35738,-4.48939
349.6933,-10.39927
359.79498,-4.19185
11.60092,-13.44237
183.66048,5.80572
238.77319,-40.82193
293.85892,-61.23738
39.0673,25.42382
49.48768,-0.16912
61.51878,30.15729
125.19059,56.49094
171.40627,-11.13962
177.63602,6.56753
352.91275,25.94533
358.50485,47.48952
30.5599,9.98087
35.62971,43.06523
56.40265,-9.23485
56.74282,38.63434
58.73642,-65.94522
77.62002,60.84023
105.89394,18.95652
169.87695,28.65204
189.75476,0.36563
198.35796,-57.27607
199.98483,15.85055
214.91805,17.85468
251.91962,-60.149
260.66663,41.10165
330.89648,15.10679
28.1034,35.85643
52.80841,42.79227
89.85252,54.4191
148.70688,9.27164
188.00623,66.33263
273.05936,-58.25089
26.03724,31.32102
35.37925,14.19886
81.78223,-78.2206
93.51013,64.70929
101.3582,-26.66013
127.16641,73.748
132.98616,16.94479
184.16161,33.56088
196.483,53.65925
233.42941,15.00728
269.56717,15.25392
336.05981,36.08754
32.91312,14.29821
50.30331,-4.58402
61.04572,22.12815
150.75249,-15.36134
193.18372,15.8484
228.99789,-32.69696
258.50656,-24.81539
291.17065,2.42063
13.70961,29.24649
29.0945,-9.06142
29.46622,-61.21434
61.31491,8.73683
106.02021,-41.87971
107.83157,26.3715
227.0563,-11.14093
258.13831,-5.59069
359.83511,53.24184
36.26843,-24.78817
66.46385,-8.56076
72.11196,73.46912
106.8041,44.81679
124.40323,35.44597
129.69241,-14.6809
198.0405,-43.30785
20.20756,52.00756
32.24464,-7.0589
174.22537,54.82321
208.62988,15.04415
268.42313,-59.84283
318.35287,2.76979
340.57666,-30.05533
39.80272,41.67172
79.19265,-12.34995
134.32503,-19.1443
178.7144,-31.57353
212.38492,14.83176
264.48926,-4.79518
339.01483,33.97575
118.7104,50.0388
226.44949,-14.9648
281.78152,-63.48457
29.45662,33.37714
48.75321,-30.70802
51.93812,69.74924
100.25544,-12.37345
103.24107,14.79209
150.04289,-19.62181
162.12424,72.42502
214.27174,36.57521
223.85579,-38.46157
240.88179,49.33813
245.03641,-61.04633
245.21759,-61.08791
246.74388,-66.59109
249.88304,66.03954
279.99332,-62.59796
292.72037,35.78525
295.50223,-55.54554
316.9223,3.87171
24.77859,-43.36006
30.56387,15.71218
39.76481,-27.44313
49.73909,6.538
59.84946,6.67934
110.70265,26.52773
196.95917,-5.01747
211.25076,13.13187
47.40093,-25.25359
126.63701,23.19273
141.80788,-19.53251
166.51785,-12.43067
211.34201,-41.81821
247.39162,55.51775
259.83905,49.04044
346.02475,1.90759
33.34302,-2.34228
52.12854,38.02218
78.62866,-62.22861
124.39592,20.90316
181.22025,-43.73163
202.02997,-20.96615
210.84058,-22.55722
242.99229,29.83853
293.54684,49.96086
298.34772,8.34783
298.9928,-33.57133
67.25373,-53.61368
159.99574,-46.19066
191.22141,18.75513
201.85329,-11.80917
229.45488,4.1625
261.97992,56.86877
272.19247,46.83363
306.65842,2.64081
41.83282,-14.80177
48.63293,42.77138
55.0799,-18.93149
62.03165,-17.19289
62.49088,36.99799
118.08481,-37.35425
202.83305,-35.08836
209.93105,36.23819
251.34563,-59.9237
269.93225,28.86667
317.40909,15.15063
88.86898,-76.92026
139.60829,16.30547
158.83542,-27.3621
195.75371,28.03255
198.23366,-32.69392
201.65907,-57.08839
203.11391,-38.16832
228.54727,-14.34862
250.52699,65.58549
294.98679,50.92453
300.08093,-31.90028
16.84405,0.92593
17.24668,32.63432
31.97115,2.1676
40.54193,-5.56855
74.15577,-10.21903
80.25581,-25.36256
208.61015,-26.57628
219.09204,58.79425
300.23682,-47.0844
337.49918,-5.11989
345.84705,41.41439
2.26031,21.62449
8.17437,53.27898
47.53501,42.83025
95.0486,66.58498
116.60387,62.48591
199.4944,4.40339
223.83043,-35.72535
246.05191,-60.31161
260.76828,-1.43148
268.82382,26.37116
315.65308,-13.79789
316.10358,-21.78046
328.28754,-13.34673
0.19569,28.40202
26.71164,11.40154
40.89425,47.82336
76.90438,-68.38313
146.32184,-27.40592
162.30054,22.01595
176.69664,20.6754
206.09674,5.79253
238.75812,41.57832
337.33438,-35.47198
19.70348,-16.80344
151.09364,13.62135
169.81929,20.81356
252.94855,-61.56625
274.83118,-42.63084
276.61935,-31.54963
279.58475,-65.42757
19.68534,-19.62675
36.94103,28.20921
147.46112,12.69524
190.49724,12.94292
303.51257,-52.72177
323.46884,41.8518
46.68898,-25.71644
173.75,51.218
195.75237,-8.08496
278.76419,32.69636
21.28179,8.6994
87.55611,-10.11715
123.42966,64.33648
152.64738,-39.14264
188.29903,7.8516
240.66896,37.35946
307.58292,-7.8907
359.09943,-31.35321
60.33551,42.83411
69.88116,-7.09742
76.545,62.47223
109.41893,-28.06079
162.43047,16.23886
204.04439,-56.53991
210.5472,9.43998
227.86694,13.4836
257.64243,-11.36092
312.44684,-25.69869
36.0232,27.34253
119.97224,-50.33958
150.64813,19.177
151.28979,70.55714
162.82393,13.94601
240.57089,15.97455
321.88495,-60.82359
337.14276,33.99922
339.19373,-12.54523
32.23864,47.21989
68.9137,-25.13292
102.06152,87.03852
108.95483,17.48467
211.3472,-45.26978
221.75043,11.5921
279.22995,-43.76321
333.4549,37.02671
336.65167,25.10851
353.62622,-2.95367
27.32104,-32.74261
34.77886,-41.74934
68.47031,16.36268
78.52052,50.00975
104.74411,25.0258
137.54951,50.40134
163.58693,27.23969
167.99648,3.13574
284.40628,38.00895
346.74222,-9.28616
12.76785,-32.42252
79.73467,19.17282
85.78548,60.60273
128.60136,-31.82224
154.09584,60.23492
185.6804,8.19835
195.58492,-15.7665
237.56174,-39.91838
256.26135,68.82752
270.14581,-59.13651
277.03445,34.30266
350.48862,5.03581
87.73338,-34.78403
162.743,-23.65896
221.81197,13.45638
254.12723,27.97754
316.04657,-43.59249
333.42267,-45.89373
333.84399,37.28067
342.2421,7.21901
5.75632,-56.83474
41.30274,32.28405
80.82645,-42.71118
85.51878,-26.12219
107.30621,46.09813
121.12714,64.99789
172.92142,3.48803
191.54179,30.7321
354.27271,53.15554
167.23203,26.61027
190.07541,-40.76206
198.29192,9.69064
254.06686,55.02646
308.90787,-9.42563
316.21399,-51.82339
68.71566,-14.06938
90.6145,-67.90347
231.75255,-12.98116
238.28278,64.91805
245.24327,-60.49102
307.35284,-0.17401
349.18607,13.48294
43.50024,36.43111
53.49968,-16.34744
67.63553,59.76167
104.77309,-59.12719
145.82977,36.2478
150.18347,-36.23335
156.97386,-40.08134
210.95012,9.61057
217.1295,-34.71064
245.1394,73.86571
294.05048,-33.9949
299.86807,40.73394
78.01007,68.60931
91.22404,80.14382
114.42699,59.31418
114.684,2.21764
204.16614,-8.40189
211.58891,-5.72007
337.39981,50.86185
44.57401,-4.81851
59.42678,-48.90847
85.12312,16.16558
189.10155,-19.39507
196.55373,-57.55621
198.38609,51.25837
242.73404,13.75176
359.38403,-22.00055
30.55132,-0.10069
52.78498,39.62901
95.94342,-32.21658
119.36295,-19.24296
208.97272,37.19654
214.61652,12.88303
225.12497,-13.91883
260.64471,-52.70086
261.20508,45.45593
290.65485,2.51173
308.81693,-9.62238
311.46771,-51.10747
348.39713,-1.73138
8.67041,-7.90286
10.69962,29.92237
35.84158,32.19694
43.05323,13.99187
55.07144,10.05508
61.27847,18.97812
108.21242,49.00574
193.59261,-29.01296
194.7663,28.12364
207.6496,42.54137
213.47379,57.77127
226.6026,-9.90718
262.35483,24.8822
309.66333,-25.12486
325.91052,-25.3516
342.02707,28.29269
2.68843,-47.07447
14.29173,-43.7271
50.39259,41.50617
58.95903,-7.59547
76.12991,-12.32537
88.6882,-15.13429
92.72784,-36.22629
138.15623,-58.84221
147.54398,-12.22634
173.16762,52.95033
208.09474,21.5393
61.25964,25.26543
67.14269,11.04926
87.37549,51.30832
155.9854,-3.18204
181.51039,36.86362
206.97054,-32.4626
246.37706,49.84018
316.41309,7.72637
37.3819,-3.21297
44.08975,-32.18559
85.06308,-12.11632
118.93279,84.92644
174.56454,-29.72858
181.49777,2.4983
206.54749,70.33955
214.62389,26.28792
239.14047,21.28916
252.09978,-6.27213
322.60562,-43.08712
76.08004,-63.58215
109.56081,-47.19231
112.39185,57.11707
117.82764,56.9099
168.29332,27.81815
309.44861,51.63369
347.18686,-12.63945
2.80248,-33.57855
6.81755,-1.78018
20.72482,-4.64307
44.39028,5.97697
48.12,42.7021
75.67493,-68.47767
144.91161,-13.40642
149.92186,35.39272
197.14726,-32.14802
204.54994,-31.41697
211.84302,15.07754
232.05615,-67.87225
251.35336,67.95338
266.41101,-59.30791
314.13824,-3.82929
8.16579,-2.91573
37.47677,23.09698
38.41186,33.01553
75.50293,-21.13698
123.72211,-22.87782
161.5527,1.81332
190.62387,-47.55814
221.08626,12.1285
237.80124,-74.70255
249.82655,-59.8863
254.18008,27.82215
278.62506,30.72055
310.7272,54.89057
328.05182,-74.68643
331.16318,44.96126
108.36046,-25.0214
191.51445,-8.65546
218.48468,-16.58088
226.96585,54.75273
20.15004,-17.34041
24.64495,34.9921
24.66581,-17.8312
24.69767,1.07182
25.99074,2.34988
26.52583,34.37452
36.1211,-58.43389
92.27335,-63.2211
119.34483,62.41179
139.55627,-32.48333
206.79895,-51.71254
225.47475,-64.42451
242.96419,-60.63194
306.71698,-18.61728
25.78338,27.75067
36.85644,41.05994
41.76672,16.19991
77.02869,5.17342
93.50892,80.0038
106.99816,48.66619
132.89848,47.55774
135.99879,21.90656
212.36377,-42.73888
308.73331,-23.10506
47.19674,-4.10156
78.26493,52.22999
107.71799,-51.80676
161.12439,21.71535
166.49202,36.40704
185.04228,-26.06675
212.50652,54.88182
307.56372,-34.81201
335.99567,-4.07341
70.94501,28.97183
110.12346,-62.05398
123.52828,23.86634
147.46707,34.7141
192.39258,25.46996
227.50974,-10.85058
241.61421,-63.90356
23.53317,-1.03226
27.71898,-36.01307
30.46304,16.25776
51.41299,-4.12493
64.47233,-56.61624
200.18352,-14.09984
224.72942,-19.23907
256.89935,-23.89222
257.87808,7.99462
294.67914,-29.80437
295.62094,-35.87503
316.81784,-25.46896
325.89627,43.69411
6.1152,38.18565
67.75529,8.08623
103.05285,15.23657
107.45838,-27.57458
162.93538,51.02509
223.38712,3.07728
246.51778,2.90658
276.78131,-62.72509
291.56442,51.11477
297.39941,-26.43231
346.1644,-72.11691
95.00946,-69.26052
95.98391,-51.61178
106.005,50.68018
207.54854,-19.79068
252.38821,6.01625
312.46774,-7.02185
317.08835,18.20017
144.43768,2.74737
186.9684,-30.09753
196.46643,41.72196
253.36395,86.59132
277.49725,-67.22439
323.4827,21.83791
334.8884,-37.53382
339.66245,39.76461
339.68692,35.54057
345.2485,6.74941
6.77177,-7.66825
50.57288,-7.09073
69.09293,-10.3763
72.3119,56.70551
76.64585,7.59409
112.26936,33.86096
127.93057,-26.12039
158.72241,45.26924
176.39691,3.23187
185.77779,10.62137
195.48776,-41.0707
202.52129,-55.57069
211.56696,-25.7993
264.69464,-58.42751
269.07748,18.81684
298.16626,57.45992
314.43799,13.99286
25.03626,5.72668
47.07129,11.90708
56.56424,-59.81013
80.31477,-61.05833
141.66582,45.84708
152.1669,-40.09354
198.39343,15.99206
253.03224,-17.05375
253.10944,23.33263
266.95633,5.80695
267.2959,20.80436
327.25458,12.51429
37.9465,-19.8817
61.16492,33.80866
72.86097,-3.12203
153.01518,23.08558
158.85434,-26.65712
195.12685,48.30849
201.79147,15.09486
208.89119,-33.90018
250.76128,-20.669
267.21228,-60.70621
23.18323,85.01364
51.29824,-6.18088
70.03795,7.34943
120.85032,41.91481
192.37932,-22.99971
197.30981,62.17496
209.48938,-34.00886
218.16017,-30.13603
237.33295,-28.90367
252.87306,19.41658
264.44131,12.93885
350.03729,8.16573
25.4693,-4.87628
44.18732,50.59535
173.15706,-16.58636
177.86694,35.43449
179.64163,42.73406
198.6913,-37.1753
215.10793,-9.33384
216.89452,11.33057
217.14285,11.37825
227.62306,-2.16867
253.36966,-20.62291
256.43149,-25.41019
332.91238,46.30962
332.92413,-33.88597
350.94705,-29.38803
354.71091,27.26772
25.94088,4.22289
49.00224,-5.49927
54.37582,-51.25147
98.08643,-67.89428
109.28367,-36.36634
149.14992,20.64548
170.93956,17.81856
174.65099,33.86795
180.2858,-20.48881
244.66512,15.55824
348.30493,6.43025
45.31295,-28.46775
55.4355,39.97629
112.89234,13.14087
158.58249,13.75457
161.06796,-69.18485
184.96274,-36.4595
194.25235,-13.71935
208.15605,24.74887
229.68268,41.86545
238.68701,-60.93516
248.23825,50.40149
333.76028,37.30038
342.40479,-19.27399
49.01086,37.11251
180.17419,88.13675
180.23419,-53.86274
193.58276,-9.11774
199.43855,-24.31964
204.14471,-26.55387
231.24245,-63.12617
255.22728,-28.66424
270.03036,66.6151
327.45361,-59.32338
1.51488,-52.21879
17.82282,33.1139
24.41016,-5.06212
40.88729,32.25282
45.74783,-9.13214
61.70417,6.941
114.33665,19.6372
135.49329,60.15172
163.74152,-73.89836
197.07805,-57.45839
269.06247,-42.72108
310.37592,13.07314
342.27063,-16.59197
34.98697,55.30698
36.40904,36.96455
42.06731,34.41977
87.15984,-25.47787
116.30612,53.07524
149.08395,27.22758
162.36505,16.21846
179.20183,-4.09455
181.57065,-35.98054
192.36107,-41.46286
202.12401,-20.93602
237.09204,69.38553
276.89163,-61.01334
296.1506,-51.60243
300.23904,-52.63166
335.83093,-65.64016
17.64194,-52.55656
21.80657,-21.77375
30.20781,-25.0267
42.45005,41.46291
50.18264,-14.56821
67.80618,-11.29028
76.00585,-23.99634
87.53011,-10.17763
151.0564,-66.81222
182.83733,35.84538
235.2594,-62.70512
269.42093,27.83472
291.40488,-33.11196
301.78683,-54.4469
60.93223,13.2455
68.30467,-4.17246
91.64896,-47.49858
104.35359,-24.93973
158.05132,-9.23898
175.41551,15.96569
199.62646,-14.60888
201.94563,17.77891
203.37091,33.04247
204.12428,-55.08012
204.32806,24.38416
211.23965,-14.27814
244.89836,-62.01908
256.45447,-63.45297
268.8663,-0.03131
284.81833,19.33255
290.96231,55.98762
291.00967,-20.75601
310.94046,-26.55027
2.18142,-6.99698
4.27627,-4.61031
70.51029,-44.58041
120.16074,-61.26611
151.22456,5.06265
171.08664,-35.01641
210.57326,7.68409
219.08495,5.33099
311.71521,-65.01679
27.61509,-8.52298
79.85702,17.70853
80.22446,-61.40126
100.40597,-34.74161
179.44189,14.2974
186.39175,-45.26327
248.53786,-84.14281
263.21805,-10.68342
288.17004,-19.53712
22.3614,-61.46461
50.84802,44.57532
62.47957,-39.6887
66.79713,-6.12049
68.75251,-65.29985
157.35847,60.2956
171.21216,-5.35232
175.09898,-42.20954
215.79295,26.26581
248.02792,58.43896
289.76099,-56.02716
303.16531,-40.1326
0.90966,51.77794
11.6073,30.23829
40.41124,-28.17129
44.67357,-15.70191
54.57295,19.38655
118.15919,73.50266
125.92263,21.43476
150.8759,-33.94975
160.57494,-0.37683
190.38104,26.04263
215.09801,-55.06877
270.09943,28.78848
283.40384,-56.71886
354.77985,-12.22407
79.63346,51.11443
131.83234,-33.33357
153.25534,17.03418
298.75797,-23.29073
10.41597,-42.32098
14.71379,-16.46919
36.59349,-24.28856
99.88517,-37.79443
159.48415,-28.90739
200.49036,-45.9376
208.49356,-29.85938
226.13622,35.965
40.20824,21.60939
85.77303,0.62034
103.40013,-21.38916
121.3605,46.70782
132.77927,-17.56382
174.90819,20.45468
191.92482,26.98164
6.74257,-1.78616
39.86527,41.49332
46.88462,-0.96444
76.60717,-31.95422
148.63365,-1.29086
163.38896,-29.39389
212.18033,-1.16166
82.30696,67.37289
97.39359,-71.10493
116.86997,-69.70974
124.384,-45.61986
126.82156,25.87887
158.1826,-12.63722
177.64481,50.52889
183.6842,12.18071
190.31654,-5.00912
193.7654,-12.49706
200.4854,38.7345
335.0946,47.70591
350.83472,20.5899
103.79185,41.00279
155.20799,42.97214
181.13542,20.205
190.71158,-30.40966
207.83199,-31.14791
229.52859,-33.4194
330.14432,-58.00448
334.57416,40.5624
0.15808,28.38454
52.23083,41.93937
81.82304,17.12534
146.80591,-24.83962
158.86343,-24.38402
168.96663,41.5914
212.17035,16.09712
302.72406,2.13689
338.64496,5.81737
8.55681,-21.43856
22.09477,-35.99089
51.22105,-60.73843
93.14739,-84.5827
116.83814,59.01871
173.93883,-15.70548
193.29614,-27.46499
20.66206,34.43707
55.34436,-17.75744
88.83758,-8.76072
177.63239,-4.83588
181.31358,21.21445
185.90501,17.53758
200.82645,-19.61997
224.21451,38.75648
242.52672,-60.75202
251.74593,58.42317
317.73846,-43.71099
336.13217,16.58813
339.62692,34.24059
349.53506,-0.39053
9.18755,21.56653
173.54861,12.51222
193.5218,-8.6211
194.36029,-3.49091
209.3288,15.45832
249.37563,44.14446
26.74648,13.1251
42.55306,47.18084
60.76416,4.54447
112.32102,14.41972
136.74883,-7.39399
138.73184,46.90333
227.50027,-51.13069
228.45088,-15.4637
236.31995,24.63047
293.77417,-80.75198
6.76215,11.5838
61.27616,31.02633
107.70245,-38.21866
126.46894,-13.51116
136.4772,47.17945
142.05089,3.40842
145.57028,-38.88919
192.62738,-14.42582
238.69798,78.98515
2.69541,33.35284
102.60754,43.05333
116.16208,-58.1537
166.819,6.30243
174.12578,-9.84671
188.35472,-31.3629
202.67955,-20.95167
214.45398,-31.34909
267.78101,65.53079
303.17529,55.56295
11.50362,29.95951
59.85696,-0.67226
72.47778,59.15271
74.68343,-0.47825
111.33175,55.51295
136.00195,21.96765
174.82359,9.9624
192.22992,-40.58181
201.69522,-21.04309
236.5914,23.80907
299.47012,-32.91235
0.37521,31.44188
41.76025,15.42134
105.54426,6.38678
131.27473,-31.33948
203.20662,-23.6449
251.20621,-13.0354
294.84677,-1.58158
317.16919,-39.86874
63.56541,-60.29348
105.85914,33.77877
165.18903,10.55322
187.35979,16.40477
187.56709,-8.39716
188.45787,-7.37549
196.76064,-57.24152
280.67807,40.3669
316.21848,-47.12297
329.65402,7.44062
348.55478,13.42639
42.26631,-31.17253
147.44063,-39.01973
165.24942,-14.03875
199.2814,57.53946
242.13652,9.60674
254.5361,22.9851
276.08081,-56.36916
332.36432,40.98969
48.1905,-0.33307
117.34151,43.76719
140.03674,39.16293
161.21553,6.59689
170.30104,-2.98414
195.95326,-42.96495
197.13156,24.70082
319.22034,24.20421
352.20462,29.73529
14.70469,7.1113
104.61974,-28.76784
117.90553,-38.75143
140.23753,-4.94002
156.7523,-40.02464
158.57925,-34.40341
196.27359,-57.47919
253.48566,-20.19592
257.93381,-23.06105
358.569,-13.58644
43.97612,10.2401
74.12392,-17.66819
185.35564,82.67464
192.24852,-14.39921
233.79994,-46.95677
249.74736,57.72409
329.53012,-57.14265
334.83014,-79.14227
31.00881,30.83287
31.82407,37.0967
37.79844,1.26567
110.56729,-35.35003
163.82133,-85.59247
180.59386,29.86168
183.11459,-42.04138
242.43781,-62.40876
272.1239,-52.10597
285.52267,18.93155
346.41089,3.05924
6.31992,12.88386
14.43768,-0.41938
61.93167,30.48848
93.78391,71.1367
123.86758,78.86224
139.88902,-65.1548
215.30556,-27.26156
233.92223,-71.7896
238.0175,-37.64968
259.31775,41.05275
279.99429,39.98177
321.55737,14.18303
15.87573,56.50846
28.0142,-20.16632
91.21646,6.93851
136.23387,17.45514
150.55707,13.69662
174.88716,26.30225
192.5161,-40.12593
201.362,-33.79559
246.85521,42.67968
297.11353,58.22989
309.93671,2.03137
316.8342,-25.48756
334.18695,-4.73052
30.83169,32.07753
36.88531,25.66871
74.56759,-9.79678
106.49595,50.75592
136.79616,50.71275
157.07985,-35.45448
210.92133,9.57345
283.66791,-78.89838
302.44937,-37.32974
311.94174,-65.0843
195.94363,-5.13347
248.16882,82.57682
358.0412,31.2766
166.66058,53.36704
167.55527,36.96656
167.73276,28.54375
210.7829,-34.03285
241.36186,15.02528
21.6048,-1.63872
51.37315,41.24088
80.74627,-0.1405
146.70641,16.04285
224.07103,-37.73282
314.90216,2.16711
351.02899,-11.86071
104.56957,45.05614
110.37643,55.76148
151.50572,-16.12204
169.50082,7.84488
179.17548,48.33394
179.51248,-51.88321
181.30168,-3.90395
184.49216,7.18588
224.27783,-31.80359
254.50539,-1.82264
280.50638,-65.09554
330.93558,-27.79843
26.62313,-13.24769
67.20454,-44.86257
69.29706,-1.85258
102.56191,20.14079
110.58359,17.28687
114.34877,62.33932
118.58958,13.73973
141.30862,17.59889
257.4335,62.97308
259.1275,-6.24257
265.55206,3.199
301.94916,-29.81287
42.36646,-0.87304
52.11551,40.15454
87.69471,-18.17071
104.14602,-19.34269
158.08673,-24.03756
159.08885,13.71141
165.69109,-73.59778
166.85278,21.65713
179.59871,-72.38865
195.48993,28.00583
243.23636,-61.01781
258.86722,42.06886
298.00934,4.77902
20.27051,-36.11784
124.76144,83.26637
149.45222,-13.59291
263.72015,-53.39717
5.11459,0.83356
24.8251,48.76465
31.08276,-55.23068
65.4837,4.04864
85.53023,-26.19817
134.1364,39.14099
148.08232,-29.43789
270.60291,26.04333
10.56611,0.84541
18.82535,-46.51293
20.97657,-35.06544
23.55378,-25.5665
77.7829,-9.38897
88.94572,-19.04319
125.66257,-8.23949
171.67151,-54.25576
201.15244,-70.46877
203.69431,-34.31186
204.5063,-33.51947
240.36954,22.42761
267.57108,59.6244
17.49745,32.36835
23.7158,-36.48939
42.49446,-12.16372
50.21133,41.60042
64.72535,-14.196
71.51112,-12.44208
112.3664,20.05489
141.82704,23.02009
155.13232,43.02163
167.46559,62.29177
220.90224,-5.17603
261.88269,26.47512
264.12503,68.05863
292.87524,35.87661
329.39816,-70.17288
350.05331,7.93209
9.76493,-18.60829
13.7489,1.38077
47.16895,42.87222
143.65239,81.14528
147.25816,-7.13793
159.13554,-28.06368
185.06749,-40.39084
192.8233,-40.81861
204.08829,3.33093
207.38945,-33.06911
342.60983,82.87696
9.89913,-9.19447
15.73586,51.34238
42.16053,-7.95109
42.57392,-8.59712
47.73396,41.13709
81.76295,8.03026
108.72553,6.59554
145.72968,28.98067
187.37872,14.04915
244.02238,-22.7834
255.50392,-13.09584
316.59738,-43.50778
323.3942,42.72411
336.95126,38.5866
27.31537,35.07303
31.45263,-5.29387
75.50259,-48.64617
79.10197,15.63179
112.11697,33.83781
153.07339,27.86208
162.278,-41.5543
171.02983,-30.45673
197.32204,-5.2728
300.61115,-34.90042
352.55692,15.76104
31.62642,29.99312
124.1412,21.40991
132.67526,-5.00961
139.37352,25.96636
159.29257,12.65246
166.66858,20.08559
186.66862,8.4357
225.56821,11.91758
236.19232,-15.46513
337.03864,-29.90042
102.74419,33.52516
151.77216,-5.88316
159.06909,26.9624
175.85228,19.74985
246.48428,-62.96477
250.83435,70.63253
290.29184,43.94565
0.79005,21.96022
9.87669,-14.65629
44.39014,-7.75876
122.46893,57.91278
126.60362,59.89541
130.38289,4.98022
166.09814,4.8286
166.6357,-48.04244
217.77551,25.35511
247.07944,80.35463
328.94919,-43.22037
0.88389,-10.7446
29.8996,30.9099
116.87109,60.93357
129.54559,24.89524
146.9601,72.96439
188.46329,30.27753
232.3734,7.57328
237.17169,21.86939
242.80879,26.92345
266.20612,55.34966
286.71088,-61.70137
356.06464,-80.17701
4.59986,48.73178
27.37919,-27.08221
34.55934,-12.23182
42.32627,-8.17489
47.0135,-4.39983
62.59403,-23.61694
65.06099,66.08224
67.077,-5.17877
109.10975,-29.62079
136.74741,-19.05868
189.78983,-34.78077
207.72392,-30.28921
287.18896,-55.67131
21.7921,-18.6533
37.3618,-43.07632
113.70581,55.96197
175.53786,-18.16901
225.3382,1.63705
238.1246,-60.63559
243.19557,27.98734
245.43033,37.99599
278.94791,22.47058
303.11371,-56.82677
321.99374,-60.87224
354.18799,-5.03801
11.70384,-6.531
21.42261,-34.8397
87.8579,-10.24549
106.59989,-34.76904
147.73535,-4.99771
197.14845,33.97584
221.96248,-30.32143
241.5667,18.24988
253.49025,-67.1129
289.37906,-30.41366
302.35678,-48.28483
24.22394,-13.99951
36.16923,-19.14203
53.5739,-6.26504
60.63411,-62.31559
89.65018,40.51994
125.81834,-77.82036
130.73421,-68.08563
137.01408,-37.56026
193.37225,-5.42973
204.00513,49.96072
221.66113,-66.44952
231.49416,-42.00839
247.73557,4.08289
261.10062,44.94043
262.00589,57.52185
272.0495,11.71222
288.16116,22.48251
336.56677,-37.37299
69.28442,66.62841
69.9502,-76.8368
116.29565,7.93329
191.67493,-40.02473
222.39333,47.37617
223.1716,-24.80774
227.67276,-45.20602
239.03099,-8.54567
292.26575,-52.53335
305.51266,-47.98686
335.09607,-48.23003
336.47443,40.31486
338.70761,-25.67695
346.80243,8.75189
113.32696,-36.91481
124.62613,-25.41085
136.50127,18.76464
164.18359,9.75895
211.55157,-33.07428
241.60605,15.68583
243.89813,19.45343
254.30946,-6.23087
309.38409,-27.57676
314.42654,-61.43863
32.56763,7.84538
52.84874,39.74154
132.54918,35.07644
142.65022,6.12194
175.07999,-42.22351
229.32584,-22.29751
247.95648,-84.95774
268.22705,23.21107
285.50592,-63.04763
303.84952,-70.53774
4.37655,-6.82461
28.15707,36.1268
65.0513,36.14573
75.72601,-20.36638
87.60158,-6.61627
109.17177,53.38594
110.67988,21.51307
212.98334,27.11394
258.8689,30.89572
287.13971,53.35648
333.93137,37.24287
32.56161,41.52179
36.60864,27.65422
37.07335,26.31242
41.42176,-8.18053
42.16993,-31.53622
49.33266,36.21015
50.02886,-1.88169
60.03256,-61.28323
85.83239,-62.27803
88.05549,-10.19168
133.32887,68.47191
157.07494,-31.51803
199.31761,6.03748
281.2529,-27.51481
87.49391,51.09305
172.22556,35.41392
199.62154,-32.22931
202.66058,18.13454
240.04558,-61.1152
243.97057,-60.84918
8.07011,-5.1096
9.8952,0.85992
28.47961,36.22941
34.88589,-16.06972
38.0984,-58.02098
158.20293,-34.39957
162.84979,28.11196
186.56554,5.4765
200.24832,8.97837
249.50203,55.42695
254.65985,-62.86194
281.8989,-63.29227
307.95746,1.5449
24.39146,-42.67395
33.40977,-0.71729
37.52304,-8.99815
47.46601,42.25365
61.76564,29.32814
108.54596,18.94503
146.31006,9.11034
166.54546,4.33607
192.88712,-41.22761
193.06512,-8.13287
195.57619,32.89072
214.1801,10.88533
317.29153,-9.67076
328.34772,15.52862
333.66541,-27.66305
336.14279,-65.22741
28.74926,-26.01941
55.39874,16.02043
105.42667,47.55159
113.52982,23.09451
183.67441,-11.58286
190.89584,-35.74639
192.69414,-41.89396
223.1268,29.80728
259.04648,-73.38538
285.36954,-24.56833
299.25342,47.2792
300.01465,-32.08482
342.59998,-36.85729
344.21201,-8.96744
3.50914,48.23487
34.40893,69.20262
95.30271,27.85626
120.03564,56.36561
189.30515,-20.05192
254.18703,-62.40311
257.83838,-23.3138
355.46939,-8.64823
5.83658,54.09529
10.1926,-38.34296
27.29851,12.85329
54.67196,38.02247
126.82005,22.87769
161.07831,-22.82633
164.05714,-31.93818
243.16727,33.03487
346.32843,0.18946
52.52041,-47.8617
52.68909,-4.84986
97.05154,-57.29914
117.07913,34.33219
137.66634,18.69657
194.41864,-53.39229
214.75385,-54.7873
278.61172,-58.53387
332.24286,-35.11418
12.08724,-38.23437
18.78565,50.35653
77.14758,-17.18089
85.26037,-3.52346
113.73223,31.27624
145.91826,11.06081
221.63023,1.2747
225.51317,21.32689
232.48065,-18.61959
245.12202,7.3494
258.15134,-25.11179
297.73526,-40.21197
319.27914,-6.72444
358.04257,-29.07906
21.1438,-33.17353
26.47875,9.82294
49.91896,41.54863
151.48073,-23.05694
170.62531,24.27942
172.4854,-51.25793
214.59425,11.19513
255.21785,2.10186
263.33813,-60.77591
62.07919,-58.75118
106.86714,44.78993
132.59506,55.37877
158.78584,45.08471
187.44997,-54.36348
265.96988,4.55191
52.34933,13.75908
166.80518,65.10179
192.80365,4.85894
201.4435,-55.16032
303.19684,-3.48346
355.95682,28.33924
24.77637,-29.91489
50.69748,-1.92275
158.69885,-27.21451
176.1624,67.95582
176.20494,19.79501
178.75452,-6.08952
264.53091,22.70357
270.68134,-68.51176
295.78995,-7.07
356.51447,-1.89088
52.13136,36.77633
81.26764,-78.34165
110.22452,23.31728
170.56143,20.20854
191.849,35.35209
250.73454,19.25438
330.81668,0.57114
338.05804,11.71231
345.98788,30.16015
352.96973,44.82129
357.64145,28.99827
21.88554,19.17882
30.77176,2.61424
36.43999,27.22112
41.97516,-26.04431
71.2566,18.61802
90.46358,38.23328
126.1411,74.01229
157.7782,28.7964
185.59921,45.05828
204.51505,-33.87371
293.46536,-68.22775
297.33414,-54.20043
299.62875,-40.8155
339.90106,-4.15898
343.48431,-6.57925
355.88452,27.31186
28.32702,-78.23907
31.95818,-35.2018
43.08886,-57.94809
95.70776,24.65072
190.89117,-20.84299
197.38837,53.49419
225.72176,16.91903
246.11432,19.48256
273.54019,30.67414
287.82959,-24.21824
317.39682,-49.30366
2.63654,28.99624
20.94064,-58.80577
30.56102,-2.84495
38.87255,37.51892
77.92342,-3.09175
307.75674,-1.93545
315.21365,16.30454
354.37988,-19.62056
1.11115,47.49031
33.9631,35.91358
44.79412,-4.47225
71.86423,23.98368
138.84444,-25.39007
168.01389,27.5897
196.83586,-56.11642
203.23666,16.63751
281.51086,-50.77444
38.081,-33.20245
41.40524,-27.96106
50.18923,-1.04469
69.40832,-4.88746
93.43252,-42.79453
110.36096,23.18791
141.10637,-38.76128
197.61449,18.43812
208.89308,59.74279
244.41904,35.00427
294.53909,36.94616
344.30865,-47.77931
349.62589,18.68909
11.82737,27.82768
45.76601,4.3929
49.46295,41.45076
72.19748,28.75553
127.51054,21.48854
131.6832,2.53741
145.99666,42.43296
151.55029,-1.55327
160.87311,39.68736
165.57231,-42.37234
251.0387,7.44523
260.64288,0.95796
339.04648,-81.06493
358.1882,-60.63585
49.98832,3.59017
72.92599,-6.23144
95.41693,-65.03335
148.46263,-7.79273
173.11688,62.50727
193.91144,-39.54058
240.81233,-22.32279
257.9809,-23.16181
0.33238,34.52571
24.00061,0.66342
47.48907,42.11748
70.11051,-44.63307
71.96587,-15.52511
73.87637,-31.81015
79.08836,-10.56153
80.8476,46.55444
83.59032,-23.53333
99.33854,67.85986
135.4086,-24.79034
171.97533,-41.61456
181.54408,25.55704
205.40285,-29.91308
208.03568,-10.62026
211.14731,-10.22099
218.64656,-27.99526
275.72311,-56.48558
277.62637,6.88451
293.08398,-29.38589
315.46777,-13.85261
353.79355,4.9642
10.59193,29.64165
29.48066,-32.98706
46.83083,4.46877
49.06596,41.18074
140.72105,21.97522
164.84042,-43.47326
193.4169,-26.6541
237.40938,42.03427
294.65942,-36.897
297.20078,-10.56976
299.10461,-32.15291
312.85794,18.96782
324.7597,-22.79247
335.67941,-18.88023
30.49975,21.09657
79.93694,-25.06433
90.48141,-17.94099
117.33141,21.83326
202.10663,-16.09235
209.30641,73.61669
230.48038,8.42386
235.89139,4.87199
243.60591,-61.06108
305.58963,6.42986
333.9978,14.12497
6.73563,50.03075
20.57294,50.03583
36.44852,27.24259
102.94971,27.48152
139.72736,50.02069
152.05138,9.97701
161.86075,6.04808
234.11285,43.51878
244.95041,37.77448
268.70975,62.64505
278.02533,31.04285
299.8963,50.47233
330.34811,-3.7567
355.31702,25.55127
13.0952,-35.00068
21.03143,-1.86019
53.36538,-21.5647
144.70137,48.57274
181.40598,20.55573
219.31111,38.45423
238.11925,70.37515
243.68848,-61.03071
335.76331,36.05453
25.60576,-16.30042
28.66993,-55.66275
48.9674,-3.62989
61.09125,-47.94997
94.17524,66.50671
165.81041,3.34226
166.69373,-5.91152
193.68414,13.23715
210.20877,39.15618
258.32297,-23.57473
356.14801,11.68728
7.06223,30.80326
43.72081,-15.65256
74.49049,0.79729
97.27385,24.53398
133.73492,-63.82106
189.64766,2.65741
205.41383,5.03288
321.68515,-34.49907
15.85983,32.23735
35.56444,-51.10819
89.51802,-16.61021
93.53262,51.06765
157.16908,79.8131
166.40343,56.52492
173.31578,24.44701
205.05246,2.48013
217.68179,29.18068
260.00009,-19.10727
266.14102,48.11404
347.93423,-68.09406
18.73442,31.94849
119.44026,32.55813
129.60036,25.75465
144.37419,23.16167
227.62253,-40.2805
240.53342,15.6965
262.95963,59.61546
300.90405,-29.87407
40.95539,-59.91342
58.62646,10.70699
90.79588,49.9395
132.35468,-6.6804
167.16835,57.23015
167.37115,-14.00016
178.23578,20.47909
241.62479,-67.71657
250.0329,58.61737
251.78363,-7.50668
300.23184,-38.69663
312.08218,-35.67685
336.21069,-31.32581
346.02109,-47.14048
347.62668,7.58897
352.69891,-13.48545
4.71119,-8.4587
25.11653,34.6253
46.37853,-0.40492
74.67731,-28.23569
174.12227,21.59606
179.42889,57.5658
200.01935,-17.12175
252.85481,-2.80494
259.38916,7.66186
287.57385,-26.33836
289.13052,-64.00616
28.40117,43.9655
43.8858,45.70138
46.95542,3.1479
60.08987,-52.57373
117.568,55.40839
121.83189,-61.72034
133.72522,49.16042
219.23785,41.82805
240.88712,16.32297
287.27109,-44.71624
298.90811,2.18189
13.69481,28.71677
18.23935,-0.34494
59.11865,46.74
98.54028,38.2379
156.83208,-49.11639
162.57355,37.9562
172.97333,28.35852
185.62224,-22.34509
192.53633,33.15918
224.36763,-29.90548
289.98145,44.89844
312.42273,63.90467
329.25571,-36.99068
57.51885,-4.29466
104.29886,20.43735
106.50901,75.44391
132.35927,-72.92209
136.00331,-72.05563
178.42188,23.38216
183.81949,-43.02388
200.32758,-43.72326
244.04877,65.96879
294.78708,8.81034
316.64038,-49.21932
317.94818,-46.03936
346.09775,-4.87439
6.26395,31.34479
36.58629,30.44566
52.54156,38.45268
128.30226,41.09481
137.43404,7.17374
194.87854,-44.45503
207.1485,24.01508
217.13882,3.26205
346.1727,-34.0578
69.83368,-4.93575
70.51626,-7.20643
77.67919,0.4083
207.36896,-48.86515
208.28421,-16.96035
214.16452,-40.3931
228.24896,3.15524
228.30794,4.28753
243.42262,-31.36393
252.85118,-2.45089
356.8681,-28.13599
9.87467,36.34684
24.24728,-62.53937
28.3015,-62.42524
41.50248,40.09021
69.78204,11.53053
144.28862,19.83592
149.423,-21.93532
151.42334,-7.98149
163.13037,-7.92695
167.68126,-36.66259
191.31227,-40.82425
214.33781,26.85742
231.584,-41.55249
232.06961,42.94407
250.01353,15.88351
255.26123,-26.11668
312.98721,-52.62979
343.89969,12.79028
27.36647,-56.05338
79.03787,-54.10467
116.61896,58.96255
156.73456,-24.08922
180.34865,13.4011
197.17551,52.01691
200.35735,-17.79637
200.41563,-77.5327
255.28262,-28.06792
2.18645,4.61253
9.10411,49.01317
9.64151,-24.27406
69.22502,55.61611
128.42233,74.40398
179.61469,10.0214
220.38324,44.51264
221.88959,-20.46743
253.19044,-58.67033
280.08774,-28.91746
343.85587,-70.63219
19.24646,13.02492
49.49819,41.52027
145.48709,12.29631
198.0708,44.83921
325.70905,43.19606
18.78174,33.37731
29.24466,6.0368
30.46401,44.89275
140.7397,-38.68955
149.39836,45.22984
198.69179,53.82035
238.0153,12.89862
250.18239,-23.73771
260.85873,23.64428
274.24875,-64.80105
274.74661,16.24955
290.92075,-68.2776
352.63474,-2.46249
9.11417,-27.78535
11.84791,-6.81138
42.95533,50.82348
60.62721,21.89063
66.91869,-42.7774
89.96492,-39.13434
135.69238,-20.72531
150.48326,-42.74815
158.88885,72.67828
212.65436,-52.10164
231.69061,-66.38629
267.02829,-5.78212
291.8992,54.3729
60.10979,-25.18261
107.09851,51.23469
123.68135,57.95754
175.76877,48.39886
204.31927,-15.08046
296.68546,-65.24697
306.50482,-18.50433
333.61752,-76.25274
26.69145,18.5745
90.79729,7.82705
122.04514,-22.42381
143.91104,-17.38617
320.12521,37.58338
336.52426,-30.86795
53.58018,-19.42435
65.75455,-15.84568
67.09779,-6.29797
91.05446,50.95343
101.43884,-55.53406
131.617,-11.97437
143.84966,-32.71411
161.67825,-16.13317
191.90527,-53.55005
193.05647,-9.49786
217.62579,40.01793
332.72198,-25.07284
58.69973,6.26291
82.17363,-56.9356
93.92702,49.77912
162.79494,20.17018
200.37793,-35.79423
203.12822,1.84769
213.03244,-10.07849
232.03773,-43.99134
315.75107,-30.97865
349.0029,25.55669
355.8519,28.50484
16.02933,-51.13306
36.56944,27.2121
38.21709,5.70102
47.94781,-0.40298
55.38473,37.2258
67.851,-54.41685
151.60358,-16.12607
154.16808,16.97156
160.79816,-26.24996
179.35092,27.87745
197.63022,-43.85681
240.15564,19.7233
260.99197,12.59179
277.14746,14.99261
305.1636,49.7551
6.36973,20.23774
41.50244,-32.15432
63.15551,29.9898
70.93314,-5.31944
86.21259,-25.09694
121.27863,66.78291
156.63512,-34.31205
190.82408,-0.64425
192.19102,35.33279
202.19606,-17.5121
212.25534,-30.55897
244.33226,61.93912
248.79677,-10.79493
268.45135,-1.54409
327.67615,0.91206
46.82658,-9.61264
122.31165,0.28259
141.27956,-37.16795
151.35995,-21.76812
165.54675,45.88907
186.84987,-33.52787
194.20125,48.29688
202.37051,-3.68043
222.71465,5.11448
227.86798,75.38387
257.10251,-25.71031
269.90393,17.54931
24.08827,47.38936
31.68319,-56.9358
33.3658,-7.69721
55.9771,40.01567
134.71361,38.80953
220.63852,28.72636
223.29884,-52.91118
291.64996,-65.61769
337.64175,39.61872
7.89881,-10.5063
31.96497,44.84401
130.21228,-32.04646
186.86401,12.29033
283.03442,-23.89005
332.35406,-47.10357
345.63089,38.71453
347.90744,18.77243
355.07919,27.56152
358.15164,14.55143
94.03786,54.53536
95.19321,-70.20195
211.36409,-32.83096
219.60564,18.18404
228.39236,41.95881
252.23654,-26.14397
339.41843,34.84647
5.10153,21.87694
58.56662,15.92862
60.68081,-4.46196
93.09395,51.52116
103.94066,47.92966
162.4393,-39.8539
166.85181,-70.4272
183.73143,63.78276
232.5027,23.63823
320.37186,21.24197
344.50934,-3.7697
352.02475,8.76863
21.40487,-30.36548
68.69443,8.16783
119.48533,25.1609
205.3511,55.64308
209.59306,6.33919
226.01265,52.92933
329.7901,-46.71171
345.82498,8.8936
101.05093,66.10089
149.45177,-28.50654
193.87122,27.52141
252.62856,-4.1693
260.03714,-60.15863
260.63864,74.36824
261.48547,0.51271
271.53558,23.46554
343.47473,50.10044
346.11755,27.35735
346.51971,14.86703
350.89319,29.1824
354.52194,-68.44205
51.18183,41.9688
54.94647,-4.6701
73.35728,4.06159
75.99087,51.22646
114.40403,-52.30526
126.57533,27.84011
137.19803,29.86478
167.43204,46.81425
207.25725,-41.93411
242.84406,23.96507
249.28979,-20.05061
249.40703,72.37466
291.78113,43.87828
300.66553,1.86736
314.41064,-46.60548
32.91055,34.04428
55.13583,15.05874
97.89761,74.43353
188.04372,13.41964
191.41232,-7.76504
222.03902,-28.34712
229.04951,-38.32278
240.96739,39.98447
245.17441,-9.88979
1.72481,8.35087
25.93771,12.16366
27.86287,-8.50538
42.16129,-0.27146
70.04075,7.33878
141.21973,38.35181
152.71719,-76.56558
156.84453,-33.87734
173.55301,34.3125
193.71051,-14.12415
205.95818,-19.84113
206.41238,56.61656
248.81859,-61.39348
292.62512,-0.4708
295.16647,-70.4477
305.26758,-15.16581
341.0415,-57.93916
1.71963,-50.41512
16.55087,-30.17813
68.20135,10.39168
82.57976,5.16534
100.4109,-60.26223
107.76979,50.13689
134.69238,-3.71011
152.52173,-11.77815
156.44884,26.57069
160.49231,-36.93546
244.48701,22.94558
245.4384,-61.18005
245.64525,-61.0372
297.69739,-8.28268
5.10395,10.25628
12.53983,-5.19374
28.84175,6.61175
34.60996,5.65388
40.52618,-15.09145
42.80463,13.18532
94.8368,28.72444
111.15186,-85.49708
137.13492,-9.62978
157.25293,-40.0828
215.96092,6.57608
218.51875,-7.67561
309.86002,2.01871
335.74197,-28.34513
9.88821,3.13854
15.20773,-6.77249
20.24922,34.24869
29.64958,-1.45715
41.63974,-24.86609
73.16178,10.53859
110.88802,-32.59702
130.96394,51.99121
152.68066,-15.51097
154.10765,-42.24598
317.802,-80.84679
344.58157,26.06195
350.86951,21.16353
0.27494,-53.99181
4.61819,30.04069
28.67106,-0.14335
40.6596,-12.42109
47.89074,-10.60969
57.21765,42.34377
62.031,-8.82924
125.24255,-48.37358
160.65907,77.49487
208.43987,40.33877
216.64806,-52.73412
220.66112,-35.0755
234.59171,-44.46583
258.7886,-23.68394
274.14096,22.11074
311.1109,12.49783
331.08551,-50.04774
352.92932,-37.83871
17.20711,-15.94859
29.28377,4.56472
29.82131,-50.72033
36.56322,26.1064
67.35544,-73.58662
103.63673,45.70428
147.34543,1.14546
221.23732,-23.79438
289.0968,-40.12576
349.71411,42.06531
350.6911,29.13785
17.21301,-15.40633
34.91627,15.8143
41.9656,23.40398
68.02562,0.56744
76.4551,-28.58871
79.28297,-54.06704
120.08741,26.61348
151.20882,-6.72491
176.28867,49.71873
190.90204,41.01859
240.23378,-35.69864
4.7706,-22.9364
21.3798,-1.40813
119.22215,66.61092
142.5428,7.90257
157.18301,-50.97087
242.87669,58.78571
279.14081,19.621
295.50101,-35.9924
304.05615,-14.3629
339.96304,-43.86002
358.62463,28.87149
155.18065,65.172
168.84134,35.50198
200.00369,31.98124
201.53448,-21.03446
231.13608,83.07696
243.22235,-21.62333
248.35495,-61.75402
284.91324,-41.76282
286.992,22.13658
323.05637,-48.00411
17.84256,-29.23453
28.23941,36.51289
56.50953,69.534
58.05669,-54.88755
72.89286,-14.55533
85.07456,-17.83607
133.41502,72.9482
167.81677,-4.8413
187.6297,41.70116
234.47054,-1.73519
249.21695,-60.27629
266.9787,6.95693
293.21912,-45.22697
307.88974,-19.36867
316.43527,-51.70993
336.50287,35.9537
342.39859,11.55636
12.66986,10.60021
36.89432,41.97762
63.11049,34.47198
82.48387,74.51276
122.59538,-22.31519
149.1868,-31.86659
153.50313,14.49969
170.14856,-1.49272
194.27463,-12.27212
195.89774,-53.09109
238.34666,11.95897
298.80298,-23.27289
309.59937,-4.11753
342.7337,34.8569
359.56924,29.35727
13.83096,31.74921
17.8271,31.88867
80.31794,76.35572
141.44774,2.0896
178.05232,16.85145
185.44031,25.88465
232.20647,-21.20694
240.33926,-31.57402
250.45496,-30.04698
303.98163,-46.15057
333.48901,-42.59117
12.82186,-8.59685
13.36788,32.48231
60.69225,-21.11907
78.83237,18.91434
86.04134,51.20036
228.1893,41.23356
263.08783,-17.62032
272.33563,18.29753
1.70615,8.62849
11.82593,-80.80048
66.26494,3.02964
71.87785,-17.59678
96.31991,-37.80113
107.67667,-73.51015
123.13478,-57.2428
149.69263,-28.6219
183.59615,32.41457
194.91301,28.89551
196.99612,51.92921
199.07126,25.40656
200.46657,22.42917
243.741,21.93836
245.15213,-10.46832
302.02118,-29.31871
307.90881,-44.2164
314.16928,87.8807
348.38718,-81.62505
352.05362,27.68944
16.24952,-46.07584
17.96223,-55.85735
42.6487,13.33506
46.39527,6.13339
110.68047,21.48337
155.45308,-34.41622
174.7657,26.3617
194.83275,28.08434
215.41873,13.23233
239.66776,48.68236
297.65323,10.58547
357.00284,27.37539
3.93328,-33.03063
15.39879,-53.20054
68.82902,17.19565
76.71174,50.36613
99.17112,-66.53104
116.94388,-39.10723
119.85599,55.29586
124.50249,-16.23335
218.31842,41.65036
309.37866,-16.54163
31.39049,34.88094
108.84722,-38.44275
141.16714,25.11018
184.45792,47.40918
203.1797,-23.69258
233.99269,-9.60778
263.93134,-56.70956
311.53604,69.28867
64.3017,-17.85747
69.70918,2.84465
86.40768,64.03026
149.66705,28.87757
170.22424,56.94354
233.7047,28.65515
247.76132,39.79242
263.46021,-62.35976
285.90186,27.60663
355.69397,27.29728
12.67441,-52.21994
16.22691,-46.99959
37.41164,-17.04298
56.44328,-41.20419
58.84483,-28.15833
65.00752,42.05775
79.70725,25.02984
87.18226,-12.69002
145.81985,-9.74568
154.85437,-5.65615
159.97568,-43.12955
211.78415,12.58824
234.3029,-5.33257
304.20291,-46.53218
40.52393,-15.04688
40.80806,-8.12507
49.2489,41.35654
49.34345,36.56857
145.78557,21.18242
158.56006,61.64043
159.08859,58.62016
195.22691,28.00759
241.28287,17.75772
260.17044,-1.1992
278.84872,16.75675
13.12609,24.35057
16.70684,-45.82482
37.91813,22.91721
44.16027,41.33331
54.53389,-6.1415
70.1101,-63.10722
72.95859,-5.80323
76.93591,-7.96927
86.35268,72.35621
117.04848,18.55391
172.68654,-15.28849
173.62288,-50.20801
188.4375,10.99571
192.49107,27.82233
196.0943,-28.70058
299.63309,-52.64223
300.05978,-36.36889
321.68103,-21.83298
44.6254,7.93683
125.80485,-0.8648
150.98537,-34.80752
201.87343,-31.38998
206.39575,35.61113
216.925,69.69415
275.55746,27.59336
304.05231,-12.5201
331.37909,-60.5055
354.46729,-3.49073
355.19513,26.83534
28.4589,36.35028
52.4617,-13.38194
55.26505,-33.7793
77.92028,-14.78937
118.46799,-72.21583
143.75444,-78.21684
149.06189,59.3071
207.89238,-50.37854
237.52072,-23.63887
197.63835,-46.99601
207.06134,-30.55099
207.09906,-48.98222
333.55496,-17.07406
93.66843,-25.79056
94.65222,27.78819
105.42458,29.88297
122.34899,57.76314
147.86386,-5.10361
174.62271,20.52767
341.44965,-35.20589
359.01627,-0.98844
22.21272,18.98707
86.34217,-25.79158
102.83368,49.8858
110.75734,-45.58642
167.77647,43.63298
187.92035,3.92639
189.4313,-35.51764
194.05167,-29.50294
212.36417,-17.86505
226.47209,39.52219
236.89134,-30.83051
240.07896,-61.31682
244.53299,22.22577
255.99054,-27.47634
283.05914,-23.27172
292.32452,-20.92361
311.56238,-14.02335
339.46442,-37.2312
350.62766,45.60927
351.37943,-74.68395
19.26464,-44.18071
31.12327,28.81233
62.77949,-14.86977
97.52371,-26.83768
196.54556,-29.72707
201.6702,16.87382
210.96306,-31.94958
18.33833,50.64508
20.21071,51.60418
50.65128,9.47356
62.2929,21.44019
107.27338,75.35303
136.14052,-64.66119
142.95744,-65.69572
163.15688,-45.16272
172.96394,-30.41077
213.18549,-32.12297
325.01328,-22.42475
13.67409,5.77387
40.15984,8.84857
90.17133,-40.04445
90.20437,-58.59156
120.19179,16.54729
124.21549,-47.8449
150.26306,36.61861
153.12201,12.37715
188.21623,-40.48924
280.80331,17.06703
32.63332,-53.83665
44.38895,41.51646
177.71249,55.14367
183.8994,28.17766
192.38776,-41.90036
207.24962,72.65387
228.75475,-14.57888
250.7993,-30.92574
253.51097,-14.29621
264.35489,12.99359
266.63611,-3.08688
297.22592,3.48634
305.34967,-27.34687
38.2643,-10.75998
48.26979,-57.35722
52.7365,40.80826
59.18409,-81.03547
74.31343,72.40351
205.1761,-7.75099
238.08221,-62.81019
240.72884,-33.47165
276.43433,32.17878
291.11823,-51.9614
25.90654,-33.70542
37.29316,48.43217
52.08901,43.17835
105.76189,49.42438
125.68725,24.29701
139.88994,-65.1978
165.19397,17.58762
186.79874,-7.69969
219.90771,3.14672
285.20068,50.88116
288.96536,-56.20907
298.73514,-6.48153
64.8552,-50.89839
65.16927,35.86297
77.6559,-61.52214
106.88261,32.46985
110.71007,-62.02903
128.3781,41.52541
202.45651,-10.88209
295.56381,-46.15842
303.92349,-12.45075
315.21228,-48.59861
19.85242,12.46188
38.65784,-8.78806
93.38171,-43.70472
179.59911,-2.27736
201.14702,-19.75311
224.65009,44.88363
312.2298,70.23191
329.61087,-3.10242
329.85873,-16.51232
339.74454,35.43863
23.96277,-10.00297
32.56665,45.58915
53.97952,-2.86592
144.59727,43.50922
192.42613,26.892
194.23463,-20.47181
276.35825,-30.51244
298.71475,-55.10967
299.03281,-32.3346
317.91342,-23.17162
345.03833,24.35073
17.21605,-45.83265
27.84814,33.03118
50.24079,41.50634
70.8654,13.84763
79.08723,-13.4712
86.16383,-28.55459
193.65466,-18.30827
215.61971,37.1221
236.72636,5.89125
236.89331,-1.54524
277.12323,-60.87697
340.28162,32.16976
11.52379,-9.503
42.26263,-49.93912
53.07952,0.2825
88.45506,-32.77363
88.66931,-13.49415
102.58959,-55.82574
193.87514,70.82933
350.41055,-62.11776
7.82265,5.17975
29.9974,-11.07896
48.94238,-12.02432
53.83468,-32.60236
57.06324,66.584
81.14353,14.34177
96.16577,-37.33565
144.66879,-35.56856
169.0583,55.70422
189.70335,31.98491
195.09874,-31.43848
196.53419,-37.59652
208.24663,-28.47066
238.23344,21.1005
245.83783,37.25843
268.88074,28.82775
313.18567,-53.25215
332.20673,-35.08204
10.19234,-79.24008
42.625,-34.8657
78.06885,-57.39903
96.82497,49.61365
134.17807,52.1054
137.16014,32.59289
138.55315,16.74229
167.07309,-5.13225
196.21107,-30.49041
257.10733,40.78923
338.1391,39.21555
345.91272,-2.77544
4.51958,-33.8746
17.34274,-1.69587
117.57943,-72.8746
120.08327,-82.33393
149.50925,-40.95234
197.86389,-39.19793
204.02278,-14.90106
257.98849,-23.0365
272.42059,-63.21684
325.77271,-36.7389
328.60883,41.73449
331.58582,2.34845
346.12399,44.22149
353.96518,23.61876
21.03362,9.55171
74.90025,57.02011
80.88498,51.27114
140.89793,24.76164
141.22163,41.0602
192.40285,-45.52929
193.32668,-15.53445
224.02901,83.52287
255.46367,-1.89901
268.2392,27.67291
287.15234,19.32565
287.38336,-55.01731
302.95566,5.76377
305.12299,-0.67306
337.5564,42.79067
341.2005,-49.27703
9.87329,25.64338
16.07001,-51.03281
36.7594,-19.25401
54.46242,9.60836
99.77022,-19.38997
131.97136,53.87619
143.99535,54.61084
171.16592,-46.26265
194.36989,-28.20498
206.37689,-71.31165
224.92023,-16.18036
258.41357,-59.10689
277.17493,48.24319
292.62738,-57.28385
324.203,-22.80541
325.55063,-34.16222
42.21167,-0.76745
48.27784,28.63489
53.34402,40.16316
75.4446,-18.15707
80.90815,-12.98973
91.25282,-18.24747
101.07285,-74.27676
111.25626,27.32427
131.53886,-15.35701
154.13863,22.09101
168.45723,9.5863
181.55817,-48.05982
189.36473,-52.26614
194.75755,26.81574
196.116,55.60496
243.47372,-60.86718
265.7113,16.21402
327.6011,-73.99742
4.72158,48.01672
13.93682,-83.89042
43.64159,41.55903
63.96758,13.09805
142.18378,-60.85544
144.2379,66.54864
147.40471,-4.93299
164.73116,-14.96138
214.57014,31.65394
259.04883,-19.81699
302.71069,-56.67352
311.66507,-58.68639
20.76223,-43.12793
49.32203,41.38538
69.26597,-10.19755
85.58695,-25.54102
85.81376,-55.11415
86.79659,17.56297
98.32758,-62.99429
109.44622,85.71326
162.67406,-65.17803
174.76402,-0.20608
193.73221,-10.06814
207.87794,-52.92328
210.81987,38.53054
300.19406,-34.63335
312.96045,-26.29891
0.03814,32.73844
32.74376,31.29494
40.81567,32.46673
50.36872,-43.58444
68.89484,-5.87314
87.38254,-19.55031
103.25513,34.92342
142.77599,-13.18127
148.32358,-18.6451
165.77634,75.11575
186.4395,51.66837
195.27249,-35.61655
214.88609,17.87527
219.84384,17.01344
220.60718,3.23194
226.64603,2.00482
236.37822,-41.23461
239.21318,-38.76875
266.59122,26.54375
316.00909,-49.11425
321.49554,67.17005
328.16891,36.46073
19.69046,-23.9453
38.72433,-13.65832
76.47328,21.66064
122.00162,-51.07532
159.50372,-81.09754
160.6355,-47.66058
168.51028,20.38729
173.61949,-9.66018
210.45511,37.00944
257.23859,-23.77398
345.16183,30.74181
356.27881,28.20555
78.88485,-62.00071
160.85606,40.77423
176.19603,20.12506
205.48605,-38.30823
250.11665,39.32009
278.2981,-56.73221
343.2901,-60.69946
43.63977,-10.02846
71.33705,73.39108
87.68562,-22.97837
166.68951,-4.07223
178.00853,16.80971
202.0031,-27.1027
223.6694,-17.40565
240.59833,36.10983
247.19208,-61.81214
256.62991,-21.2921
344.50183,6.06978
21.18763,32.16568
25.3055,45.00183
32.57313,-10.32103
48.28664,-2.72199
55.47779,-50.95782
103.19576,31.28909
187.82071,-26.28734
191.56984,-41.27538
326.68057,38.49926
15.52233,26.95189
29.02196,36.12907
70.50777,20.50476
83.1713,-32.96179
114.07008,33.12265
125.29314,39.26305
192.3896,-44.06593
206.13174,-39.2018
215.7663,18.27923
247.09323,32.8494
261.77069,37.85171
357.05789,21.21534
359.83139,4.76062
45.87724,-2.24827
87.81757,-31.10471
91.49905,-32.84363
130.23781,-23.91352
212.63997,-52.31725
214.17209,-42.83348
240.88365,17.19862
243.81184,-60.59195
259.50769,50.24711
296.46082,-6.30783
29.37688,-9.46235
96.80927,-24.6589
157.29584,-30.34251
158.24522,56.74823
164.06451,9.75437
169.98108,-0.87988
179.66959,25.31641
180.42778,6.44959
211.64536,-5.4531
212.8593,1.28654
292.84143,-5.04316
346.23553,19.55223
37.47355,74.03091
65.58698,7.2206
118.57302,62.85883
191.32141,27.12551
194.96048,-8.74484
209.0705,-34.54036
224.29694,52.34604
227.13939,-48.66314
228.64835,-45.97773
251.50636,6.46253
333.1037,-17.71931
340.82764,-59.41402
342.56699,11.56623
351.16147,27.84588
3.96365,16.08977
5.95626,26.92234
14.65361,51.61906
17.10854,33.14798
17.91003,-3.34456
41.5022,51.25399
122.60564,67.24293
135.535,8.30172
159.78299,-5.50163
168.8587,-3.81784
273.31137,-37.67652
273.32834,33.83009
300.45688,57.0273
306.57315,-52.40475
315.43503,-13.31322
320.87415,-37.51022
350.44687,43.9931
1.14057,28.30169
21.57845,34.75415
46.30877,-14.38105
120.15632,13.69742
123.34863,-57.2872
144.25325,-60.93323
162.5304,36.34176
166.46138,-9.9253
194.24252,-31.32959
198.89525,29.67607
256.70749,42.42341
262.6889,-74.45914
279.9935,14.89755
306.00797,-36.938
359.37482,47.43937
21.56011,-6.09414
99.85281,-75.11583
178.72272,28.26236
191.56462,8.34842
192.74797,47.67149
214.83661,-20.95098
258.39536,16.04979
294.40558,2.56587
349.50919,43.40767
33.70577,68.39412
36.88722,-0.24456
43.68324,41.65528
53.88822,5.06701
167.69998,-28.50105
183.58511,-55.47282
193.02269,-15.45853
219.57561,3.41025
256.94244,-21.78617
280.23105,-75.92705
299.55957,-55.44555
306.10248,-40.36628
345.20453,26.74088
31.53639,15.2095
36.08228,43.2621
76.5863,50.84199
139.29387,-4.75211
142.24881,-42.2836
218.52446,0.62003
249.52284,-61.11291
355.04276,47.97287
14.9171,15.33099
23.14738,41.98686
43.50734,14.97657
49.94585,0.58464
55.02976,-18.44347
57.05867,-21.47448
60.26048,-0.71769
69.62178,9.08804
119.26636,33.08321
128.42213,54.54927
134.10703,-29.63018
139.64899,34.55207
188.11516,-25.96161
229.7646,4.33369
290.4975,-60.043
304.7533,-22.15598
327.66437,-55.753
67.14029,-47.78255
69.96446,7.05521
104.65457,12.66692
155.65732,19.39683
164.39195,-47.73079
201.33424,18.45267
221.05067,7.94956
314.4751,25.09638
18.07954,-50.40172
34.10822,-59.94085
51.27064,-12.30798
52.50158,39.05962
52.65261,-14.42552
55.18419,-2.67151
60.69923,19.00539
72.60106,8.71306
115.50111,18.73357
133.16846,21.42237
161.8054,72.32305
178.19719,29.32895
182.66386,-34.05737
212.03537,-6.09205
317.23724,-43.68608
359.02859,-60.67123
21.21815,-1.61705
73.26989,-45.48309
80.09513,8.83714
81.44656,-3.58243
118.27202,55.24005
150.18095,-20.36793
200.03821,-57.4323
201.94043,54.79913
261.2121,23.73593
298.96991,5.99699
301.74142,-34.54852
305.25531,-12.25469
327.31659,-60.71315
334.31589,33.50388
341.05353,9.41686
4.21202,-5.2683
41.54121,-30.22802
116.21989,-0.3586
119.87843,-44.73308
142.53598,-42.19851
148.26297,-16.0381
187.78485,0.61375
200.49658,26.73378
245.7972,16.93262
259.88092,86.73837
302.08539,50.67875
330.31772,-55.07388
337.06982,50.78974
338.51544,-64.69767
355.37415,-29.32081
18.05445,-56.10625
67.08635,-17.59541
107.21974,48.45006
114.23766,58.7704
176.59268,33.16177
186.74782,22.63955
188.41264,-21.6621
193.14462,-9.77669
212.03555,-1.70228
242.64313,10.0404
315.10638,-14.49565
315.22827,-52.22413
359.51489,16.50142
29.77064,36.25861
49.78384,-53.96213
56.4201,-13.43007
59.2134,37.97189
102.47643,-77.70394
106.08757,-21.58867
114.3754,59.68421
116.30659,70.03244
120.50964,56.64416
148.01991,-16.13621
153.68913,-34.0588
157.13312,-35.70506
192.81602,-7.77027
193.46883,32.24167
205.43256,-29.33334
344.62216,40.42955
345.5144,27.05259
38.9243,4.05179
57.72368,39.78899
75.74262,22.99771
109.88977,-1.0668
113.28941,19.19943
169.04662,-79.39746
200.40953,-45.93201
312.83307,-52.6362
317.341,58.96646
26.39118,73.48322
52.2097,-13.80214
59.72999,36.56438
75.57391,-30.45467
99.39301,-71.13727
133.82982,-20.13647
145.47707,-8.60301
160.9467,-24.36797
176.11909,10.78375
194.34547,-15.64867
221.43788,51.58081
222.35457,-40.18059
235.64793,23.67009
28.5754,-9.71348
29.06701,3.76186
59.1385,-66.04066
61.92836,30.06181
107.29609,43.69736
145.0062,-31.04305
154.95584,-19.95536
155.32216,19.65172
162.85634,8.5671
194.01538,-25.00656
235.84727,-12.54446
244.34218,-60.63427
281.57611,-65.75665
295.40961,42.62253
20.08207,-44.12866
55.3935,66.97698
123.67371,58.22525
133.79721,-24.88303
144.44467,-10.97391
152.75777,-45.16777
176.34935,20.32545
273.41815,-57.74836
303.08478,-17.59162
304.68762,54.43221
353.45535,30.06038
43.37238,-30.86037
51.23278,39.12901
82.09558,49.96239
114.31858,-73.87486
159.75323,-50.42178
173.23419,-33.6347
177.43063,-68.81273
237.0318,-2.14672
240.27156,-61.11403
292.38824,41.30498
344.57303,25.77112
3.85471,-21.4444
29.21712,5.77477
52.72007,-47.97926
95.91084,-35.6419
139.22151,-39.27535
150.13795,-19.66198
195.5175,29.25355
202.52203,-20.93299
217.75452,5.97843
259.97778,16.66069
275.80734,86.89047
22.94378,33.61557
132.93878,-14.90408
166.88167,0.78311
185.48865,-43.33464
192.67914,-41.43027
202.21715,38.57769
202.44858,-28.00636
219.70503,41.0071
241.45351,-60.14577
242.62708,-59.91859
263.25842,43.75962
347.27789,17.25921
357.72491,-40.72823
39.7318,9.09737
47.59834,42.41692
50.98682,37.95147
56.60706,45.25729
57.69946,42.2812
69.66547,11.24099
71.90098,-1.16186
83.1616,67.71045
113.48299,73.64386
116.75848,41.53617
137.0015,-20.48569
147.97246,12.94462
210.62317,-54.70974
227.99915,-21.3171
255.37599,30.16758
265.6842,4.19575
294.87161,6.34846
325.47397,-6.7088
330.12234,-33.37162
8.98292,8.71794
9.82606,-27.34924
22.80832,-26.85958
78.52711,2.51734
107.55659,44.45731
139.40974,16.44047
157.37917,-35.25986
196.28552,-32.19127
258.32523,43.78235
27.91756,8.30046
43.47764,-72.75762
87.17975,-25.47734
153.47934,38.84294
168.93239,13.78222
197.15775,43.73752
202.37869,11.74577
203.6792,9.33679
279.15509,-47.05421
297.98892,-30.85666
338.26508,51.796
14.10664,-1.26248
50.33292,41.93192
61.13046,44.43334
85.50992,-70.90444
88.46655,-32.74364
161.10181,-32.20977
194.99063,28.24655
199.36981,-51.7165
200.15359,-2.28934
324.37857,14.58625
34.47204,14.52171
36.51163,30.1732
39.69773,41.67042
49.25035,43.52484
52.84602,-5.14175
86.15675,41.99362
115.91877,-38.03694
136.13252,-19.78575
140.86426,54.82927
159.11523,-27.31922
167.48306,10.72071
189.61885,-28.93827
197.17378,52.77423
287.89816,23.86728
357.08575,-28.23186
15.0085,-21.48843
47.86432,34.97551
68.20706,-6.02531
86.58765,-23.47168
161.07904,52.77014
186.73111,37.90892
202.4019,32.40069
206.69572,-37.9118
207.33711,-28.2012
267.33731,62.22287
318.12878,-39.32436
330.85211,2.59482
344.84369,39.1076
5.35151,-48.66531
82.16834,22.1136
112.94901,18.28791
125.66655,56.32933
136.15434,13.55404
156.39177,70.07564
157.45164,-35.4188
158.59836,73.01393
161.05096,6.75878
165.18422,-14.18772
169.21283,17.79828
177.86766,22.02598
201.31134,-30.54556
202.89302,71.48024
214.85448,-4.48913
215.3047,29.99359
261.15375,-73.94012
269.22931,32.63661
272.59375,54.2252
326.99506,-45.99199
350.64697,-13.09411
6.56101,21.80737
10.33981,-1.71592
14.72556,52.60987
78.81094,-4.40203
90.88067,-41.2866
93.12822,-45.07103
100.85629,-74.25715
116.5304,26.50515
151.54382,2.91293
202.04372,-24.97017
307.22729,-22.82396
319.56689,-7.58551
321.87924,-85.01042
7.16537,-13.01018
9.16108,-22.59351
38.32576,22.39382
40.6393,-9.46778
43.09745,-8.51041
44.02999,41.63117
79.3246,6.13705
108.47553,50.39877
125.54456,3.26794
139.19914,49.78038
173.30258,-13.33805
213.12445,11.24049
219.13,-28.8656
219.59689,23.33351
231.13132,-42.65724
274.33948,19.71536
312.94083,-29.84729
75.20435,-38.67389
75.79797,-22.81398
108.35092,-68.35883
108.47457,23.08014
162.66576,65.72716
174.87518,-17.04143
175.88083,22.72545
183.58116,51.30267
205.56065,-31.03716
305.18475,-14.05027
313.71964,65.15907
358.19742,46.80392
3.06553,22.3218
49.48015,70.03557
74.83786,5.61829
82.78286,-44.42242
90.48685,-20.13703
107.70724,7.8774
119.97417,33.29053
155.24411,25.51935
157.91197,25.98398
177.3327,74.30219
202.69734,11.20073
217.97754,-46.03531
235.69124,24.98606
242.54515,16.69957
284.64893,46.64168
307.16791,4.34538
328.15799,12.53582
346.88629,22.998
16.06996,-1.0749
25.3891,-83.21222
37.43252,23.95586
81.11715,-27.01604
159.30106,50.12062
181.12355,20.31623
198.32253,-43.58318
203.91077,75.0394
291.85532,-79.68552
338.98474,20.32226
46.94957,41.37533
49.81078,41.14144
52.57154,-0.92015
64.34824,0.30652
89.46309,-45.85789
142.49391,-6.63739
173.43094,32.63607
181.76437,18.53171
209.09296,-34.11609
305.72818,-49.50679
312.93414,-9.31297
335.23932,-46.03585
339.65775,34.07143
31.56663,-0.29145
105.98229,53.75884
163.62947,17.28463
196.26915,-46.79022
216.20906,-38.80326
224.16095,-16.48787
226.60895,-14.1169
312.96906,-52.83093
340.65927,-42.90901
355.83795,50.45728
9.90698,8.96541
25.16267,-31.82084
120.05357,56.35337
208.05891,72.73203
218.94049,24.72577
286.87189,-65.42862
346.29947,-43.09937
357.65234,24.55625
36.8244,-19.18935
95.58222,-64.23458
142.97108,29.79489
162.33807,-0.66805
180.46956,22.53148
204.41643,39.15463
232.3765,3.46763
251.46909,59.62202
277.0061,16.1257
279.08725,19.6505
312.18753,-8.87906
325.2662,-16.69392
62.78939,-53.68663
121.19325,10.77672
167.86398,47.03557
173.1342,74.62753
192.52948,52.85009
200.87088,-31.84432
202.67813,34.83066
219.06406,29.90833
227.27863,26.51
238.69481,-37.63867
301.20911,-21.71426
318.36362,57.2863
319.42609,-22.77084
320.91641,60.02384
322.96939,-46.05853
7.41051,-33.25975
9.04692,-32.57457
11.15628,-3.75924
13.89517,-24.1534
89.95566,-52.4086
114.1617,-40.33406
128.89354,52.78885
163.6227,17.34398
194.30067,-1.70681
197.77069,-21.68714
226.58675,62.98097
292.2019,-38.74107
300.78506,7.10653
305.83798,-18.3224
0.79697,15.96568
2.02831,9.71773
37.34855,10.17711
98.91137,-39.25839
103.85486,-26.60732
163.04312,-2.40974
163.39929,50.77325
186.87006,-38.93728
236.0555,-17.18603
239.7964,20.75459
244.39668,13.49201
31.09865,-75.64754
43.41715,41.72578
44.91499,45.21284
55.60015,39.24453
176.22087,-50.54383
183.20801,46.77305
201.61986,-19.66934
208.10512,-34.93354
213.59103,-38.45948
295.29904,43.413
306.58447,-23.11719
3.02526,-0.41518
17.03617,-58.45466
42.66254,20.68278
62.01129,23.29287
65.96006,2.73826
107.75236,48.68664
111.57727,-84.51975
137.42404,37.60163
188.95497,-43.05764
195.12915,-44.24489
203.95708,-30.3822
204.60432,26.74245
213.16492,20.387
219.63869,50.81532
245.03979,37.79822
247.31917,3.11552
308.01999,-19.99695
311.78018,0.43018
38.49355,44.34446
100.12551,-27.20655
107.73134,-28.07883
149.77972,-25.99525
156.39758,-2.21521
165.99959,-18.78057
166.68404,-48.48379
202.32701,-10.53316
210.4015,-11.12873
210.63995,14.55083
223.26181,3.29592
241.8109,-60.74733
259.9939,-1.58844
270.36957,-63.74768
323.11475,-23.94841
342.28851,34.99028
36.04247,43.29331
106.24109,46.1406
140.21136,13.19116
193.29834,-32.17364
196.49445,3.95659
202.94743,-2.61155
203.55762,9.63551
214.08304,8.29345
219.65703,46.66312
246.35863,39.87068
343.51462,-34.05954
345.15503,12.78231
346.08365,86.74968
20.33488,40.4882
22.12191,48.38708
32.03129,-28.63657
32.17036,71.03582
35.40287,-64.61016
52.20301,-35.17815
81.26746,72.57401
106.0679,54.22272
120.65219,27.43749
127.97166,-59.78175
128.19525,0.22808
138.3878,30.00006
143.70934,-16.38441
162.7402,-12.44844
165.04008,45.91698
173.58395,-6.38979
201.75253,-29.19213
205.13022,-28.547
243.27838,-59.92399
309.30389,-25.21577
348.21362,5.80637
358.38403,8.11813
17.78788,-13.96103
23.55626,-38.61668
94.60779,-24.85179
99.21552,37.57049
105.90444,-28.30995
107.86652,48.24012
113.40324,-56.15739
163.60269,-46.74091
167.82785,5.8363
181.41705,20.55565
181.45877,20.477
255.90234,62.02563
258.2243,-7.30412
4.58283,-73.15251
31.07912,-8.73533
42.89425,40.7314
53.14278,47.47886
57.59762,6.97305
61.32119,30.11742
90.91316,-26.66416
95.78857,-68.73288
134.85638,-11.84366
179.54582,-21.80844
195.04778,-50.9168
207.81013,-23.05229
210.49355,-25.53883
257.71033,-6.51201
295.51645,1.96108
2.67031,32.98308
30.33282,33.32978
48.40851,2.75768
120.54444,9.48604
131.58412,47.1564
150.65227,32.70678
185.10027,25.56058
203.44968,-37.73177
219.70822,30.44268
230.73454,-7.33155
243.56963,17.75737
259.43594,7.6143
277.01669,-36.72322
27.18235,10.50798
39.30418,21.56755
94.06592,-37.1584
122.01923,-14.87747
231.93362,6.80388
241.87375,81.3018
352.96225,-34.05554
3.48718,30.88296
27.66162,70.9022
129.36076,40.03551
138.65547,8.11718
148.66431,37.40855
151.63887,-29.9354
156.54312,-39.943
181.63846,39.23764
226.88626,76.14633
236.75172,-0.98526
321.63474,12.18437
20.20088,-31.11459
21.76003,-10.26526
35.94571,28.86372
45.68425,41.62537
76.40611,32.51603
98.07806,51.995
127.91199,-59.78377
154.58212,7.04922
162.49524,0.32234
174.50204,-32.3247
183.11214,29.14923
218.5531,25.46803
16.58492,-6.19723
58.32998,32.33008
101.88457,29.36962
177.63974,77.83284
203.72554,26.20633
251.15797,-60.85147
252.98895,4.38357
281.80533,-48.35739
315.76007,20.50345
3.36226,17.48644
7.78366,-22.61868
39.4771,2.32803
42.06062,21.55693
65.42821,-2.20523
111.85945,33.81129
198.34499,-36.68779
217.24843,23.19152
278.87875,-29.35736
336.2142,-58.42671
62.4762,36.51717
106.26234,-70.57117
117.33904,52.66644
180.93594,1.69509
295.31357,-28.06944
325.49387,-34.4459
349.20984,18.48314
350.32602,25.38537
30.88699,26.30722
50.02375,-66.70118
65.2718,-9.78642
80.08146,-61.25949
153.88408,74.22029
166.70493,45.96456
197.05037,41.67637
198.78081,34.32874
219.84258,-25.46999
236.74527,17.88418
238.58313,-40.04289
258.13864,-23.12634
273.58759,10.1075
311.58679,-2.81265
327.77786,-46.2753
341.04077,9.98913
349.79187,-66.67538
24.78745,-47.12749
68.00298,1.47879
78.81808,-30.52648
101.74975,74.52823
122.11217,39.96432
155.58078,36.58298
161.9185,-72.42786
181.34744,17.91994
186.00868,58.38515
232.66472,-2.21242
261.94284,-64.56163
316.77362,-45.208
338.57834,41.32055
349.65979,25.23286
350.21988,23.80749
355.15729,78.25345
4.39559,-9.5434
19.57771,-37.10406
21.20648,50.79782
32.1492,-8.63202
33.08504,-2.14155
33.62635,-13.26329
35.97359,-7.35242
91.5204,50.44187
115.72853,-71.21934
120.61503,-72.42492
131.28929,-11.07424
311.83691,-22.54019
356.65356,-29.07036
22.09075,2.51304
22.43319,-1.24148
25.17345,45.83468
68.85412,32.80132
76.54031,-45.0471
144.75603,-9.45728
190.31551,11.38719
191.49585,-7.45269
240.51785,17.07588
252.7623,-26.54222
256.14136,72.44654
273.05856,21.88475
306.3342,-25.82928
316.06345,-35.37449
329.12271,-55.56619
5.17465,-4.43304
14.51323,-46.61725
18.74,0.43084
34.96967,29.03624
38.76329,41.35737
42.38094,22.14422
91.37285,9.68097
153.04889,4.92338
187.12231,-44.61837
192.46498,-41.22626
193.87509,-7.79441
196.9016,-57.07387
200.80757,-26.29815
203.98007,35.58826
204.85286,30.99091
224.63452,-66.47923
258.5072,-23.21743
285.78131,-60.42339
324.01614,-3.33782
349.76138,-22.7152
6.08489,-14.23221
10.31424,-38.40099
39.49464,-1.84415
77.21664,21.09144
153.6153,77.82024
192.63599,-5.28191
206.98215,37.82626
234.7287,4.58305
239.80228,20.76337
255.20018,-5.17401
261.92798,-11.57916
286.23682,-65.90154
294.01907,37.23785
304.88599,-53.50335
330.21274,-1.8393
339.22339,19.14388
0.09836,-47.01881
17.53732,-16.85273
23.501,-34.3874
42.23736,-28.54241
81.44633,-39.90652
140.95126,-38.49894
142.02748,17.1965
178.90976,43.04593
182.15608,16.14278
226.01512,-41.93085
236.53711,-43.47678
278.76169,-57.07955
306.6095,15.01786
315.49805,-28.05877
333.51343,-29.38275
37.56866,23.15325
50.60191,41.47979
98.70167,-9.70102
140.92915,22.90903
219.81468,2.72804
310.61176,-7.30914
345.72797,26.83502
356.74298,-35.79459
13.96621,-9.98573
22.26283,-35.59893
30.54283,-31.02432
50.64325,14.91364
56.84302,29.09795
73.55717,-43.87386
94.73278,51.46862
97.12428,-46.05578
128.71703,-4.40401
136.03024,-72.04998
146.9935,-14.25339
156.84158,11.08006
163.31886,-22.31888
166.17226,-1.54178
167.66019,28.31684
174.61124,-10.63877
191.17725,40.67885
205.04482,-78.54081
251.28148,61.84024
252.68423,-10.9233
277.92462,16.65286
278.4025,48.23635
305.22122,-52.68399
321.52344,69.21151
335.94699,35.38996
339.36093,34.3743
16.07069,-0.76485
23.60492,-15.81912
30.57207,-1.1279
42.01258,21.53169
65.63879,3.20265
79.24062,21.38476
86.07912,3.34678
97.16021,24.69665
143.61624,-77.1942
152.07774,-20.16892
181.90479,2.69049
192.7205,34.15686
198.76462,24.61877
201.70297,-27.14376
203.77045,-15.86781
212.67151,-52.18419
236.41428,28.08872
252.6833,-62.71408
283.9295,-46.78069
334.1384,-16.01645
341.92535,-17.34921
4.27259,-13.48711
27.90104,48.10747
51.56379,-4.31765
119.51426,56.68048
124.85107,-24.78566
195.26334,-40.4263
195.83836,14.37754
201.15735,52.95927
224.39925,8.28525
225.30959,-36.93841
241.8457,13.88794
261.61142,-59.72783
3.59345,48.24652
3.93292,27.4444
40.92499,-15.7055
54.40837,10.0218
58.5621,0.61721
70.59724,-45.76871
73.20663,-43.78119
73.45232,-32.43998
82.48121,44.5775
104.49618,35.73408
107.04735,-49.16465
112.22562,20.59178
142.55547,49.48827
153.47009,38.65455
226.16911,12.6335
239.84146,-60.02281
256.71884,43.12213
281.81754,-21.28143
338.51645,10.17293
346.07959,-79.46598
349.18207,29.58755
8.50498,-3.16624
15.48629,-6.79572
55.66715,-6.38187
115.30202,42.74944
145.11909,-6.94607
174.94685,17.71221
189.61986,1.75436
211.19353,-9.96221
212.06961,-32.94352
245.55373,-63.55058
340.50989,30.70873
342.08099,24.81764
350.33078,1.4031
9.12045,-10.1062
19.72345,-1.00205
22.46867,52.03665
30.60839,32.07225
32.36831,19.77651
39.20819,54.17616
203.33392,51.49035
203.74765,-8.09151
203.82397,-33.89804
205.72791,22.14516
207.21353,-7.64833
213.06593,15.84194
255.09599,-2.32558
257.96378,-23.0268
273.07678,25.66233
292.11774,-53.37202
308.4133,-43.90552
326.20563,-72.42075
332.71558,2.10577
4.7476,79.69572
18.00209,17.30945
32.49394,35.72055
48.97537,9.15963
49.36628,41.61298
121.66348,-43.94905
155.42152,-4.14029
167.09248,-47.93102
180.45197,-50.58349
185.79846,6.07216
211.93642,-27.08265
233.13339,4.681
235.69005,8.24111
236.12163,11.54958
336.03073,-80.17552
349.80093,9.29039
21.46153,-37.33372
36.28083,41.85153
51.06874,44.45461
51.41892,37.04259
73.14293,-2.94922
93.44994,-67.9207
94.61247,50.8884
99.07216,74.34397
99.24689,74.28256
103.61256,-34.881
113.24355,-31.18818
119.94418,18.40176
154.85843,44.40461
199.26422,-2.26136
244.5502,-27.80506
309.82599,-44.60628
9.98322,6.84861
36.36382,37.17434
37.13446,-11.2878
61.3765,4.41173
100.67632,-64.5909
100.81592,-49.48889
124.43451,73.31768
307.86273,-1.97472
24.3139,-9.19763
61.79298,59.57006
63.48307,31.4356
132.04288,37.75539
164.81757,-9.7942
171.08952,-13.8558
207.66293,35.03823
229.3923,-36.40735
263.57297,-9.8909
264.92889,-1.63963
294.13687,-38.35613
349.19934,-35.52411
353.27722,9.75211
2.2676,10.9189
3.48892,48.15796
30.62908,11.09308
68.84042,70.10107
161.11203,-8.90017
176.26469,-32.97321
195.88467,-32.86774
209.71359,-33.4899
299.5766,-19.27775
330.95148,-31.9558
2.52854,-36.7751
17.94398,-0.66439
37.05314,19.58332
41.62626,-26.24994
76.89687,-23.06697
144.58525,-33.86267
197.57133,-7.4543
250.40572,40.16349
284.14554,-28.12192
316.15802,-71.86787
20.45491,-44.05753
32.35715,44.56442
68.62258,-24.92159
78.67977,-61.19032
78.80764,-22.55028
109.4692,63.48562
146.92178,35.06009
177.00974,-52.41819
203.51863,52.70218
224.87914,73.89323
240.64786,-61.77453
270.50995,45.29039
270.91241,12.02585
335.09549,15.54244
339.3382,41.25033
25.37897,-65.61559
44.69756,75.74448
71.60732,3.50555
74.42048,23.45236
74.73217,-63.29822
80.15397,19.05197
80.20337,66.24612
90.79649,-4.10857
91.70213,-45.04325
104.36835,-31.07812
123.63892,54.79947
127.16991,-21.73645
134.36134,-69.06007
139.98094,-68.90903
180.90674,2.04688
192.33267,-9.2922
207.4608,33.62172
215.21248,4.33185
226.71117,-14.57176
229.34886,7.89139
257.52271,32.49993
265.04614,62.64179
299.3692,50.42057
313.51578,54.37382
340.07187,8.56591
39.44836,32.41983
41.47633,42.81217
71.88073,-62.37937
97.5899,-36.339
109.14632,-38.48761
110.00348,17.94572
113.82807,19.04597
116.12923,67.27358
129.59634,65.12102
129.68536,43.54761
149.47034,36.34931
160.03723,-23.82037
198.233,-30.43181
215.80673,-49.32904
226.84308,76.04907
239.23946,-9.01815
245.6619,43.46462
292.71976,-47.74343
296.15518,47.98669
321.14774,-42.59102
57.17402,4.43422
65.99747,36.58104
91.94147,32.4185
106.01465,37.91189
143.85951,29.81259
179.61325,57.59632
186.35463,16.12418
213.72675,60.01109
234.78215,43.86528
251.98299,-25.03144
253.82513,44.32359
255.37418,-70.01752
261.6806,-59.93203
269.09021,5.72386
305.54407,-38.30832
308.50876,-52.9812
317.78165,-2.03877
321.86188,-49.0635
339.77405,-19.66232
15.60222,-1.95886
79.91086,-61.73921
94.01672,-12.58841
99.35187,-24.18944
159.33418,-44.85067
161.92268,11.07711
194.38683,27.61028
232.48346,-33.71382
257.70071,42.28762
326.96936,-70.98484
2.60781,25.83184
53.72957,45.86445
107.80859,-67.25564
260.72479,-4.58239
271.09042,-59.62256
20.87804,11.29099
23.16635,-12.04273
40.35942,-13.12833
40.78646,-32.80198
77.41668,-0.25249
89.1049,-19.69196
91.93629,-47.41629
94.23888,-13.08675
96.90107,-54.4494
102.76232,48.7249
118.39164,51.78014
121.02438,5.11385
122.30876,-18.69505
170.75076,-43.3489
172.01672,-36.54272
192.27098,-12.88652
231.73167,-23.75947
235.91125,-37.05339
249.07434,44.13579
282.11942,-44.09064
286.23877,34.4646
20.81196,-32.84131
41.91877,40.49484
57.96988,-8.8382
64.59214,73.27389
78.0138,13.87316
127.03327,-1.53865
129.30777,-3.36171
213.62859,-48.44835
252.99573,-2.64454
261.34378,58.82209
273.22556,20.67309
310.16364,3.59652
336.94803,-54.742
29.29085,14.54984
55.32246,10.74235
68.71612,-4.36522
76.27149,8.02223
135.79721,13.63239
140.15132,33.65079
145.88792,39.41505
304.89694,-32.84433
317.57996,-29.5274
112.61312,-53.03142
114.67417,16.70881
120.36891,27.27752
125.35256,19.14769
149.45422,-39.36136
188.08916,56.6564
193.99944,-8.07575
230.37663,21.19063
240.97485,25.01148
252.7518,-61.74507
257.10645,25.51739
275.51187,66.61657
299.57138,-46.11324
311.88708,-22.50179
334.09314,37.17828
339.19418,19.38234
0.32544,-81.94223
26.37034,-38.55196
32.67274,35.19952
38.54915,27.83538
49.1506,44.97149
161.01534,43.90339
175.5244,10.35125
241.38029,17.96357
241.38568,18.1596
250.25034,33.77302
307.62955,-1.01407
319.36801,-22.81611
338.96616,33.94488
13.0574,44.331
21.22047,9.70329
44.06606,-71.85467
44.59202,3.86276
64.12524,-47.84877
65.678,-12.61512
97.93768,26.00549
144.92035,-0.23511
170.39877,18.45827
171.07227,47.84753
199.1619,-44.95598
200.24535,80.3754
200.862,-16.96684
270.39008,26.25299
336.44427,-13.16638
49.19001,40.69756
70.53041,5.46694
104.78418,-39.67195
146.23793,16.7074
181.83559,17.26154
196.46919,-49.32642
198.922,-22.73833
200.84354,-26.10951
213.16003,-55.84286
261.72495,-64.89353
288.8063,-16.93757
346.28131,41.95547
349.30002,-6.91201
42.44165,41.05181
48.53516,41.29205
52.82646,35.46635
101.60009,43.8248
119.25792,49.56729
134.57732,-65.36749
137.60643,-23.49112
144.729,-4.86592
164.85905,-7.54364
208.10179,-34.14389
211.15575,-24.83315
235.20149,28.29206
278.39203,59.88823
346.73325,-42.89857
14.28,7.50709
30.57053,-21.76272
76.85001,-46.30544
144.52156,9.61666
162.30699,-31.30487
173.27127,-4.01321
195.01468,26.89812
196.81122,-55.77652
233.24178,0.44077
241.43607,17.71684
274.95355,63.67955
311.12241,-38.51725
319.36633,-42.3397
337.99326,-15.44
3.19986,22.02339
45.70161,74.67282
118.02888,23.48294
121.85363,39.19446
142.33771,-60.69476
156.27039,17.16357
213.23384,-28.77409
277.02649,78.75027
300.92282,7.16301
303.84952,-39.99719
356.82886,-2.3135
9.03821,-3.52136
27.90105,19.10351
50.20542,41.37069
52.88741,-19.27844
82.81763,-29.31826
183.39653,-13.19816
187.06215,-4.95864
193.00487,-41.27944
208.02777,38.067
231.44495,52.44494
252.14914,-62.67247
305.81946,-21.18707
307.60184,-3.77568
308.88187,-43.43845
357.55695,-29.00909
50.25174,41.56246
51.12344,-14.98549
59.7473,43.34712
59.88898,42.6166
87.34015,-25.34655
88.03371,-7.60479
117.31055,-13.53119
117.82407,10.83308
144.3027,38.09234
190.22034,26.728
198.18649,31.80935
294.68695,-18.81966
354.90024,21.91613
356.56281,-28.09898
72.49162,-18.08455
107.06207,86.65793
128.17137,-24.04215
160.33635,-31.81527
167.73538,-35.98346
173.99983,8.30483
181.39627,25.09713
201.53252,-19.7767
215.80293,-10.851
233.14616,83.07875
237.44562,12.39932
250.11411,23.77478
272.6564,-56.27778
280.56708,-63.61652
313.86444,-19.56393
24.54615,56.07377
28.72413,36.91793
30.10002,-1.55285
34.92183,36.62684
56.92549,42.27071
94.76762,-16.94727
119.30199,56.67652
124.85606,-53.52788
158.13315,54.40098
165.96239,-20.09299
182.95918,-56.90892
208.69171,58.6665
222.04898,-50.43124
225.32634,-4.55482
242.24303,36.61086
247.23444,64.20695
285.68939,27.30734
300.10641,6.69402
12.52984,-52.12484
20.39648,23.75929
22.26234,32.33224
43.60157,41.6056
46.13631,17.6823
47.82308,47.34175
94.99074,-64.86478
106.66744,48.49053
114.33131,19.97612
118.38183,63.89693
182.24869,-36.70358
207.75087,36.95435
253.53647,-7.63532
257.35822,-25.7089
288.22675,-56.27971
291.39996,-62.93273
356.68103,28.03261
359.93222,28.29038
14.98664,47.78616
17.34159,14.34224
57.59566,-50.30262
63.84892,-0.96726
75.9755,55.32052
117.22173,21.74751
123.66697,49.06144
174.43716,-7.26756
174.52357,-32.55988
178.19287,23.47606
188.83441,6.11523
200.8103,-16.92407
206.53902,-11.02668
209.92754,12.73688
256.36725,23.1532
269.71573,34.00592
301.67377,-71.68356
18.79091,-44.48124
22.52258,-42.68632
27.19383,20.26519
154.09851,-43.61605
195.16299,-4.60446
210.48534,-55.79185
228.00909,21.29836
245.81889,39.91987
266.57178,35.57197
352.77286,21.41152
20.55503,33.26033
93.79258,51.63877
118.60364,39.37156
130.67943,-67.81509
140.93759,24.51841
145.70215,-42.05588
156.53401,-20.23529
168.35822,-15.77111
184.15991,-12.32761
186.29999,54.50615
214.86125,71.58823
234.12553,-16.27362
261.14166,-70.47133
292.84479,37.03931
308.14313,-72.16755
348.72607,-20.99587
18.97638,85.16486
32.48169,10.76199
48.07627,-24.62043
49.43006,42.38508
51.97586,2.56167
58.30175,67.49411
59.18892,8.0863
61.03601,-82.34171
170.10692,-41.5206
192.17577,-45.00814
199.99182,-12.48867
207.85808,-38.21704
249.43347,49.4459
259.4805,-16.81711
261.91934,-6.68392
272.2951,30.32679
299.22791,50.16689
301.07285,7.16839
302.12979,-25.45855
337.81802,52.11036
357.71063,6.14958
18.97237,5.32564
20.4307,78.62781
27.2185,10.58994
85.55559,15.21578
100.26291,-38.03568
142.89238,-13.04447
146.68858,13.77318
152.90611,-21.25359
167.55615,-6.5825
203.11244,-23.47177
235.61349,-13.23428
240.7547,20.95597
252.26509,68.75756
272.37027,-0.64329
292.91812,-67.3229
299.57001,-31.77225
21.19961,-68.62222
33.31937,53.41174
58.59019,17.55634
77.02576,11.74212
91.62556,-24.68591
119.54188,-49.98433
141.16208,56.12963
175.87067,10.16179
222.30168,17.02086
244.4005,-30.59929
257.08228,-25.22825
259.1087,37.34494
286.84485,39.93082
321.36075,4.31413
340.89145,4.15115
358.04449,-62.57156
36.17562,25.56108
38.25271,23.09303
50.54834,40.72686
92.5652,53.50912
101.48485,-55.41459
120.58979,6.87857
167.86186,22.97078
250.58136,-26.37495
296.64081,-40.43385
315.37616,-52.01469
355.48108,30.58176
1.77806,-41.35562
8.4243,39.54478
26.11976,-40.6646
35.47142,-20.82326
43.07476,-15.70966
47.86216,35.45825
49.97071,41.30233
55.70784,13.61172
60.78025,38.03135
69.60687,55.55155
116.77039,27.94744
143.45831,-16.99026
181.98602,65.11396
243.1198,-5.965
295.92395,56.39609
306.37589,10.57247
355.93631,-14.71421
29.89186,-5.34713
37.65914,-34.26418
61.33881,22.2403
63.50439,-3.76115
69.16793,-2.29045
89.03209,-38.15378
93.95599,64.43067
159.72966,-26.63996
186.64784,9.03547
194.94263,-49.71817
197.77055,8.80793
200.87627,-56.30843
217.09364,11.418
236.84332,-23.56825
238.69049,-68.71696
248.25688,22.79732
269.50137,0.8918
269.91879,-63.69664
282.04407,-57.93569
318.25095,-55.0466
324.04404,-38.54521
348.08466,-1.53266
100.80112,39.45942
144.72505,34.29973
148.33594,-16.19349
176.78278,29.57747
191.38297,54.73753
194.80534,-55.88409
213.33284,8.85054
281.25552,-63.51701
297.35916,-54.18035
354.12445,-4.90881
25.82645,-34.20601
28.35101,24.03885
64.40374,27.06767
148.22646,42.84807
159.14055,38.4385
180.13676,20.07393
206.10222,20.40958
212.49619,17.69603
284.71719,41.37234
296.772,-20.20558
350.30905,-21.23609
355.16238,20.44121
9.81483,-43.07543
120.37015,55.59921
141.84799,-59.27023
148.64236,-34.02628
151.13239,60.10789
178.15898,-5.207
194.64664,27.59633
197.44774,28.90694
203.85234,1.41052
211.36984,34.92222
221.72731,-37.28952
246.75986,7.5617
315.17676,17.8049
316.37909,-47.04569
340.34521,34.6217
8.64804,-55.78996
21.05864,-34.7263
34.51006,-47.53719
35.10069,36.99483
62.16783,-49.58313
125.87804,4.29956
135.09969,-4.11857
144.28604,-5.04129
162.70367,-78.49017
211.29784,-33.76011
217.05614,25.94743
319.20108,15.049
356.38821,1.68876
17.26101,-37.28888
28.5933,-0.62836
64.77785,3.18902
71.60671,0.36639
85.75992,16.34973
89.26112,13.56438
107.84387,71.83635
131.08945,58.84188
143.31522,-43.89114
144.49161,25.49481
172.04594,-43.96946
180.3166,-53.42271
198.45825,-52.13708
239.06113,-31.52029
258.8136,43.29019
260.19894,-1.11178
280.55099,-41.44041
292.23422,-61.31253
338.50311,23.33861
357.04248,-38.4125
50.14395,37.49494
82.57404,-22.86155
117.53851,30.73247
167.68694,4.84652
167.80492,28.69643
179.71909,42.57039
195.52939,-32.78717
201.56752,-12.61622
207.14432,37.11327
230.04555,25.72206
235.64296,2.01438
239.53328,12.07028
254.43452,-1.79906
295.98126,47.97999
300.03638,-46.3572
318.10287,11.40869
329.746,-27.41392
346.45453,-30.61234
348.01495,48.81653
351.40665,-57.88747
46.13454,-27.4605
50.63069,40.81688
76.19449,4.47931
82.92031,-42.16514
108.41674,6.20543
113.93549,-46.55558
121.07799,77.81664
141.36757,-6.07851
166.82967,-19.55565
166.92369,13.02571
209.39507,-52.77177
245.26666,-16.83918
256.54269,7.78041
259.71329,-17.37893
262.76389,-8.42757
355.50354,-3.61517
79.42268,19.60033
108.89771,15.14353
154.03821,-15.79127
165.58424,-14.13632
183.89359,21.83263
200.77623,-32.24479
256.35733,75.40731
322.81281,-38.61609
354.12738,21.14711
29.96344,-6.84039
52.67033,-3.13773
53.7467,-35.17111
93.29502,30.27154
97.85894,-56.16343
100.34606,32.92738
108.94462,4.77307
182.05476,24.94282
199.56856,53.96523
261.28763,37.7599
319.31778,-41.8353
342.4989,12.05796
350.01154,15.95274
6.15219,-13.95636
30.47761,46.33072
103.04599,-59.02797
164.9926,50.90303
187.97906,-46.13594
195.23978,-41.75157
197.90598,0.66578
211.57558,-16.64125
212.98955,72.27448
242.71748,41.88581
247.64122,40.53943
259.74008,-1.12959
273.61874,0.78201
283.26425,-63.28318
290.83344,70.35599
339.57666,18.58747
340.63904,-37.18539
357.7348,27.08715
36.94601,50.48286
37.6547,-24.0821
52.62048,74.94841
73.93839,-60.20707
79.32471,52.93115
89.9982,60.77495
113.37785,-65.39471
121.71709,18.73772
128.8228,55.82888
246.45395,-9.66156
258.21387,-24.25271
305.1188,-10.35583
319.22226,-59.50882
0.42362,45.00549
19.82547,4.57804
68.35554,-4.26541
70.07289,-58.74429
81.57639,17.46141
82.57547,53.35424
94.28188,-46.73985
99.11851,-66.73631
119.38544,59.08399
125.12168,-81.48331
149.56238,-21.62164
150.97124,-44.53743
161.12793,-14.31456
163.01765,71.77306
185.10425,-11.66651
281.32675,39.10311
313.11728,-3.14697
55.32306,15.39658
79.40353,21.19754
99.18884,-35.07082
172.15088,26.90585
179.27028,-8.29218
196.23315,-7.94769
199.27554,-16.25218
220.11652,-78.80921
247.9086,20.79345
263.91751,-17.15261
304.21313,-36.98698
307.72086,-25.36644
359.06387,81.7515
34.99468,1.93024
131.40768,36.93464
140.41077,-59.43364
156.12764,-21.79102
166.17456,4.2974
171.04475,69.41308
172.2482,-22.48311
176.84526,60.30042
239.6347,17.44153
247.5752,-73.8065
343.98691,-63.69474
358.42404,70.65019
21.08123,-1.74623
101.02539,-75.08157
106.68719,42.5105
126.69927,17.37489
150.04578,-2.97619
163.49919,49.65976
254.90451,-10.04442
279.34082,-26.85151
293.11948,72.46625
2.84555,-56.95733
20.86131,49.97275
56.82718,40.86072
70.13871,4.19594
76.65685,-17.55337
108.18075,-23.07913
128.32051,-17.95894
210.44435,34.66784
219.56773,40.45673
239.09836,16.52342
239.14023,20.05232
267.4827,-60.75305
306.60693,2.90973
338.28928,-17.06786
28.90247,21.31763
31.7219,-36.45317
44.58758,6.09517
64.16753,34.85284
70.72999,-62.67302
93.88911,51.97989
103.27886,50.03417
104.01949,-67.31261
122.19499,-9.01566
133.47758,35.14558
147.76802,-16.09537
167.19533,-14.58622
180.53642,-31.95318
181.0965,-5.29663
185.48694,30.07425
198.77608,-42.30945
218.98825,-51.91824
222.87207,9.33498
235.89499,22.74439
257.13644,42.33913
303.85608,-37.51194
1.95367,35.3623
5.61038,29.50426
16.32031,-58.43752
40.54129,-51.90401
46.86019,-12.58744
70.62608,-1.75669
98.20239,-34.12859
108.70982,16.9816
130.97092,64.97027
170.13063,-9.0137
174.02855,-12.56909
181.20113,-50.25086
222.3663,27.78065
244.07524,-32.58905
255.0619,-82.05335
287.66837,-44.18012
303.26984,1.23802
338.41016,-24.76414
344.61685,-32.23994
49.46012,41.96759
49.68114,41.07252
55.51392,-17.52107
89.30229,-37.47681
111.58121,-35.32986
148.48485,23.3833
150.38011,-15.17341
185.84285,6.04075
202.46536,-17.93046
215.92979,28.34738
217.06067,-35.50959
244.86923,7.27878
257.10565,2.93374
283.09964,28.79202
326.47925,-72.93208
27.085,53.31005
45.79328,27.57343
72.84751,-59.23311
81.94096,49.62796
100.92702,28.45463
105.8511,-60.2562
140.92903,1.34922
185.43317,-12.47218
186.00648,12.20499
211.04707,-22.57645
241.15649,-60.77554
256.09836,28.46318
257.55301,30.30825
265.56192,68.34832
280.81351,-41.41101
287.77719,38.95053
301.43225,-10.57799
303.78738,-52.71746
346.75363,35.77737
354.0415,-39.77451
3.43932,48.15126
6.245,43.66275
44.16292,47.52574
86.4868,74.09982
96.77799,-35.4876
116.73309,7.29634
197.84435,34.41808
224.40669,-52.20397
234.3759,-16.59072
245.17159,-10.21844
245.2242,40.1041
256.00537,25.05398
275.6965,-39.84729
313.58527,-43.06636
14.01759,-13.35805
18.09087,33.36441
34.04348,-11.92672
81.40084,52.12843
92.91795,-33.12446
102.14967,51.84124
109.06812,-28.3428
133.90195,72.71629
134.70932,41.58014
161.93039,59.41113
163.62276,21.16365
189.16621,26.82998
196.0209,7.90792
196.9039,62.21593
246.89299,-9.6196
256.67233,4.90427
263.05069,59.94155
311.35303,6.07352
349.59421,-4.41616
32.30918,25.57079
43.67275,-30.42717
44.0737,75.08828
133.73856,-58.91916
134.25459,13.19896
147.18802,-6.59733
150.76654,-37.43051
162.87294,9.2795
173.78548,-45.37994
179.75423,25.22276
184.8425,5.3763
203.57124,34.92941
216.55083,48.56399
240.39198,1.70783
314.94809,-16.63791
342.18399,27.58371
349.87521,9.50822
21.15186,2.04423
91.5543,-12.08028
109.10099,-35.8532
142.04311,-16.90185
171.54414,52.12501
185.41327,40.84885
214.20583,-27.23281
227.81737,-42.27774
237.8053,25.70199
300.50626,43.00204
303.52805,53.87518
304.96356,48.27226
314.6041,-31.47165
331.85733,-10.71203
358.83975,21.58806
8.16718,-25.60752
17.04749,-47.13573
45.14582,11.84277
52.75494,43.24751
62.48148,-10.26907
71.97043,11.49056
82.81686,-40.11527
93.33976,-33.68305
101.02904,-27.17537
101.88692,47.65468
161.26175,43.70464
190.72493,20.98965
217.34167,-22.92869
223.62982,3.28211
237.15955,25.40412
241.30367,20.54237
315.70844,-45.37526
337.80542,-17.32801
344.63562,35.80242
352.479,32.64974
29.52205,3.08363
40.74935,-8.28953
48.10957,19.24606
110.2872,-34.39394
130.51341,-33.25734
187.06758,-35.97841
194.07745,26.35892
202.24493,61.91429
214.49457,26.4126
218.29082,53.23274
318.65701,19.00549
318.78717,12.65878
325.84006,-48.31893
332.31778,-27.73032
339.82086,-26.51012
18.98019,-50.18939
40.03659,-11.73382
71.31072,-71.01427
74.06774,-20.39773
83.63237,-30.897
85.42588,6.68063
104.69762,29.00959
134.0407,62.35001
141.51361,12.73442
141.65013,62.40883
183.52715,14.72575
203.02007,17.04896
208.31259,-28.42761
251.15363,75.67305
267.27881,8.10276
288.54379,50.51248
321.76813,-49.10939
322.97382,44.28358
338.27621,8.09747
30.55013,-28.65745
33.75068,30.77877
43.81188,6.17771
44.14342,46.088
62.72961,-7.28043
87.8326,-50.58287
127.0623,1.00417
177.19144,29.64124
184.09978,-18.55963
186.38116,-7.2365
244.37744,46.09171
261.86777,-73.62766
318.44852,-44.60258
345.03928,31.409
353.10172,15.8478
15.674,-21.8821
37.25455,38.09848
38.60786,-14.27157
39.12614,32.71534
49.72899,-59.75599
70.74958,-65.81435
157.45723,39.01242
170.48753,52.96281
186.44868,-21.74584
187.49741,-14.62243
202.34514,-47.09443
240.52945,70.41709
268.46155,14.04823
312.27762,-39.38873
318.01163,-36.89147
346.18121,-8.68572
1.37093,-50.27031
51.41621,-52.78549
59.85468,6.69798
67.42689,3.68204
105.75697,-79.45071
182.71472,36.62431
198.29138,50.5761
211.58008,-39.81488
220.74971,-42.30132
224.89153,81.4005
244.07886,-60.95656
254.35217,68.45712
292.6944,-66.31473
322.56949,-40.7695
338.12854,8.20713
345.31595,-61.52562
346.84521,43.60394
17.15829,2.26873
31.13272,45.7729
43.75238,16.0124
56.91759,1.08731
88.93832,15.05746
150.66116,-45.49833
153.70239,-28.95701
205.3037,-14.64455
244.93225,31.28131
260.99948,21.13707
313.09332,0.07563
327.33298,-59.13328
340.45071,42.97191
355.25876,-8.22166
39.63403,-6.90209
46.28331,-27.33686
81.08952,16.3047
86.83793,50.97812
106.99678,71.55445
155.80553,-3.2339
170.29231,5.36344
189.95296,-48.29283
205.74985,-19.99461
212.59344,-7.34251
254.71117,40.12122
293.99286,37.31005
311.27634,58.7048
126.77485,21.64524
174.02757,62.24918
193.90475,-13.39625
210.06537,38.50309
223.5945,28.93965
258.78644,8.45627
285.25204,-53.96951
296.58426,-35.19397
322.90649,11.83168
45.12768,-11.41576
63.39467,-74.55086
64.30447,10.45559
75.87859,-49.46424
115.00426,-76.07405
161.69533,-86.28788
186.68503,-44.71799
193.75282,-45.90565
208.58324,32.92991
238.60104,18.65198
301.01251,-29.59567
310.05966,59.58195
328.99673,5.9025
355.64685,-44.90483
41.5164,36.90524
94.004,47.09843
132.79039,-35.09336
173.08978,28.04827
181.36635,20.30883
203.99316,33.47386
211.72926,-5.46048
220.48129,-43.61897
235.54887,-32.56433
295.48917,-29.05485
314.18094,-43.98603
330.96356,-19.88105
340.06305,-2.42406
22.88023,-12.65417
53.1193,-18.94851
165.58871,8.48769
214.40732,8.17964
228.96823,-48.35335
254.19406,-25.48958
320.24918,3.98541
347.64969,21.71142
8.91449,-20.12532
16.51108,-73.9979
18.71868,1.91744
29.85439,-67.7877
43.50289,13.61213
72.76978,-5.96051
90.07188,35.75035
90.20039,-15.39917
100.67681,53.16139
109.94488,30.91553
155.25238,42.98529
165.15511,11.41546
179.73712,30.41361
192.23079,14.9076
193.52383,-16.08367
193.8903,8.2405
195.09175,80.12179
217.88579,-25.38735
244.03639,-6.55608
251.34515,-67.08474
280.3118,35.04852
315.68082,-48.35779
325.10626,-36.10355
6.01182,16.48639
13.74965,-35.32148
34.48388,-76.08126
40.49033,19.03019
53.77059,33.054
63.35057,-41.39528
106.55949,23.58518
106.73303,-61.15485
195.20322,28.15827
207.69193,-29.99868
289.04407,60.41751
289.15979,-31.85653
295.79895,-6.93918
307.69458,-39.24861
328.83768,-34.81414
331.68878,75.04768
339.42999,40.31813
21.22001,-11.58926
47.46891,-10.04957
47.52206,42.17963
63.14212,-54.19226
73.79773,-1.18917
99.8131,76.80392
176.31648,79.6815
182.0612,-15.71714
224.37093,45.84549
240.85074,20.89123
257.74335,46.40585
273.98026,13.64224
308.76947,1.93927
344.55396,25.22085
0.02926,8.27913
15.9974,21.22539
55.04823,-15.61068
95.3778,-65.41476
106.04325,37.69044
131.46069,53.99245
154.28574,-73.8336
213.78337,3.11286
222.69388,54.41117
240.76163,-61.76206
241.51688,55.42533
241.89726,13.94377
256.57974,10.37513
297.0336,-5.42338
314.57547,-49.01247
29.69434,-78.39823
53.15602,1.38256
71.55739,55.17111
73.63257,52.66848
93.41158,-38.73677
156.44281,13.71685
158.28134,-27.09608
175.95462,19.96839
181.0249,1.84702
184.49196,7.27393
190.67773,55.14548
194.24106,30.71618
210.54469,-33.79072
241.82356,-60.68029
246.92033,39.38301
257.29294,-22.55489
266.11179,55.82803
328.99713,27.89842
338.14368,-9.51918
22.91283,-42.36626
51.82517,-34.52644
54.34438,-4.98492
71.73592,-14.86001
71.93816,55.99035
83.96851,15.49006
132.89903,-7.26097
141.16945,-25.0927
157.59702,-30.3934
172.03922,16.92047
198.27286,-16.47813
201.97981,-24.49907
207.08955,-29.6264
237.38519,-19.65315
246.4446,-37.13285
274.35828,40.03131
292.58411,47.13265
315.77173,-16.80126
352.04486,32.47287
97.09786,23.62481
179.28537,30.39226
215.35463,35.27058
240.80156,-64.11528
256.25528,-24.75273
257.4761,40.5966
293.0835,0.41386
333.76068,-11.51647
42.69735,46.76542
47.53878,4.84796
51.43581,-26.38807
72.672,55.39913
100.55997,26.05042
150.39622,12.76495
159.66766,-28.56884
179.22597,32.15886
200.1568,-16.91434
212.43286,8.06908
227.98152,-45.60408
233.94888,73.45078
264.96655,43.30285
282.35126,-48.76904
304.72177,-53.95707
333.60092,-29.98084
28.55472,7.88365
42.53293,47.623
65.3068,-21.84613
67.8189,-12.45507
73.55625,-53.36106
98.76021,-19.46352
101.68685,-86.09195
102.77353,39.67595
116.88448,27.01905
133.40819,40.73007
142.80814,73.81053
144.07318,37.36399
147.30293,-5.33819
169.43018,-3.91133
189.33771,28.20815
203.01372,-31.77893
227.90567,5.39752
328.77304,-50.65557
330.70267,-47.69783
352.12128,19.86386
27.95055,30.54353
39.0635,27.17952
44.67258,3.43488
48.05464,-25.30493
56.05093,39.30127
91.61376,-39.86452
95.66338,-24.61386
161.18074,-40.58656
215.66809,69.59466
225.09392,-52.19924
247.83917,20.185
263.24615,1.71448
277.66473,48.30752
294.47818,6.99025
295.67126,-58.12848
297.73724,-31.00349
313.0061,-53.47205
325.89847,14.01465
357.49036,-35.47735
1.27778,-35.69493
43.39415,41.88585
125.74089,25.73979
140.26079,49.60223
222.33997,63.27056
239.68202,26.81814
289.03842,-0.78581
84.97269,-40.51249
128.32416,41.25952
194.34143,-30.36356
211.34242,-26.60014
216.97113,-13.99023
230.1254,-37.62119
234.8194,24.45511
294.13257,2.33527
308.68597,7.98664
332.58786,68.47725
5.97755,-32.53617
30.37912,-24.92492
92.24368,-57.11927
92.40273,7.48913
98.12984,-64.70715
145.41783,-9.02261
146.61909,45.75256
165.53177,38.6642
196.81671,-15.7277
200.7597,-57.53449
246.69455,11.58024
300.94388,-18.0994
314.51001,-32.29041
327.87466,-55.33686
333.67505,-38.80635
335.21582,-48.37397
335.90411,30.857
358.44159,7.86048
19.93743,-43.5715
53.70653,-9.84249
113.36705,-50.80696
196.90314,60.15714
230.20818,-40.13653
255.1463,29.72584
332.15164,-15.04736
359.19809,1.3551
30.98477,-31.78587
38.6078,41.14817
114.72294,-66.62979
211.07558,-7.04824
213.44371,8.22089
222.27481,22.19812
222.39934,25.38128
259.72107,52.61531
275.15289,-52.9241
289.32098,33.42527
309.45822,-6.09081
342.57358,11.63677
344.66562,18.81991
30.24357,54.3951
38.99953,10.44044
54.76267,-17.86128
82.30724,-42.20989
112.5725,24.32778
127.49982,52.6972
140.96413,-39.94863
141.03857,-42.30165
143.96539,61.35292
211.42293,-39.60838
223.64609,23.64329
230.98921,-41.23553
275.41376,52.44813
278.40054,67.11063
280.13651,-25.17722
292.29929,-38.30148
309.32382,25.52713
74.24847,-4.75685
74.91783,-45.97402
93.9548,66.83922
216.30551,13.7458
228.23984,-32.93581
241.80402,7.97903
267.03369,51.39918
301.51904,8.1556
309.53934,10.7249
313.96616,-3.73727
314.45181,-33.71461
352.63959,3.9016
45.13226,-15.73617
49.54768,40.3516
118.74113,14.45528
202.80762,-25.40274
203.8316,-28.0218
214.48232,-34.86933
218.73001,-50.72126
287.1203,52.22419
288.81122,51.52023
315.6377,19.21359
316.5997,-21.67015
337.6713,39.29191
9.96514,-56.26669
21.34867,14.51997
82.01201,11.98948
111.79882,-51.37206
158.65366,-27.65295
168.53261,-14.70501
190.53609,11.7544
240.02635,-71.67197
296.19266,-33.53453
310.92365,-57.03032
320.56134,-67.37314
327.16415,-59.08427
334.33551,37.80258
337.88678,30.95597
21.60926,-37.45734
21.67431,-39.98146
35.88403,26.51151
44.6238,6.30636
47.04893,-22.92287
58.48559,-7.07288
65.44775,-53.39899
67.54388,3.07395
67.99969,6.77778
112.3673,63.00494
133.93288,-26.64467
146.59508,-41.74969
149.47264,14.92538
153.67419,-44.85438
158.06918,-5.03902
159.52676,44.84465
167.60229,4.8301
179.45934,-12.8385
195.0737,27.95528
202.49959,0.3051
218.44513,40.0809
233.81851,30.86411
272.35907,38.79441
314.99338,-49.03702
353.86447,-16.70509
15.4697,30.14582
39.13174,7.30951
43.07747,-1.29619
47.22824,41.46693
55.51631,15.98838
61.39643,41.82643
73.57689,-18.92973
80.9958,21.48142
84.93413,52.60215
102.25895,-71.68979
154.78136,-26.98461
175.02849,58.61312
178.42761,-15.41057
179.19354,-38.19244
180.27917,-24.56802
212.0647,-20.00545
226.37733,8.52437
250.37486,-0.10872
270.16666,48.22122
292.04489,-29.70616
5.70776,6.96432
29.27823,32.78862
58.7701,27.60873
76.14617,-55.52502
163.07423,61.37971
164.56783,8.24162
167.8886,-41.26933
173.41902,-44.83363
184.77698,5.72593
197.90314,31.50812
294.09964,-64.58341
329.25952,-28.61825
6.46866,-9.6618
39.08305,-54.86417
47.21209,41.81164
55.56732,-4.73075
103.26081,-70.2923
144.4381,43.10065
175.57611,-28.75985
204.60875,-0.22756
212.8219,-25.03638
242.82179,14.25872
243.41405,-60.99879
288.53751,-27.65119
294.07797,37.80198
353.94226,-2.88092
33.01863,15.589
71.28161,-41.57875
72.61147,-61.34548
74.92239,-11.27151
94.26266,-10.77558
125.73357,-0.36986
217.9131,-21.15523
241.38799,17.6014
272.70547,21.23863
287.38962,-33.35457
299.7103,40.87838
301.7121,71.95248
316.71432,-44.82603
320.47885,-55.92683
327.69482,14.1102
7.16464,-11.6407
34.79091,-53.37041
52.12613,36.68357
64.78962,39.45751
109.36797,34.07772
140.27652,70.69833
165.04742,45.73779
193.7395,-44.41573
199.02301,-37.33291
213.4325,29.42902
214.02087,-35.06481
282.47702,-20.52225
298.29062,-13.15955
317.70291,-37.13417
319.23785,-28.32635
322.21326,31.83716
328.31659,15.61538
338.86191,-70.28189
21.88923,-4.68294
32.92285,-9.30457
40.59435,-30.3221
43.98091,41.58237
51.28903,42.40184
67.49852,-26.83714
67.7631,-12.97398
72.0135,-25.23025
105.70078,37.12119
138.65305,-19.55119
140.13809,-64.61948
140.95074,-42.09219
196.40219,-43.50053
206.21333,32.52597
208.01295,9.53125
245.35719,14.53156
250.44611,39.98437
253.24565,-59.69503
297.94861,-35.65535
322.01202,-42.66079
15.29739,30.13075
42.20699,40.67937
53.74547,-15.65599
74.88965,-17.45763
124.02205,58.00552
150.82202,-38.83506
168.31635,3.65736
190.04315,-57.81218
197.33992,-37.17422
206.63426,20.84754
211.82091,-26.55032
213.39963,-43.51738
221.63904,33.40862
243.79118,-60.89114
279.38959,20.02379
309.1134,-52.28449
357.77597,1.05662
15.5427,32.45181
21.34223,14.83879
28.42604,29.93316
41.7277,23.59559
47.21339,27.21699
51.55107,42.64333
77.55791,-29.40363
100.27245,50.15521
107.0042,31.66327
121.81906,14.95091
140.08502,64.10277
159.20584,-18.10637
161.03557,70.40536
181.48839,-12.66394
189.62535,-42.86447
203.8082,-35.38655
272.91006,1.52772
302.20245,-25.00433
323.42798,-74.11201
357.46338,-27.95107
13.75522,-3.08035
28.34191,19.95382
78.77689,-53.73723
109.16208,33.98788
124.24244,-9.82143
133.66963,20.58352
200.21571,-35.9539
202.46626,-68.451
203.73845,34.04403
203.90733,7.54518
224.67224,7.985
241.3494,14.64772
252.40063,-4.11714
267.69672,62.8808
322.41183,6.68257
349.83221,-28.94283
7.38824,-9.08078
21.95333,48.81933
33.037,-51.60014
36.40815,-85.54988
76.5863,-19.46666
118.46709,-59.72306
159.88292,5.10745
223.58083,38.80824
243.20804,11.15985
250.21776,-6.3146
307.41977,-10.10874
318.04382,-1.47526
320.50821,8.54661
346.54111,7.98769
349.85452,5.90612
10.36205,-21.04797
17.12472,39.69545
42.84182,47.20078
48.60282,-1.91488
61.85581,43.69241
69.2012,-13.2583
141.84796,30.44069
151.75388,-43.05764
168.30426,-67.53424
175.97627,10.78481
217.40573,-52.35031
238.51807,-9.89376
249.53764,39.91777
274.13766,-52.91357
317.70953,5.07136
321.52615,30.4934
343.20529,1.20112
347.51956,30.22433
17.6156,-46.07425
23.23714,-16.536
61.61853,31.28279
126.61018,-27.36048
186.47554,7.55487
200.16693,-17.64892
224.79756,13.42199
234.11568,22.50041
246.83301,1.92085
257.28412,9.39945
257.93372,42.69519
269.31812,64.93808
300.51291,-37.58159
329.00906,-2.90019
333.53522,36.85441
349.55798,10.2983
351.13092,-19.0591
21.77113,-35.6067
23.14661,49.40476
26.8323,-61.18887
43.24533,41.53453
49.63946,-2.73084
55.39654,13.55068
85.91551,68.94521
89.78423,-45.39795
126.87872,54.90476
182.88284,29.08932
201.87814,20.88096
203.54254,4.86843
219.02812,-54.4144
244.12788,35.70807
257.95743,57.58952
312.17957,25.28177
317.81161,-48.50447
321.55609,-73.31007
333.72992,-27.93363
337.07361,-22.4375
341.09109,25.11117
353.95541,16.368
14.21838,-31.96299
85.14699,46.20631
103.42533,21.47326
148.55626,-14.11913
176.58559,-44.16811
181.37234,20.24681
197.59904,-1.01045
216.85104,37.47143
313.98022,54.74674
337.18173,36.49886
343.77606,32.18468
18.07124,-6.148
41.03341,-9.45236
63.79808,-0.8481
84.62961,-64.49107
86.04192,16.88918
151.54601,86.29509
180.01324,8.18165
214.09955,39.50231
217.09737,33.25365
240.17853,48.55784
247.62012,39.62592
330.94934,-32.285
346.95395,0.94053
358.44724,-40.02554
39.46016,-11.50725
67.22365,-9.30817
69.12633,73.4271
190.56912,-5.79067
204.00586,6.58539
244.18156,0.24658
309.48035,-6.30009
316.41824,9.23428
329.29956,30.73026
7.94059,-5.15264
23.83976,-32.77644
48.57037,16.52736
51.97464,-52.6758
68.69466,-13.48463
80.54398,-3.87636
94.42307,66.60093
96.97109,35.51708
103.80923,40.96072
104.75835,45.44431
119.98811,35.81438
139.43938,19.90664
165.34816,57.67751
190.0667,-9.29909
199.11568,31.03148
206.59827,-24.0856
209.05627,-26.15917
217.33495,79.24131
230.32402,-46.30188
286.27643,-51.22977
341.84964,40.86635
11.31394,55.58296
24.17236,-62.42603
31.14584,-55.11934
41.98489,41.24646
43.56266,-8.48006
50.21165,15.94317
56.82617,46.85681
145.60036,-30.73615
160.99557,-40.11908
161.23511,-16.08792
189.09152,-3.92169
194.84727,27.91161
258.81879,-20.08327
289.11871,-19.5921
310.55713,11.56588
337.64468,-17.57378
10.72711,23.50305
31.27316,-55.11187
33.40948,-39.7416
38.09452,42.19871
64.69868,3.22787
144.94177,-11.34568
148.0495,-20.80696
179.90115,21.24755
204.10912,7.36967
206.01984,3.90566
214.81906,26.2986
230.31352,-20.34069
262.53491,35.36646
345.39532,-7.97523
56.26485,-35.97261
104.38728,-75.92726
110.90186,-52.63628
115.85938,-61.77181
129.75288,40.34609
168.88449,-14.17109
180.74084,4.84584
183.7688,14.02899
214.79028,-19.47791
218.82669,35.11879
47.7597,-2.42774
49.93562,41.27809
88.2012,-10.34205
109.89854,-32.02984
152.41602,-41.19801
152.78604,-82.63099
174.1183,19.81147
194.6747,-32.12157
259.77725,36.06088
270.70496,10.88214
278.98785,38.13503
289.19214,-61.61451
339.47202,25.33857
1.39293,53.63132
32.14321,29.23403
32.60374,-22.05482
38.15918,31.56428
43.69915,41.31443
66.49968,70.16219
108.79773,45.73957
140.71046,-38.69543
157.74049,72.80916
170.54904,-47.01442
183.79573,34.61196
217.32129,20.65458
316.73657,-48.8634
323.75681,-20.2621
349.26434,71.89815
5.28423,27.21343
13.72705,-32.03171
20.63377,-2.40985
41.273,-15.5878
48.44334,41.96308
49.94921,41.59637
119.14538,63.60876
122.19093,18.19418
149.16422,-13.7749
152.41771,-39.83929
175.57985,-8.62233
182.76691,0.9724
206.34073,-30.0177
210.39539,38.68605
227.67081,55.34985
247.76758,5.15893
266.56329,-55.18416
269.23596,24.01724
275.74036,-76.69588
282.42426,-20.97948
356.81107,-27.95783
41.11253,49.55083
72.49019,82.65058
75.57512,-20.00113
77.34717,52.31197
99.95589,74.33329
123.64809,55.1444
125.92449,62.27265
177.89536,27.63966
179.43378,32.29416
206.22932,-37.59153
212.90773,-1.15872
230.1866,-36.16728
246.85374,21.61148
311.07919,-34.38244
17.76472,17.65203
21.46017,18.18435
51.98021,39.99714
66.82847,-18.73237
67.7696,-3.41141
98.00877,33.11061
101.88393,84.05139
110.55689,56.49613
156.78244,11.01071
168.28226,-69.26171
181.14174,1.80157
182.3871,17.01423
201.58847,-12.21768
260.96182,30.7096
276.85687,-51.54188
338.41214,51.17951
350.63733,-29.28069
17.78584,8.77536
49.02177,-55.91619
78.97129,-22.73966
93.14512,-43.0347
101.60507,-65.64066
118.03262,27.48396
161.20412,38.18119
166.33052,-3.97611
187.1313,53.59598
191.78819,71.17614
199.57747,6.33534
203.78687,6.4811
225.52237,-51.38145
246.40868,16.45502
251.73643,34.15551
279.20972,19.8506
299.41229,-33.82463
337.48315,36.2613
7.27969,31.00278
34.6873,-11.48771
40.65362,32.7218
73.02065,-32.99045
74.55154,3.98562
103.9884,-36.93809
117.02811,18.57443
136.87842,18.43487
139.00742,17.82072
150.23796,-25.43288
157.38586,-39.84045
205.56258,1.85747
205.84096,-25.93232
236.11508,41.12064
237.23271,8.84564
256.34586,-19.76204
271.43994,-57.45348
284.18311,25.23721
330.17233,10.55224
19.81507,56.17231
40.73252,-54.5764
80.20169,3.26026
181.78986,16.99557
183.5921,-56.54255
188.69138,-42.53349
195.21486,28.04284
200.96936,-57.38888
205.7314,29.8686
212.47765,15.17675
260.11731,-0.97968
265.4946,-3.56726
344.6153,18.91877
21.30339,-38.06908
26.47849,-29.0384
31.50842,45.19342
37.35928,20.21726
75.7924,-20.27244
86.20366,16.77393
136.81401,37.50485
163.67928,46.5541
178.79712,6.16891
188.07257,47.33714
197.36272,-7.31257
200.86676,-24.05813
204.37912,38.62149
204.67969,31.27061
216.30394,-52.71911
216.9924,26.50456
224.76221,41.44685
260.1452,-1.31461
289.26599,-1.70415
294.84842,2.01004
325.97281,-8.1253
348.56799,30.55147
353.36996,-1.98368
9.43283,25.6402
10.76935,23.50912
30.09738,24.58055
48.36972,41.07513
58.78863,-17.46935
77.98931,10.81957
95.24634,-72.9338
112.45652,-34.69048
112.60015,-61.78994
131.99605,31.78565
172.37045,24.0935
186.04613,31.52164
197.99699,20.79356
207.74886,21.54073
208.30484,37.88311
209.76237,-19.05856
238.37038,41.58047
241.13219,14.81919
352.10306,-2.80029
19.74254,16.32553
37.85916,-17.65366
62.24965,-48.72699
102.39089,44.43126
104.41525,39.08728
104.50993,44.15364
108.48369,23.23931
147.91666,65.49109
157.58727,15.19214
173.21783,5.72725
191.86827,27.45788
197.11366,28.32055
206.59991,-37.97103
222.29807,38.41368
229.17424,7.39696
255.86147,-4.28204
268.14709,29.8181
288.30536,45.32144
319.27655,-23.1215
324.3674,-47.03583
324.71506,-22.21887
352.15292,-69.12198
28.64762,48.00145
32.98048,22.59202
37.08379,-31.88104
44.3736,10.45728
45.97046,0.41529
63.40508,27.5832
100.56317,34.43313
151.31523,72.20051
185.10118,5.57279
207.68082,39.70681
212.92705,-30.23247
235.2225,9.74993
236.72098,-3.55805
250.31346,51.18428
270.73782,29.3107
304.38113,72.12377
319.24741,-59.33295
325.65247,-52.69954
39.78113,51.891
53.5913,40.9193
109.25644,-35.79064
112.12175,-36.55937
169.00398,-33.96802
193.94299,-49.2745
204.02312,-33.01075
226.79987,20.47961
235.47581,28.13405
258.08627,-23.30882
290.92697,-28.94083
298.03568,-55.0626
299.76794,50.79073
347.82208,-32.45185
9.53624,-55.6455
19.02922,-6.72256
40.95459,14.88955
48.01035,-0.07848
74.63867,-0.55322
96.7145,52.4506
108.68034,-36.80606
156.09464,41.70699
162.04218,-65.32452
163.10825,10.54735
179.69017,27.45237
198.13676,11.72896
199.65889,-25.08589
202.43636,-21.18232
202.54843,-21.01159
227.27147,-50.69028
236.13399,-15.41909
14.74608,52.6488
42.39964,-30.57802
70.07103,-16.04262
97.56332,28.40672
115.32539,34.23221
160.1609,-46.31675
184.07387,-26.65762
253.34116,-20.72058
275.5643,48.11091
292.04089,52.89492
305.19037,-24.12826
319.06345,30.02143
350.43018,-26.29158
0.85217,-49.79181
37.76772,-19.33336
83.98068,22.70221
166.69354,28.71952
171.89084,36.06083
185.97278,7.1072
191.23909,-0.04316
211.48709,-15.29868
214.019,-48.12731
236.11214,47.00673
242.80421,26.87203
255.25134,39.56609
265.22849,38.7322
285.78119,-68.58835
307.69781,-44.38238
330.43134,-1.96055
346.95361,22.71027
51.4857,-4.33296
68.31114,76.56696
81.39699,-31.60148
154.03694,65.91692
182.50987,38.74004
199.61906,31.7772
210.55769,-33.16942
215.8053,-50.29732
243.51195,-60.49467
247.45142,67.37832
277.41528,23.06859
287.37048,52.89408
300.67401,8.87461
311.31085,-5.4843
336.3259,39.48979
339.841,35.96385
340.07114,8.05374
347.96021,77.5791
350.34485,52.08096
60.73112,21.48384
126.61581,-13.29285
132.24854,41.00317
134.02516,68.25687
149.85155,-24.97112
166.78838,-18.0237
203.02609,-28.15682
231.24803,13.44508
304.90387,-22.12323
343.01736,-34.43631
352.02008,18.53144
355.44302,-1.35163
38.11786,41.94427
101.02868,-46.46131
126.9638,63.27791
173.14294,-33.76601
195.27502,-14.32619
207.61511,-48.2774
211.51935,-34.31018
214.80077,-5.52607
237.23798,7.22229
283.75082,-22.45687
307.53326,-32.21062
318.88773,-46.77936
326.3302,46.44466
354.68176,27.21544
10.99876,-76.59087
41.83429,48.86304
67.66737,28.76649
74.69502,-0.88437
87.00314,-13.15096
126.79897,-50.80875
134.95145,55.7064
142.28432,-2.5492
145.44522,11.48221
165.07957,10.04741
195.12357,70.1987
223.48779,-70.26557
249.6568,49.13702
304.04065,-49.31323
309.89346,-28.48883
330.42227,-2.09833
334.49631,-48.47663
352.09656,32.36238
44.09546,37.00751
49.65928,37.60806
50.15888,43.07915
59.99868,40.39502
62.80692,-62.71452
89.718,-23.33959
116.09223,-57.75924
157.15054,-33.51192
194.10527,52.2959
194.52312,28.2426
197.79698,43.72646
212.56346,48.54609
259.17715,8.19276
260.92532,-73.83033
300.61743,49.56684
307.53528,-15.22778
308.58966,-26.56263
336.664,-24.87162
344.6312,46.52173
354.81158,-4.53938
15.01719,-11.08264
18.21578,-61.66431
138.00211,-26.82791
160.61441,2.7612
181.59505,-44.44848
206.129,-24.34439
246.45808,16.57619
256.9397,-25.06081
315.1875,13.32628
332.55954,38.39182
339.98404,11.02755
354.86267,-47.77477
22.80115,-1.48847
41.38469,42.15777
49.70712,-13.06245
58.06695,39.73339
182.22952,41.74091
210.33981,-33.06378
217.20621,26.0322
220.79921,18.87997
233.45389,21.13619
252.36778,45.46122
258.47461,-60.8104
293.57437,-79.05925
301.96167,59.63618
350.83972,20.56707
22.95374,18.5972
23.12021,19.63576
43.99336,-45.56578
51.35572,-6.1439
123.18542,16.88822
161.34325,55.96042
163.30457,16.23503
194.29167,78.61617
215.69455,37.99517
298.82816,-54.99305
317.46823,-45.5276
337.15848,16.93406
27.00963,-56.00294
29.77785,36.06299
39.21452,36.11262
50.08577,-54.2735
54.24889,-15.88142
75.43841,-15.44875
85.57851,-26.09785
116.70032,-67.31483
133.23587,42.41506
145.71506,-65.49003
197.34657,6.99633
243.8782,64.22509
260.04712,23.84102
280.21979,-62.89623
12.25877,28.21805
30.09905,21.10825
92.28317,-27.50916
94.49653,-1.63218
107.38543,28.66081
109.05789,32.93725
122.31622,-0.36663
134.34465,-9.79673
154.45515,-68.54015
161.4455,37.21139
168.0719,-28.00233
194.57822,13.39144
223.51172,73.13168
225.33842,-39.74915
234.0488,-5.39787
256.19995,-6.25464
297.66315,-28.26199
299.9324,14.76544
303.81006,9.12258
320.76773,15.39432
8.06267,53.39652
25.14886,-33.62132
42.92726,-42.75066
43.09303,-31.81729
102.22518,66.26136
120.05367,60.28852
140.86278,22.32624
154.72704,16.15543
214.7285,5.45153
225.0202,-16.09354
232.66032,-47.63041
241.93982,-59.92476
246.76237,16.38221
261.1142,-73.67704
278.2915,66.95905
4.2905,-3.71365
26.35607,-3.82712
31.44307,-32.67645
39.65417,32.06971
61.94025,-29.85858
110.70615,53.95534
139.77446,-6.70416
158.53616,-34.63374
178.35165,-53.61485
178.66267,-40.93232
184.74576,-20.08085
196.384,53.68523
199.823,-15.15701
203.9583,34.99885
332.84009,-70.15157
337.89072,34.71256
349.7746,-42.11348
18.18496,8.72085
23.51014,-1.0758
35.69936,11.63833
36.69305,41.8345
57.88054,1.18982
130.03952,52.45599
139.79489,20.24293
139.90811,27.45774
143.31197,-37.86632
160.76227,-36.36238
172.88368,-2.30926
185.0526,58.09296
208.42834,0.06088
208.5508,-4.84698
211.3438,-29.1411
216.09695,-80.46591
250.02699,37.19127
256.68103,-4.93309
269.90079,-46.64774
294.30521,2.75237
305.60568,10.22653
316.48492,-14.34334
329.36554,-28.73692
335.6752,-32.19934
346.75998,-42.73002
19.98866,21.3808
43.79483,9.33685
81.20998,-48.45456
173.7012,46.98987
176.37471,19.44467
183.20691,65.81506
199.75798,-47.03421
207.31772,-29.90182
212.73854,25.49725
217.42509,-3.87296
217.49487,-26.81017
218.89127,36.81849
225.68069,17.25253
230.89685,9.34619
236.41383,-17.03099
246.66603,40.47818
18.24813,15.49125
40.30855,45.84738
65.32174,-9.94586
89.65656,8.39109
91.14211,-12.62334
139.92255,33.73804
150.2233,-2.97197
152.11928,0.36793
173.94981,-49.02903
175.8447,16.48551
190.35011,-12.61429
215.19212,21.93571
217.2943,2.28705
224.70882,-19.05993
247.19662,21.49363
266.82663,45.70795
303.01797,-31.52279
343.51746,32.37341
21.79041,-22.72467
41.18054,16.7293
46.72942,41.50933
53.69566,41.32711
103.75011,-36.02238
115.35423,18.72926
163.04733,66.78827
181.13142,-17.4875
184.4456,10.8447
221.09494,-22.86943
264.23325,-10.43036
345.60397,6.92841
66.10295,59.30011
87.72685,-14.77995
102.99152,16.29464
135.04518,-68.04514
142.77225,-42.23967
198.35493,-39.81967
210.81865,-31.34811
216.83487,1.02592
221.75874,13.66832
235.14693,28.36059
240.5533,15.90756
241.68256,-18.21326
242.31535,25.71251
300.26132,-17.05246
315.38217,-46.03752
328.05566,36.09885
357.97668,-27.92984
4.14831,-48.26599
4.95311,23.77261
21.87418,-13.74093
22.34237,-73.92786
37.45809,23.10858
38.90542,37.63889
86.73104,-25.63556
87.91676,-31.52307
117.22212,28.90165
162.04961,4.99856
170.23305,19.63183
170.43176,46.20982
186.85001,-56.46958
219.5425,9.33601
226.95433,3.98413
234.7256,17.02622
267.3764,20.76378
305.66226,9.58507
314.04779,-18.30976
318.42926,-63.3365
318.80737,17.17304
325.66757,28.94659
338.94882,-74.61432
1.5637,-52.77802
41.95894,45.30579
56.96042,41.39442
63.56077,24.66088
71.30467,-15.11441
71.96645,11.45505
100.77714,-64.25843
102.47236,-38.08418
144.53426,-20.33069
149.75049,-34.51386
168.48628,12.30256
263.40164,-3.38665
292.20151,-82.68906
303.55219,-44.62316
305.3783,-20.42521
310.18295,10.78477
312.98209,-30.89718
334.81055,-57.08461
32.35437,30.73969
44.40619,16.06795
49.99611,41.47953
70.04858,-13.22818
76.7123,-20.3452
82.98338,16.89159
121.77991,36.23341
159.14461,-28.21455
177.89426,15.4753
189.15836,24.42864
194.8922,-21.09664
207.83858,-37.62864
225.56168,68.26181
237.06172,-78.17885
243.81657,-61.13286
287.84021,-50.62608
338.91998,1.48487
352.00851,36.23421
14.32922,-30.93743
24.22169,12.16059
36.27892,-54.77864
38.05933,9.72019
145.98711,42.67246
156.53944,-20.57081
179.57964,-39.55017
208.11121,14.49087
241.72339,3.79352
260.65961,30.87005
280.79938,-61.56709
317.03122,65.73898
341.53903,38.05289
344.90628,24.84767
30.81186,19.72484
34.61349,38.02345
35.02545,-19.75072
58.19848,-47.47752
72.81805,69.18201
80.22084,3.25081
86.60249,63.3591
117.26385,63.06853
137.84372,-12.97624
151.44595,2.24665
158.97343,-28.29085
180.42107,4.76972
181.94862,67.3838
184.9632,-6.85622
200.76239,-41.56639
205.91725,3.89638
209.6033,6.07129
218.18146,-48.95543
226.5696,-43.42464
295.09714,-55.19693
298.22992,-17.87197
299.70819,-57.83304
334.04956,37.47454
21.45828,-1.2928
43.5495,51.86798
46.24094,-12.07044
49.84326,41.42941
96.55171,-63.75434
100.23991,-48.33404
207.02487,61.82663
217.76419,-29.66468
237.0556,-24.88601
254.36177,-10.19118
265.6575,-87.03007
309.14386,-57.62308
311.5152,-51.61605
318.30344,6.73418
319.49579,-22.83559
330.56549,-41.09005
353.35342,21.13005
26.99975,-52.04971
50.39769,-16.72219
131.68843,6.96003
159.78972,41.68687
181.68515,17.71534
186.94759,-53.24575
238.22023,40.64674
240.07869,-62.43488
241.28751,17.72993
306.94025,-52.38437
317.09836,-37.94766
345.76093,-69.20972
0.05404,46.96514
13.82855,-1.27714
23.70901,21.41844
27.52425,47.89017
40.52203,75.5311
77.77002,-13.29187
120.56248,9.39442
139.18279,18.95463
158.60063,-46.55969
163.12962,7.22488
164.0668,42.3331
194.38751,-72.02188
206.0076,-38.45464
240.3707,19.35988
308.65051,12.94643
311.90097,-38.14223
312.95929,-25.22344
346.93106,-48.74876
3.93184,29.66679
55.17466,-55.21359
71.51961,-22.3647
88.05052,-14.11004
106.32761,42.21281
127.34003,-16.8839
160.22871,5.99183
179.64011,-2.13566
181.44749,-38.854
197.59898,-21.68414
213.82487,-2.44473
220.15562,31.37479
222.88763,-36.43242
256.47171,-63.45691
265.8349,-1.68385
271.10522,-69.87771
280.02921,40.1376
312.02048,-53.2394
321.5889,-39.88783
346.01843,20.06724
346.43875,8.03656
40.56557,18.2172
69.65744,-61.8527
74.34009,24.04352
87.77314,-36.01678
104.69215,59.77761
162.58995,41.46402
214.02405,-30.28068
236.83379,-28.76531
243.43759,-63.40818
259.15387,-73.1472
264.69107,59.37313
333.19989,-38.40279
2.1592,-0.73518
13.49506,40.41362
27.78294,-9.79205
29.6706,0.52923
29.96768,-7.08696
37.39559,22.94313
49.33341,-33.69005
66.77563,10.35178
71.45188,-2.08389
134.4745,-53.8759
145.75911,37.82313
174.87892,55.15905
189.65556,10.47617
191.08052,-7.19992
194.99733,-45.60158
214.47168,7.55872
241.94614,-59.67696
297.35464,-10.64165
297.68317,46.805
312.32492,11.30288
324.99631,78.44967
21.81736,-1.272
28.68398,18.04711
47.11785,42.8797
59.16403,-59.39476
61.88228,17.09205
95.5069,-64.79501
161.1013,-40.64152
162.07913,0.84081
185.29065,28.16501
194.24113,-22.83184
209.47031,-32.88086
230.37743,-20.52389
239.84972,21.60353
242.56348,-72.83405
267.66739,17.53787
289.15115,-60.08869
316.53723,-15.79831
323.48248,-11.59616
8.80467,-37.55799
21.19884,1.60758
43.82251,16.1622
47.36257,36.02296
98.40117,-7.38887
119.51828,10.31303
143.51381,-5.20644
166.06104,57.40256
174.73991,-17.96956
175.87238,-1.66809
190.73863,-1.2294
193.80632,-8.11976
207.53996,-31.02876
211.26746,16.58209
280.11508,23.80541
301.03867,7.14557
337.48077,-8.27932
30.2471,-5.50917
54.03997,-83.03568
58.44274,19.97391
61.46196,30.72069
83.14842,15.38087
108.01919,50.59249
132.9774,-26.71015
143.50395,33.99071
147.78471,15.73042
159.53557,-2.64017
161.67706,25.93164
174.4429,72.76067
185.01541,5.34137
196.12575,-32.25142
235.00267,-34.86589
235.38681,59.75531
237.84033,43.41766
258.85187,57.32257
284.28232,-78.47256
313.1897,-52.16443
321.76175,-22.99209
329.56345,-24.88846
330.76389,-22.51675
349.81387,8.35015
1.21544,-54.4873
43.86048,-14.06679
47.40382,18.50064
70.5326,20.0502
77.07617,-19.8333
98.8925,-15.96776
100.34472,53.74624
133.39394,-26.0323
158.89346,-6.17961
161.68604,-25.24443
162.08035,50.02306
162.10349,34.71129
162.68904,76.93714
172.06187,9.14716
178.58366,16.24163
181.71617,-31.94976
194.3013,-32.51681
201.78955,-11.78841
207.48709,71.16455
239.70926,81.6935
250.25761,-61.64758
290.0069,45.44802
294.95895,-3.54777
324.89255,-50.69108
341.85443,31.37354
11.86691,50.88361
12.19365,56.15763
21.89528,31.55473
57.53164,17.68451
97.98107,35.5525
123.91107,58.29689
152.75323,-67.14445
165.49577,45.22797
165.50751,-40.60025
165.63016,-6.87031
168.06949,57.0759
210.57494,-38.83899
240.94464,-22.73573
255.99223,-7.16645
285.74878,-56.15973
307.10559,-33.07458
314.53622,-51.78587
351.70001,25.68597
3.37122,-6.79564
14.75364,23.85286
72.1737,19.32458
87.2341,-69.21125
119.40824,-58.99063
146.72237,54.44597
160.52347,18.24938
161.59058,-2.28709
193.83803,-13.22339
256.65219,24.77494
256.67352,35.8695
264.71933,74.83808
264.8797,48.35467
286.6987,-32.0159
322.77573,70.57793
343.13623,11.66195
11.95142,-9.37872
35.24644,-44.15717
36.42817,41.77736
49.43218,-57.44655
60.87659,61.50045
61.32542,14.47163
86.00844,9.72343
109.21661,-39.28364
115.80033,64.26499
159.95482,-45.1182
171.6647,-76.1439
198.43553,6.99202
201.49146,-12.15805
211.91408,14.86453
231.70081,48.61489
237.40448,-40.32641
257.89896,-24.23205
258.57996,45.74916
267.76151,-74.03239
270.64151,-63.31695
273.58481,-34.73315
283.84058,72.77143
312.96405,-13.71142
315.4071,-28.03176
333.02695,37.33405
3.44911,-4.4751
41.77822,-2.97259
54.39226,-51.18919
72.59216,63.225
145.59734,36.34975
166.0188,45.26234
187.01524,54.19599
195.43073,29.04469
195.59535,-56.29277
243.23679,-0.09623
253.85214,-7.2571
277.68359,-45.87082
341.311,-22.73061
347.8985,7.74276
33.49924,41.87679
110.17173,-1.70396
121.42327,-9.8168
139.46167,-0.27834
192.1003,26.85789
210.94736,9.52364
250.60631,-68.90142
258.41724,40.96309
272.91245,21.56904
280.76117,-62.97147
299.29755,4.589
334.12894,-38.27696
337.79221,-2.42059
14.83243,-18.23466
29.55664,21.35053
41.105,32.35001
47.00412,5.96655
67.95814,-5.09442
69.5175,-2.04908
77.20932,-0.58701
110.69848,18.92754
122.17036,-18.69408
138.05334,-37.89058
138.74313,51.36095
138.93576,42.26626
177.80597,52.00087
178.1367,-32.83311
202.06215,-27.97673
208.61192,21.83007
226.85825,7.11664
234.66031,36.95833
242.08774,57.94259
252.54558,45.42064
256.75009,-62.08451
279.67636,37.04789
306.18167,-41.5121
339.33823,-24.24539
353.89914,-26.67508
37.91692,39.37837
45.46395,-10.6206
66.05734,30.91566
66.30814,-74.58199
117.65773,22.99116
129.04962,50.41929
130.54883,52.77311
132.10196,73.67123
142.89259,67.62483
146.25137,29.45226
147.47598,-19.18417
167.43553,-7.59258
171.36177,57.72117
200.52475,-57.46674
203.80252,3.65331
207.98897,2.00326
212.90045,-30.40192
221.66615,-65.44918
223.14676,4.54591
257.99451,-24.63345
326.90375,-29.69331
11.13684,8.60241
21.5976,-38.59415
30.1119,25.08259
42.98381,-0.83625
46.60158,52.58198
74.32384,-17.45409
97.21567,-44.66644
107.6083,-23.53878
136.74486,-23.18232
139.21272,45.70076
143.8092,34.73159
149.40494,-43.35738
150.11287,-7.90385
165.2251,-6.69791
206.82404,34.14883
284.12909,-63.38589
4.49589,29.46972
11.58073,51.21745
41.6633,21.58594
47.6074,20.38496
74.63107,-0.57466
121.02302,-71.29836
192.23865,-12.11761
194.29749,29.04501
215.13936,-28.9081
222.21539,-78.33604
266.88712,64.02757
291.3237,-28.89625
4.261,29.94239
15.13542,30.79721
60.46347,40.70403
67.96726,-5.7569
70.80389,-15.70288
78.9521,-23.47526
99.95015,65.45315
117.59612,-50.00296
120.85998,-53.2641
139.6693,13.82953
141.24796,65.46621
157.37035,64.29366
196.91422,6.3359
202.74773,-28.04052
262.49731,60.35021
268.60477,-2.04324
295.39542,3.65172
305.47409,52.40897
313.00159,-52.75504
344.98596,-34.23748
351.92108,23.58895
30.44375,26.5469
67.79697,67.80001
79.68768,-36.63437
89.5452,46.84521
96.95598,83.31038
102.47974,29.52134
156.79248,-3.31888
193.92212,27.25074
195.1777,36.34556
199.09686,-26.56152
204.46074,-36.05019
228.70306,-40.3647
278.75467,-29.21219
323.59348,26.3533
323.62137,-45.00144
324.09894,-64.42554
336.27924,-72.58822
344.86063,15.54838
49.00322,40.88565
68.65714,17.41317
77.85785,24.75509
93.64575,-12.20882
93.77383,-9.77165
120.32264,4.29979
146.64932,-23.58434
153.73546,16.87865
165.04158,35.32254
176.601,-55.03731
194.94716,21.81316
212.827,55.18142
262.58917,59.63989
272.68854,25.20544
274.18777,-37.79057
2.45079,27.83232
13.93693,-50.46407
21.97923,-2.04046
23.39623,-36.5977
32.7846,-0.65478
80.00016,6.68
102.40785,-71.71465
121.10402,29.5066
179.5256,-29.05397
229.72043,-44.46873
233.32283,82.22936
238.97272,11.97878
242.29089,-4.59294
264.05032,69.98894
268.06354,-60.74348
300.75632,-17.23209
307.69791,-44.40412
324.63925,32.08498
329.92654,44.35821
339.25391,19.1462
347.23825,12.04804
353.72076,-65.39603
18.47282,-32.21636
41.47861,-5.64045
44.05433,-28.04208
51.6181,-21.35563
70.88889,-54.15767
71.92032,-10.23796
125.83502,-65.2133
141.25325,64.56042
145.24849,21.1927
193.23235,-32.10846
197.1732,-34.57518
204.66411,79.45885
217.59537,59.46973
268.02448,21.56914
285.57358,-56.9312
292.1792,56.68731
297.83585,-2.26179
307.71811,4.76188
315.24863,-38.57599
317.45752,-8.84834
355.98944,45.41573
356.5946,-28.00601
14.68309,11.808
28.81599,10.01366
44.74088,13.58281
95.85927,64.57452
108.81499,-29.28148
126.60868,-13.30616
153.31752,65.51819
162.7626,65.78155
223.54062,85.00812
231.64636,-38.44914
237.67294,-3.8883
262.20392,58.85092
265.3511,7.45494
308.92197,-0.00577
314.2197,-16.5858
345.79285,23.29478
355.82101,-72.57079
0.65804,16.64377
10.01766,-56.18049
67.96233,-7.23836
76.2346,-12.28403
90.40049,-20.34166
92.18336,-10.67911
103.01045,27.46098
109.25243,42.65946
117.80569,50.19331
126.0522,-2.08204
158.19069,58.86045
172.18886,22.92872
221.61537,11.50736
251.64763,-31.58933
254.37138,27.84434
312.349,5.99558
317.40109,15.12496
350.12119,-1.00243
9.88899,6.81508
39.48032,2.07977
40.32427,-9.93263
80.83923,-2.79326
87.48783,50.39056
118.84599,26.74604
154.26627,-38.4621
186.49509,15.67149
187.74797,-32.38754
193.65083,62.22908
201.97896,-31.53854
205.11336,4.77377
205.89621,18.05661
229.71378,6.43588
237.49731,-39.91201
309.8266,-71.18488
14.39547,-1.39104
14.60055,48.66188
63.22999,-15.39336
76.63058,-68.27805
107.00535,15.17841
128.88033,-1.90091
156.79739,71.41788
167.28683,28.67252
176.64351,19.11009
192.79144,-22.53752
204.54147,60.27305
231.81255,77.15693
255.47897,28.41782
284.45334,-69.79869
326.43793,-74.83015
335.92676,-26.61268
344.99817,17.8932
347.49683,51.43488
348.79343,28.95053
6.8681,-32.64606
35.22268,0.55676
68.75389,59.66165
87.08269,41.74647
87.15755,-64.43296
143.65056,-31.43076
160.42627,-28.77977
172.3485,28.54371
195.38242,27.84748
204.14581,-57.33413
254.31435,46.8746
309.44507,13.08198
310.11057,-40.06387
336.07181,32.44625
357.09702,-28.07485
37.85785,-29.56449
54.46178,4.94881
96.35029,-38.98963
162.00903,14.40792
176.27455,20.43781
191.91806,-26.19991
193.92766,-9.09049
206.81186,-28.3318
209.90396,-32.55218
289.41187,50.65625
293.92596,-57.51922
311.29205,-56.83418
335.51013,35.66255
351.51086,13.20177
1.0541,10.79052
8.86057,-55.52162
15.85015,-10.85493
17.28777,-67.17782
33.9792,33.81023
36.36622,20.39532
43.04757,47.60192
47.48213,16.02867
53.13736,-57.2066
54.7159,40.99052
67.23203,-3.8405
67.87904,-52.03547
71.18142,-44.56353
104.76176,80.00348
131.42325,41.28291
160.65874,23.95178
169.44333,51.47671
170.39693,-78.12746
171.73607,63.42532
179.75972,21.80821
211.53917,2.33116
240.21716,-6.59103
339.04428,-31.72784
51.03403,66.81004
84.44383,-67.77285
118.42108,52.87736
154.61658,-36.19386
169.21341,-23.98987
182.7825,-46.68995
199.36894,20.61231
217.52977,-6.42857
224.08179,-37.47956
308.01288,-44.41691
317.80554,-20.48586
323.79782,-62.07865
349.87701,16.07476
33.11052,-53.82841
42.25154,13.22376
57.73978,-8.51355
69.34691,22.5417
109.19666,3.84777
121.36706,35.94668
133.88171,7.59841
149.77115,17.82144
162.42157,0.36315
215.73071,32.85059
218.93561,-0.01326
236.21346,43.51412
249.22649,36.42347
264.45566,57.11073
275.79883,-53.2783
297.08871,-69.58718
322.27365,-41.77685
328.62903,45.43159
23.71923,12.07762
24.19618,5.83538
50.17,-7.39443
50.38882,13.54868
67.5912,38.82159
152.66794,24.41414
157.97742,-28.62709
164.23868,-50.00074
167.01344,-12.48419
189.57433,13.11002
208.10121,-20.38236
237.06596,26.20658
253.19958,81.6329
261.02734,-59.38217
305.37103,-44.6098
323.53525,-20.47101
336.54559,-31.14525
343.68735,32.21365
41.45498,-23.23376
52.48228,-28.76774
68.01289,-4.45994
69.46128,21.20564
137.71384,2.97707
153.00375,3.35454
155.93497,78.87342
183.13466,12.12374
184.12149,14.01236
190.57922,-5.77536
201.95584,-57.40045
203.34383,54.94906
215.17287,6.90736
216.88495,4.82159
230.53271,13.92822
263.74924,-61.00251
283.59354,37.41949
286.64301,-5.15355
303.19577,56.1436
318.84534,-68.28788
322.37054,-0.21959
337.11014,17.14744
353.01202,23.91301
9.83918,2.45622
19.8685,-51.7799
43.66288,42.16065
47.6231,4.36577
49.73128,-12.74019
67.38419,0.2117
80.74583,3.8618
91.30012,32.02305
117.50005,30.02499
169.47244,-40.59363
199.89218,-14.77284
216.36345,25.52623
240.84398,-33.79874
248.18005,-2.47966
273.70819,-58.69379
355.73425,-3.65043
359.19257,-2.64691
1.85254,46.98876
8.49906,-34.27706
20.28335,1.37335
31.18248,8.54309
38.38407,-20.18223
46.00299,20.56075
92.57865,32.45772
108.24543,27.775
152.18739,9.46034
155.48277,-4.89027
186.67393,-45.69678
190.35727,-57.83432
230.3857,-7.37717
241.92345,38.93075
246.75127,9.05098
258.20657,-23.12239
292.6109,-31.87736
335.63882,-23.51498
5.56297,-14.59301
21.85096,-6.14309
35.82811,-18.83965
52.2812,4.24343
87.95805,-31.74613
118.5766,54.25556
164.69029,25.14091
167.50951,63.64195
170.07416,4.32042
192.08598,-20.29255
197.22581,28.18382
204.22154,17.38695
238.14864,-65.57184
242.48108,43.129
247.66205,35.05645
317.37625,65.78339
354.52087,25.71973
15.30445,30.15339
23.55836,32.0424
36.92092,27.22118
39.39526,-11.02501
41.65424,-42.36705
75.03296,72.31595
103.86899,-65.49695
108.486,-35.02396
138.23427,-4.9017
148.70148,37.68693
163.95898,-48.35479
178.57968,-41.8069
194.78339,-10.91408
203.39473,-31.67231
253.07858,55.90552
280.98166,-52.85303
285.78284,63.84554
290.28891,-58.8106
12.3342,53.24134
39.60156,7.99294
56.2835,18.62569
58.44722,-8.56842
77.88506,17.05618
106.50536,28.29654
112.75282,13.09509
134.61736,-18.78801
136.993,41.709
146.23192,0.06831
157.95074,-36.03176
162.44643,51.89419
263.56775,-62.74002
289.96188,-28.81293
290.06519,-84.79315
296.85254,-10.20591
327.70691,-73.92632
349.79852,8.10932
2.19333,15.81557
14.85182,27.05894
19.53694,11.38178
32.48323,75.33728
35.42102,-27.28146
38.31888,21.49739
47.83041,43.19129
65.21967,36.98481
81.19624,-15.94332
85.88727,-27.65143
104.91769,-63.29804
111.23939,-27.2547
155.52512,21.06512
156.57918,45.57787
164.84822,-50.96193
182.25589,29.2501
185.51706,12.78725
202.30687,11.27592
205.67622,-11.57733
226.2084,-20.32481
246.48849,43.96206
281.59216,40.58207
313.55081,17.77933
12.50379,-14.68239
43.17662,41.32597
53.95923,-1.98425
75.37399,-63.29332
80.67755,-39.06321
84.59749,79.58692
109.67056,-29.59628
118.83123,53.33078
159.23602,-26.19426
193.18364,26.47042
209.99022,-37.86359
242.6438,-11.85877
295.88199,-34.97667
316.99969,-29.83581
321.58771,-43.22108
334.01028,-81.55325
334.45401,-23.89194
42.70432,16.00772
44.20816,15.98435
46.42041,-16.72678
52.55308,8.58472
73.07351,-3.02445
156.65274,16.13762
175.19733,46.54047
196.09625,-30.42435
216.45251,83.29015
220.24707,3.13712
238.59943,-40.59238
281.44168,-62.95811
0.72694,-34.23565
17.86519,-45.93767
49.72237,40.59584
58.23413,40.1128
72.27255,71.52197
90.34423,-64.94573
112.27238,26.91695
116.53506,56.98637
116.59471,57.02878
134.46951,20.12258
140.85135,22.31314
142.37196,-43.68332
159.42766,-28.60405
173.14186,54.92655
209.59561,14.45725
221.3297,-10.96944
222.1832,-43.92729
229.42424,-24.37206
233.27338,-1.62828
249.46906,-64.81345
308.11435,-21.16615
29.22471,-68.3812
44.7446,41.28856
70.45107,-1.30184
72.0948,0.22422
90.17833,-39.42714
115.4593,-2.68699
120.28329,-5.57725
196.72899,28.54796
212.44516,11.58486
220.37094,9.43099
229.22461,6.93944
233.01906,-21.31869
244.48875,-60.92303
248.00192,-29.55466
261.59149,35.2695
269.09473,12.60022
304.42825,-70.9151
312.56241,-19.42592
316.86078,18.05322
323.83664,-37.69153
333.60025,-76.05894
349.45679,34.39742
7.12407,2.64861
16.8409,14.27333
30.56607,9.96859
57.85215,-15.40224
93.14135,-45.07521
159.14731,-7.11282
167.99019,-16.93044
175.87433,-16.79648
224.70589,-26.14806
243.88586,-62.08941
248.95244,-10.9054
254.94704,-73.05804
256.70825,-5.4128
257.64563,39.92488
268.64801,32.57145
301.58966,-48.08141
331.40561,44.83777
72.7197,-47.76829
77.93335,-3.01872
78.35563,24.71394
146.58481,3.04556
168.74841,3.6021
206.07825,-39.1891
224.06749,20.52242
237.57817,-60.96197
254.92633,-10.77107
255.81364,60.33788
296.16226,-27.97899
316.2532,-51.94833
344.96484,26.03319
33.19178,36.30344
44.16671,9.42262
54.22851,-7.62468
75.17081,-49.74682
77.43418,19.80018
95.89975,-64.5782
107.6629,39.7243
122.33501,57.83424
156.87378,1.25467
159.33289,-3.35772
173.56064,49.04316
183.99062,3.30591
188.87651,-2.32707
193.40024,-26.29423
206.10403,20.37298
251.90187,-1.41932
345.71692,8.69319
17.22882,-45.30468
39.50908,-33.70442
45.91383,1.94786
53.88804,-32.4649
59.55473,-35.44637
65.95953,57.67845
108.64024,-25.6348
184.20436,-51.3689
187.39986,-18.38712
187.54306,10.77948
188.45168,-35.11477
193.71611,3.88486
199.82613,-55.83884
201.93954,-31.79742
241.36116,-1.93859
245.44518,-61.4254
267.35455,8.18258
267.96976,31.46179
288.40726,49.06017
304.92603,-29.84377
18.40377,-45.33527
30.63495,16.01418
40.15807,-8.53334
49.25904,1.25503
94.83781,-25.00072
96.18159,53.27892
150.26367,-19.05799
151.92599,-35.1836
156.06923,-28.73026
198.57391,-26.58273
208.67583,-54.56146
223.98764,-51.11327
244.2182,0.8413
260.56424,30.71112
296.38278,43.14062
317.20752,-39.73428
334.02039,-26.68026
335.76013,35.82086
339.23315,-22.22087
347.38977,15.03306
33.53589,35.71923
59.40876,-19.21664
68.83101,-7.40523
74.94176,-0.15764
108.5857,73.48064
112.51304,5.80452
125.13929,4.5717
133.23787,-25.30243
139.39218,18.95229
140.88123,24.44578
196.74963,-37.4819
208.36058,5.20777
228.08174,-10.27657
237.49968,24.80163
282.00168,-23.09205
290.57208,-77.25443
301.1546,-50.31009
322.72495,-51.42252
15.00117,-68.1273
43.17577,-8.80434
85.90631,-19.11697
94.55432,-48.74951
95.96263,-23.19357
139.22292,17.45756
163.61914,-46.2115
164.56519,-50.77246
201.17165,-57.54922
208.34534,-20.11694
214.56223,-19.97794
219.28972,25.25083
240.49393,47.09665
339.01407,33.9481
6.1612,33.25618
9.08137,53.17794
33.16142,14.3668
53.77431,-15.82916
57.44057,-1.77077
78.72243,5.41281
109.13274,-59.58262
125.17663,54.12665
128.02748,-21.07187
139.99104,33.92738
145.42963,-28.19134
164.51605,-6.26054
204.16965,20.20006
210.01076,59.26527
240.05434,-62.56494
254.6292,6.945
257.08167,42.95783
279.41241,20.19573
293.19467,-64.52367
311.54361,18.93565
317.11255,-5.81992
326.25339,65.89506
327.83496,-1.64957
332.58969,-65.50238
343.979,6.37751
358.80688,21.76218
0.83957,-54.56028
41.34346,-17.53316
59.09958,-53.87801
77.94209,-15.13464
111.54836,48.95567
135.09428,64.91436
191.06116,-16.30938
253.04633,23.8655
264.88654,49.60164
301.88229,-53.14245
305.76242,-31.51426
340.40289,-57.60586
354.28455,-37.71413
8.4889,7.26826
13.97727,-0.92054
87.26098,-72.55531
107.42189,-48.86126
108.56288,45.69884
130.42165,40.65751
140.3036,44.953
163.62657,-4.16918
163.83765,20.76563
168.3996,-14.79385
169.78175,3.2311
200.02887,15.8981
209.45601,9.87331
223.17308,7.93185
228.95049,18.37836
231.93791,28.92883
253.58128,50.47515
270.41647,1.90769
297.71075,55.01154
329.57516,8.42396
0.54387,-43.97774
21.4344,-1.4567
42.46585,34.98795
57.74887,-8.39185
84.27667,-46.6297
113.74181,-36.8785
149.95956,-6.92275
176.00322,20.02929
195.46533,-41.40432
199.4481,-37.66079
210.89536,-34.07376
291.40967,-28.84648
330.23764,-28.36204
332.46927,-37.9185
354.85858,-45.97704
2.95056,-42.26209
6.70304,31.70331
46.15472,42.36284
52.58021,-4.24256
56.07893,39.33055
57.45602,-71.63538
65.45506,36.86758
70.42586,-36.93299
85.49146,-38.45547
85.87917,40.15059
127.60523,70.89108
134.19884,39.38213
137.50755,22.855
184.92979,-53.58604
194.44858,36.37059
196.30888,31.99979
220.59326,22.33281
256.11343,78.64053
259.06906,43.82047
260.66638,30.88125
267.08478,17.94787
279.13522,-62.84827
302.38943,-38.4386
320.71393,-67.65791
335.63596,25.29815
339.34119,34.4818
66.56738,24.80135
71.04134,19.06108
77.28102,7.36105
78.31946,51.33162
163.70143,61.2899
243.8045,11.2974
250.72972,78.39635
254.61082,-61.28204
277.95425,-55.83629
301.92624,-39.12791
37.88916,68.01383
51.27227,40.5586
67.01185,-4.1554
76.66026,-72.44917
105.71242,-36.28608
162.8363,32.76634
170.72305,34.34095
173.61426,25.87643
177.72971,30.85082
181.50534,-49.73129
198.63528,30.70573
200.52812,-31.77114
201.59222,-30.58185
202.96404,-20.17346
204.31833,-22.04952
205.85362,30.06952
225.2014,-51.73902
226.53908,25.78272
237.03262,69.45947
239.55573,-62.88722
258.09225,-23.43464
261.8118,-1.50602
301.05222,-26.39025
307.36447,-15.78048
352.47308,32.0852
28.29241,71.18707
57.19375,13.13917
60.19198,17.58311
75.33312,-16.65119
96.99992,74.3017
133.21857,72.92654
146.9592,15.85121
154.22092,60.28489
157.42604,22.36067
173.95828,35.33516
175.04871,17.31233
213.71672,14.12588
213.76302,-29.36038
259.68207,58.13516
260.94711,26.48654
290.71201,-55.77584
291.77771,-29.90572
311.68161,-44.28284
314.3266,-51.86228
315.51248,-28.39837
358.35526,-29.53812
5.72066,-14.53436
18.54562,-31.82724
20.96636,32.65888
30.57859,19.06715
50.16169,-54.296
56.73923,40.44788
70.92619,55.4939
141.77924,-62.56814
155.11075,-6.52639
164.96524,-6.15024
173.37523,22.4559
211.55147,-27.21261
233.45978,-24.32263
244.50237,35.11024
281.89502,70.73358
312.75833,-8.96586
33.29525,-6.34076
35.18611,53.8277
54.58247,41.29274
55.26209,-22.71914
87.98367,-31.20904
95.79782,-23.02795
115.68313,18.32667
119.00252,14.19576
155.88568,52.34196
220.98489,1.6041
273.13989,61.33191
292.16293,-5.64942
304.60809,-35.36455
315.96457,11.76364
318.07486,-1.32027
355.37125,3.73998
15.42566,24.05801
15.99026,80.65945
18.42429,-0.1028
32.98469,-20.37613
91.69793,-33.81453
110.1112,56.3909
116.04945,-35.80883
135.40533,-64.27435
166.28842,-0.79693
181.53255,40.15079
182.23064,25.19173
194.80467,27.97694
196.02818,-12.50669
239.03206,48.09324
241.37167,16.43584
252.47166,55.54306
285.68057,-22.76624
336.01169,33.43692
13.37469,-8.7677
40.89077,-38.62734
60.62584,21.62542
60.886,-43.40012
78.90826,19.32001
149.40675,-18.17869
207.05835,-33.3819
213.63361,3.19013
215.91086,-13.33797
228.30717,40.53794
241.14842,16.90291
260.37067,-7.16549
306.67776,10.69452
330.46527,-2.19664
335.78333,-15.5414
3.74818,-7.26097
26.36858,-10.09334
43.50808,11.82966
54.12962,38.62295
55.15307,-2.62583
60.08172,31.83088
76.45968,10.88575
90.72046,-39.565
95.8628,-37.03321
102.10062,-29.63232
124.62305,20.76136
152.59276,-38.03212
161.50444,74.71137
164.54573,1.60465
172.53564,-4.03092
193.31705,27.09446
239.88367,-66.13191
285.82321,-53.2056
320.48236,-65.83604
337.94565,-58.80977
5.6623,-24.12694
7.26643,-30.84011
58.4063,37.26412
66.25544,7.17099
84.44524,54.16273
101.08749,74.44345
129.948,-4.39596
141.35556,50.4008
148.23323,-15.95819
172.18106,-14.1197
178.5818,-18.95004
227.05186,10.27876
253.78998,26.66292
271.81192,-70.21067
273.19846,25.41232
281.70648,-26.89159
296.67068,-5.98418
333.29352,-22.44501
7.80533,-10.48105
54.94455,10.58007
66.47129,40.58385
69.99403,-9.45621
117.35391,74.3342
119.33908,66.43714
130.04871,-4.5936
169.63565,23.46897
195.35689,-9.3632
200.7601,-34.87964
214.75841,-27.38997
219.46147,-21.61217
228.22069,4.51401
304.73737,-41.26942
325.42245,4.10464
330.77008,10.92485
341.36185,-44.38831
29.06714,-4.18643
71.95737,72.86007
82.01116,64.23401
87.03497,-47.40487
89.32372,-52.37089
153.85936,58.89496
157.82632,-18.54298
169.72275,-29.42432
172.55367,24.16967
177.68484,-6.74286
195.21698,28.36613
196.12529,-44.98766
292.16327,-58.76791
299.22406,40.35252
311.32571,-71.39723
319.58975,-27.34805
327.02463,-18.86034
347.24271,23.36684
30.9015,48.45524
41.1989,-24.5139
53.00569,0.27941
70.20152,-41.83955
74.06029,57.11071
79.91962,48.68933
106.3875,54.07661
165.36594,27.71948
169.56958,28.2604
191.94986,-36.07203
192.67827,-4.15582
223.95279,63.90348
233.81143,27.32489
294.12476,-33.28901
350.75485,17.74173
3.43678,30.19526
34.38142,-69.90343
50.16089,-14.42177
68.79619,-13.24436
82.68953,52.29584
153.38518,20.17532
161.49748,34.96487
169.15254,-13.9719
190.99031,32.17024
196.4232,49.42161
220.95509,53.40081
254.18341,18.55262
312.29501,-36.1971
320.21805,-30.57481
340.52225,-2.78318
349.99994,-53.6755
350.00458,27.21332
21.30283,-35.81637
28.68942,39.38352
29.06327,-2.70528
40.93268,-26.1206
43.0551,-14.78355
54.75346,36.91274
67.51765,-5.00998
83.70287,14.26517
94.02727,-26.80571
118.31983,32.54373
119.22558,15.84096
125.33811,20.86743
126.25066,-50.32564
143.33717,46.1527
169.26764,-49.20149
175.06689,17.45729
176.54228,33.10873
194.63913,-37.55785
202.561,-21.21963
203.83884,-34.20577
216.10443,-28.63409
231.02379,20.77079
232.37709,-33.77967
233.43935,21.01061
256.2608,-7.7708
312.026,-30.22659
315.82962,-35.23896
349.14206,20.82845
49.80014,41.08921
54.5839,7.6358
59.03191,34.54123
79.22418,53.19175
118.9529,24.70592
132.25156,-7.82985
142.0419,44.66483
150.33011,-40.61541
152.87578,30.79155
172.32133,35.57561
192.44141,-23.86053
192.75374,-41.72244
195.12814,28.34632
227.09755,49.666
243.62561,62.53671
253.20055,-79.8398
270.50659,44.47587
332.10175,-29.05117
337.30176,36.21035
339.49164,39.59184
13.89874,-60.30211
14.18912,27.00967
29.39998,-64.38269
33.3179,-7.66413
42.42031,41.05506
56.3022,-39.57481
81.08781,14.37709
84.77502,6.97358
125.83234,-15.01663
128.17822,52.44226
135.81113,30.59134
148.48369,-14.32111
204.74599,31.36515
212.17496,-21.5972
224.32185,-37.46578
239.18401,46.34459
252.51553,-5.10736
254.43745,68.51473
259.00174,-19.61563
278.37708,67.13731
279.53201,-24.69353
306.02615,68.27905
48.13091,-76.72344
53.75001,7.06614
135.36742,55.0446
154.55234,-46.96203
162.75375,71.66348
165.79054,50.20623
195.57253,-32.76214
197.58624,31.44395
218.59334,-50.02032
246.20486,9.5759
313.27557,-16.33549
347.96439,9.50654
44.01745,-22.25286
47.60611,19.60658
55.34737,-1.61657
89.84499,-17.019
125.6737,4.32787
130.1272,-61.19962
140.76282,44.55488
160.63116,5.04393
188.92511,63.97377
194.53348,-43.32981
239.91626,-60.19798
248.50888,-27.54641
254.89923,-62.54612
259.81033,48.98041
273.3624,33.74236
283.45627,34.99694
299.22656,40.37432
312.22607,-8.45237
349.76218,43.55312
357.84421,20.09681
13.95388,24.14748
20.51002,-34.19677
22.61664,-41.296
22.80763,55.75356
41.5535,-26.30716
59.15966,34.84882
78.07034,65.19932
142.59583,19.46929
144.73235,-4.83707
149.07385,-12.97101
162.58012,33.62795
200.40623,-42.32569
204.37057,38.97051
206.91521,-29.43437
221.43272,-37.53839
235.49818,0.71325
238.4697,81.80569
245.54016,57.27094
285.50046,-42.62891
1.61278,-13.41611
20.37223,-61.76414
29.84084,36.827
31.17986,-29.30077
37.80963,40.39033
46.15222,43.43699
46.81561,20.90739
72.66079,-3.14219
77.28446,-17.81417
108.40895,50.03128
136.94585,-35.58986
140.74391,-17.42276
142.90373,-30.30736
167.75148,-71.6216
176.009,19.97185
202.45084,31.13017
215.31786,23.47994
242.87823,23.81174
290.28488,43.32538
294.90189,-52.36879
318.31583,66.56003
321.04764,15.98817
41.90839,49.02224
43.68314,41.86917
44.14426,16.88472
53.23291,36.25382
55.10836,10.07424
101.65043,-70.61493
126.27912,-55.28938
140.89929,53.60192
164.52158,17.12445
174.73724,-10.25934
175.90717,19.09044
188.76587,-37.25854
196.55457,-30.16057
198.47562,6.96087
236.37088,26.60312
246.90222,59.56246
305.98624,25.70106
307.25616,10.6787
322.85635,64.51677
335.52814,-80.2025
345.38516,-46.64631
11.76651,-48.71859
19.67179,-58.73139
32.88459,-20.03899
38.37946,6.52774
40.26865,-13.44608
80.81158,-11.4248
93.62254,51.1145
112.47629,37.45175
113.83804,-50.04291
242.26366,-60.62251
258.1774,-23.40475
290.52472,-1.74755
318.39841,58.29851
325.82504,-39.18703
0.69321,18.88622
26.6215,-15.12097
30.00173,23.60433
36.44431,41.12833
41.72374,39.60376
42.99578,-69.43475
67.42491,-26.77287
78.31835,66.46391
120.08235,26.70145
147.65536,43.75937
193.28403,-10.37819
197.05356,-57.7384
216.53493,5.23794
243.28699,30.82698
245.78305,35.83788
298.77676,-39.37329
322.46747,-0.63125
46.91973,-66.66791
77.94773,53.98778
89.06876,48.54326
98.2869,40.62382
102.07315,25.52659
109.21597,7.77371
121.20064,20.69377
173.26704,72.11086
189.82878,27.77349
196.08397,-30.16352
197.53282,-17.19436
218.54575,10.21215
237.14232,-40.50612
244.18938,13.34692
300.4361,73.12434
5.1424,47.43458
9.39922,0.28072
30.59278,-53.27072
52.53065,35.92161
94.68858,-35.30411
112.71845,13.05564
163.3764,18.93064
165.59976,38.50505
170.21164,-3.64747
184.68474,44.78124
200.03622,33.08802
206.44009,22.08876
209.02472,-29.31004
213.21356,35.71082
224.7394,-6.66885
227.92305,4.49133
233.29758,-47.06222
268.25476,58.07612
282.29047,18.10629
296.68585,-40.35471
312.01825,-30.10876
342.33475,19.28901
30.65731,-42.79585
60.02871,-73.70731
66.40825,-1.46018
69.94195,-62.72444
87.14378,3.49225
98.52962,-25.68206
98.71046,-74.89221
100.39465,50.25982
125.74744,4.27637
131.50461,64.12178
153.03662,-38.88483
164.85791,46.1236
179.15732,-32.38543
242.79694,-60.75302
244.53058,21.06644
245.91321,50.9695
249.16988,-23.92809
264.04626,8.48211
282.86639,58.08277
331.23798,-52.8167
358.24408,51.97012
5.50518,49.13343
27.3425,-14.12311
47.9993,-1.16159
68.46708,-11.70426
69.38199,-0.27151
77.56699,-18.31835
80.85459,16.55557
90.06227,-18.10035
151.35034,0.54388
154.98811,-38.32627
212.49178,-14.88981
230.71744,-4.99703
233.55807,-21.19794
256.26825,62.45776
29.357,-55.13913
95.82484,-22.5372
98.21677,47.52578
123.3092,52.45871
125.85221,-48.60312
158.74857,-28.07848
160.54607,23.74679
164.59564,-50.25988
186.4612,10.459
189.38985,4.36765
197.46147,-30.51506
198.07545,-12.88068
227.88493,-13.81408
236.62494,32.11734
254.45641,-1.93411
278.43228,38.61812
306.06821,-21.08863
7.80833,-36.85388
11.25863,-60.76036
113.89048,12.30399
121.41116,26.16824
139.01053,-71.06543
159.92909,-46.33854
169.8237,47.64827
185.07237,4.20144
192.89502,-20.70846
231.72244,-20.09485
348.59778,28.44452
350.70087,11.37287
7.68758,-8.41512
15.70111,-6.41159
21.72676,19.21446
39.05602,-9.30969
43.51471,6.25791
50.08574,-2.08081
50.26247,-25.51256
56.74219,1.41605
61.92714,-22.71531
67.06833,-12.1546
109.48984,9.68934
111.4861,-50.33205
123.21467,-20.27187
148.13155,15.77544
155.03348,-21.69529
173.6564,-9.64651
223.89272,-38.27832
242.78258,-31.32106
259.7995,34.20068
260.43945,-0.79537
263.43842,-3.64913
289.30869,-46.68874
290.15262,44.03806
296.78622,42.03736
307.62854,-3.92125
310.87247,-10.09223
320.20715,-30.52825
320.53876,-40.83857
13.37443,-13.16067
26.14772,37.69578
49.82393,41.64429
59.62119,-9.94207
68.18494,-5.88972
74.38635,-1.12279
80.79559,48.38122
98.37874,28.07447
100.89485,-23.32306
140.92856,-41.87714
149.09633,20.47736
152.50891,-24.32847
167.26717,-13.95626
169.3215,-14.52374
197.32631,-6.87395
202.8647,-31.82063
239.99437,15.59141
244.25148,-60.87348
252.56364,53.55206
286.42743,-42.36791
286.98273,42.40564
290.45569,-58.9753
315.88663,-14.97668
332.64166,-22.65601
337.53076,-26.77315
349.65973,-10.40812
5.04657,-3.40059
24.84232,-6.14489
35.52938,-48.5638
37.19552,-43.07456
49.77538,41.08255
68.8461,20.31763
69.95562,36.8342
100.02953,60.08067
103.8073,40.3383
141.87706,55.35789
165.65704,59.12538
170.42038,72.83345
181.28221,76.13315
182.02109,25.59014
213.34079,-27.38722
230.79953,-32.40517
240.05983,-60.37271
253.19557,23.24306
255.59679,44.84467
299.12537,-11.26773
325.70325,-6.86853
339.88388,8.61283
14.4804,-54.70724
87.33018,-70.1143
97.06351,-54.58977
107.97944,-60.39822
129.49742,-18.83354
134.27718,-8.72393
163.0486,58.43805
176.20892,19.53282
176.9783,4.01597
179.52173,27.87892
180.61052,23.81888
205.56638,60.77677
213.59584,2.97803
225.93874,26.10078
305.84409,-52.08311
322.68079,-60.00183
339.09317,-24.3469
343.19464,1.13279
2.60513,-56.98911
16.8435,33.06729
18.91788,56.89535
49.78886,4.0385
53.02343,41.59139
63.4233,0.73944
65.73418,36.40889
110.27227,29.33851
119.2119,-53.26628
131.55867,41.57983
150.12798,-2.16127
156.72826,16.12338
174.229,-32.83146
185.31281,-13.01313
203.66515,-23.44654
212.73196,39.77219
231.13919,-30.20592
236.08499,-11.43623
251.0387,-64.91178
284.74161,-49.07881
300.02777,-40.71811
334.98865,-7.66614
335.12915,-55.12485
343.55591,-11.18206
29.22863,33.01516
53.48738,39.07294
69.34094,9.54448
139.69817,27.95638
142.54895,55.85239
155.33803,24.3413
162.10623,-45.69135
166.1169,44.03087
166.75708,-6.45187
193.31071,4.46328
201.19521,-34.30662
217.09494,78.88557
239.10022,-34.15829
244.88939,57.61497
254.66663,2.94481
256.23694,-1.53043
272.69839,18.42374
352.12582,17.27789
359.42377,32.76671
44.02682,-14.18663
45.91838,51.5755
54.49828,12.2065
81.13071,8.33478
101.55153,43.79253
101.74932,27.20258
108.64902,5.55034
137.84531,62.01613
140.02391,-65.23423
182.72302,66.92414
225.19202,49.99382
239.58142,19.96754
265.89316,67.60355
279.99347,-41.47012
359.7453,3.63464
22.24028,-51.59866
44.95393,3.57052
48.13749,12.38456
58.52871,-2.37568
107.52731,-63.26213
113.69558,-32.39981
128.76878,-2.96562
155.60181,3.99731
167.13419,-10.49177
175.7177,26.54061
196.08493,-32.49047
231.71254,-40.67768
282.20483,73.36403
289.10858,-57.34546
304.03607,22.85219
319.92184,-45.11754
329.47269,-69.84031
12.6497,54.94566
36.00761,41.99609
77.19881,13.26065
95.99967,-38.91576
106.21981,-22.7242
175.65114,18.84552
177.01918,37.44392
180.52266,17.82316
225.93874,-3.30259
228.8942,2.24824
233.2189,-46.83714
249.02867,44.60302
21.89958,-1.10514
30.4987,-58.57077
53.90877,11.04586
90.02012,-26.56167
104.39853,45.37273
116.3897,45.77225
139.2527,20.03641
141.71152,-16.64072
153.21042,12.66667
178.44319,10.4031
182.46288,59.44801
204.14973,-54.93205
211.19992,-49.58191
229.61008,12.93817
249.62883,-20.92349
289.71143,-67.44013
331.47745,20.63934
335.66751,37.97758
71.95834,-62.61104
95.93987,-60.97899
122.51974,-56.23743
146.80676,0.66549
167.37047,-52.41868
182.13414,-31.35473
182.15413,38.83178
185.50537,5.10007
202.94482,-32.89442
217.32494,30.83222
267.51981,-61.02671
295.31427,41.04553
324.86444,-83.33527
328.75183,38.46466
3.5792,48.1432
14.58241,-15.39188
15.00022,-79.95698
18.15806,50.59963
34.54578,37.09618
99.49897,-24.20162
100.96288,25.84248
114.4906,10.19321
117.15347,55.81637
139.20613,27.48952
140.8934,-42.76156
162.36327,12.2011
176.73987,50.70211
196.78908,-28.22818
208.20943,-30.70999
213.55583,15.62235
258.58466,-21.57799
322.59143,-40.4383
325.05939,-22.4114
333.21945,-67.41467
353.52289,22.98334
359.49695,-29.86636
20.82973,33.27757
37.20436,38.16689
42.83517,-68.14668
61.85864,43.41294
85.39507,50.98345
90.49627,51.38751
109.81791,-37.09958
113.69115,-59.80681
128.11192,41.99209
150.19768,-3.01242
178.42015,-73.87106
179.02986,55.39069
179.40765,25.2406
201.88486,-27.87213
233.82387,30.80323
236.16678,-24.01566
268.16446,29.05899
274.07538,47.83603
309.05728,63.7399
322.87628,-57.32236
343.68124,11.71411
16.78821,-0.62172
27.15598,-48.8211
60.85717,-21.88809
72.91547,-62.8672
74.86289,-16.55953
110.7825,2.76594
126.19614,-57.65521
126.46153,-55.21191
136.2968,-19.08471
168.52618,55.71075
172.28378,-6.21187
176.39961,9.11818
181.72043,-31.76492
194.61099,52.09454
203.493,-31.49041
217.44856,35.57425
236.74901,-61.46436
247.18797,-9.14546
251.87024,-81.44004
263.35968,-3.36662
289.34158,-28.65597
291.33551,-0.13824
310.3584,26.43483
341.94861,-17.09975
30.27329,6.52307
45.55492,-23.58886
81.89861,6.93136
94.86969,28.59863
130.96278,2.71391
189.12654,26.20025
192.10898,-40.9358
201.97195,28.50814
230.52248,33.14857
236.00999,-34.70484
258.61301,45.96725
333.8949,37.18526
344.15298,-36.24979
346.07681,44.1644
16.81086,-46.62197
26.03396,34.3873
33.85513,-17.78105
59.11134,-0.05063
92.19209,-33.91631
109.74754,30.548
140.26559,-20.24211
155.45062,-19.49485
155.63081,0.6931
158.29893,-12.67179
186.84874,-50.69824
188.70374,50.80516
196.22946,5.52709
197.37698,-57.47108
231.29636,-68.48174
238.64755,-6.57574
243.59245,63.26111
326.91266,-6.36384
332.89282,11.79594
345.61453,15.55405
10.56168,-11.47145
10.83754,-55.32692
21.38345,-1.50262
27.49772,2.09151
65.67599,-51.48574
72.76205,17.84296
75.96091,-23.51665
95.98002,78.53012
97.83892,58.78497
130.01521,11.0104
151.56253,-16.02521
158.59915,-26.49141
166.82582,28.52779
196.44467,46.46173
233.16254,-17.60266
264.67508,21.6751
266.31009,38.91601
272.4613,61.42195
4.10379,30.3737
35.52817,-34.43315
76.50108,2.5025
147.4687,-33.49586
170.66273,37.76505
192.5481,-41.22098
203.84721,-40.07193
233.32954,-30.07336
235.08711,-33.35507
291.74081,-23.12637
292.08951,56.58225
293.7915,-5.24497
297.45319,50.6961
322.91162,-34.02523
329.27545,-68.77344
335.97525,41.49003
339.62604,35.37804
347.48416,-24.42505
357.81409,-2.82147
33.6422,37.40794
38.14152,-29.69536
38.70181,-7.68346
40.1485,-8.54703
48.74305,4.90783
87.67714,-34.89534
103.95631,40.00026
123.19344,26.36113
126.03289,-77.78259
128.11726,52.60607
139.80251,54.85699
172.25978,17.23204
176.36523,20.80717
176.64342,33.1064
181.88594,32.81303
194.02954,-16.94719
203.03717,-24.86017
228.10632,40.55249
247.55498,-13.17653
307.82675,-38.7552
25.47972,-13.08176
26.17824,42.73759
31.23131,43.15499
62.29476,44.21418
67.27465,-37.47952
79.19242,6.62271
122.24746,36.68749
130.39818,66.44752
142.23058,49.2384
145.18805,-5.43538
149.44902,15.12558
190.28264,48.32762
199.62483,54.06643
207.15526,-7.40773
213.13329,13.30447
226.6525,9.43879
234.0632,27.30459
252.29002,36.22381
288.81329,-54.66432
315.4248,-38.49781
327.80698,66.2623
359.61838,28.03411
0.80408,-35.93708
20.40551,32.60611
57.13604,35.15023
74.11893,-15.64984
98.86609,-54.45471
104.10214,-37.89212
108.40867,12.29481
111.40003,-75.18066
121.74427,8.00388
134.93556,-12.79705
139.48091,27.7355
143.69461,-60.6201
194.77483,-17.6322
201.54411,-27.4274
312.44775,-51.98545
313.2897,67.17581
315.11951,-42.42319
316.94391,-58.30371
335.94843,41.5616
348.1095,13.72654
354.95578,27.37625
33.81927,-26.37944
93.07622,32.53335
94.94026,3.6189
146.82602,72.98402
166.26941,35.3657
171.0602,-77.16079
203.37569,-32.72048
219.96608,-16.24462
246.65906,-36.55548
333.82974,37.30149
346.28156,-3.2045
38.00111,23.75585
39.61425,1.90769
39.9916,28.32543
41.60154,35.22849
47.2351,68.65079
58.55692,-8.74176
60.54411,21.9527
64.87531,35.98597
85.3523,61.01203
89.98975,-18.09035
97.62232,74.44427
110.78072,22.20801
122.21326,64.57322
145.14354,-67.878
167.8188,-9.97095
175.24776,-26.5322
175.34299,19.96265
187.1306,23.30497
206.17534,55.88696
207.92757,-42.66663
212.82449,17.50636
216.79919,-2.26242
294.64047,-60.70478
311.81033,-3.40202
347.95493,12.94039
20.20618,11.89459
46.78767,41.74978
83.2696,17.23498
111.30247,-26.98269
120.15294,15.68418
155.62512,36.5993
156.89304,-10.71951
159.45633,-27.12122
168.27164,0.00304
177.44412,-52.12223
197.60402,-16.93265
204.79843,61.50611
211.02452,-6.86056
302.61716,-12.6456
305.98889,-9.28135
329.83047,44.33323
349.41479,-34.79081
357.31506,-30.24869
42.33725,30.66724
54.52864,15.74473
73.65017,-1.37034
75.458,-25.06942
76.85678,62.93074
171.1965,74.92903
207.44139,-32.38237
223.25499,-15.88264
223.36043,52.07788
247.89389,40.5656
307.59808,-0.84263
340.46927,-46.09294
20.05586,-49.82985
20.86006,1.70572
37.03758,32.35872
62.15752,69.83785
100.80363,56.9128
154.14551,12.6518
156.82314,-49.12779
162.58983,-38.85331
174.07295,63.09135
188.07022,-50.66478
192.98531,-41.53906
199.55162,-15.6905
218.73732,-8.84106
226.72865,0.18626
258.60092,20.31393
262.31653,52.18759
266.48294,32.88562
276.20282,23.06662
276.63684,22.42019
291.04492,-35.17692
298.19244,50.54758
300.28506,-52.89492
300.92419,-55.91546
300.94943,-36.55761
330.42346,11.85666
354.88528,28.91834
7.48521,10.69973
7.80877,-7.84078
17.04879,-4.55449
23.82878,-37.82767
24.11514,-36.37741
37.3486,84.02127
48.44934,0.69438
70.81489,-15.54855
80.25112,6.55774
81.77692,6.72887
140.5535,-59.47457
146.51511,16.48505
153.42874,-34.86256
171.82938,-72.35985
184.4514,26.03074
192.19333,41.92127
192.78197,-55.99709
214.71774,-19.56758
247.55551,23.06975
262.82416,36.44282
274.62128,36.32037
279.81671,5.46256
314.15121,-3.34794
340.66391,29.72536
14.41616,8.09256
18.91622,-61.31438
25.14718,43.86113
28.92563,-3.06642
33.42552,49.80268
39.07578,35.96762
40.65871,36.21517
40.6899,-19.42539
53.03344,0.35346
56.8452,45.96934
65.22184,-3.16189
107.73905,-49.23788
142.57056,23.66303
148.00302,4.15079
150.41005,-6.55517
164.61601,24.37338
165.70885,-23.59161
168.52658,6.5772
169.47791,-1.94643
170.34601,34.35677
195.32335,27.80899
197.9894,34.36522
203.0233,1.59727
254.32637,28.18771
353.77704,21.6355
4.8999,-4.66953
9.76912,7.49267
20.41762,-17.81725
22.67759,-16.46432
26.4826,-76.47623
62.70794,-9.62921
76.17082,-20.53285
76.48784,-9.98268
82.2423,74.91135
82.99146,-54.41441
113.93095,11.70979
120.87066,33.46238
152.30757,-43.00254
156.20996,-47.37263
181.07224,-41.63155
198.70142,-55.37323
203.46783,-16.81224
225.46213,47.87542
225.91893,22.70061
241.66393,17.76116
251.53796,-26.04793
253.09442,30.71107
349.90289,-64.56827
4.55039,13.19226
20.89557,-34.93587
22.69434,21.44042
28.02836,35.41477
48.49018,41.25669
48.87561,41.25125
54.18854,-36.25623
59.61535,-40.22741
67.45663,-53.81466
67.92392,-5.0603
77.5608,0.90592
82.41211,-19.56189
101.03187,-56.68861
170.3869,2.81052
252.04346,-72.65867
271.71109,69.82441
316.99078,-36.54108
333.52103,-36.68084
341.52911,-3.54731
342.98303,15.67832
6.89123,45.5811
8.74154,-9.34227
12.9828,-48.20747
20.22286,4.80148
24.03641,-22.52096
29.41217,36.25535
64.43678,-50.16444
80.77274,-26.82396
91.09883,-45.20071
99.68767,53.35551
103.29352,57.17778
111.95293,56.98561
146.65997,13.65892
150.10117,-14.8434
164.46901,-4.36245
177.38507,75.99586
178.10982,69.87702
201.54427,-26.82682
201.77022,-26.99337
227.01717,-33.42575
241.39795,44.2059
248.61021,-58.56443
256.08109,41.94195
264.64954,39.21751
309.92474,59.5971
335.923,-63.15124
34.08331,36.29113
50.25554,40.79776
68.99988,10.1188
124.45588,38.79533
125.36036,-53.02119
153.20203,-2.68824
162.88106,55.391
164.68701,59.51068
187.05894,44.45324
204.27376,-49.99611
211.45461,-53.72269
220.47911,9.38274
221.39101,-11.65304
228.78412,-43.36053
295.91324,-35.28751
299.91647,-32.1928
313.03989,-52.79598
317.27032,-26.90816
317.29074,-79.17661
340.62149,-11.47152
353.45877,4.8708
4.74464,-22.88036
9.9147,3.4429
112.51791,54.4343
138.44276,62.33167
172.28192,21.58599
201.79958,55.48713
203.226,9.52035
243.1618,29.64351
278.42532,48.29297
359.45212,9.4842
4.49736,-9.27208
16.29578,-46.35448
16.36176,-42.2162
18.62394,-31.18145
41.67367,-25.34666
48.59828,46.18055
79.86304,14.44361
87.93923,50.83997
91.83401,-23.36752
99.97287,79.63212
172.24951,20.73909
175.75261,27.39696
179.80365,-0.52386
186.92175,12.31594
195.79355,47.39386
207.2886,-33.09529
331.83713,47.82632
358.80713,-3.7465
3.0786,31.06108
14.42663,-4.94864
22.10182,49.064
38.44189,-16.51115
90.71306,-23.69096
131.11081,-25.26392
131.34659,55.11877
144.84695,6.4017
162.84612,-35.69146
196.87387,-20.54203
203.20303,41.87182
209.26997,-24.80695
216.22371,17.03791
217.82491,7.94459
226.69008,1.00285
241.40668,-28.85963
249.45985,-1.36625
258.85117,57.35035
280.8194,21.97256
281.48581,-21.58434
302.91196,50.48202
316.25491,30.39733
351.29987,-44.18039
1.45172,27.44943
6.83343,-4.89138
34.9658,-4.53185
38.65346,34.86943
42.2788,47.13178
50.12872,41.50899
64.2114,-38.95158
85.10546,57.67992
112.80122,18.24415
135.5457,-19.37259
143.35704,34.04801
143.73157,11.68094
166.73598,7.17392
173.4814,23.64375
184.19881,-6.77247
194.93904,-39.00393
202.15768,-37.57327
219.33073,-36.12706
330.67316,-33.80505
333.76141,16.36787
335.54291,-23.60167
348.11246,41.22904
0.8959,23.20078
33.59326,49.59024
33.61996,17.19718
82.46075,5.83325
153.68884,38.98098
167.85825,43.90702
184.99796,-17.39194
211.64067,-39.77719
212.95459,-19.85367
229.50043,13.52651
253.84116,-16.56518
268.76208,28.51478
296.68277,42.26991
338.46893,-40.93271
344.3071,-3.16213
15.14533,-6.86659
39.56416,-3.97863
99.53374,-11.62699
103.15411,45.78063
114.65411,-35.69964
139.19502,43.71254
141.93144,12.28757
151.44731,14.33872
161.15923,56.36969
184.20424,47.43882
245.71686,11.37102
255.9939,-71.2961
258.80914,-61.38089
288.39362,42.02578
292.34436,-20.76167
300.49323,-18.06178
305.98474,-26.01495
350.28561,19.31116
18.90873,9.30701
38.52082,1.35152
50.15366,67.84548
59.74466,-59.06189
113.7818,65.00907
150.37949,37.20391
161.70952,-45.75119
168.40993,-32.33306
188.45909,77.71143
190.70677,-40.15475
211.48915,65.6907
258.08289,-23.40519
302.95392,-11.43846
318.7821,-22.29191
325.49567,22.71351
344.22165,53.877
348.95804,9.51637
8.45944,30.72343
10.12751,6.91743
19.01868,46.7305
20.19304,33.04486
29.18537,-43.97258
34.10213,40.00999
44.1685,5.91294
46.93549,-4.31929
51.84032,49.9837
63.64999,-13.17479
95.00407,-37.19481
106.784,50.39299
126.68679,-5.98269
162.15961,-47.30245
167.21329,28.47563
172.94127,-9.67258
196.88547,-45.01389
205.15457,-48.34198
210.7317,-34.25565
258.2323,40.26651
270.66776,42.79547
278.99973,8.71113
293.36365,35.82489
296.2168,-13.05224
321.80441,-30.06269
324.46402,-56.22842
339.22949,14.41231
349.68124,-3.00552
0.96393,51.72703
16.33456,-47.20088
20.66404,5.38725
55.31106,-23.83887
58.31742,32.29874
66.71522,1.7045
79.79832,4.80584
97.92218,-58.94515
111.38686,-43.14168
121.66561,73.34357
145.24237,47.62035
145.82452,-9.94567
204.84601,51.05101
212.08662,-33.89199
242.68254,41.14849
314.98285,-15.40158
315.70996,63.64602
14.7126,42.54926
41.34757,11.45812
119.96368,56.91502
122.02548,14.83781
163.1985,49.61261
192.41559,49.44701
202.33746,37.62304
202.90709,46.15095
210.51418,-25.65936
253.32625,-4.46136
258.93503,29.40423
278.46976,19.0878
305.54129,24.9932
311.69348,-44.63445
325.61194,13.89975
355.21246,4.58816
358.10846,33.41842
1.88449,-48.82667
26.59177,-83.3996
44.54866,5.83664
48.17647,-17.11421
59.16141,27.36645
74.53783,-21.61904
88.61861,-41.08168
119.5236,-53.31739
119.76189,24.16054
124.15176,-2.98777
145.25047,6.9361
146.51683,-3.97183
159.90416,-10.53856
169.23424,-6.21945
188.22249,-5.71666
191.58348,83.40909
205.19543,25.89723
241.97079,69.90482
255.843,12.2465
262.64581,23.62466
269.67209,41.94391
301.37476,19.42602
317.5755,-24.22607
350.27704,9.71377
19.75976,-17.0604
25.1293,-32.70143
37.6292,22.94966
40.57431,-62.58422
49.56846,41.73492
58.51192,-8.57499
136.25168,-34.26832
147.46928,0.61793
159.71068,-11.64885
175.35765,27.85915
181.52463,28.23797
184.47304,17.44213
194.42172,8.66523
263.01913,1.90819
280.5498,17.63605
289.19843,46.01721
301.78009,-30.39873
331.73026,-31.05309
347.95953,31.02121
6.57271,-4.49234
41.29642,39.37458
42.0915,41.61348
63.44669,-53.06276
70.11102,36.57642
77.03668,-22.12551
105.35081,-47.58209
120.81867,-53.26262
157.96745,-35.20491
158.96271,3.89132
168.88881,5.11541
182.31392,41.611
190.25481,-6.66316
203.14555,-38.02504
208.87401,25.07366
220.97742,33.40655
264.74319,-4.84812
269.38474,45.26228
273.51205,49.04417
288.55344,-54.57415
309.19711,-45.30812
328.47653,41.89954
335.10706,-32.68593
339.96265,-66.72031
355.50443,-4.21641
4.64169,53.9848
10.38337,-37.88441
17.41283,-61.33325
47.20142,-7.04056
55.37946,-21.68151
57.66394,-25.27888
80.43552,84.48225
92.74757,-32.56876
149.93408,-5.36696
157.75169,-36.97491
162.35933,-47.86895
191.38309,-0.53404
207.62135,-52.94657
219.5392,66.33804
226.16606,53.82312
243.35651,21.90942
248.48724,-10.3617
278.02887,37.61357
280.71637,-26.24999
299.26096,-30.34029
323.71097,63.36678
339.13699,25.76318
57.9918,-59.92937
58.26808,69.30756
62.90174,36.9113
64.31434,-70.02379
78.62385,-23.89899
121.95206,-13.32413
149.93384,12.98863
152.22116,-32.78288
152.72662,45.95037
165.76772,64.77423
183.13023,15.27037
188.69493,47.75893
194.30515,-15.03655
225.99623,-40.20571
247.13156,-59.01028
248.24693,-58.20319
277.82364,34.41954
307.85608,-38.66541
334.9559,-60.13646
336.33813,-31.35566
359.69437,83.18317
8.40371,-52.80203
24.69894,-83.36432
36.87981,41.93079
47.55775,19.26893
52.29779,43.12887
56.24766,40.37661
67.66154,23.44011
94.15077,-48.34818
97.17715,-28.06545
119.20175,-73.1432
123.56867,18.44056
123.62519,43.14347
128.42482,41.42085
141.19289,33.77957
156.18143,6.43427
159.40781,-26.27731
163.58575,-4.34676
177.71294,21.38972
201.09482,-31.70662
213.86298,-47.84594
234.90315,-62.78888
235.37491,27.98651
249.54947,-68.4356
303.66199,6.5141
304.35812,-41.13338
333.3035,-57.40996
340.58575,24.101
351.14099,8.61615
14.52177,30.42558
41.3063,32.97814
48.04665,-23.62916
50.90799,-36.90397
55.45492,77.00782
63.24903,-32.55328
69.99534,-10.65565
75.98409,31.56462
96.39848,-22.94074
101.95192,-71.05515
110.69488,41.65817
111.40521,29.9541
137.40599,19.46891
182.19272,24.9464
196.22406,-24.84219
221.66461,16.14642
231.41386,29.60358
232.33214,3.60098
268.02527,52.44658
273.9292,51.78724
330.41562,-37.43152
358.1008,-29.023
12.00958,29.95736
20.77861,-34.7344
20.95167,50.14914
28.62516,-49.54239
54.4227,4.95329
70.77147,11.7951
108.61986,-53.03953
138.43132,16.86286
159.27126,-27.98614
161.46774,25.95149
164.20525,-47.65852
168.61353,17.26014
176.40498,64.51157
176.48596,50.19989
187.11395,-24.63684
188.71614,58.91675
196.07964,-7.64946
204.24852,-22.0259
218.42227,28.05412
228.00905,-39.22251
234.07672,5.66527
250.29089,39.75685
328.332,15.55224
331.34451,44.9728
342.41287,44.0023
351.34235,28.8568
359.15527,27.10484
0.08051,22.99055
20.14937,-17.38704
23.08538,-7.85955
50.2923,19.8123
57.16827,79.67774
75.07691,-46.18712
82.35365,-85.92858
87.10085,14.05663
96.39362,-28.45431
125.91372,-0.16778
157.85062,-35.22049
166.57878,-10.0515
167.47691,24.25691
189.43381,-7.46527
196.54031,-34.31673
197.75708,29.57834
259.31677,40.57943
269.27112,47.74137
276.31555,20.913
314.09589,-3.90852
316.21899,-29.11808
3.34894,28.36902
7.94141,-13.33748
16.4082,-47.07171
17.79722,32.70179
50.72972,-42.18962
74.21769,2.79805
80.35094,15.24114
110.38705,15.24534
117.40005,26.90582
149.14497,11.16325
180.28699,-42.74678
193.65724,53.09003
197.59369,-7.1707
226.47232,-14.15243
252.2653,-17.64591
261.35477,10.27855
263.29831,-76.41265
274.33899,-37.35435
280.46109,-46.86759
318.19876,8.78233
352.00433,32.16275
18.00375,-5.74725
20.37358,-36.54305
20.85037,9.43354
24.33218,77.11002
31.02056,2.78683
40.96814,-14.8109
45.21262,44.80695
79.05717,6.44761
82.71938,-80.71682
124.04908,-70.66251
141.09941,-25.59954
145.43185,-60.79888
162.00438,43.18653
162.85034,-19.89074
168.77434,25.89611
198.73857,17.22511
202.36714,-31.55129
213.04984,-40.41586
217.28464,41.83074
220.70007,-19.89762
224.33894,19.67286
268.67191,-60.91121
291.85138,-55.24522
295.34698,51.17694
346.10324,17.95315
355.9472,-34.90653
18.56056,15.89835
22.94496,38.71704
39.86961,-57.5116
136.52425,-4.35619
155.69272,-33.72818
166.82739,76.69493
172.2374,73.03485
194.08076,-25.76208
209.30783,11.99751
212.7919,1.47467
223.7878,43.81853
251.76721,-29.09063
274.75864,-43.26119
276.12534,-51.6904
300.80597,51.34737
310.59784,-17.47491
312.1597,-30.87553
342.38876,32.36741
347.4982,-48.94025
89.04812,-13.28075
107.89082,-47.11526
124.9333,79.23483
150.67078,70.74181
153.92862,43.99255
167.55759,-47.04607
193.20515,47.68511
213.10782,-31.57961
217.06569,-33.30851
226.53987,3.67505
228.64967,8.33398
242.15152,12.33102
251.62933,-7.48261
287.46887,45.23985
297.86374,3.56097
329.61868,-58.56781
334.61002,-59.64133
3.78376,-24.04467
7.43213,21.47683
14.09522,-1.20974
35.34878,16.56655
50.80734,7.73822
50.92897,36.9196
86.95,50.55176
194.98503,47.20552
204.35352,27.4193
210.28908,-41.86899
224.7187,7.0073
244.99536,10.49346
259.48398,48.46775
275.01602,-44.12897
303.39999,-44.81615
317.76578,22.91044
321.4761,-40.01033
329.86398,-54.75616
334.81027,-28.40372
352.25159,-52.23641
2.59759,-7.08445
2.80934,28.90648
4.94728,9.16693
21.31341,-33.40824
40.11917,2.47872
45.85054,4.49178
49.68816,41.48869
54.29327,-5.58482
56.22229,46.34134
65.55349,-43.97154
66.81724,32.62514
70.84846,-8.37193
75.85961,-20.04322
78.66585,18.49386
84.47626,0.12328
86.60278,15.0889
102.48392,25.70489
127.10633,40.63056
127.83434,-2.99932
140.28497,-31.89019
182.78244,-31.127
200.14731,34.13942
246.42433,39.60012
250.04918,-62.27063
286.47318,-25.60314
332.20364,-52.71771
5.10749,0.82632
27.92445,-36.1878
36.3656,41.8968
39.09909,31.7114
57.7629,39.56416
73.67869,-17.45246
77.32079,-18.71544
86.76969,-51.55291
87.51198,42.78273
88.03239,16.19867
98.4104,-35.14331
101.99709,-57.81515
128.7834,-25.09401
152.43842,-36.72996
154.83452,58.50355
157.54741,43.36104
173.19432,52.94086
196.98149,-56.22425
200.2487,-12.47124
200.6089,-2.41833
218.69458,3.34171
223.05972,29.84545
236.03555,27.44413
290.69498,-51.00235
324.70114,-64.35019
324.93088,10.33761
336.97696,-30.57555
3.64241,28.45044
17.52372,-35.49076
31.53296,49.90939
35.29895,-42.00161
70.22897,-8.37281
106.97807,13.08754
164.4269,37.65453
168.57069,28.55812
178.12181,48.45891
179.82121,-28.9049
201.88377,-12.49772
209.31758,-25.39029
261.75076,-12.71124
299.47012,-55.65239
315.25278,-15.40365
319.26456,-33.9888
329.59357,-20.10403
346.01111,22.62425
358.85901,47.28021
9.4755,-6.41283
29.55841,19.09998
36.30923,-40.4241
44.61927,46.65702
48.35104,-8.21243
50.12991,43.1144
66.88683,-12.16023
114.67465,-54.31228
138.72169,-64.73593
139.34537,24.88747
175.75847,23.94442
176.10739,33.35507
193.65572,-11.60697
210.73203,-26.17881
237.49809,0.20201
248.62488,-67.31165
250.58995,-5.94184
261.09055,6.64373
301.22275,55.67388
304.09647,-70.56468
332.91635,38.35546
11.80953,23.05353
19.83664,-11.86876
27.56452,33.4956
43.07792,47.09526
45.50617,35.75982
46.54069,-8.83322
48.53697,-1.63629
55.3139,39.23847
57.99617,17.80581
62.3081,-1.47155
91.91596,-49.415
92.1256,-71.2878
167.48108,36.9465
177.01408,20.00635
179.81281,34.57832
186.04738,58.36064
200.32825,31.3881
207.68195,33.63261
208.73254,25.12263
216.88016,-33.94422
217.86563,39.25926
255.56705,30.70338
276.70612,-62.7349
310.27051,-22.20291
313.18579,-52.0275
330.35245,-2.104
27.86335,-2.25881
31.07731,28.65591
47.02726,30.47471
50.7566,8.45133
69.59937,-9.76768
79.17298,6.49377
86.85519,-25.57199
106.23609,-17.83652
110.2032,-34.01167
121.81128,4.46965
162.51277,-14.74967
171.2589,-5.06889
177.89603,8.75226
180.86385,16.48573
185.67636,3.14186
192.59473,-14.32187
209.69008,2.84425
267.55685,14.28755
267.67438,14.82176
291.53961,84.0552
339.30737,38.6469
350.28973,-43.93222
7.32009,53.32016
55.72069,-53.63128
93.64656,-25.79759
96.29351,-74.48144
124.02,23.13395
140.21957,35.36836
144.84613,47.12691
157.8965,0.47541
174.26898,55.58231
179.74577,54.239
184.73857,43.6123
196.42924,-37.68486
203.23204,-11.20147
210.44197,9.49025
238.82796,-61.38263
245.42618,55.0861
248.30772,50.39838
255.15077,47.26485
272.91101,25.65764
282.04709,-53.14762
316.67123,-63.50092
342.99161,-74.27052
345.85211,24.59707
348.61996,4.19224
348.88376,-38.53559
354.02826,-1.89501
0.64505,-3.71072
36.12273,40.87047
44.77954,45.35235
49.02356,-34.36063
95.48633,-36.55595
108.77859,85.77463
125.17948,-1.41156
170.20009,0.4687
182.32477,24.96758
207.5864,-8.45603
217.23729,11.19689
246.842,39.10964
250.80649,74.70701
279.10828,77.09093
288.91882,-45.76064
295.87689,50.73891
305.97787,13.69671
306.98953,62.53264
323.10455,-34.37281
325.28036,-4.29544
329.61603,-73.85957
2.2643,-32.91415
7.66834,-28.7125
11.46851,-30.49324
16.88649,39.40013
16.93716,-46.86361
57.50322,41.56437
64.47646,-55.9329
93.00408,-85.37582
95.04988,60.99701
99.91698,-37.64783
100.32325,-60.16346
131.23129,52.48406
171.08585,-8.34185
176.32326,26.76739
185.74063,10.54846
202.17355,11.60843
205.01221,23.14302
210.37404,-34.2422
248.65111,-64.03069
252.74521,81.57473
265.81079,39.14974
283.26617,27.84104
302.73184,-24.92228
334.94211,-66.13282
343.54016,8.53243
344.33118,-31.45538
15.32057,-57.7979
42.22376,41.77798
57.83617,-18.30942
58.0588,-1.50816
65.36659,-55.9333
65.95899,41.57024
107.04108,-38.27452
113.00191,-31.79761
152.56059,-4.99443
155.78662,57.03907
156.71223,-34.66962
171.36188,-35.54966
202.95451,-33.23946
212.68942,15.2094
239.31876,-62.27346
289.36206,-1.77802
326.74789,1.71274
335.78827,32.14872
346.33148,14.1704
347.56888,26.62102
2.18029,-51.44329
11.81673,7.91003
12.11324,-59.12412
12.72774,25.62787
44.19555,4.97783
54.49088,-5.00023
129.5307,-75.81396
210.43385,9.86837
253.04381,-28.299
255.79465,51.36711
267.3927,72.21783
284.09271,-79.545
290.70959,45.15046
306.89606,12.07775
350.20642,1.73901
359.19888,-16.50966
30.15078,-25.05117
41.29142,-4.71079
67.46977,3.44844
101.18052,-30.90086
103.29803,22.31188
120.2072,27.50032
145.70461,-6.74132
149.7728,-13.66911
157.46498,19.83311
185.92332,2.96129
188.12001,39.58994
206.62195,-39.1551
227.25436,-0.16596
235.29112,-1.70624
247.56555,-63.57742
252.55826,55.38462
279.45966,37.47189
333.08624,-25.30791
352.31311,26.37893
35.9664,25.54206
40.19181,-15.14103
71.67361,8.09621
83.22153,-7.77567
90.6081,-44.89774
140.73724,1.43408
156.2979,17.25559
157.66048,44.01272
166.73827,-5.60529
177.22862,-30.17355
187.5764,-5.96203
196.09145,-32.35464
198.33743,6.06119
204.86324,-34.18634
206.10741,2.10985
208.06989,22.52144
229.26662,5.25615
230.3094,41.72595
243.44174,22.91895
244.4375,-6.82633
250.09467,33.67972
269.20657,70.29077
319.09201,-38.98156
344.07803,-16.57651
350.13095,29.30716
6.79613,1.33371
18.56186,37.95641
33.27522,22.85579
63.50614,-13.38991
71.94939,-10.23453
80.57174,-25.60745
90.5218,36.10443
129.78253,-8.86202
165.7959,41.70517
176.63541,-30.09906
182.64285,25.42737
192.25635,-9.45704
193.4962,26.444
195.96025,-72.12299
199.80022,-57.07512
225.78967,-41.34552
227.80949,-10.421
240.56958,-33.54441
241.4464,15.79104
242.38551,-62.5888
249.28145,-66.74419
296.74072,43.03038
302.39316,-49.22146
1.49485,-36.1365
9.45418,-26.64924
23.1841,70.5741
24.67301,-20.24978
25.57079,-47.53004
43.71137,8.7844
48.39797,16.81118
56.55363,-9.6826
71.78183,-2.05457
77.75461,-16.34473
81.95918,15.88468
82.0604,56.15288
108.29298,18.99603
109.99305,22.09213
152.62663,-41.92532
177.83746,21.88916
180.40074,-53.35763
183.95749,-51.6785
187.54924,47.00629
194.01801,-11.59971
206.30591,-33.67913
232.82538,7.45774
301.39819,18.96019
1.28355,-50.82141
2.92986,20.97547
8.54498,-2.17764
34.18797,-47.81908
38.79214,20.85146
45.93071,-15.48459
57.89207,-82.2196
84.28595,-10.44991
125.73266,4.12174
125.85951,-4.91521
131.29514,-33.91125
158.58907,-32.1848
159.13271,-27.22095
174.45992,-44.78028
210.40726,-26.43208
210.96997,-10.14059
211.31892,10.43104
226.6765,40.58065
239.64499,27.61831
242.05249,-26.90647
247.28815,8.13442
249.19495,-23.88248
305.11688,-0.70996
329.37344,-29.39392
339.68497,37.59712
342.49356,53.28561
12.0361,28.61387
24.1007,-37.34046
27.7437,21.9975
32.74899,37.82386
42.53688,12.84364
94.86636,-9.48386
105.76517,18.48724
146.99348,54.0147
150.77164,-2.40014
151.21597,54.56789
163.28387,33.9103
173.8532,57.64994
176.12727,20.07663
210.88019,9.2209
226.32063,28.3298
244.63881,43.08142
247.61195,40.72504
263.66364,-6.94966
308.56982,-44.30474
359.69455,8.40139
5.06272,-2.65312
18.79929,30.19484
20.80167,-0.64114
31.91574,2.14966
44.29813,45.14341
59.17567,-18.61919
136.70738,26.27549
161.24869,-46.43741
174.27933,-51.92091
174.83626,46.51342
200.13278,33.2916
226.64005,42.64032
273.13397,-48.15461
274.12677,29.90402
275.71121,51.31922
324.99652,-22.69204
349.70807,7.0461
352.51248,-31.15636
27.28578,13.05982
27.31245,20.71129
42.77686,-14.72295
47.42659,46.41918
177.47916,-15.93715
192.39906,41.69576
218.71988,40.74804
231.30083,7.1548
254.41612,40.70734
296.36368,-36.36985
298.51712,-32.46402
37.11606,-1.15154
132.81161,71.85234
141.62418,-14.52872
153.16768,-64.03145
155.32446,27.93007
157.94826,-39.75912
162.00447,28.24638
184.54381,44.40051
206.56502,-32.97332
209.50916,-31.53254
226.37132,-49.56887
226.90347,-48.72561
258.54199,-4.81967
260.58209,2.01842
275.5051,-55.8731
304.69458,-52.69098
314.88037,-52.66457
329.46109,-4.48467
334.14319,-26.8204
25.69366,28.73045
26.66426,-13.40849
34.04809,17.97137
44.34937,-0.30944
47.12805,20.77233
52.05046,-5.19189
65.43729,-64.22285
67.12843,-53.73792
69.93932,-41.27187
98.20067,63.42977
98.49429,-34.81259
143.1046,57.48296
152.23409,-30.39643
179.27486,1.12551
187.60483,84.77982
198.00497,-33.67164
206.67432,22.69264
223.57011,-15.27717
245.06282,-61.01249
270.10846,-1.31837
288.75555,-31.3404
298.83401,18.39596
327.36804,36.10163
327.70764,2.02072
346.46426,31.06355
355.28244,-1.03754
0.61004,3.35193
3.55358,22.7665
22.60798,-26.78004
37.21008,37.72579
42.06691,13.37925
44.28839,5.32091
47.50511,-69.01552
55.95388,14.31826
61.07569,41.78907
65.99416,9.61764
72.90137,-2.56019
86.12358,69.29898
96.40437,65.33323
99.03418,39.41447
105.89612,40.3177
118.6342,16.80975
119.31618,11.04654
124.09518,-70.66105
187.11365,18.41529
189.52226,-0.02707
193.22334,9.98925
202.93364,-29.80662
206.24719,-17.02726
216.80083,69.89898
237.75076,81.77644
255.89969,78.62878
256.37225,22.26876
273.04202,64.98252
282.57684,73.35149
309.02084,-24.17845
312.62082,9.81578
313.64633,56.49795
351.17056,14.63203
4.78425,15.74936
19.42609,19.96255
28.64586,56.16574
38.1663,42.42866
51.00843,10.07416
80.9548,-8.6785
83.5617,-30.4502
86.33386,14.79266
107.7149,-35.38614
110.34985,22.53207
148.01678,40.85818
149.85907,-0.25402
179.24866,-31.75714
186.10298,-75.84
210.35289,-9.82417
258.11847,35.88402
260.49585,-0.84679
304.84872,-58.55148
307.94141,-84.05835
323.02145,-46.04541
329.92569,-17.8006
337.79285,-37.82645
345.04022,31.37513
352.50473,27.08677
6.96818,-1.81018
64.32913,2.43331
76.77712,3.97858
102.61747,-37.20744
171.68457,59.15548
211.77309,72.16904
241.11047,17.74198
293.89185,76.00739
303.0163,5.76368
309.254,-5.99645
350.03903,42.96723
27.93925,33.53738
30.42358,46.40462
42.00937,43.03383
47.38868,-2.01664
50.01586,1.36153
94.491,-20.50404
107.10121,-23.79316
151.85913,-21.47659
152.63068,10.04234
154.3054,-77.70031
173.49974,-43.39978
176.50009,-39.33471
184.89565,-13.43666
188.21812,-47.40497
202.96376,-29.7324
218.11903,-29.9228
239.17384,66.9754
247.26471,25.71336
287.63107,44.31034
326.7775,10.13941
335.38248,-37.03139
344.31174,-20.96703
354.06891,-31.60263
6.82178,24.16925
14.19064,-63.48771
22.15174,-39.30731
22.64764,19.60853
31.58893,-61.96313
54.49535,-6.27075
91.5838,84.41875
93.8847,56.24585
116.72069,-1.15004
117.539,-38.5245
122.67768,-49.39831
127.94419,-5.18623
143.94075,-4.74937
150.8208,-14.94512
162.2397,-4.76041
163.56039,21.13259
180.73166,4.2341
194.12988,38.61339
200.39206,25.51621
217.12041,-53.05537
227.09988,19.20805
238.74574,-62.40792
262.68674,56.35188
300.16187,-37.71523
311.34186,-67.55189
320.45358,10.65613
330.34729,-58.1453
358.13275,-30.18108
359.52325,-29.76135
32.23108,-56.73705
54.78761,-2.01145
61.30125,-65.8398
67.44357,-3.32483
87.88007,-11.31466
163.89967,4.37757
188.66257,7.15727
203.25755,-16.24503
210.19077,30.0759
210.64432,-4.92889
235.08542,-18.44262
247.12234,82.89378
298.74048,-58.73109
300.2691,-71.20103
345.74722,44.68361
348.30765,-2.10037
351.23767,52.24235
357.51089,36.85046
11.03283,30.35094
32.68393,-19.76627
35.57666,42.80529
45.43546,-25.31283
48.37193,44.13144
49.25104,40.72815
51.10159,25.68285
100.69373,52.84896
111.29742,9.20471
132.16754,1.03886
168.84158,55.97386
171.70212,35.25087
172.00209,11.15827
174.08328,20.52177
174.55403,12.11192
179.86392,-20.44661
191.0383,-7.56747
202.23622,32.87883
202.9312,-33.38035
205.95497,-19.82434
208.29022,14.65586
210.80321,8.89558
212.56302,-17.83715
218.64572,77.96661
230.21768,48.66065
233.3049,41.07665
250.14076,-67.45195
251.74915,-7.60757
252.47551,-71.20222
296.7468,56.91066
302.2767,-54.37991
319.06012,-22.23446
31.55161,-28.59791
35.37574,15.76162
37.29905,-11.0247
37.50003,28.63367
38.32127,32.74672
50.8245,-57.46212
56.44654,-9.01873
76.26247,-61.4845
76.76534,-8.65937
95.17841,-16.06115
121.37326,-48.84883
132.8907,3.1007
149.06726,10.48606
191.03416,44.89191
194.32643,70.20345
194.92691,-14.02963
201.95352,-34.00214
202.76337,-16.13012
216.79175,35.92077
234.43831,22.42628
258.8429,-65.33837
259.56897,78.0184
273.3186,-49.33467
284.41949,-52.52882
327.66592,-73.36446
17.82526,40.53403
41.64886,32.44927
51.93851,46.93624
96.74879,-56.71506
108.0838,23.38037
111.44376,-34.44524
127.8576,40.95607
159.8261,-26.83997
177.39745,-3.4881
205.7869,30.33762
207.58586,35.47591
233.18895,8.25512
233.71271,56.4511
245.41235,49.44879
247.11632,32.84632
250.84653,39.80647
268.5975,-2.00912
271.06485,7.04096
279.6951,32.85445
288.62967,-21.31908
316.77499,37.11731
44.91803,32.80027
61.08,33.19727
128.8717,25.02742
128.89827,54.54472
136.22507,25.00401
144.25626,-21.06842
152.05392,18.70698
177.77051,-72.52541
178.00706,6.40957
199.88199,-33.48816
284.23166,-61.39978
297.3067,-54.51978
312.33783,-38.83215
325.58356,14.80828
335.13272,-28.36634
343.78455,19.07954
0.2455,28.91172
26.83497,2.83293
55.00032,-19.42631
62.98544,39.50378
65.85188,-7.37095
83.76586,-50.96677
92.64825,-70.34759
152.36592,-16.62818
159.69159,-16.78321
171.50429,1.98413
194.27908,-46.87161
199.01538,-37.34726
205.89285,-13.29488
235.86259,7.91167
250.21588,65.78967
327.6618,-29.1828
337.19565,-15.06977
340.27444,51.70462
29.45896,37.36173
31.89219,2.11532
38.41134,6.47331
57.1186,-18.75231
98.39902,-34.26108
101.11536,-17.93249
117.90702,9.78205
125.14612,-1.3763
132.24973,70.10968
139.03122,-6.56297
146.12958,32.81256
159.80934,20.29247
162.36348,21.78034
169.87503,24.98934
197.26517,-0.76604
199.13596,-15.30316
227.88135,4.51751
260.17184,51.88773
260.97369,48.47903
264.4769,4.48236
301.47617,-6.72532
315.86688,-35.20499
358.34909,-40.80714
2.44452,-35.27481
5.39233,38.09296
22.79358,9.95073
51.50935,-32.89457
83.67363,20.24162
88.13838,-11.37477
88.85639,-14.04208
98.81145,-35.48852
102.41422,-33.11347
109.50253,44.09085
111.7896,33.83188
187.3761,7.99288
191.30669,-12.77598
195.20274,28.09072
208.2404,20.91692
212.7851,-40.10535
240.54839,7.08601
263.8291,6.16851
317.14691,63.78559
318.04221,11.65948
352.48627,-12.48487
355.82019,8.7106
15.33838,31.50772
56.00837,-13.10444
76.85911,67.66377
84.58932,47.61422
128.42122,-18.53726
131.25543,-72.55247
153.02733,-72.84138
177.92728,21.00269
198.30206,-16.13046
208.64702,-26.51219
217.48076,7.25356
225.24109,-51.23671
230.67252,-14.03573
273.08765,8.78742
285.60715,-28.70377
295.94791,-5.70206
299.29834,47.21498
335.5733,-40.08919
338.43365,-27.24571
347.75275,13.63157
27.87146,36.06594
49.20834,68.1588
75.40011,-22.60064
100.81126,65.67751
114.26324,22.35268
146.13724,-31.79193
166.53459,-14.98975
167.35745,29.56923
167.66321,31.65575
200.125,-41.01624
239.94086,18.80107
241.11282,-62.49663
257.90628,-22.97941
299.62875,-20.845
301.90591,18.99831
323.8858,-58.29709
337.55026,51.09352
355.10123,-44.51444
7.66294,12.68052
11.85107,28.35225
13.40327,-8.25537
17.32681,13.16913
20.9494,33.05533
54.19062,69.26508
76.52334,-68.22892
98.58961,-35.75632
100.9476,-73.67539
130.22415,19.35486
131.1824,-5.47461
153.66483,-0.83096
206.90518,-20.95876
210.14005,-20.23983
258.09824,-24.79909
280.96579,42.62383
282.6347,-23.91097
287.99304,-47.38303
300.6926,-27.181
324.81393,-29.87065
347.24408,-24.36959
349.68134,18.69833
357.13187,-26.84602
17.24578,21.74734
20.86803,30.78446
45.77311,44.96375
60.25314,-52.98493
76.42105,76.0198
109.93734,-55.43214
129.41017,-6.71839
129.49367,66.13734
187.45172,64.03378
209.0005,17.51156
210.54718,-22.21036
223.92363,9.58679
228.18024,-46.14198
235.02823,20.68056
248.34758,-64.06759
262.65741,-2.33844
318.02829,13.00043
329.79962,-15.43385
336.38916,36.18029
342.10782,5.13218
342.3714,11.30302
353.13498,-1.74082
358.05664,-25.40518
1.27763,5.20354
6.0913,-45.5075
7.83612,-22.64572
29.50238,-35.57257
41.01189,-26.1864
41.18141,49.61659
59.86075,43.31204
109.66459,59.67197
110.91817,-34.69416
115.03347,-85.65863
137.7551,-13.10445
141.42207,23.36156
208.06841,2.10852
267.76614,51.02293
271.10794,56.94623
338.62424,-24.66458
5.00812,21.99971
17.27411,-16.0003
21.48455,16.60182
26.939,-21.8334
30.353,15.64652
53.9207,46.59801
99.69358,-8.32126
101.42199,-37.52071
109.366,3.33413
140.45372,-41.44777
206.93649,-34.96938
209.218,15.70223
209.56897,59.81456
210.86276,9.46705
216.62743,-54.368
216.74266,12.89913
219.84354,19.99073
227.53694,31.88784
245.86588,41.70636
254.93237,-1.56735
305.18341,-70.98701
337.035,35.33092
346.20712,-3.22995
0.87179,27.35172
10.10375,24.44315
22.43728,51.91374
37.95573,9.73619
44.81215,16.03824
63.29275,-42.3214
114.40463,41.94708
138.18484,34.92554
143.26505,29.92827
164.53644,17.09563
182.43863,56.52356
193.12274,-39.14606
205.29649,30.37809
209.08006,28.53632
229.53584,13.82866
308.49109,16.15055
323.60431,-33.41864
341.03876,10.0702
359.41681,-21.57953
13.72774,80.11121
14.70756,-35.11603
17.26665,-74.5155
18.14618,-4.14005
20.05045,14.56126
20.83826,-1.97664
29.52332,37.57786
46.23775,0.21681
69.95516,55.06847
74.55808,25.60249
103.41754,54.97379
111.9166,-49.50064
114.4459,27.03703
115.30978,27.61414
122.1702,18.08639
146.4675,34.68562
183.94275,48.13143
190.96999,-17.16957
195.92014,2.56813
211.52794,12.50377
215.62827,11.30491
247.04814,39.82193
255.23302,58.93754
289.81741,-51.41111
323.84735,-25.17109
338.69946,50.16764
349.44135,29.02718
356.84097,-63.77373
8.6744,55.68993
15.44192,55.94885
33.96526,-18.91427
49.64984,41.47722
62.63749,59.30345
64.73771,-63.48912
67.23929,-1.86185
106.56696,-28.18925
137.35727,-8.17976
186.17442,-12.2619
198.46228,-3.60613
205.86392,-17.33266
209.57027,-15.75217
213.12459,8.64792
231.64244,-48.11922
241.11137,17.75029
256.7988,11.4213
263.86667,9.42682
295.35672,51.82031
306.41788,-33.54604
6.77925,45.62141
21.77296,18.59878
26.72819,31.8699
43.69647,15.58939
66.25471,-9.90594
143.88808,-38.93789
158.11015,-47.44122
193.69469,-13.08745
206.01346,-19.80682
207.88544,-48.08352
211.00699,-36.93946
220.32133,44.47877
220.33485,10.79715
228.87369,-14.49216
251.28299,-66.61681
282.07492,9.54529
7.8151,-22.55993
28.36717,23.99825
54.39011,23.29319
69.22053,-64.57229
81.07669,-28.618
83.51567,13.78688
107.70443,-67.86018
128.93185,-12.20288
175.92216,-52.39831
181.14523,-55.79819
193.42404,-4.88482
200.99007,-31.64587
211.04178,33.33749
233.49664,-44.54799
238.39357,-9.28979
243.22241,-25.66894
317.79266,-22.10964
329.06238,2.17262
358.45773,10.94466
17.19502,-36.34475
36.3181,24.2648
40.39529,7.18717
82.03341,-69.8775
100.71509,-71.79826
123.06403,-67.67393
128.85306,23.52514
149.73444,14.4189
158.48776,-8.2426
159.82703,14.84791
159.91696,-46.29165
178.48964,25.68499
200.31171,-43.76195
201.80336,-52.31445
220.96025,-37.07009
222.17734,12.45714
232.93826,67.55636
244.09369,65.35388
263.63748,50.26015
289.86148,52.33198
301.71841,-54.30396
307.46237,-38.97881
315.65424,-35.51007
352.62506,-39.28154
1.36655,46.5436
14.69389,-20.84008
36.46068,27.41278
51.92642,-52.13945
93.02118,50.37175
150.77956,-15.47611
201.48827,31.61823
210.84644,9.4481
262.21564,52.72345
355.22604,27.50963
356.12534,0.32045
3.39332,-5.09312
51.52566,-0.61571
65.95513,13.1817
81.77356,51.3335
86.25223,-48.08633
90.07771,-42.10863
98.67958,-36.56792
101.48005,51.62565
102.57276,-38.0871
102.91922,29.07218
109.17869,29.85497
113.446,65.44602
142.24687,-14.80759
142.44052,2.20698
170.13257,26.9634
202.02271,-21.13602
204.59778,6.88755
226.68802,-1.23172
233.28967,-1.86605
243.59425,-61.1439
247.18506,39.47386
338.61121,40.40298
12.89589,29.40125
80.3333,51.73038
81.64394,-31.84408
83.03348,1.22619
98.63811,-28.54807
101.72492,46.40641
112.19262,-74.60323
127.73719,-66.36472
140.90231,-10.43374
157.3094,-2.51326
164.53163,9.27606
168.65971,63.36512
185.19791,-6.97167
201.6861,-11.21288
211.71358,-34.49185
226.37306,39.94451
229.87564,67.50459
260.59912,6.67129
273.21326,25.51169
278.3317,-55.77277
295.85223,-48.5353
330.32111,-37.77333
358.10187,28.77266
14.03438,-52.82928
21.83838,11.97559
31.69352,45.59571
38.25517,0.42078
54.55005,-15.89953
58.71629,28.30906
127.6334,-7.33839
128.6324,-5.28016
129.52812,25.27265
132.93259,-2.13405
147.61403,66.73604
164.86908,-47.69553
167.25258,-43.19157
184.53375,6.13957
192.90555,-41.30345
198.56203,-23.39046
206.29956,23.07187
213.61333,36.40444
221.7029,-66.44161
263.91763,-7.0361
280.68185,-22.07907
296.20743,-12.96055
338.89047,51.05264
347.41205,5.6709
354.33813,31.53441
25.22347,-10.27823
35.34696,42.87645
79.07117,6.31926
112.84431,18.90606
129.23218,-6.01785
138.91145,-6.45256
145.72705,12.38649
152.89548,69.2581
185.54138,-55.02225
198.03304,27.33055
230.50787,3.75177
246.2599,40.94664
260.34186,-0.95769
268.80206,-0.04427
307.0498,0.28827
337.31924,37.75244
349.52591,10.29992
356.77008,51.70497
0.63468,-30.62166
22.46346,-42.32648
67.28165,4.27148
74.35845,-51.38031
137.27219,-35.90259
150.39113,-13.52649
152.45087,-42.81123
156.1938,34.64893
170.15289,-5.87787
170.16434,-5.67139
183.04921,13.24649
195.16476,29.01937
211.29764,-53.65934
212.04272,-34.86737
218.33629,-33.76914
222.15213,11.32565
223.12921,-42.44019
229.44083,-33.08786
255.61406,-18.72166
265.32623,17.36804
339.41357,20.01605
3.8068,31.50095
10.44616,8.39009
13.59543,31.6652
35.45206,16.87465
37.41201,28.98763
45.16542,40.87907
50.13332,-38.53704
52.60777,-53.2715
70.68194,18.61982
73.94991,-18.94827
89.90186,-55.33207
98.32963,51.38261
106.15578,-60.18712
156.79597,10.0246
204.32559,57.10899
206.01021,-38.87496
212.33133,-17.87916
307.94241,-22.47875
311.07492,2.59487
319.47733,-23.03594
319.72244,15.68083
328.53967,15.03685
25.40555,-89.33452
64.57263,3.17325
85.12634,18.11562
86.06678,-55.53244
86.1791,16.87278
106.71232,-37.98757
113.23357,64.99248
137.60158,-58.56513
141.52103,50.43827
154.22714,-5.87045
167.1889,-10.9641
168.05748,-13.64451
177.40138,-1.45555
179.97112,86.20957
186.3148,-39.09498
194.32364,-6.54234
223.74367,11.69901
246.80988,14.3395
269.06006,47.98619
284.53845,46.26732
288.61935,-19.6028
308.84808,52.32753
330.71295,-47.19732
349.58084,-21.17475
10.67633,-21.77413
16.9028,-17.53864
26.16267,-7.61998
43.77652,43.54251
90.34923,10.30524
94.71995,51.92286
99.07136,-44.86799
129.06416,28.06023
156.52521,-3.4131
157.23112,73.82034
162.14203,12.983
192.88551,-27.78301
208.99431,-20.66383
266.44647,55.7767
282.84088,-54.79699
289.17825,44.78328
299.25781,-32.43184
305.84473,-67.01272
345.44275,52.22149
354.96494,-38.43352
6.99822,30.76484
15.41194,-6.19203
20.365,7.01808
31.40543,6.77202
38.35206,20.27302
41.5415,24.53742
79.58739,-15.55764
84.39048,52.18916
130.09526,-10.13113
136.98462,49.59679
154.1601,12.57738
159.18721,-27.46953
165.12471,-13.8667
173.005,25.64415
184.12245,14.49741
190.60648,-7.04346
198.03647,-36.65939
200.20914,-29.4798
200.82849,-32.34211
212.22964,-26.94907
228.2597,64.72659
235.26991,-5.15711
263.1235,-71.68846
267.59088,-59.56086
280.72916,50.66294
302.72653,47.0289
311.04034,12.41792
314.18146,-56.63043
344.10095,-21.37411
355.95639,-67.71494
62.27562,15.51387
96.75307,-17.19421
97.15488,-56.05028
127.37501,31.67541
135.30637,-6.06667
156.85011,-43.13661
181.21587,26.99262
183.5208,24.06731
213.07005,18.29952
219.88797,62.00297
220.97772,43.58063
226.73152,-31.56113
236.93509,37.20499
245.71948,82.39177
300.14783,-34.77755
325.59534,12.4984
332.49689,16.49062
13.58551,-23.55241
28.51978,-67.90296
33.02739,-53.6199
33.34364,-3.08928
36.65096,-23.4171
38.36339,33.10473
51.59171,21.33527
52.67608,-3.16356
67.34509,16.56991
111.57195,-50.57914
138.42761,20.5698
152.7012,-7.85969
169.61288,-14.52
172.19589,-29.29264
242.61063,12.30563
261.02554,6.10477
282.00876,-63.60262
316.311,-44.24577
317.26123,-2.2886
350.04785,-1.85659
350.47498,36.8846
356.84912,-2.35126
15.57239,-19.66907
21.73992,39.01825
53.30246,-50.41425
54.95588,36.97055
65.24357,66.15154
92.0407,-45.1482
101.39838,53.45393
115.97955,62.07152
163.65839,47.47029
170.05186,67.2418
172.23701,-46.6689
184.74028,-51.32372
228.1333,-49.56749
245.51009,-6.95088
260.1488,-1.67562
336.21112,-58.19176
347.2334,-88.98719
348.65036,15.95035
18.87695,-0.86084
35.27652,23.60035
37.10786,28.4676
58.32286,36.58934
78.21309,-41.63398
93.14495,-14.25778
146.61591,-33.38445
146.67455,-14.86176
157.35037,55.18675
162.29184,29.81596
164.40948,-25.50485
167.70862,-47.04843
172.06795,-12.89069
195.69043,-32.67871
198.45903,17.07625
209.23723,70.75435
210.54756,-18.75425
234.19609,25.41681
262.87363,-2.26226
276.70758,51.13918
348.29684,10.77216
4.64959,-7.0488
14.53372,-10.12061
16.56582,-16.54283
28.97091,18.04452
38.07297,-35.03023
40.12081,19.29711
57.43794,28.1668
57.96077,13.71468
68.01488,-6.34365
119.13358,56.68712
127.64684,-8.87643
133.69621,20.2202
134.545,52.18284
184.74348,24.18627
188.96223,-13.08995
241.66302,-2.359
243.24799,2.18123
243.60748,-61.40865
252.2209,-69.80483
258.08804,-23.49916
267.07401,34.10186
272.14023,8.58489
308.16901,60.00501
29.45267,-33.23979
34.79887,-12.78163
40.71666,-25.45431
47.78219,35.32487
60.62368,-9.33546
69.10546,9.11661
80.78353,-63.13856
83.9856,52.4652
104.12412,-65.56048
108.17342,14.43016
122.13652,2.61714
122.32595,19.49965
147.9893,-33.07353
150.23851,3.14183
151.57054,3.82775
156.81136,16.04918
168.12932,23.27673
175.64503,-16.86943
186.06134,9.26687
200.17099,-16.90041
201.63266,-30.22278
208.07411,31.44619
217.42955,7.25356
233.14549,10.31906
236.92734,-7.51079
267.6907,23.13862
319.38376,15.46151
330.13983,38.27617
336.65338,36.72893
15.06617,-15.29931
18.41648,-30.2375
39.09792,36.75823
49.30496,41.65093
54.73853,32.65305
55.27847,-75.01434
62.55233,26.66629
84.50869,-67.81068
89.74384,-48.32273
97.31072,33.26594
107.12663,29.87879
107.60042,74.89104
211.14984,15.47272
215.94304,34.01694
221.90245,-50.51661
236.82744,68.36778
348.7742,22.54348
5.23101,21.86602
23.66574,55.41753
40.13659,14.29793
62.8529,16.54696
77.77656,-1.07951
84.02035,52.51206
100.05795,-72.45535
163.95848,31.39223
165.52634,-46.28308
166.99809,36.87222
179.8524,-6.7371
194.22241,-33.67038
196.1633,-41.85455
226.23865,16.33984
231.10323,20.76169
242.67763,57.46654
256.90384,60.72869
269.14621,62.61703
305.97888,-50.65184
326.00958,-4.88483
39.70726,41.45974
47.09106,12.68033
51.09504,40.78867
58.91795,69.19932
70.21169,-12.28058
81.42172,-0.10988
89.63049,40.51743
170.20181,32.28992
174.24188,55.16206
178.5511,0.13663
186.72995,52.07563
188.46359,-46.27572
206.0141,-38.06954
207.76305,-34.45569
208.16068,46.3498
215.34311,-31.24142
249.13559,-79.65295
252.29808,53.41979
281.93875,-60.34819
293.55948,-13.74989
297.21609,49.93617
310.9938,-20.67625
316.48114,7.67722
12.7885,-46.10938
47.01837,42.97997
51.70661,39.60612
74.56038,-0.17277
79.09469,19.45311
81.75782,-61.44397
129.80391,53.62347
169.09471,29.25233
180.60535,12.33768
184.88998,-56.32463
201.7247,32.19322
202.03955,-34.04028
202.64453,-32.26415
203.3179,34.53708
218.54529,-40.54877
249.55844,41.93885
271.30826,46.88157
303.09872,-54.36028
318.04108,-8.46309
326.65411,8.29245
339.66965,35.86922
354.21832,26.51
27.54358,47.90935
27.69511,32.5467
36.67305,-14.51564
37.83471,73.95034
41.801,5.66485
45.52519,11.51438
49.92645,-51.04593
50.0138,-13.99821
54.72186,64.24965
61.02637,13.21304
65.85947,29.16634
71.09477,9.78355
81.23103,50.01838
86.69876,50.74713
98.54102,21.53238
118.38197,38.73319
174.13899,36.41031
181.29765,10.67066
195.33496,-32.4029
196.338,23.09552
202.25708,-28.83966
278.9939,51.45882
294.73941,-18.89609
318.5936,28.06402
340.1282,-48.42854
1.80181,-67.68787
15.65093,-6.39251
21.30427,2.06695
29.55353,-39.54476
41.49408,-28.26967
50.09422,-10.86694
54.84386,38.38461
90.49043,-17.87655
103.12209,-46.78665
105.46693,22.27711
109.31954,43.14693
115.11946,20.69923
122.15434,-65.33689
141.91852,-80.17995
160.0025,39.12216
178.74017,69.33011
199.64412,4.48639
210.89954,-2.13184
211.42468,-13.59961
223.69574,40.78485
237.70303,-36.6328
241.37158,19.94214
280.48856,50.23561
282.90683,-62.79261
284.69257,-79.56544
317.7132,-53.42125
5.35653,22.51171
13.48022,24.77213
16.02047,35.94807
17.76267,74.37454
32.38283,-16.78651
53.49246,-59.93668
65.06644,30.89913
75.36439,61.96019
88.90083,-53.94614
108.50837,-37.44143
130.67967,19.65063
150.31403,70.98558
152.86368,-25.29972
158.82048,-7.24712
165.3916,45.65383
168.60022,-3.89317
185.40405,5.76571
212.82433,-37.14882
224.62633,23.95533
266.77301,57.30107
298.00946,48.12682
300.28668,-37.78508
313.20575,-53.26575
339.69778,72.54669
2.46629,4.67516
18.3153,15.51647
92.64375,79.86691
109.01727,37.42198
140.39131,-30.4945
177.38788,-28.24356
188.05923,10.25155
200.12286,-30.89632
208.50177,40.2774
229.82971,-41.23313
232.95932,-21.69455
259.35504,7.69535
264.61353,24.95343
270.44901,22.57903
286.51266,-55.13682
330.5589,-26.13749
342.54733,31.37851
26.72145,-33.92201
34.88232,-22.86676
69.61022,-21.74536
83.56991,15.13628
102.28728,-64.6726
162.60002,64.80942
177.32812,26.12156
180.65233,41.05421
187.36922,-46.73506
189.03391,19.32261
191.5945,11.87661
192.97935,16.28272
194.8154,38.88278
212.02934,86.36839
219.42995,-33.58355
219.49339,-16.72223
221.78537,13.65468
234.8513,-6.84452
295.49399,1.55553
309.73538,19.63057
322.48087,-30.03572
332.55856,41.57341
336.96048,29.09597
341.05127,34.35122
353.01425,-27.72591
57.49404,17.83369
68.44356,11.85292
114.4041,-52.28222
141.10689,-76.65668
154.08546,4.82204
156.50557,-26.86452
157.42311,-41.90909
172.3197,-4.40199
181.3114,38.2355
211.20316,-15.81337
247.08331,38.81142
275.24472,55.55452
293.92337,-40.50284
294.27106,-42.29649
319.52295,-22.66397
327.75613,46.95173
348.67346,10.64336
12.39231,23.57824
19.10969,39.05286
30.53036,23.54985
38.20701,49.63891
49.11468,41.62709
51.16211,-40.2397
68.60924,55.45326
77.68596,50.75758
84.31429,-49.25771
84.50042,-2.39772
157.98428,-34.99127
175.34178,-51.50973
191.69307,9.85051
224.61574,48.49243
241.91991,-62.30991
264.63617,12.74387
288.24835,-52.51363
311.81503,-76.44372
350.00504,32.92287
354.28046,-45.01077
15.33111,-9.84531
42.33616,19.304
61.15363,41.85729
71.72734,-11.47116
76.97327,-61.19039
85.88909,-39.47147
119.87089,-41.34169
120.36009,44.19369
169.05646,29.38522
169.61588,65.03284
171.57268,-14.28017
175.79938,26.55894
176.19121,-39.6153
176.73172,-5.18772
178.42703,-54.10488
180.65584,21.15936
182.68448,38.33619
193.29944,-45.05784
223.04585,4.68166
226.09851,49.36983
226.54872,3.14258
236.64998,-62.85793
239.34778,-15.64395
257.32584,-12.56326
275.74554,30.66742
307.73029,-0.64934
332.0239,67.69252
338.31665,36.46025
14.95651,-56.82141
58.04709,-9.11851
59.8747,21.79714
71.9174,11.62658
75.42775,-15.16314
111.30872,42.0183
132.10278,18.3311
188.78874,29.74413
226.72755,56.50895
228.9688,-40.10442
232.65242,42.71715
235.81671,9.72386
236.24586,36.10953
241.24757,-1.74779
245.88646,39.12104
249.80525,-8.95751
329.19983,-44.83341
344.83224,24.10691
353.21185,-37.70771
18.11392,15.75006
18.70285,-0.49614
22.70454,-27.36414
29.84816,21.58323
88.09218,-39.25755
91.10758,-35.58871
91.6375,74.94717
150.52412,-15.29836
159.10706,58.55622
164.51723,-82.27225
174.81189,17.14359
175.24492,-22.47728
193.23421,-26.69695
199.08202,-16.67047
217.98428,33.64256
218.29044,3.94654
232.36203,-42.89082
241.99323,10.77965
257.46234,49.30944
257.98349,-21.95231
265.15842,41.30141
279.28076,-24.79144
299.60208,52.95023
299.62659,65.22664
307.57434,13.64681
331.2872,26.60712
344.50583,-46.10752
353.74609,-66.68037
11.20837,20.10873
22.43402,-18.33938
40.62095,18.16468
40.86275,-8.10928
43.93939,30.756
49.74273,41.70246
85.551,60.47665
103.53023,-37.00314
108.46424,-33.8172
114.19608,55.04099
131.73967,-14.43163
132.34398,36.7104
151.13251,38.00604
152.06818,-40.1819
184.29646,41.32176
233.97295,25.34112
239.95705,2.66713
283.85388,-55.08416
300.67358,-38.91236
320.57431,7.10885
321.8728,-49.10416
336.20325,48.59491
355.82138,27.359
356.12671,9.26396
5.64115,-8.48639
14.85898,-4.79449
23.5171,27.87258
33.94857,-13.82363
37.63629,28.73389
41.09096,31.35475
57.7919,3.79509
67.44692,-12.5045
67.88773,-12.46308
106.8322,24.72449
117.42046,29.94426
125.52847,-14.94668
173.92444,73.45178
180.70938,18.01553
207.63388,3.19425
218.67406,47.93778
270.28195,24.7434
282.63116,-56.73761
308.04965,4.84288
317.12085,-43.48941
343.05142,49.44506
344.37384,8.79389
359.21478,5.50841
33.52322,5.17329
42.42626,47.1257
57.42606,-26.9934
71.12523,28.03521
81.11862,48.68254
95.97951,-32.53218
108.78208,-51.49664
143.21117,59.74464
143.66978,19.55027
154.00078,6.25135
156.15665,-0.86862
165.46445,75.20135
181.49048,-23.37588
203.33858,6.31868
204.07716,-33.22629
207.44417,-48.75262
210.11404,-7.95619
213.31702,27.00797
234.40524,-8.72115
267.01852,14.74148
281.45731,-55.80693
308.01617,-57.58765
317.03024,-10.01986
335.7204,35.76419
335.95673,-2.10381
338.89755,-15.21079
343.58194,11.78248
1.42779,-75.70699
2.3757,-37.55268
13.39621,31.4197
18.97617,13.35337
20.24401,30.25949
39.68475,2.23128
42.97609,7.7816
47.62761,35.08394
88.30929,36.36718
103.54214,-65.42125
116.66045,9.21952
141.17282,23.53902
149.24448,3.778
152.56186,78.17711
157.24257,-67.51435
177.71452,20.49692
202.16833,-40.19356
208.05334,-40.80238
211.20616,11.39551
226.63635,21.70367
302.48129,-19.91085
308.13153,-34.24158
311.16437,-20.53491
345.1937,7.58298
352.56647,-33.07346
355.4621,-28.0247
3.67029,-37.65735
27.68202,-12.03566
88.46654,48.53902
92.20934,-17.46589
95.42256,-65.17805
111.09641,49.30139
114.447,28.64389
146.60265,-12.93487
173.84666,-46.29324
200.06137,33.14339
208.49139,-27.45683
215.82106,-14.04434
215.88257,-47.97793
223.79765,79.31245
248.96461,-28.08764
292.03796,-29.51391
308.28897,-31.29819
5.21571,21.53657
24.88051,-46.98549
30.33745,-1.30322
33.70499,-24.8507
36.2446,52.03026
54.11574,48.50498
55.5427,-6.76532
60.06846,-61.53659
67.34488,-62.88894
73.28757,-50.07758
92.235,31.79016
93.89392,-47.99346
121.99877,62.7373
144.5766,4.09422
192.776,-47.64948
198.93558,52.20364
199.44208,-15.50852
201.84358,-25.39604
208.11725,1.94505
219.38432,-42.15449
236.24377,16.96218
249.76155,-65.08545
262.64548,16.28874
301.1394,-11.23105
329.18259,-28.41416
354.82407,25.02051
30.31025,-31.72856
41.17823,17.16996
44.97872,24.22539
49.85686,40.47896
65.62105,-56.33769
79.7922,65.46999
120.15271,22.40006
130.81668,13.08587
141.44579,2.22906
151.1088,-28.44404
161.86859,36.82407
199.43834,27.56983
236.63937,-28.99984
252.27872,-25.74571
258.04779,-71.6732
260.92599,-64.95802
273.32507,7.5059
310.83572,-4.4998
328.09766,3.42715
332.56873,-44.73008
336.69318,-15.02302
1.66731,26.15452
15.59147,-6.64615
37.34613,-42.986
61.48851,7.01503
80.15552,5.14713
98.52617,-35.21571
100.25059,-55.38961
100.339,-51.41276
108.18243,6.56583
110.38608,55.75745
112.76931,14.96188
122.34144,-17.93954
133.36423,-26.30009
152.72237,-40.34353
152.87659,-39.88125
164.55507,-26.30722
199.91904,-27.42896
204.65782,-24.14688
219.7545,30.95685
228.60304,-21.49671
228.8821,-43.89053
247.39293,-32.97378
252.69458,4.60468
254.40997,77.06281
269.74731,10.53913
278.69757,6.48812
281.38409,59.9811
306.86826,-52.36939
327.12799,-57.0568
351.41058,15.35448
358.18411,27.13236
3.94373,-59.22807
18.92855,55.99653
23.1145,-38.67966
23.78675,31.03865
24.90771,7.23732
34.72557,42.57773
40.3488,36.96392
47.42808,40.97421
50.37006,41.53694
94.06271,-13.61151
103.70369,23.50189
126.58007,-20.84785
132.50742,-19.73966
171.37869,35.50469
176.22577,-44.09885
192.61696,27.43487
204.14023,44.59921
209.59148,8.25476
239.33737,47.16648
249.62309,-64.30463
253.48643,-16.11978
267.24316,-2.05299
274.77234,-37.68488
290.46494,27.10038
322.80954,33.36454
18.98733,-6.383
80.05238,5.83758
115.68324,-65.31673
139.52356,-12.09552
154.00053,-41.55544
163.64787,56.99071
171.10266,51.23492
176.33388,-34.4332
192.67844,-8.76531
193.85364,52.26767
199.08932,13.50187
286.24536,-58.5794
315.70264,13.1364
316.41113,-42.78131
329.38901,-14.0397
348.43317,49.67652
351.65652,-61.10041
19.97248,32.46735
42.64809,-31.52008
52.66026,-52.61937
62.42136,-67.28543
80.53362,-2.95884
81.384,0.53596
84.34899,51.63375
85.94198,-62.31699
87.22076,-25.6348
89.90124,42.96824
109.63631,-65.79852
129.20366,-7.17128
130.86023,-53.69593
144.33043,33.82356
154.05623,-29.20368
155.34714,-4.8393
172.77573,-52.21712
182.20795,42.24866
189.30649,49.44831
189.50211,-20.13075
201.57814,-30.96042
209.5584,5.40827
209.92499,-25.3785
210.65961,18.5231
231.26965,-47.00864
232.08224,-39.08447
238.89993,-60.94104
242.28554,12.08494
297.64853,-39.4761
301.65906,-1.73319
334.62506,-55.17773
8.97701,31.8733
20.95726,7.78607
28.66837,-62.1049
49.9411,41.97644
52.09042,-70.81752
74.26868,-18.28583
87.44855,-50.82935
93.77998,-19.41843
139.99608,-39.17477
143.37825,-59.00761
171.04425,27.01433
192.66588,47.93355
199.41347,-14.28055
202.64014,-6.09225
204.6055,-31.26285
211.04533,33.30779
246.95413,62.69086
252.01978,-28.71728
260.85867,71.2628
270.28516,22.55264
287.5968,49.16803
290.48309,-59.77462
301.30948,-39.1529
318.30054,-58.42981
325.44528,-46.82106
332.41821,13.63573
338.61057,25.03041
350.08682,-5.22986
5.46416,22.39999
47.14143,3.90576
64.83706,2.5974
65.44845,-15.75549
82.4827,67.90761
100.09396,36.34373
104.80562,-29.16832
125.24494,-57.09267
138.60922,36.11223
140.92065,40.83352
172.42264,28.25986
174.12732,49.13126
219.16635,41.16031
231.43095,-17.24122
269.4454,4.6179
285.89835,-53.17178
306.42322,-17.44255
310.88211,15.12582
311.48724,28.53219
354.03394,9.43255
9.41615,10.35798
35.90677,-7.25901
40.14817,-20.39725
68.5265,73.29913
87.51526,-24.63707
118.30842,68.09728
123.88206,61.2683
131.67014,-4.44902
156.71588,41.88842
169.89557,-5.40305
175.20015,-69.12878
202.94612,59.17981
224.57991,53.23749
232.87825,-5.16095
240.74489,15.84288
255.43312,-28.57741
256.41049,25.20838
271.16006,20.09706
272.95004,21.42826
292.12039,-29.57956
296.63452,-27.91008
328.88559,42.96817
332.95538,2.43986
39.67954,14.70439
45.398,-9.91291
46.11513,7.60337
64.78931,-53.36314
66.71726,-13.24017
101.39667,29.22284
102.84882,36.91317
126.69675,-56.97106
148.89293,19.29629
149.19766,53.15231
159.12177,-27.39344
169.26447,36.1412
179.76151,-68.66433
180.77193,-45.33754
185.70813,-68.50457
187.27623,44.65521
207.34819,28.10736
214.69191,-36.10002
216.88138,-0.92243
223.55479,4.84159
225.17917,-48.04792
230.30879,-13.76061
231.12053,-23.10879
247.26776,-67.45974
255.37253,48.42592
260.70544,60.44481
315.08469,35.29444
328.496,-29.28909
346.47253,16.89309
5.82848,-43.82842
21.79128,-20.40416
23.019,39.19571
62.96991,34.79779
93.53582,-58.69487
98.30485,-28.02715
127.33512,67.18291
132.81642,19.34204
147.38484,-14.11313
156.42659,-29.53209
175.14552,36.12831
186.69469,7.919
191.01326,41.16888
193.13763,-15.51691
199.25661,6.35713
227.91747,-44.95539
242.43867,-29.00692
248.10374,76.73955
248.26682,-59.47006
266.61612,30.70475
280.7627,37.39968
286.00522,40.74829
292.72021,-0.62437
297.9664,-30.80844
302.82401,-28.99617
303.99161,-43.49018
337.98077,34.35709
4.51253,-32.92928
21.3245,-1.51747
44.55455,-10.35058
79.31013,21.23279
91.12274,41.50909
95.38478,-15.65803
96.7066,-54.54287
119.10448,27.01251
169.67868,-46.67771
184.23805,-26.20934
188.47661,-12.02761
189.77621,-16.17977
191.73642,42.26656
204.03459,59.2064
218.81213,-69.7333
227.58946,-44.85633
244.90366,15.27825
273.05933,-73.25162
317.09622,-25.38997
0.22191,-47.3568
19.69096,14.99321
24.19164,-14.05289
27.98645,-16.78803
48.32233,9.33445
49.78904,-61.51449
82.63302,-16.77531
83.15317,66.03651
84.50466,49.73968
109.30731,-28.91688
110.78448,55.62733
137.75703,13.41411
150.20697,-64.06081
152.33049,-20.0026
165.65578,-7.51061
183.41354,-34.49457
273.02887,25.59539
305.88431,19.71007
339.3176,-43.70321
347.05148,13.03362
348.97162,5.1285
3.96906,19.7743
5.36903,22.55641
31.02077,-41.44309
82.42482,54.66244
88.7694,-71.50838
96.62391,-34.83973
101.44451,-31.2304
144.29204,16.97723
154.68411,-36.6875
155.99493,43.85577
162.19008,22.21792
176.02271,19.99613
183.81627,23.95819
197.85985,-0.24972
203.5153,4.75373
209.62233,17.39197
223.27808,-7.02086
223.74838,18.03727
331.44034,16.76776
345.99133,27.30227
7.62777,23.11683
83.23965,13.75252
86.45899,-7.63168
135.55212,-58.91322
138.97263,-32.19331
142.44662,21.44246
145.24808,-11.08984
155.04605,27.81703
182.71344,-55.34542
186.08891,60.1114
204.17506,34.74633
204.19913,-18.3143
204.34689,3.8974
216.90573,16.89989
228.61369,20.78932
238.61389,-7.8535
242.55063,-61.26693
297.27719,-4.93198
350.45532,3.82856
350.84128,24.75082
12.09707,7.32763
13.68832,16.4381
33.28888,27.95145
40.32665,45.84037
40.88612,31.78997
56.51381,-3.20906
57.02998,42.13232
76.07395,4.65138
86.13844,79.58923
93.69135,-63.00225
94.01682,47.15819
101.01438,-55.9086
121.03329,62.98389
122.37618,5.28068
141.81134,-36.8339
174.26741,24.09627
194.39938,27.49326
194.73253,27.83312
200.05794,-14.29573
204.17128,-16.98743
227.24992,-11.99677
241.63419,17.71388
244.64378,-15.29424
279.14664,14.86098
315.78339,-13.86098
331.13171,44.72404
334.1282,36.45863
352.37009,10.5328
357.60303,-27.94053
35.01254,41.70341
36.86799,36.5718
52.57351,8.64834
54.83789,36.90905
67.95331,1.76677
80.34051,-73.93932
102.22943,50.37498
104.6772,25.19681
121.82198,8.86913
138.25916,49.63966
167.35532,-0.09766
183.20413,52.90334
191.20444,-40.7143
192.84915,78.71011
218.00407,36.3053
237.64203,28.63848
316.78397,11.00081
339.89758,11.08325
353.36252,14.33519
10.92497,23.47627
107.45129,63.0258
128.59464,48.08806
131.87439,-11.36483
132.58432,-16.57947
145.80025,0.41409
166.76732,45.82221
178.75961,27.29781
181.34659,17.88597
182.56113,23.88802
195.17818,27.97127
197.31226,8.53167
218.54079,27.94671
226.98589,52.52249
230.33566,30.67095
250.78938,45.84578
267.22586,-62.72507
270.4053,-41.56548
301.52249,13.55536
319.61914,-70.72581
344.77417,6.6686
0.30916,34.67575
17.07772,-47.07212
29.27188,-0.46821
32.83055,15.8838
36.72751,23.79966
43.23293,52.34762
48.61514,-8.93916
56.47855,-36.35697
58.42694,37.23546
58.79504,-10.151
60.87442,26.36281
64.50788,58.47869
91.9362,-23.48664
99.12796,-37.78416
100.91393,-27.20495
102.2347,-10.62572
105.46932,47.66601
127.77951,9.49535
139.86075,-59.57367
151.24767,79.27154
155.28661,16.29951
165.50789,-6.96702
174.22755,17.8886
213.10184,18.41176
219.17522,9.92923
226.4857,3.70736
235.09531,-33.95445
245.46764,38.93242
255.63678,-69.29355
314.75201,-39.46159
330.86731,-10.71708
43.67333,39.37543
50.67152,-4.18655
58.73118,18.38415
77.84534,-22.24661
88.60532,-35.04317
99.25058,38.01905
119.23119,58.87814
161.0674,-11.24255
165.18912,-6.57849
172.89859,-37.80902
175.02806,-51.695
185.44011,10.59557
191.13554,56.15019
200.73712,-50.00697
209.62833,-12.6052
290.18457,74.5462
301.63577,6.67921
302.49545,-48.35731
312.52795,-51.90077
324.50244,14.56492
334.16727,-21.48594
349.40161,14.001
351.82846,37.22184
358.4552,-0.97455
9.72716,48.46752
103.32749,-59.17779
121.86511,25.13314
126.50238,40.98103
135.59497,14.52542
204.35814,-23.65564
209.22462,-35.04399
221.1394,-3.22687
237.20883,-34.76628
268.25327,-2.15148
269.80814,10.91189
320.29343,82.31692
328.207,75.49438
356.34653,-38.33662
8.58188,-31.59468
14.39601,-16.49468
24.72823,15.02162
128.32722,-2.51481
155.88811,18.11139
164.88031,75.19128
173.90134,13.68076
174.87421,26.30916
201.61826,-53.91117
212.61182,-0.83236
216.07268,29.63585
218.98177,36.71955
225.30751,-47.98671
251.81166,40.24512
256.72794,30.26974
309.84531,29.55769
312.94348,-3.78664
319.57513,-37.57455
330.4082,-21.51117
347.07062,-37.77075
351.84149,15.4104
13.43105,-27.04973
70.45338,-8.0905
82.18642,49.88341
89.59119,11.00724
112.20499,-60.03153
126.2208,-23.22018
149.92769,-31.21623
166.97321,66.60466
197.10201,35.20643
212.67537,21.95682
224.37881,8.39073
230.14542,25.73696
242.32368,-68.04494
268.83752,31.84719
303.21191,79.40642
331.32742,34.98924
333.29919,-48.84335
21.31755,-11.91394
102.00043,51.1504
111.19801,7.1999
129.50574,-9.81952
130.59851,41.90898
134.42418,43.12746
140.85202,-31.00487
153.57829,-64.90626
170.15906,-7.30517
173.03188,-41.428
175.60201,20.11941
200.26093,33.3395
216.88162,69.93626
217.3887,-9.56124
218.56995,-6.87698
221.04832,19.02027
231.77803,-23.67164
296.86478,-38.3024
302.44775,71.31311
320.15518,1.09247
326.37302,-51.607
13.94374,-37.40775
20.46319,33.28267
35.65595,25.93982
42.10846,-29.59431
45.16772,32.6563
45.40171,44.40353
46.91682,35.68869
142.88675,69.75874
153.33296,-35.98269
154.82451,-71.94608
161.66219,11.76524
209.1541,-70.92752
242.07205,7.53855
266.20352,61.91056
276.11075,20.90255
309.78003,-20.24084
323.64197,18.95085
334.00897,-41.05769
7.20134,11.64249
21.26231,0.44443
33.31836,-29.72394
38.95713,24.45726
55.48365,-18.89516
55.87371,-53.69214
62.21183,-21.72123
64.00674,22.69619
83.5829,6.79085
85.58326,-55.09784
87.81734,-34.90123
92.39767,-62.11204
95.16248,-36.67123
109.3933,-45.77191
138.32399,-30.62277
177.94756,-45.91359
203.10728,-33.13604
205.95178,-39.13768
217.82826,3.5073
222.98889,51.26488
224.6337,-51.9542
244.35674,35.13573
244.72746,35.15388
250.73459,43.99695
273.26569,-52.72502
327.56384,-17.17614
348.88788,19.04813
356.23807,30.04191
9.91606,3.53629
18.74242,-7.65956
29.46253,44.91858
40.47727,46.67089
41.9086,16.83583
75.10862,51.62708
82.46072,21.91492
142.31451,-65.15714
186.58545,7.46011
188.96944,26.99204
194.23334,84.10255
203.10457,-48.60636
208.64105,71.27599
230.34892,-29.87063
247.70448,-78.66438
281.48285,31.63928
311.32675,-35.2407
320.85144,2.19237
322.95117,39.68169
343.95969,2.11702
71.57073,76.4189
93.89482,-29.26291
95.71441,-64.57461
125.25338,55.20024
125.36652,3.16928
132.11346,19.01945
136.72,41.40833
199.05865,-6.70519
205.44217,-25.79458
208.51936,13.59384
210.78365,-34.09863
221.28371,19.43157
231.30164,-1.81106
231.4691,7.81967
257.55734,39.01463
288.87878,-45.49675
328.85706,34.51112
346.1582,48.79375
351.23688,9.47506
9.37818,-48.94683
9.78499,-14.17283
18.40725,-61.57898
37.31711,-48.49125
40.07995,32.26225
42.72013,-22.97305
57.7847,35.66232
85.16621,16.46119
103.33843,30.27765
120.38464,42.00235
136.16257,18.46442
154.41603,74.34739
178.09593,-5.67366
201.58539,-22.63136
213.82405,-54.32938
215.05452,7.05539
230.37077,15.13755
249.4534,-62.23018
266.81946,61.30898
267.73166,17.14096
288.22101,-60.38633
289.64758,52.37024
296.79758,62.52494
312.98688,-52.75307
315.76767,-47.14579
316.60205,-49.04583
319.45624,-66.42767
322.25977,-52.76735
328.88721,-69.79559
336.64838,-3.69879
340.54196,35.92759
348.2048,9.17737
68.31496,11.9347
78.03617,5.46202
106.1373,45.33783
120.78313,-71.34181
159.01654,81.54002
170.44685,-4.34428
173.26624,-55.55061
186.44287,45.29019
217.65044,11.87667
223.18022,16.90376
224.61058,8.20837
230.46609,7.70886
248.24559,23.19742
248.78833,46.21391
254.78607,28.99199
276.38141,30.44637
297.38171,-70.22743
308.01822,-20.7016
308.87219,-57.92729
324.37918,-29.44454
326.21909,-3.61973
337.79468,35.37518
348.39456,13.98675
8.74715,-2.83964
9.5967,29.47258
33.7692,-20.76771
35.89206,26.55705
54.91285,45.73001
58.35567,17.17952
71.04755,-41.49757
71.53017,-15.82115
88.53384,9.81364
92.45042,-24.69029
93.17442,38.70051
116.04488,9.23443
163.20016,-45.67743
165.09909,-9.98247
192.09488,-41.12305
304.27145,-43.58494
307.68378,-31.66828
312.66031,-52.5143
316.22168,-48.95307
320.88901,17.5837
331.85095,7.03998
345.17004,8.46775
52.21708,11.71888
71.9885,11.80976
78.35465,20.55708
80.62476,5.57118
81.28486,-33.43722
88.74472,39.09269
128.4397,56.81926
129.09431,-57.32597
151.68771,31.09772
157.46124,69.08405
159.92639,26.72756
198.86375,-32.71002
228.35991,-7.36109
247.62213,7.97882
317.91187,57.28497
318.12805,22.88243
336.00021,-11.14136
337.06299,-22.90251
342.14099,-39.64899
344.92435,26.20487
353.14401,6.85053
356.44003,29.59978
357.09442,-8.5016
17.35808,16.96051
40.86185,16.66283
41.1039,37.49208
45.85164,-61.16279
65.55327,14.69696
70.74551,-12.77095
75.355,-44.88068
79.86958,51.68541
80.6096,51.17835
107.42397,36.36919
109.07137,-36.27515
114.51102,59.53367
154.97011,63.95148
175.81766,19.74875
176.12003,-3.57094
196.70477,82.86659
201.22894,-32.42646
220.87839,11.2027
230.75642,-1.34717
243.64705,34.22247
261.33615,60.02024
302.82019,-71.01294
315.31854,-13.38029
328.91776,24.89782
349.62598,9.93241
3.31435,-49.34082
7.61943,5.86123
11.61738,31.80903
29.07734,4.07628
71.54406,-70.9182
79.01447,51.78613
87.08165,-25.28162
98.73493,24.67993
110.33363,-1.79904
122.91586,-20.64014
130.32629,-4.71422
153.92607,55.6675
155.23804,25.36484
156.85771,20.44757
161.09593,18.48767
197.67337,20.53678
205.06706,5.07627
238.8757,-31.25072
241.69725,-1.1016
269.87576,42.51527
304.67279,59.47004
304.93417,20.52875
0.02651,53.32041
15.16543,30.12476
30.50412,-2.83811
34.06015,18.31109
49.83711,-53.77586
64.43499,1.56473
66.83203,-51.55223
75.92972,-27.24533
100.19875,33.59856
141.82948,-17.01473
149.96324,-40.07769
161.87708,-1.49251
174.58804,47.43732
174.81807,-53.55359
176.02309,29.87317
181.46448,20.52198
183.53067,-12.58601
189.1268,48.50264
201.7511,-43.9964
202.63654,-31.57605
209.11926,-33.65251
245.7989,1.75439
267.08984,54.14903
268.83981,87.7291
270.44138,28.42442
296.31842,-34.74827
308.50482,-44.27856
336.61337,3.47263
0.12003,32.78236
4.10036,28.97652
4.77461,-61.39713
40.8611,41.40676
43.22958,52.05793
47.38905,-9.81698
53.65672,3.593
54.81596,48.47412
66.85635,-43.09412
82.56892,-18.01236
104.16608,25.22335
115.12925,69.92484
128.63968,75.15316
149.87497,-12.33833
153.62216,65.93657
175.52177,-16.46311
177.56578,43.73516
190.11685,-48.50957
190.78674,-22.16925
196.42094,33.17889
226.53403,-39.9179
226.5928,-1.75181
237.17973,-2.99288
248.02191,13.64741
255.4155,-62.75297
256.79184,34.26978
261.63031,71.09627
263.85974,-67.3693
315.37579,-39.36535
358.7905,43.90444
359.2417,10.82447
29.20951,31.70319
60.12249,-49.02985
71.14503,-8.47872
87.86227,48.63824
97.07719,24.29305
109.30611,-28.32044
120.37564,56.90136
136.13959,51.61419
142.07404,-59.11565
150.12743,-7.8856
169.74501,22.88649
177.08665,-46.29817
197.76176,78.41328
215.13924,-33.34605
224.16592,6.46067
224.74963,48.40985
227.82138,-9.87554
261.55707,62.14954
266.16089,56.49608
300.61682,1.64765
344.73889,20.39128
352.74188,-78.843
354.79962,27.11535
357.5654,-16.58996
0.26987,4.5406
36.49036,-24.70961
36.8639,24.25879
44.1369,15.91029
75.89561,20.25475
83.31567,-48.69562
96.37614,-23.28128
97.35005,-28.9386
110.33952,47.14005
152.39153,-34.9635
158.46042,40.29131
167.00479,14.10351
175.09099,-46.83514
207.63589,-30.04867
214.4969,80.11723
237.48886,20.80518
256.70807,2.24423
262.65332,74.37614
272.74438,49.52885
348.44049,52.20176
65.33331,-18.81089
79.90997,-24.89291
85.92145,0.97731
138.90396,-64.58762
170.51289,34.31473
179.37686,32.33416
182.5168,-46.60756
184.73381,8.96158
184.80319,49.35751
208.1658,-1.99767
227.37648,46.49262
230.31287,-37.03348
232.18329,7.38803
244.01076,-28.74984
256.71127,-18.71047
263.01352,-17.07261
287.85995,-52.86918
287.92767,-17.16807
358.39386,50.5265
1.83666,-28.11865
2.14909,-5.21675
7.71171,-12.72008
12.8797,-37.6554
30.98415,19.66871
41.3526,2.88053
42.14837,12.00865
45.86126,45.25488
52.21115,-23.47732
73.05478,64.03745
88.24211,-28.3504
96.35775,-35.55983
108.5659,-31.56633
129.08261,-20.28524
175.2438,-46.57043
199.25021,34.10176
222.6519,-18.15117
243.8143,-60.93758
277.93744,32.09098
290.50726,-4.20057
318.00534,11.4956
324.86148,2.82711
333.23718,38.68997
339.30142,52.24397
352.16266,35.42658
353.15131,-28.52487
20.47954,-16.37036
26.44844,-27.91656
32.01646,28.33214
32.66259,41.51821
37.45698,-42.96212
55.68673,43.8861
55.8085,-4.73007
57.25367,-22.24051
58.298,-70.53053
68.21932,-14.95786
87.31941,60.67318
96.47829,-73.72591
141.15715,49.35712
166.83197,46.38333
177.36319,-68.69388
186.45384,33.54675
193.05386,-13.41082
211.21564,-0.64166
212.13745,11.81629
265.30219,45.15201
301.50253,-10.43431
311.24619,-76.9847
319.40536,-37.60144
23.59487,-32.8354
51.943,9.11516
56.96199,-2.15508
75.29057,-22.81602
78.19714,-2.23033
108.71751,36.07936
118.29601,9.39925
150.2984,0.22573
176.37628,-43.57385
185.05966,17.34664
215.42107,-29.888
218.94762,-5.40264
221.1124,-31.14365
222.03207,48.09378
228.00867,32.91535
233.4409,-32.00472
259.96262,-19.04219
280.55096,-42.39311
293.4017,-59.78735
305.86053,-46.77123
321.03915,-74.76496
336.62665,-6.39436
338.28812,39.15572
2.85506,-48.73351
5.79157,46.70145
8.45918,-53.63065
26.12398,12.42945
28.22473,36.05288
40.71704,7.59775
48.21216,18.79451
69.26207,16.40569
72.59679,12.01697
76.13709,-29.07005
80.98505,-17.26037
88.89697,-2.59241
92.59463,-49.81509
95.70065,46.6088
103.47858,19.29968
108.59097,35.39877
108.84325,36.03827
130.26132,59.93633
145.759,14.14951
174.16478,6.29193
174.63863,-1.18449
174.94815,19.93336
203.23978,32.60514
246.89929,-65.41264
249.31848,44.41826
304.58261,22.39405
342.56531,-42.78353
351.88098,12.3852
359.66879,-17.55886
11.38974,55.22472
25.11646,-4.77728
38.52974,-11.04068
53.37849,48.47782
67.04282,-17.52341
73.78958,-16.14982
79.34544,6.87739
98.50908,58.86146
99.09081,-55.52843
110.56863,-47.52189
120.2968,-46.45532
133.05685,-22.32863
133.47968,52.40042
133.89011,-8.09518
148.01848,-4.99673
154.77734,66.71984
162.7433,25.22805
165.2998,-50.90002
227.57671,7.70552
288.74026,-25.86705
289.50055,-5.31946
305.12067,-51.62297
312.9902,-52.80183
317.08051,-36.38905
317.68942,-23.13514
317.77075,-29.99802
320.15005,-32.38493
321.19183,-42.60434
353.59637,34.6249
358.37259,11.31763
6.89788,8.87751
11.79291,23.0738
13.76008,-13.67819
20.73791,9.46888
40.15107,45.65337
48.93021,8.48055
51.98969,40.39076
60.65788,25.23283
65.25365,40.71144
109.33523,-34.95824
136.19675,22.02842
152.43657,-43.78146
157.58145,-34.40492
163.45998,-11.72559
171.70258,-5.00399
176.68834,-3.84806
177.5894,-34.13783
192.58295,27.32401
193.7348,-26.95054
197.72705,-26.09229
199.201,33.97886
228.39218,5.44749
232.81139,-46.59076
255.4893,6.66598
281.84607,-63.31035
287.3385,43.06432
294.77023,32.90601
298.0784,-35.78588
317.91681,-23.1616
329.64993,12.03897
333.31189,-53.22845
352.58197,13.44926
352.89697,44.91245
22.15332,-1.73166
33.67454,51.23588
56.95373,-20.04247
66.55932,25.37907
72.14169,-47.81644
73.7506,-26.03515
82.30606,-19.46609
91.64566,-63.68198
101.43156,-14.19398
111.72141,-35.32883
122.93896,63.49498
123.36024,-60.7835
129.34538,-20.49846
135.93851,-4.37406
138.09549,12.498
156.87485,-18.80938
160.01828,-30.2672
162.89034,76.91961
164.9711,50.01525
169.47908,-2.092
170.50946,50.59367
173.80545,-13.55152
176.95607,-33.37076
188.97861,-2.38579
209.10358,-0.24756
210.33284,-25.43677
214.76607,7.03169
233.12775,-46.9595
233.19484,-7.55146
241.90532,45.06541
242.7814,38.25136
251.25661,51.26037
255.57466,10.68172
268.42929,-0.43798
279.38446,33.28097
301.95251,-20.253
302.68686,17.73862
345.66794,13.329
350.86273,14.32574
1.09063,-8.04318
3.20883,77.79539
8.47188,-2.85607
20.08298,16.02017
38.02977,-1.36197
44.29973,7.73399
54.21873,13.40661
60.07746,-67.80682
64.45922,13.41842
103.26292,-64.91827
109.21985,67.11118
154.76923,-48.11702
161.79683,30.72457
169.06111,-44.9726
174.54404,-32.86301
191.3037,1.80482
191.46812,-1.68029
201.64684,-26.74181
202.11833,-28.18782
232.29228,-39.25372
233.22043,0.46889
240.37723,15.50386
240.98059,11.72862
247.51138,23.35443
257.85172,-24.8788
275.20703,38.14267
292.33463,-32.19245
295.23114,-23.53047
306.08701,-1.85337
315.43332,-14.56292
316.82269,37.11411
324.2962,-83.72079
337.43661,7.98874
347.134,13.20979
0.10452,7.8538
1.92624,47.3465
2.79222,8.00165
43.16066,41.57826
49.05171,37.17745
63.87037,-52.6703
65.86766,-11.79004
75.94697,27.20832
102.41038,-57.25397
116.67274,18.73485
143.42769,-38.87159
147.61536,-21.80254
158.92557,-41.20099
167.60739,3.98658
175.77481,-51.78337
193.77617,79.44872
237.03706,68.20685
237.28236,44.69946
250.07253,-25.56182
265.36713,3.8143
276.25577,31.41276
313.04498,15.49948
320.11887,2.77621
325.06079,-14.23151
340.34113,9.74286
344.00763,12.76664
359.25287,-34.6806
0.59017,4.08975
10.59849,18.82178
17.06641,-61.77631
74.28897,-0.82704
104.59152,43.05278
160.07858,-48.56533
170.08629,-2.91637
172.41083,35.51469
189.89018,47.62328
190.27989,-40.8878
195.07961,-8.08739
199.49503,-0.31172
201.79924,-28.30665
204.08229,-31.00831
210.01855,12.11142
236.03564,72.43118
236.44127,2.40994
245.91095,35.01121
270.69061,26.23684
272.6217,49.92133
290.00748,-60.8187
332.7421,41.35021
0.28447,6.33717
3.33187,-37.51449
18.75346,-32.2438
23.73331,-43.71859
30.20781,48.2498
33.85862,-41.69469
51.24357,-37.00947
143.66096,5.84146
170.16277,52.62501
182.06389,25.81143
190.74474,-24.72769
205.59818,29.82487
214.59438,-28.23709
245.92358,9.74493
275.77884,-77.69698
278.31866,-47.18517
307.36258,-21.21405
323.10425,8.54512
340.80475,-25.82589
344.54144,29.22839
350.8049,-37.84043
359.11557,-34.5934
29.04183,10.79623
52.01461,-4.81826
72.57059,-14.34772
101.15765,-12.58461
121.05777,62.98161
168.75893,4.08547
185.53188,23.8696
193.24147,-48.06049
208.80252,25.02148
226.16196,38.01096
270.53949,12.86727
283.0397,72.99278
300.82449,-52.85177
301.40134,-42.70412
336.36777,39.25668
337.41315,-19.75054
34.664,-22.49608
47.63774,42.00059
69.08949,73.40837
70.3915,-23.13263
92.47472,-33.59225
95.10854,53.58072
98.33421,-56.19607
105.81045,54.63312
120.04294,-9.90165
142.66263,-36.4689
143.48698,51.5291
158.07196,27.66878
165.87166,-36.07311
173.90669,25.08862
176.12122,55.65211
184.71364,-6.76645
200.06146,30.98778
200.98361,-19.11075
207.02721,-30.53477
210.22234,-21.34147
217.09717,-3.60447
231.5619,-65.07974
237.91508,-63.70248
249.47722,6.2811
251.33554,-73.58723
296.5845,-55.72542
302.88943,-21.99466
330.76682,-9.97812
356.09714,-23.98769
0.97591,8.3028
16.32909,31.68217
16.50825,-23.41138
16.61903,24.8707
17.01974,33.45322
56.21198,3.3374
66.65717,-34.5647
77.85272,27.15227
93.10891,44.43889
96.34444,-37.45388
104.19119,-38.57152
104.20538,38.0284
122.01809,-15.57853
149.54819,15.94696
173.29289,-50.76942
187.18329,22.82156
188.82494,6.54338
230.46422,-17.72913
238.9173,-67.93047
249.90829,-20.61525
262.3793,43.59112
282.18542,31.07465
296.07928,44.16674
325.78479,44.9185
345.85892,86.76595
9.73974,25.63862
37.52762,38.10126
55.51283,-18.4836
84.73347,-63.06744
85.17136,50.18967
96.10211,-37.2901
115.09483,23.27504
115.28022,81.12963
125.15636,40.27848
132.97845,40.83594
136.24699,-12.46241
147.83281,57.94099
159.43076,-44.70553
167.68837,12.01615
175.16298,-55.86666
176.1132,32.67652
187.83049,-45.13994
191.82237,-45.04257
192.04919,-4.35043
194.10878,79.03658
194.99838,37.19336
202.37213,11.62483
229.5755,-32.24943
230.06429,-69.02895
239.10585,-8.93618
246.11571,-64.71233
254.47035,28.12851
275.28189,-76.69504
283.90649,-34.72314
287.1698,43.34341
301.63257,10.30236
307.04605,-18.29149
317.50195,-37.50378
344.3963,-34.08758
5.38953,22.59196
8.56939,5.54802
15.18805,78.05929
18.23807,-31.45012
35.13226,38.52404
35.98309,37.06276
77.92504,20.7295
88.7785,-48.86208
102.65946,45.96742
123.41469,58.13527
135.62245,3.38501
153.49666,38.65717
160.00682,-46.15172
172.14311,21.01073
205.75134,72.33109
213.45491,37.26897
227.8824,1.76388
227.92549,7.10638
234.22154,4.75793
244.28877,34.87889
248.44472,-57.54514
254.4196,40.72238
258.08691,-23.16802
279.31546,19.97853
285.65671,-37.97975
287.4707,-43.53598
300.0408,-50.04699
304.02478,-52.08653
327.48746,-52.70525
341.85416,-17.37272
354.4303,-0.51807
357.64355,33.58397
7.14566,-11.58669
18.46257,13.27184
48.05359,-1.06194
65.40422,-15.9938
78.39719,-17.64861
90.81855,49.54862
113.59812,-6.2959
138.86719,31.80696
162.28867,-29.52217
195.61656,-55.95049
203.72675,-8.4424
215.86317,1.72621
224.80054,-35.01075
228.25989,7.29296
237.74535,-26.06017
294.67255,-3.09694
297.11667,-23.41546
305.91235,-28.27784
313.39691,-14.50948
314.31223,-27.61917
316.77377,-48.88813
327.77023,1.98706
334.74426,-53.94742
20.9633,-27.78839
21.72844,13.04458
27.30376,33.09583
49.13264,-0.46807
59.3062,37.95454
65.57061,3.47973
69.91781,-13.25034
86.12497,-55.66215
123.33808,57.85227
157.81322,72.12645
169.82729,72.82401
172.72797,-4.92201
187.90482,-47.96721
202.12294,-24.91008
204.85291,-11.54691
215.49951,11.10023
241.81451,69.93147
245.91168,11.78633
283.58313,-55.63464
315.44931,-13.11464
3.55277,28.5451
22.16486,48.21785
40.65984,-15.21663
40.70037,3.08416
43.90112,-10.14003
44.07599,31.89715
44.26322,-34.52544
62.13568,-30.82207
73.46595,3.74183
79.49966,-33.91219
91.00046,46.92518
104.08895,-62.84626
104.65977,-28.57523
137.35577,-64.12701
156.0419,78.62894
157.45538,51.80175
161.16107,-28.90535
194.94646,27.71032
209.8584,12.7885
212.31831,-29.19513
296.01883,7.87044
318.81229,-65.93713
347.96191,-72.0882
347.96536,24.01033
354.45432,-37.22642
358.55707,-10.41903
358.74112,-34.60144
10.84836,50.67671
42.31481,29.95979
51.35293,40.53672
51.47511,-51.34317
69.53546,-2.1528
73.0576,22.15519
99.67607,-20.28682
105.25657,-49.17852
176.0789,19.84467
181.47366,-12.67318
199.62645,-21.44143
212.6657,-2.68347
256.146,4.27359
261.81387,-64.26943
265.29095,66.67921
266.66483,51.28136
267.70801,-6.53944
271.78833,-58.06422
294.42822,-52.84275
316.7496,39.71479
331.59116,-8.09001
347.58633,7.37066
351.14716,6.0821
4.60807,-83.11095
20.05447,33.50641
41.63823,-73.6946
78.39836,-56.13954
96.75523,-12.52792
110.80258,2.75417
115.17763,23.62622
128.34439,52.53235
132.70137,-65.7608
144.21855,37.69484
161.38452,24.15009
168.6806,4.02456
188.4863,15.35456
192.85278,-9.40829
195.48074,-6.92611
195.77644,-5.97799
207.62495,19.29767
211.98668,-33.48209
213.0878,8.50866
217.45187,53.96505
219.13333,41.68571
253.4944,-62.99732
288.08835,-57.2023
315.40427,-13.96068
335.47299,-25.59028
351.60355,-39.22661
6.24962,6.6648
9.39208,9.55685
14.9962,-13.99531
20.64593,-4.23505
58.42823,42.00795
58.53203,15.99004
67.7846,-63.32369
98.0979,35.18991
98.89974,26.27719
101.9846,-60.64143
104.99529,34.08356
126.64993,22.95088
137.87866,28.82661
154.67587,-18.22839
162.63095,20.33335
193.56677,27.3037
217.19394,30.41293
223.42805,3.58227
243.83377,26.6245
257.89993,-23.05165
267.71985,47.19734
269.0751,13.19024
324.64011,44.15908
333.75659,35.88871
348.6673,28.55734
352.23544,9.69932
356.20175,4.73561
3.26212,-24.21465
15.19995,-51.81559
17.7818,33.22702
22.89708,55.56797
83.99175,-51.62519
84.6044,-34.73996
98.21664,-25.72255
144.4995,-60.53828
173.83507,-33.03424
220.18967,-35.14806
232.90341,7.31242
241.40895,17.76794
241.9671,1.40387
328.9119,-54.87619
343.60516,-20.3629
352.90451,8.60041
15.34859,31.04083
18.03926,-32.24236
20.63632,-29.9825
29.95781,-7.05928
42.05794,18.26119
65.50893,-3.67189
70.45428,5.17905
81.25994,-20.45037
86.94617,-35.31501
87.49406,15.01936
89.85257,62.99493
108.80534,-38.3664
109.77225,-59.00937
121.37005,37.55783
121.63767,4.57805
127.85107,-4.03598
135.21454,-22.61316
142.74223,-12.69639
147.17046,9.00882
151.69939,14.31417
173.64796,20.36969
185.84,-5.68353
196.4482,27.73414
200.929,-30.05669
251.15479,-64.33036
266.80722,7.82661
279.16415,-77.28805
307.77341,-52.61337
308.18002,-56.99536
308.35712,64.94501
312.0448,-19.85608
314.09586,-14.30431
318.58939,-73.77383
323.73462,-29.72993
354.76004,-25.66995
357.65909,-28.43463
2.12929,53.03038
9.15681,-56.90658
21.98743,2.14237
33.08203,-0.81154
34.17061,29.96712
37.49518,-13.26413
41.65677,-26.97194
50.48382,-3.10782
54.98712,10.94225
65.30914,35.92236
77.83263,51.53415
88.55286,60.57592
110.43435,55.3887
111.10592,-31.87036
126.10765,4.24769
129.81595,28.84413
141.59073,22.13025
144.99686,-33.11855
180.52631,-32.00813
195.16359,-14.66624
226.68094,5.32715
250.66193,-15.50824
260.0311,-0.85448
264.96729,-3.50963
295.29044,-6.716
308.82529,-49.86546
309.62372,10.54741
325.38385,17.02321
340.29962,1.77256
353.289,4.55253
1.55219,-22.85259
9.38873,51.21567
13.19237,-22.97496
17.59298,3.51964
19.70175,-53.29265
31.85575,32.95203
78.08593,-26.05795
83.67439,13.28997
127.21947,58.20389
158.8376,3.55831
174.26793,12.92662
176.3416,-54.1941
196.76143,13.63736
199.77605,7.83099
212.57741,-8.16612
219.14098,-28.83857
224.17409,-37.49018
227.12105,21.94776
228.5631,20.47871
244.65189,-59.45481
266.86252,40.35461
284.1387,51.0159
295.64749,42.79182
306.37296,-15.85373
314.61545,23.99232
320.12982,-43.44817
353.88412,-19.39682
7.9023,-10.88823
11.96979,38.42064
33.29546,14.018
45.87695,-61.13899
52.6987,-73.78427
58.57863,41.30188
75.283,-23.74097
82.6488,53.15911
89.78184,78.50967
110.22635,-33.97524
149.05003,75.86651
163.89365,-48.24682
190.79129,-1.44122
192.37062,-8.85062
224.62294,-6.81913
268.81992,62.66987
279.94287,-63.2005
305.51331,-47.48083
307.82724,24.60095
310.16345,-20.73979
314.98718,-55.56196
329.09851,1.36395
333.12579,40.30799
2.72603,-21.06745
7.11852,23.49715
13.17684,-55.52396
38.42718,37.66744
41.64835,1.44287
42.46114,13.14536
57.24309,-1.14473
58.90968,41.6379
92.70715,35.64503
106.76952,-49.1768
115.86656,-52.90826
140.87119,25.76954
165.8858,-1.50978
211.43407,-39.77595
217.1535,38.99919
241.40335,17.80212
247.03008,52.38339
261.09583,49.92922
280.02042,-42.16501
344.90518,2.34458
357.69592,-2.18822
359.9606,32.70236
8.72828,-12.49828
9.02749,-32.60322
28.21092,36.22345
41.98808,37.56963
44.26811,-7.68561
62.36124,36.99597
109.46258,85.00475
133.53618,17.43003
156.23418,20.40277
176.21028,-1.60124
196.23926,12.07903
202.47835,-29.49693
222.16135,-85.89596
239.48486,28.79559
259.21213,-23.40209
263.28,43.82208
273.76544,29.76973
294.24991,0.24647
296.01929,8.32765
316.78687,-24.04442
316.95581,-10.40854
348.1171,-61.52133
19.27662,-13.99774
28.45575,-35.85617
68.81817,-25.99282
85.71956,69.8927
96.50188,-27.52003
128.00232,-4.20617
128.61746,-4.14732
148.1512,9.882
154.35832,17.09708
176.08505,19.98083
183.93542,-34.89865
196.63431,-40.31868
207.63875,16.10202
216.81058,11.33917
217.97037,7.32087
220.85684,4.37912
240.0313,52.36108
241.93503,-63.53506
257.8241,49.98771
276.03687,46.67139
283.91202,-23.40526
305.74631,-20.94892
310.48767,-19.63305
310.86172,-10.0318
311.79373,0.36331
320.87631,-7.74597
326.81909,10.24117
335.59967,5.13911
336.07739,-55.24765
343.76294,13.2205
5.37097,22.50586
13.63467,-40.71605
14.45224,-67.04009
18.7664,-31.78389
37.68895,-13.98099
45.85185,-50.49528
81.0288,-12.16912
121.96056,56.69342
131.65096,-25.35395
140.62265,50.43011
141.09528,28.29298
144.15495,48.47436
153.00871,-2.14611
159.5397,-50.15964
181.40714,1.82817
205.63382,-38.17329
205.95992,-19.8844
207.1498,33.51176
210.52612,-1.39643
221.97638,13.66168
232.61786,-2.27053
288.77551,-17.2309
294.56958,-38.89476
300.85239,-25.90915
306.91486,10.75726
316.51901,15.97284
317.93262,37.5289
331.63599,44.71896
355.6326,-42.93409
8.79673,-43.98501
10.70407,23.49017
11.86295,-48.23682
17.30621,31.97943
25.52511,7.66491
38.64985,11.72312
48.14986,19.83223
51.2336,-2.82222
54.15031,-15.89666
92.71267,-50.69351
99.32451,-55.36137
116.78265,43.314
144.75647,17.02522
196.10002,55.36823
209.01842,38.30408
212.20091,35.61297
226.43149,44.40497
240.53551,-36.27352
241.9482,-2.70482
245.43242,-27.83124
245.88388,7.85112
248.4568,39.26326
258.13205,-25.20182
265.88846,8.74122
269.52902,21.27211
302.48843,4.99305
316.71759,-44.90276
3.81853,-57.24474
31.8694,9.1683
44.11588,16.00817
45.47173,-1.75762
46.64562,7.84233
58.51039,-77.68716
96.65767,-29.93381
108.78479,55.41953
109.51798,68.3427
114.40279,-69.75365
165.70398,-46.89753
176.64743,61.75038
176.88863,23.62218
189.65253,-28.9488
191.17183,26.41967
193.95816,-13.32145
195.04422,-57.64959
197.25116,-51.89846
210.49025,46.31184
243.48828,65.71941
250.79355,42.19278
258.6525,41.40948
268.83127,28.67901
269.36502,14.20049
290.53091,-30.38317
320.34985,-52.89228
332.15054,-72.04914
333.56598,-54.12043
334.77631,-24.18239
335.31485,-48.35143
17.77319,-18.14824
32.42484,15.03831
36.7215,41.68951
43.46112,8.66038
51.70901,-4.3668
57.37595,13.84246
79.78614,-43.15844
86.28777,17.60977
116.90984,-73.43143
150.29042,22.40232
155.37694,37.75663
172.36884,-10.01709
183.8614,-38.14416
222.37044,-80.77034
242.56091,1.05565
242.82088,13.86607
243.00006,-63.17098
261.30438,72.8985
279.0545,-40.74039
304.7554,-52.90564
310.53571,-24.21559
323.08395,-23.10275
333.75583,-5.05335
14.08645,13.86211
17.34508,-46.66191
17.50492,0.41172
23.94752,-47.19159
30.22667,-34.73467
31.58085,9.22742
32.1683,35.91954
40.44139,9.75412
44.32731,44.7417
54.74853,10.41194
69.4636,-62.22773
99.357,-48.05005
130.14342,2.61129
136.18578,18.8112
141.32448,-34.09906
150.59251,-38.54654
191.81363,10.20348
194.0079,-8.12876
195.12465,-22.1106
202.5799,11.51184
250.70775,-61.09045
254.17436,26.83854
272.94443,24.95151
304.59225,-41.89654
307.97699,18.41885
328.90732,17.70344
345.78934,20.018
22.18002,12.3504
42.42452,46.57617
46.15243,-0.03747
49.02425,-2.08063
57.99263,64.231
67.98056,1.1991
73.82008,-4.65267
74.8521,62.28659
75.36794,-11.1053
79.44088,-1.18685
101.45282,-62.38214
123.19785,44.35733
136.47189,-64.29834
142.92427,-61.59398
156.50146,70.29032
165.61469,-51.40402
168.13564,72.4987
176.40652,-51.08792
177.813,-6.10629
190.14601,-20.56227
206.31311,19.57872
221.63945,-38.70146
236.10652,55.66536
240.87225,-59.66325
268.23428,29.62531
297.34644,-10.96665
301.96536,-21.73281
311.96774,59.61974
318.59406,-8.9944
330.57529,-51.78503
336.66776,35.0578
347.63922,8.1407
26.74126,28.75615
37.35983,31.47165
50.17174,-49.25134
50.93082,-0.11838
120.85352,67.15679
159.08618,21.02285
163.83328,-5.81746
192.81439,-15.0424
205.03316,-51.03614
211.20015,30.74377
211.91356,54.79457
220.55286,-37.87924
222.61111,16.74521
232.31345,5.06007
241.51482,-35.873
243.56641,9.53712
255.51086,-2.85036
272.97879,7.73075
280.36652,32.35303
288.7851,42.06702
290.39676,-24.79558
293.30405,39.01677
312.25247,57.66521
327.82535,-0.95707
333.0752,11.49579
340.55225,-67.7855
345.82666,19.9558
356.23929,9.19309
20.67084,3.60148
44.88413,41.37593
51.31498,42.67325
59.75938,-60.6749
75.48309,-34.02859
89.1337,13.52712
104.33221,-46.98464
148.13673,15.82683
163.41063,26.90979
164.96231,-25.49565
173.29079,-52.74803
176.49945,20.43893
194.45497,-17.54527
195.25806,-35.93161
201.07997,-17.12834
211.09561,11.73575
235.15746,-68.83022
301.15775,-18.8235
310.91547,57.60819
319.29758,-31.30026
349.57166,-3.62667
351.33939,-57.79135
1.82128,27.67838
13.98203,-1.24717
20.56093,25.72979
30.13287,-58.18003
32.47758,29.51166
37.0843,-42.76375
69.31461,-18.90146
87.79934,7.47618
89.90509,-60.07302
90.28321,-21.73861
92.22902,-65.88216
162.11621,38.39721
163.11452,8.09406
165.73447,50.65928
171.43771,14.67665
181.06999,24.14699
192.86922,9.92263
220.86308,-23.44477
245.84572,50.47615
254.24615,-10.21321
257.35443,22.21405
259.73834,-2.39096
292.65445,43.42687
298.78409,68.38818
350.28281,29.54961
1.17492,9.77108
9.08351,-59.18644
9.1909,1.88646
25.35168,8.52546
32.6366,-6.61652
46.0259,-12.01546
47.59045,8.48558
83.6215,-30.68509
91.75719,-69.35495
92.7936,30.30035
97.58713,-32.28017
100.23067,-37.06374
125.05638,44.23033
130.26105,-33.05265
135.91631,3.36977
146.01006,10.98812
147.23077,-25.97451
162.6469,-12.89708
217.3103,44.69907
250.31982,13.39178
258.07904,-23.372
275.9653,-31.20167
279.98535,40.02642
299.64911,-52.58603
24.58688,7.53413
34.47608,-23.38407
44.92605,10.56948
49.40021,-1.7232
50.16805,-22.93139
66.18392,29.42122
120.83327,3.05226
129.54012,19.72563
136.51776,-34.60007
144.32822,-20.63622
148.47086,-14.21122
150.01863,-12.23389
155.75961,-39.16655
167.52483,-67.39423
174.34212,25.7413
175.99571,20.07705
176.57411,33.2045
177.20808,60.19552
191.76271,-8.736
196.34825,-47.68058
197.39983,-18.97236
245.73123,39.79166
246.13933,55.91455
255.24605,-18.80663
278.98444,-63.37667
304.33481,-5.36857
336.54843,-52.92613
336.8013,-12.64718
20.79836,33.52926
45.18328,-10.82256
45.19138,23.18588
49.39365,-1.69509
66.77018,-6.16492
83.39921,-30.34849
95.70719,29.36611
102.72669,-35.34893
116.28016,46.07237
134.6324,-22.48856
137.34395,15.79612
149.80423,57.95227
155.11804,53.85635
172.1295,9.10449
196.61113,45.28903
202.17363,-38.35882
206.55286,23.05375
208.38448,-35.60899
231.26668,48.45722
254.62338,20.04146
257.11758,-20.77408
262.59225,67.32261
275.74716,43.66069
305.74243,-34.39787
314.70776,-14.03957
317.34265,-23.24949
319.37122,-80.80237
329.85199,10.48445
341.70895,-65.27386
18.28992,2.28793
37.58965,35.32595
48.59886,5.5229
69.51791,60.67014
100.17771,-42.04758
114.61929,-81.72543
142.40788,62.54401
149.14655,10.09465
160.1187,13.62272
168.21086,-7.85684
174.27585,-32.82686
205.03789,36.86104
229.03687,-46.48045
244.47809,-34.31334
263.41614,36.56024
276.67157,42.67069
292.05896,-62.10132
301.68927,-20.28916
325.24072,73.9966
339.64514,35.34137
21.9002,55.26068
22.05399,-1.91551
27.13939,13.43082
38.35635,-43.51859
49.16389,-43.85472
60.27764,-16.11085
60.41991,23.11272
107.40836,46.08093
129.04523,-3.43388
133.54085,67.90772
183.99675,27.44219
200.07539,-13.09842
214.41429,-24.18342
236.94151,28.64178
264.65182,23.91402
281.72424,-63.36113
300.23599,-38.34698
3.06043,-27.18991
13.55772,-62.45537
18.60693,73.63747
21.6106,-13.48362
25.46979,-4.88987
31.92964,15.36597
44.34079,41.93871
49.68888,43.24071
53.49511,-7.14072
61.70718,-21.17264
86.7739,17.5535
95.71119,-22.96581
105.71725,50.58657
112.77936,59.48164
133.66966,42.52642
146.23567,31.09779
190.32281,18.57453
192.83305,31.0597
198.23621,47.45664
201.45956,-32.14832
212.2596,14.31694
214.74437,-27.21634
216.23279,-25.77111
237.13583,8.58802
262.09683,-6.36457
266.91412,9.54715
314.56219,8.42748
322.84659,43.60503
326.18317,-7.05773
330.47409,-22.43347
343.70874,-51.02669
1.1021,31.47199
17.85678,1.64022
20.28373,42.85141
43.70001,41.40971
47.62081,42.31364
71.53291,-17.06397
78.37788,1.19017
86.3851,-21.92327
91.03962,-54.62275
104.48457,-47.02492
110.25434,-58.62297
125.48451,62.95965
137.89853,30.07746
143.51134,9.47929
144.32217,-33.8385
161.53055,25.90487
168.1308,-36.82687
183.90648,-7.78915
184.49754,5.59865
187.4019,-8.4354
195.59851,-12.34209
202.35675,-20.72958
221.25336,26.30116
237.77879,20.20255
251.93701,-58.01905
260.9971,51.95852
262.29675,-11.88004
294.72531,-18.96474
295.07233,-19.06645
299.98041,40.75543
314.94858,-30.17948
2.14178,55.51139
28.60127,4.8039
30.28269,26.8441
94.21011,33.96709
98.5396,38.89574
106.28252,-59.02231
123.32623,34.93247
167.6852,-30.34639
186.37187,47.27324
196.35367,56.32269
205.16624,54.33297
207.84534,-12.804
210.99483,-29.33617
218.82233,-69.84528
226.25429,5.79679
228.69618,-9.53816
242.97502,-28.17206
278.90872,-45.30481
299.51407,-17.88813
304.02713,-44.42164
311.45648,0.17795
324.89798,41.79018
342.41611,-48.84947
357.2565,26.78847
359.76437,1.71989
19.08563,46.74796
48.29258,-2.90333
52.64957,-17.94141
133.05159,-30.67023
140.8633,-10.42954
150.87,46.6283
177.52472,24.92008
190.9933,-45.59478
215.63664,-33.26157
224.01772,-27.76797
225.21841,-25.20657
225.6913,53.51219
244.89001,-64.80547
248.5307,-61.62947
285.93503,-23.14857
302.98938,51.68705
332.87918,-22.95286
343.52454,-17.58205
358.84644,30.39319
10.71369,-79.9826
11.05392,-12.59217
15.49695,-11.28236
20.5623,34.66898
43.98437,15.97291
61.78861,30.34167
63.63132,-50.79546
70.00771,-45.56917
82.39867,5.43736
82.64155,-45.11847
101.51236,-73.49934
103.55369,65.20274
118.72685,53.84631
119.80888,22.81742
154.24461,49.62714
155.64574,79.82077
204.87366,46.56372
206.7061,14.40049
208.38826,24.87525
237.70685,-7.66616
240.32004,15.6454
240.70271,16.11938
263.93369,24.78706
301.11926,-10.63073
312.92453,-12.20638
317.50357,-14.07798
327.93265,25.25565
329.39291,64.45324
346.42624,24.6333
14.01746,26.30523
15.42515,-49.72175
20.24385,-13.85009
21.92924,-1.13959
22.70562,41.25729
26.87565,36.03492
43.76782,9.11141
45.66603,43.74947
68.99144,-2.04455
69.46313,20.7843
95.5376,54.13549
106.22076,54.00201
122.82291,29.50891
150.39764,-2.99446
159.23912,0.22976
167.09979,3.49815
167.48552,7.23343
172.78976,26.22655
173.42509,23.41267
184.8492,28.30992
199.29451,30.54271
206.22331,-19.36965
229.44731,7.21828
232.91766,7.33905
239.33905,54.67116
245.17668,-9.90452
252.07306,35.90014
257.93881,-23.1457
264.1644,42.08833
313.88092,-43.58757
330.271,-4.79736
349.72769,29.02323
9.59887,15.03957
20.95634,33.15622
50.63977,-2.67845
53.81396,-1.22869
54.7775,15.76573
58.8179,14.59472
124.009,28.62468
125.98038,20.9755
132.63153,-3.09919
142.60699,-65.03441
148.97276,-23.05585
184.73891,6.18433
208.0804,14.27188
226.7225,12.85875
234.90942,-23.94264
238.75661,-62.30346
332.0535,48.01185
332.98218,-53.46929
351.76746,17.81461
357.61282,26.1464
23.27207,-7.31142
51.60863,-4.2095
56.44473,-57.03579
56.90265,-8.26932
58.99041,-21.54884
59.72679,10.43418
62.73085,23.42249
80.79845,-45.56753
103.64763,-38.08705
142.54626,34.66437
143.08791,10.80917
151.99313,68.36491
181.81955,32.07562
199.65494,7.93554
222.37529,27.87768
236.04726,-6.51854
277.11203,17.05896
335.65094,-21.73722
349.48746,11.34917
356.69223,16.04298
17.6396,-45.79433
20.08284,30.75885
55.9417,-10.68111
81.29712,-60.59554
120.96832,-6.98172
148.50929,10.60818
177.4026,-52.86635
185.71271,-16.29043
199.1243,52.93358
228.69609,-46.12931
245.69598,37.55449
245.98526,36.2275
256.05588,78.62885
257.56461,-61.91769
265.46463,18.28891
274.62753,-54.6944
295.11954,41.21922
297.83936,-32.67242
308.60431,-47.66753
315.74673,15.14592
340.71399,-16.95232
11.78449,30.34093
24.56444,41.65405
29.07062,4.64715
35.77902,12.86499
79.05915,6.10702
79.26749,-37.06957
89.39056,40.90743
91.6965,31.77164
92.77412,-45.18093
97.23255,-48.51356
121.15844,65.39204
131.07741,68.83887
142.32326,-60.00186
173.66949,-14.08182
180.77956,20.80542
187.84381,-14.67549
195.68506,28.04535
202.76051,-20.53144
217.76991,28.28726
221.74438,-3.5366
230.94521,5.7752
232.84618,-46.69574
235.02393,1.93368
236.63168,12.14274
253.72169,-9.77737
255.78615,-2.61714
261.8284,31.73628
282.19131,-57.23561
312.19617,-6.99437
315.26898,22.42963
333.48331,13.75534
341.50397,10.85361
343.15958,6.09366
344.58936,-1.18399
349.06696,-4.97675
350.58032,50.15912
359.69806,68.6007
11.78139,-24.3707
60.22084,-52.82727
81.20616,-40.02541
88.46581,-33.3461
90.67785,-12.4993
101.80577,42.34389
121.79084,-22.52916
135.05305,-63.88412
145.72118,-28.82939
184.50861,-20.8532
206.30258,-47.98361
222.09525,18.35464
223.70222,25.79246
230.02718,-40.20791
237.09503,10.81913
251.58803,-8.38835
252.96089,63.71457
253.46196,-16.26821
315.2511,-13.25106
330.33527,-31.5297
333.34784,-27.21964
334.16904,36.52165
1.10272,-52.95879
2.38672,48.13519
17.21131,-28.59905
37.09222,23.21466
39.24433,-5.34923
41.98672,47.13766
51.24805,43.11364
90.52798,-58.61188
104.29356,54.29962
113.39995,-56.95243
149.55484,-38.1574
175.0434,25.30955
185.0312,7.69195
196.81772,-40.35071
222.82361,18.68703
225.12204,-16.8343
254.64937,54.87081
257.15909,47.24359
258.35083,-23.65413
306.60788,-5.06889
318.53351,1.77606
343.53714,-15.23732
351.5387,-62.67318
359.01111,-1.48476
14.44946,-5.11209
17.78881,-5.99221
22.95421,17.57581
24.67922,-33.02423
29.76666,-52.17057
31.18761,21.43451
47.62609,36.10491
48.03351,-25.1318
56.32444,-51.99727
64.20411,-23.55814
132.54704,40.25573
139.30882,44.48918
153.17885,-45.7981
162.81297,2.43786
173.9545,56.95233
183.97951,23.59553
189.36685,-72.40504
193.11195,-9.75397
195.28102,54.79923
211.65205,-9.22881
236.17644,52.68735
253.71739,-8.81019
254.6376,59.75473
270.08789,-69.88171
280.77481,43.94916
302.39847,-55.7093
307.27487,24.70629
310.46533,-20.53579
317.04144,-26.40368
332.64328,-20.8041
333.1088,27.2084
340.11917,16.01077
350.12961,-41.7692
357.50723,-35.68095
359.86078,-24.42514
4.20415,29.61946
5.90387,-42.25458
14.24,-43.83878
14.42714,8.00869
18.94121,-26.84291
19.92278,-33.10583
36.8048,-18.5085
67.86641,-12.29974
82.05884,-16.12437
108.33975,12.40604
112.10329,18.40435
134.54999,-6.1992
138.98123,44.33271
149.75078,17.81721
154.60289,-18.16348
209.47441,-47.6317
225.65903,-35.69633
230.61388,-43.13616
248.44879,19.478
264.19601,12.37249
284.84827,-52.7132
285.1283,27.99345
309.65887,12.17501
310.3454,-9.48067
317.10416,-69.90561
322.85049,2.49127
332.43933,41.2055
354.99417,26.83425
5.95558,39.5382
12.69653,-55.60745
20.13055,-6.82384
88.27783,-34.42974
103.23725,27.63349
104.38884,11.05389
125.88982,-50.95844
153.67099,-9.94012
161.49065,75.09829
170.37808,33.95765
172.94983,-8.98857
190.46167,-7.16932
223.63115,18.64236
223.68553,37.41268
236.88626,-78.10687
237.00896,-61.82867
249.00961,56.0474
257.54605,-19.82021
301.07874,-19.06564
341.55173,10.55714
341.72595,-13.44962
343.4205,50.01637
358.18665,33.32983
9.95256,21.21588
31.71216,45.67544
42.31669,14.52658
52.4714,-52.51509
54.57234,38.17759
60.18231,18.80497
126.54907,2.59753
140.95811,-37.79355
148.11935,-15.98229
150.00778,46.23742
153.17731,-3.49984
153.37126,38.61984
160.26257,-17.50889
165.15526,10.43716
170.31363,-50.50059
187.78145,36.61888
191.9397,30.07721
198.07922,70.64935
199.51483,-39.34573
202.02393,-29.42507
209.14493,-24.0609
240.36697,53.94737
243.93594,31.96407
271.40421,60.4983
299.32144,50.36425
303.50439,-10.67879
319.86163,14.05744
330.87625,12.66076
350.31796,11.39734
16.07761,-40.14759
20.42945,-11.76948
49.18749,6.0056
77.62843,-25.70919
95.59215,-71.64391
107.8499,48.86669
120.31512,32.84891
161.03787,-20.80243
193.50612,74.64877
194.55748,-26.33981
200.54672,-16.10134
203.1013,-13.18185
220.15649,-33.1418
240.33842,16.67658
256.48505,-24.97607
274.05945,55.591
284.23569,17.96204
295.10019,-79.97535
306.30008,5.26308
324.39154,-47.32809
355.92593,26.70699
358.75378,-32.90904
359.36646,47.87019
5.43235,-61.71115
27.80575,32.62484
44.53196,-10.36332
50.64923,14.95952
66.77769,57.19139
75.63476,-3.34433
93.62715,-53.94144
107.05095,49.13787
147.23375,-26.04222
147.92383,12.4451
149.81499,-42.00044
157.09987,-35.52966
166.83574,-23.01125
171.69186,39.26621
218.82632,-5.44435
234.71548,12.08057
258.96964,36.40581
274.18304,-73.66805
293.73709,-52.92471
299.2753,5.37875
302.87326,-8.50958
312.91943,-52.60044
314.99652,-20.12792
322.89868,-46.88741
331.20227,62.49825
332.29453,13.506
335.86893,-32.36426
3.3392,-49.3622
21.03966,-16.79903
31.81307,32.95284
56.21943,46.20194
62.54327,29.25696
102.95141,-20.24058
128.68776,52.71576
158.64864,-28.56811
168.31645,-11.79128
172.15041,23.40464
173.61473,33.17897
181.30858,10.6133
183.01347,-4.87688
202.01662,34.33271
209.25204,43.36202
213.27698,-34.09666
215.54266,48.57059
216.13824,1.17734
243.9496,36.52728
245.7542,-26.22895
251.98227,-78.92696
277.42618,-77.1012
294.82333,-17.23958
296.90207,42.0601
314.3472,23.17483
324.02951,9.66037
345.90994,1.8496
358.18457,-28.57054
45.58033,-53.76339
65.18217,35.84355
75.08654,9.28211
77.97031,-13.05721
95.22677,-65.01882
98.46783,-8.7229
129.33395,-65.3251
151.48676,-8.31944
159.17171,-27.561
179.06271,17.02963
185.8295,-37.01407
189.47165,14.28131
194.95128,-33.67155
208.94315,25.15193
211.2968,-3.36983
213.75261,-0.79691
226.35953,46.5653
233.07683,-2.82237
253.58636,36.01368
288.84082,50.58211
297.26627,-32.94571
303.30179,-28.75542
321.741,-7.0216
331.10547,0.71551
357.46692,6.44105
8.37422,-56.74713
19.17101,-31.43394
62.95595,6.45243
69.14732,-22.44406
69.69865,-8.20749
74.84763,-1.15926
78.33917,25.16398
103.08842,46.98984
110.40325,17.93937
127.2206,17.55128
161.06992,-47.67716
164.04756,49.93834
186.20892,-38.66475
202.10863,-44.47886
204.45312,-35.50094
205.20615,-32.65767
207.91495,-44.46022
211.44368,-12.76194
219.96745,42.74237
228.77318,43.15051
254.26677,5.372
254.60004,58.95596
270.45291,45.31045
291.08331,-25.985
347.23169,-30.85791
348.97931,36.52919
356.20297,44.60586
0.78701,31.0364
13.86873,-3.44163
29.04624,6.74477
39.09987,7.53363
77.9437,-17.09496
79.57064,-57.94178
97.84157,50.09374
107.19353,-49.82247
116.9329,-82.19671
129.9451,-65.83727
139.55916,45.65177
151.63094,-32.04321
196.05028,-4.89106
197.44398,55.4859
201.30829,-25.3526
203.4843,17.71291
219.29242,-30.47804
249.1958,-82.33401
251.13387,26.68275
265.84268,-5.11415
305.46484,-31.28974
307.50858,-86.18756
312.84174,-52.54978
330.46402,-22.48562
9.94582,55.88121
11.75655,-52.05101
72.1498,-12.77374
87.81056,-31.76691
89.57043,-16.83953
92.58937,50.78546
119.5694,27.17481
121.05493,55.39768
133.12749,-11.92818
134.43678,55.07329
135.459,-24.24155
143.25935,-39.90099
158.54092,72.41381
161.4785,20.79077
172.11168,-30.76585
174.46327,-52.22648
177.88034,23.86288
188.99341,-43.01727
193.86584,27.65612
204.32079,-55.07618
208.94627,-38.67183
238.32843,-61.13714
239.46672,4.2623
247.33324,-67.37217
258.58734,23.07158
268.77249,28.95946
291.99573,34.75573
322.87827,38.94387
346.87003,-27.34187
15.95443,-42.87778
24.48207,1.00139
30.06696,32.05998
30.88534,-60.85295
42.35737,15.80103
43.81711,-29.83347
60.32597,-52.70746
61.81009,-53.68092
82.61564,-28.86128
96.12484,-56.41191
137.856,-55.8775
152.61638,27.95613
159.14117,5.55365
181.0058,-31.59841
187.3867,11.21549
194.75754,28.22528
195.48268,-16.98078
205.18272,-32.15245
218.45157,40.0942
248.65761,-33.59397
269.08432,26.36656
280.12158,-77.13351
316.92172,-39.52728
357.89423,-28.0717
359.11063,-11.08608
16.63758,-46.64352
20.46458,-7.31285
41.87735,16.11138
46.84738,37.83607
62.16545,37.22956
78.60107,-3.42615
105.53767,47.17991
119.5531,85.71666
137.54736,23.12163
146.03978,65.97742
154.27142,54.82049
181.82755,36.65709
209.2662,-74.94992
210.3555,-0.62387
255.46843,-11.26451
258.92233,-12.10608
302.93466,62.40057
305.00937,15.89094
323.58218,-40.82755
324.22574,-20.34372
344.75659,-80.0321
351.72495,15.72518
5.73239,-19.03374
37.42287,6.87959
40.13751,-2.71986
54.30458,-52.84332
74.95468,-12.45005
85.36443,-27.20866
95.13943,-22.56655
95.31641,45.2127
119.02561,-68.27803
133.42654,-7.15761
153.55806,39.05089
173.69408,48.95607
197.05244,-43.1154
201.85115,-29.44436
209.5399,-12.88508
230.62898,19.26137
248.72675,26.27472
254.39844,-1.79608
256.43021,-10.32166
258.42981,-6.0774
311.14938,5.85707
338.69205,5.1821
348.68015,44.90165
351.25708,8.26565
29.22777,33.26662
35.54334,-20.38871
52.06749,-72.96089
72.47228,-9.61766
81.41098,-31.55281
81.74892,-45.81552
82.65502,15.71945
110.94136,4.5196
144.82106,-19.10109
157.1138,12.70402
160.59363,-36.17722
185.30757,-17.93951
195.20316,-12.00702
199.73506,-14.90352
203.51944,-36.84391
206.87914,-33.58884
217.18869,28.96416
221.69368,11.5702
229.05565,-11.49423
233.44894,5.29163
238.49347,-7.91934
240.02452,79.86374
242.60252,-64.70856
251.32672,-64.40749
251.78175,0.93007
255.31041,-18.268
263.19934,-15.74692
268.5423,2.99191
268.92944,67.90264
305.33545,3.33158
333.09277,14.0244
348.29395,22.17814
353.3157,-2.70288
8.09793,-42.17344
14.06251,-47.06436
17.54338,43.10847
19.88872,-17.69328
37.64121,-4.62479
39.10622,33.58115
44.0456,-15.39714
83.58862,50.23404
97.67742,-74.28271
108.71066,-36.62993
110.2224,1.23766
120.08739,11.31944
150.70859,-33.95324
159.74544,-7.05225
199.39792,-5.83385
205.64258,35.02028
218.1256,26.18613
237.7028,-39.72916
253.12413,60.51453
258.08243,-23.26157
287.68268,-61.66413
297.06647,-6.04332
302.99969,-53.25715
329.18973,2.58736
2.84027,-28.85439
18.15791,-40.81452
30.41087,-51.99626
47.99981,-60.24355
51.31782,-0.40902
73.79912,69.12406
114.0514,-69.79629
125.3429,62.65239
147.57365,-5.74634
149.93123,11.66076
150.84721,48.36576
166.4276,-9.91669
193.68134,58.77654
194.27855,-11.04321
195.96089,-16.55298
221.86678,-22.15745
226.16496,26.97718
226.16589,54.71404
237.07904,9.11725
241.14827,25.18983
254.01222,-63.14394
263.86008,-7.4045
273.11145,-38.85197
305.63525,-50.75288
308.09775,65.92416
312.41531,29.60806
341.0108,15.87201
8.44758,7.24871
8.86015,4.87216
27.71556,33.09234
35.82884,32.18844
53.15554,-62.70655
76.61517,28.08825
82.44812,-21.0461
88.78918,-42.81907
112.95665,41.82723
131.98257,25.83164
144.86021,32.36546
149.12395,68.03465
155.14647,25.38351
182.28673,44.00313
183.07608,-51.98591
196.40176,53.56422
259.89511,56.63003
299.34241,-55.13709
348.17136,-61.46636
352.39661,-28.83117
355.39804,-29.23637
11.8307,14.70346
18.09605,16.53004
20.30609,-36.47258
33.53942,-6.80633
42.38633,40.5509
44.57843,32.33593
45.88667,-12.03977
49.64261,47.42503
60.21194,14.54487
73.24541,1.33133
76.10735,-8.38305
76.15846,-1.42482
79.8384,16.87529
90.5407,-54.79299
99.64491,51.47888
123.14439,-20.58249
127.18294,30.40454
137.57236,-9.61855
139.84346,33.74276
155.62993,4.58238
167.9194,4.66881
169.71233,7.52144
182.44565,36.46296
206.93855,16.97315
207.34845,8.50767
213.06516,-0.63315
226.90054,9.35826
227.88432,-13.82298
239.79019,35.02987
241.16479,17.70085
251.59373,9.03772
257.47461,-22.83474
272.97375,21.56546
277.04636,29.77523
282.04794,12.57568
286.61282,-17.39907
297.16901,-55.11687
332.44717,18.5025
358.09198,-30.23026
36.38074,-59.47732
36.42879,25.78475
42.82757,41.56552
45.87853,-15.68528
46.46864,16.11819
111.03828,-36.76506
131.17508,-57.07682
143.67216,32.06833
152.25494,-26.64348
154.62135,22.87758
174.72173,-52.74731
186.85271,56.9178
196.72092,-28.55787
196.97842,34.08704
220.59845,0.90805
227.46693,-0.38475
248.5623,52.94107
257.29968,-21.23661
271.64709,87.80944
305.01251,0.87378
358.64957,-27.56748
9.0525,-12.25842
19.90482,8.17258
22.58304,17.02158
32.7225,-6.55931
45.24106,33.23373
60.64054,42.70078
71.30362,32.78074
72.00037,8.7117
74.22351,-18.24545
91.24837,-33.41242
117.75412,-38.36208
129.54263,25.09881
138.04149,66.89816
167.46808,9.51954
189.13431,6.16959
210.76849,8.94754
227.84973,-45.13652
279.1944,16.78498
314.30453,-37.19096
314.36786,-8.30694
353.95795,26.99455
354.49677,31.99523
21.07071,-37.33551
25.51427,42.94722
28.74435,36.86935
38.88621,-7.15443
44.55927,5.97195
49.19728,47.17629
52.19276,4.38355
96.24541,25.0338
126.43935,19.44931
160.06474,65.49196
173.0367,-37.25811
215.65433,59.93087
225.86565,4.68452
226.13228,-4.60755
226.96307,-9.36972
281.785,15.93382
289.53778,59.94603
291.12128,59.70042
299.80408,-20.91563
304.51361,-45.51925
3.14603,74.35206
9.64909,29.44762
13.92358,49.0353
14.00543,3.55955
17.08391,17.09943
29.09903,-9.6267
37.0404,0.79904
47.89618,-16.70343
65.25713,-9.73921
78.41609,-7.64103
164.81099,5.29207
179.58612,28.35979
183.55824,32.42117
188.93938,74.24265
195.37177,-32.33331
207.68335,-36.75265
211.06462,35.80062
217.64003,25.5138
235.40935,-4.04977
242.34596,-8.68924
266.06195,67.61938
277.1525,-76.94006
319.34393,-47.70967
321.03519,31.51068
330.67621,-28.09326
336.12027,-56.51295
343.27667,16.75234
345.46588,-60.54069
10.17221,30.16204
19.35701,50.38088
25.67628,-18.22692
34.85014,34.55571
54.89109,20.52804
56.29727,5.60878
79.98209,-63.12561
80.24043,23.67531
91.34773,-44.88785
95.83597,-65.34726
111.31138,-26.75155
132.03816,17.61143
162.85432,-3.72875
166.61046,-36.63998
167.94322,36.74511
194.12132,26.95699
196.96169,3.1946
197.39513,4.95058
207.21877,26.59296
207.31847,56.92775
210.64784,9.11967
213.75958,-24.40707
218.04837,-36.93082
246.45699,48.10039
296.12842,-32.9659
322.64261,-33.65016
13.30508,-13.16389
54.30684,1.86005
60.68261,16.04983
87.70766,-31.74072
89.85906,-16.98956
96.39194,-20.19101
120.70488,40.4574
124.90757,59.71129
150.21689,55.61887
157.66057,-27.59295
162.33217,80.15533
163.46681,-38.21346
179.18492,31.51033
190.7347,3.67657
207.09074,25.67532
236.49397,-77.10633
249.05086,-18.45828
258.89328,16.32491
264.95612,19.79812
356.52359,53.23254
24.33799,-64.89487
138.97717,20.92882
147.23389,-5.49668
149.55928,-25.04209
150.98932,-31.77665
159.33333,-27.55948
170.63414,51.53314
173.30518,34.26512
207.56157,56.04247
216.84367,3.57653
221.8121,-52.28784
240.1368,0.49854
240.81146,16.40288
244.15912,-6.81749
248.37955,-32.92219
309.21869,-25.19368
318.0231,-35.6922
348.49432,-42.72756
16.51834,-19.00413
43.68192,45.71965
65.166,-6.73384
69.55912,-10.7959
72.09381,-3.36656
82.7636,61.29586
84.03377,51.53566
104.21063,31.56149
106.23402,-37.14963
159.4008,5.60369
164.82951,-51.44255
179.73117,28.39901
180.48198,-1.06924
181.45261,-29.97191
193.69324,39.57121
206.92146,56.62164
207.21584,-7.49993
207.2794,-30.81949
208.41913,25.0794
213.5869,7.51599
228.3046,7.22549
228.71037,-48.21238
249.49956,35.99551
290.79996,-27.16375
308.40167,2.62961
312.05038,-68.97269
326.52518,45.14195
332.05792,-25.06069
36.10336,-2.16236
37.7105,26.19343
40.83379,46.93727
45.12689,49.35373
57.00772,41.63603
89.52596,-63.63438
95.46066,-56.79907
96.07993,-37.51266
98.79446,26.46454
107.0623,-30.23456
120.11658,41.66068
126.75578,21.70682
138.86246,-38.238
141.86841,-28.40819
146.62012,-41.49431
162.11374,26.5837
184.28816,3.68306
184.93877,6.00589
186.69676,8.88458
194.78418,27.78412
214.62816,29.17011
225.59927,-29.49308
247.90331,57.70671
260.84149,-0.28358
262.86578,56.73951
272.52301,61.13347
281.87399,50.38888
301.10635,-10.56604
330.50427,-36.01919
345.93253,-7.22497
27.32404,85.26028
48.56676,42.41533
51.95599,35.90461
55.54654,-27.86418
69.88916,-9.05604
85.77568,50.89315
86.73457,-33.62819
103.5424,-20.10584
126.74345,-15.87185
146.13167,-27.10752
165.09821,4.19659
193.77682,55.14973
204.36519,-41.347
210.90312,39.05278
235.01823,45.94852
242.61629,-61.41124
252.80348,-14.8866
265.02682,37.68509
336.70856,39.79255
351.49243,34.04846
352.20203,-38.24018
353.04724,-61.49254
16.28713,-17.75921
18.49937,2.07146
28.98658,49.21113
35.51166,-58.60802
63.43124,15.22411
83.06867,-50.57248
100.96885,-64.24263
106.89204,11.44149
134.90584,-67.83804
172.07767,26.76015
173.13507,-10.1138
202.52731,31.38813
241.19313,-12.32193
241.6776,31.89437
261.96466,6.48334
263.59949,-63.90562
307.50198,-0.8554
328.42358,-13.29436
334.96109,-26.34159
1.14977,-45.47957
9.03794,55.37823
40.28892,43.6827
68.33015,-63.18367
70.19707,67.73595
70.91299,18.52375
93.75638,87.7142
110.0287,60.25892
134.58601,17.53786
139.88649,-10.49877
157.36801,20.99156
160.98457,-31.10849
171.11911,27.64197
178.49861,20.57248
185.19684,17.01589
195.81108,7.8022
199.65443,30.86537
206.40216,76.82833
206.58344,-3.42804
209.67046,-33.46845
213.97484,29.45362
240.56931,42.91692
303.18298,61.69931
311.54675,-52.65294
315.15051,-28.88325
335.58667,-26.88158
339.69443,-47.48363
1.3935,-83.40807
10.86473,2.95819
18.41312,69.07524
23.06707,21.41081
29.92517,-76.59668
39.5312,35.93948
44.47388,11.18291
48.15475,-7.57283
54.8713,-13.11511
55.2741,39.58265
145.48195,-42.09909
151.25819,-6.52632
193.16269,-46.64971
217.94914,55.9475
227.80014,-33.45438
248.86955,68.53507
298.83917,-59.84166
299.7756,-33.00265
325.52509,-46.54251
8.90081,-4.73322
34.86597,34.96434
56.50481,-4.26615
65.25102,-0.16804
67.81992,-61.50172
72.23315,-23.72987
74.11353,0.71126
98.23772,-45.26581
130.41101,-75.15941
145.72539,-15.81782
157.2137,-3.95463
170.79773,29.5984
181.57872,-28.19713
186.02725,-50.52255
192.72522,27.84177
195.00946,-33.82433
205.25113,42.43134
210.60555,-38.6642
217.37239,23.3068
227.77068,4.29413
305.3963,-2.56921
318.24118,-20.53914
335.77298,-28.95483
347.03421,16.06531
353.94864,22.96068
355.12466,-61.08664
16.07801,-35.12141
37.9552,1.26107
49.25951,3.64941
55.13783,39.13558
79.18803,20.87019
79.81239,-79.18891
91.1263,-19.19094
116.99464,59.0145
142.97952,35.55433
156.03633,13.57296
156.4066,-24.85489
156.47096,12.71094
194.17854,28.02046
195.23145,47.2221
196.00697,-38.19917
196.71648,9.63946
209.44847,7.39631
218.92863,8.30054
252.77235,22.52755
309.53738,20.1134
328.68839,6.42158
331.81631,-53.19319
20.4824,56.02694
30.53564,8.44513
40.51327,35.70897
47.78033,42.68399
72.25044,63.98147
75.17447,-25.0759
98.48557,-36.42816
107.8009,-32.1069
119.18435,-52.25604
120.22183,55.56309
146.57654,-29.13181
148.33485,-32.14005
151.57695,6.10718
158.49902,-27.45177
167.67851,28.69306
188.03395,56.47115
202.354,11.7815
211.59294,16.4834
216.01659,7.76104
217.67543,-52.47817
234.76826,10.79942
240.27942,19.4485
242.92027,52.45754
243.455,38.15195
255.65102,41.78431
267.99277,-73.68221
301.64572,-8.06703
314.86374,13.93586
358.30246,-31.7214
8.75751,-26.45277
13.24298,29.03243
18.67534,2.53177
20.24439,25.54858
31.47822,50.73766
36.73804,35.18128
42.63235,-31.39464
48.66879,39.61752
49.19094,40.33002
57.68065,-2.86129
81.36569,-59.38127
89.54904,53.47165
94.92717,-65.04243
144.40227,19.71442
157.08012,-35.75858
166.45743,-20.79101
169.38699,-0.18746
174.43184,22.00979
174.73093,-69.962
200.49442,-41.69804
204.3725,4.10447
211.27972,-53.67395
227.2075,20.06009
227.86052,6.3491
243.53606,-61.41467
273.20682,63.88478
287.65619,37.6553
314.80362,-52.00587
317.36725,-52.93332
327.11734,1.87606
356.80707,29.18478
22.18566,-23.4106
25.18071,7.98305
40.12029,-12.87721
44.32393,5.97976
78.39695,11.42006
79.14828,6.50458
84.6773,-55.68975
86.83071,-6.83631
116.85949,-78.15053
122.31315,-18.66476
148.77969,-16.0687
156.22884,-17.34828
157.17883,-31.0381
157.79352,26.0551
168.88614,-15.79861
183.80228,14.43285
196.17429,-30.15808
202.96268,11.2507
204.96083,-7.64234
214.29305,-34.82288
218.95573,62.42118
232.04733,68.71554
252.93642,-59.42707
299.23615,-55.79171
304.49316,-21.94922
305.28195,-49.28079
320.75027,12.58297
347.33447,0.75646
12.5866,-41.24325
30.83144,19.86567
42.56255,39.18034
47.5653,-49.81968
65.95515,-53.57603
76.21412,1.83125
93.65245,51.51141
107.59519,-34.71666
130.03156,-33.13462
156.77299,-45.66632
171.37543,22.714
176.21767,19.45421
181.19241,49.18654
194.1145,-31.45209
205.1275,-33.65687
230.11865,-36.81527
231.10083,30.27734
277.75159,22.84742
288.13574,77.9333
305.75156,-44.27047
319.91803,-11.70283
341.86768,8.22697
341.94128,40.12162
343.48422,-17.62444
354.62158,26.97878
356.76208,-43.33118
17.01716,21.1205
17.40748,-45.89769
54.23536,76.715
62.47826,-8.69911
63.59761,2.7315
68.96529,2.80134
78.96861,6.304
84.05043,-58.10401
86.93004,-25.9156
95.80718,-10.33539
100.97279,-37.12938
106.42247,48.35855
111.84214,19.6402
129.45456,47.35096
162.09065,-9.94638
188.0589,78.58229
200.57936,-16.70835
214.51692,7.65481
241.20044,14.12892
243.17216,33.03768
243.29051,22.94974
244.34813,50.63596
270.45593,33.40552
315.67517,-17.27575
324.36728,-38.41139
326.92291,-4.16156
329.44775,-12.77626
337.21509,1.89839
1.24079,5.12344
24.85302,-49.38181
32.1156,6.39493
34.87817,37.1118
46.94639,67.42665
50.13845,-0.33995
53.37219,-18.14672
76.0619,-20.11613
82.64538,-17.04279
100.06389,36.69517
120.81433,30.79652
126.74398,65.24541
151.82179,21.00883
152.69601,-28.90159
160.07413,38.48716
181.80309,-29.93781
194.70296,27.81033
199.42531,-34.3537
203.12903,-27.12746
206.25215,61.28014
209.4153,67.46928
222.08681,13.95767
228.79504,5.57761
248.92697,49.22051
251.88896,53.86121
259.39691,-4.54185
268.22058,41.08776
301.7218,3.56964
332.45926,-27.53561
332.6702,-27.89631
338.20883,-80.15328
2.96395,33.10649
8.85686,-5.51929
14.0059,-74.5113
27.77917,71.31206
40.06703,-8.77697
51.64445,41.69519
70.95613,-52.35167
73.8145,-12.15767
76.25335,27.29073
77.3381,-11.11334
77.98754,-39.96185
82.26374,-3.31556
90.22872,60.83878
113.54637,23.96633
122.89753,-24.14873
145.46321,27.64676
151.09964,-5.67882
153.66148,-27.41009
153.93872,18.94607
159.25604,-77.2316
169.1805,26.37271
172.86951,-1.84262
179.632,-21.95466
194.91615,-14.96735
200.41315,-17.00519
234.58653,-5.82878
240.83133,20.6369
248.82568,55.63441
257.70734,45.85419
263.30765,26.79402
295.10843,-55.85773
306.14841,-30.46503
308.04633,-27.58271
323.63666,-33.11919
344.89893,17.97134
4.63899,-6.27206
14.36517,-0.47144
28.97397,32.98969
32.98474,-39.2056
39.58211,-52.19231
40.57503,42.33601
64.92306,2.35984
73.50304,70.79055
89.56767,5.80792
93.80406,-73.1201
98.42789,-24.98595
107.43678,48.69049
109.3991,10.6451
118.99978,12.98142
144.10483,-11.32895
158.10379,-34.99836
159.0894,-26.77302
170.03323,30.50015
178.3515,23.07083
191.39215,-8.09176
193.85437,27.79802
195.52046,40.40836
198.75319,-13.27117
224.70299,2.02355
233.6649,-47.01242
245.7417,14.60278
254.36145,40.73571
271.29529,-44.64386
271.64542,-73.88358
307.75525,-64.37699
313.26038,7.15958
320.43918,37.60144
323.97498,-3.14811
325.04315,41.5028
335.36877,12.50991
336.72647,19.5482
24.16604,-1.3957
27.34278,-50.25205
43.33393,11.96039
44.0278,6.37643
48.20544,5.70091
58.81363,-21.85678
60.77558,-53.31339
65.47552,-6.23069
68.00259,2.39218
69.47807,-42.98166
92.62535,32.36253
130.84512,84.63302
142.52966,-43.41984
149.71376,32.07302
150.30139,36.85139
165.71487,36.78348
170.354,3.01395
171.00537,55.96247
174.46884,21.79924
193.90346,-8.05086
218.60013,48.03748
236.14104,10.29319
250.60127,-0.36355
279.05093,21.06484
281.24884,42.71973
291.27747,-1.12351
297.15878,-18.14186
314.80957,58.63638
33.39127,25.85551
37.61481,41.44554
38.17337,21.03264
42.41774,46.95446
48.28439,42.7816
49.27171,40.26213
55.28806,-18.31415
70.62487,-44.201
97.72453,52.50854
120.48119,11.72038
136.18103,42.32036
139.27206,25.42918
142.38377,44.42418
166.47398,28.79966
179.36133,7.46095
191.60284,-29.72316
196.32744,31.4423
196.94836,-22.99556
209.11415,-0.2881
211.08649,12.01604
255.15057,-28.44614
262.16577,-66.68953
286.13928,21.85855
291.30951,-35.53672
298.81088,-12.38993
312.95221,-7.72415
325.95602,-8.07402
335.98587,-80.22318
351.94373,5.39755
355.12402,2.77459
0.905,69.31848
2.50829,28.21014
21.85007,55.06411
33.55573,-54.68567
36.30401,15.05816
63.4645,29.18794
64.15746,-60.69543
64.21358,2.57212
68.42485,-33.51266
68.52885,-13.93669
120.7942,39.90606
129.59937,17.63131
130.47107,32.86816
147.64622,4.77305
148.98618,-13.75399
154.27214,-50.41312
183.28764,16.297
183.56723,34.61988
186.76691,-35.33556
188.84343,-23.4119
229.27177,6.88776
230.8636,-1.16553
243.53781,-29.5838
245.03381,2.00846
252.1871,81.61073
261.836,26.50515
315.02628,18.84643
334.15503,-54.21236
348.556,-67.6915
353.80066,-38.12173
57.64856,-2.35167
69.76537,-62.77386
77.0494,5.15839
79.88636,20.02754
110.54678,18.89086
155.92963,12.71548
175.23485,25.78084
182.30881,47.05837
185.15459,34.44197
190.53517,-17.34921
278.81931,38.4577
286.84604,-26.00478
307.47043,-2.19119
330.95126,-2.37998
331.41257,9.64017
353.31619,22.94119
8.91296,25.67856
11.2468,-8.88968
41.43394,47.25804
45.66072,-79.38803
46.00491,29.76252
49.28793,14.8887
55.35939,13.57237
68.28074,-7.52537
97.65236,46.00162
99.98389,63.01008
129.17494,53.7272
140.19858,-8.03377
143.02335,35.53858
144.40704,23.2408
156.08806,-6.03932
180.33606,-33.87656
201.04385,-23.87736
213.82629,-32.94967
224.76468,8.68906
249.99248,-64.44154
258.80966,52.66812
258.93839,52.84291
277.34106,-67.19724
289.06317,46.7486
334.11179,16.47143
350.02811,43.04153
14.73379,-16.86874
16.37724,26.14569
23.36908,44.94134
36.97021,-50.71312
39.89383,-76.4472
59.43406,-2.37361
64.16464,3.78345
68.9521,35.88257
69.43155,-13.8689
78.45885,53.41773
82.10888,16.15127
85.84036,16.66513
92.99516,49.00753
134.00778,42.2736
149.57068,68.10246
150.05026,9.64868
158.20325,-27.52245
159.15086,-42.85204
178.1725,20.14767
196.84409,-57.10501
202.68524,-13.4304
211.42996,25.23139
222.77681,4.84233
231.29997,-17.24401
259.58838,41.64758
316.48883,-10.71621
318.43582,4.83914
323.83154,-56.23557
343.88336,29.80504
353.35519,-15.68877
64.7309,3.03302
123.4019,-23.26249
164.74712,6.52254
172.4431,15.33364
200.881,-23.89389
216.90242,41.25779
218.3161,45.781
229.85558,25.78713
258.22934,-22.95002
312.86188,-15.91535
347.82254,17.88192
349.8761,42.97658
358.32236,-34.05208
359.89682,-2.49956
11.10744,16.81341
28.19089,-8.10455
51.35772,-51.26719
55.15411,-1.39397
77.23251,16.87595
85.40463,15.80477
88.66973,15.1704
93.2891,-14.73201
110.88855,41.43494
129.15857,-83.46361
133.23148,-4.77417
152.04826,42.4186
160.85667,19.06049
166.15521,28.22792
170.57602,-3.08131
172.72189,26.32467
176.31198,19.8455
181.41969,1.57499
192.181,-41.64375
200.86444,6.39269
201.08418,32.84816
206.24948,-36.15073
221.0034,62.21514
232.0912,-43.98221
242.76689,52.45022
278.68958,19.26107
282.1687,-34.93658
319.74536,25.43105
340.31339,23.40692
348.3739,20.64877
352.75858,55.45613
15.89729,6.41627
24.25646,-12.31281
48.12815,20.49812
52.69653,-21.05823
68.45406,-5.09726
91.36898,50.24488
104.90878,54.19651
105.61398,86.57955
110.88447,-34.73483
116.25189,-41.13529
139.88411,-65.06232
154.22508,-22.23067
158.73607,-67.72242
167.69933,28.66024
171.40175,32.32607
176.1732,35.96795
190.25674,-57.80336
195.31412,80.02971
210.06015,8.96706
226.00499,10.4378
233.50186,-15.92152
243.06561,-26.41963
320.88858,-37.41999
322.98032,28.89559
328.17401,14.28221
336.14474,-79.94933
348.82272,-21.36627
30.32055,28.83726
30.4888,46.25098
33.22773,-19.31688
43.27328,-34.72522
49.43774,42.18113
58.06719,-3.22897
71.6899,-63.03126
83.16148,-29.6272
88.9256,-38.04515
89.53831,-71.58028
90.23039,-50.74092
93.11264,-56.27129
98.12666,-44.9249
106.40535,-86.84109
106.98905,-29.65318
133.00117,-64.68223
156.61897,-3.68188
157.58061,-17.59962
159.52965,4.89432
199.74887,30.78093
201.17288,-20.20456
201.33752,-32.90747
203.71413,-36.52125
208.79698,10.02202
224.71152,-24.38681
248.4592,56.13288
253.71877,70.43798
257.58829,-3.23021
260.79126,-61.88858
279.65649,-72.15809
281.09528,81.68699
318.12973,-44.88519
331.88638,41.25344
338.85864,-25.0753
353.85703,1.05906
359.50449,-41.53194
11.79632,-26.38233
44.52191,46.49817
52.34246,-52.61934
76.31811,-19.21808
96.26012,-29.85398
108.55408,45.45507
120.04414,73.06818
135.57863,63.80555
138.33618,17.64097
144.54282,-42.3506
161.00188,-8.86321
161.87308,7.25101
194.58847,-11.16622
204.33192,6.48558
205.65903,24.46508
207.63879,-31.15158
212.68208,8.99652
227.76118,52.05013
228.09364,-33.55949
238.28458,21.07463
239.74684,48.52986
267.17102,58.40456
279.70905,37.95151
307.64615,4.74785
320.34265,-46.59835
320.75833,-15.98518
344.26706,4.6769
351.35083,-38.44699
24.41935,-60.86488
27.46239,48.6531
29.06077,55.13124
31.51302,9.29555
57.20602,33.44788
57.39397,38.25203
83.11989,-68.23551
95.1965,66.71471
100.77499,-74.21534
104.85814,64.18858
131.0125,64.9753
170.13031,57.78137
187.26595,27.77888
203.76273,-31.65518
203.81195,10.69213
210.73729,-26.63826
217.54568,23.02633
234.84532,21.73936
242.83742,22.3753
248.17538,-64.83292
297.07193,46.42441
322.01508,2.04422
338.72336,2.18829
348.91565,6.70835
25.42633,-7.59123
30.95538,-8.1288
36.1881,-12.56446
42.99305,40.14112
58.63401,26.61363
61.88657,-2.43275
67.92485,-29.67431
68.3205,-13.15177
70.7821,-47.43383
75.37592,-23.1141
81.33441,49.88945
90.05325,36.3442
104.13716,-64.60633
106.6938,-27.71704
121.72,19.84408
139.17256,18.96351
154.44934,21.87329
160.4388,15.64323
177.88191,-31.16059
196.73706,-20.24804
205.62946,30.25003
223.83253,16.50615
246.98013,39.25887
258.76501,47.67662
313.87717,15.52533
329.13474,-53.89883
348.87332,4.90059
354.73279,-21.43258
359.90753,-30.65584
0.34347,-38.75589
4.5056,-59.08359
15.04695,18.28302
27.58242,-34.97437
44.38401,12.47066
50.51091,41.97356
88.97903,9.3198
125.38974,-13.35115
159.52739,39.17726
170.42708,34.3627
177.96426,-52.03233
180.65442,64.37643
182.9866,27.64316
187.18916,-8.64245
196.45743,-86.24728
202.88025,-32.93665
205.2131,24.47328
208.27263,15.84456
216.99605,78.998
229.88605,9.96003
234.87236,-70.0811
234.88658,-11.57397
236.90143,26.06372
241.85355,3.58525
251.14203,38.92048
270.92123,54.71724
278.98151,-29.2918
286.28537,-51.07781
309.84387,8.91286
312.11832,-38.85616
313.47522,-25.47253
355.92078,-38.67949
0.49367,36.64909
6.78843,-40.98438
27.66399,-12.67953
42.7013,45.38547
44.09945,1.97985
52.22709,70.90305
84.3532,-5.72677
88.06866,37.83768
99.85106,-28.8824
109.91807,60.294
117.91602,57.10097
142.71233,-36.4031
156.49121,71.19805
168.95296,-27.11066
184.36353,17.65057
189.65416,-23.76093
196.50014,-50.30643
202.48224,-54.66127
211.73582,72.12248
235.91478,67.76084
236.2458,-63.03852
241.59929,-63.78112
253.16183,54.83318
264.62631,11.37041
287.24857,-33.38439
304.43396,-22.239
313.8071,-49.18832
342.92987,0.41526
5.60237,6.43382
17.32531,2.20452
33.06124,-2.50107
51.57465,-4.7354
55.97274,6.52959
56.4009,-7.47178
59.29767,36.815
67.59167,-61.53347
68.90649,-2.92209
110.26878,39.81884
125.02742,-57.44821
125.94219,-5.17534
144.78316,34.00623
159.27032,20.44101
169.25049,32.59747
171.52626,-1.83375
175.18423,22.42937
192.10266,-42.21668
194.6259,28.01471
198.44257,-31.91511
198.8399,1.92759
204.5916,-32.82009
209.31433,24.25754
220.64874,-53.11202
284.57504,-35.22378
305.64548,-29.8237
315.20581,-32.72884
346.34207,-10.22314
349.1218,-2.56736
355.6373,-65.95649
0.38993,9.01244
22.21449,2.4465
32.87824,14.30048
37.61757,-14.31021
52.33817,-28.13339
67.52713,-9.21784
67.74079,57.70785
70.01214,12.51351
73.904,18.48123
78.89227,-3.36861
78.96881,-38.72871
79.43502,53.55127
86.86065,-25.24701
90.67532,9.23933
117.45494,-69.78881
124.10563,25.99137
134.24048,-27.94483
135.75896,40.43398
140.04407,-7.38443
147.73045,28.55115
149.63501,-69.0071
156.5463,32.09896
162.03882,48.33145
173.39111,-25.76107
177.75467,20.39924
184.94955,12.42198
203.66817,32.95116
211.1638,-20.85793
211.76833,-30.0171
216.82114,16.83098
224.40762,9.14609
235.47983,16.84303
255.9169,-4.08702
301.90677,50.51585
314.87976,-38.33732
318.59317,15.24412
356.93628,-27.4874
14.24537,-30.78206
18.69722,1.12141
20.84336,33.43292
24.72066,-42.58527
32.80037,3.7797
34.08492,47.37111
54.94546,24.13217
72.0674,-81.6835
80.69437,51.21326
99.95779,-38.24427
109.32916,-76.38262
109.43776,0.29734
114.77508,29.16001
131.03694,33.51576
150.52928,3.05771
164.40434,-35.44539
166.8308,23.48364
175.93324,20.27267
181.09511,-31.41709
202.11932,16.447
203.05356,-21.20371
211.73491,-1.59471
217.98589,16.77089
244.78461,-3.07548
258.22546,21.30315
302.54868,-43.97538
309.47418,-39.15761
314.65936,0.91251
352.263,46.51804
352.59381,-34.94754
359.47638,-31.81509
23.08301,-20.82902
40.98212,7.82486
58.53478,41.52592
63.20492,13.49592
68.42303,-13.17023
75.26012,-18.28763
78.67805,-10.7763
79.75407,-16.49146
82.66753,-33.38783
95.45087,46.71996
116.24845,-74.51685
132.10233,47.28922
145.82259,39.54645
146.6893,54.42698
151.29936,50.18311
155.22202,-26.93593
174.18384,22.99195
176.48166,21.02552
180.24136,6.80638
195.92252,7.5158
200.91164,-26.01067
201.99101,-41.13624
212.22028,33.53215
212.35229,-5.28644
218.11293,-34.32619
250.2458,50.5104
252.71324,8.78383
253.5872,26.56446
254.98532,-4.42765
277.02335,33.74624
316.03009,13.25315
356.74399,29.45891
16.39252,32.42965
20.19975,-3.65357
23.21548,-14.81461
32.5083,-76.16143
40.81359,-66.42722
41.29214,44.9729
41.90773,4.63763
42.05285,48.6853
42.39305,-20.50928
43.84267,45.50439
44.35386,-35.56982
51.60463,9.67041
56.16677,43.62758
56.48333,-52.70577
60.48193,2.91442
61.85412,42.22426
63.12538,-53.81864
64.26411,35.8214
64.39571,36.1348
66.60778,-40.65442
93.53552,-33.49888
153.41272,59.43443
167.17157,36.161
168.10368,-15.47789
177.3524,-5.11841
179.11993,50.42844
179.5116,5.91225
190.0154,-34.22478
195.45312,-27.12508
195.81764,28.03039
231.3873,26.54771
239.58612,18.08088
316.68268,-40.49146
317.46338,-20.89861
333.1687,18.05096
337.2634,19.10047
355.96063,-36.28135
4.75033,19.39787
21.98992,51.66742
30.79309,5.65706
31.9767,-52.1143
55.93568,24.0607
85.79702,-34.61418
107.33626,50.04719
107.87198,23.70284
110.3401,55.81107
124.91074,19.93248
141.41817,-31.23587
154.06084,72.57475
159.82922,-44.99932
185.5997,-21.19427
193.5015,-16.79569
208.42464,3.37748
209.67432,35.08785
213.08408,1.27245
236.94365,4.53539
241.7585,1.10542
265.5112,25.62023
267.68127,72.68301
267.76993,74.79556
342.84192,-20.24721
349.33694,5.66078
53.15393,-4.75118
63.5572,2.86285
69.51389,-29.62126
77.26814,-0.84782
131.0542,-51.21654
142.12186,-24.36696
191.68558,29.73524
196.27054,-22.38395
199.90285,-2.91207
204.04182,-22.52034
210.78139,-4.70276
221.07881,0.04193
240.50641,48.66366
285.06592,-14.2051
294.60892,-77.53861
311.47736,-51.39111
312.69556,-30.65555
324.15652,-27.72523
339.44958,-65.41709
340.40549,-12.99607
1.24884,-30.50574
1.66819,5.11346
14.09324,25.61543
59.24157,16.48461
72.03134,64.12439
102.62891,-19.99072
108.21336,7.251
110.29375,63.67795
149.45525,-32.81891
190.80798,31.08496
197.67647,44.02439
220.3338,-40.33064
233.9463,-28.91486
247.29886,-61.44412
250.74199,68.82994
252.47787,-20.12513
290.42487,-24.78033
299.46622,-32.35788
299.72821,-52.2732
311.40405,57.55776
317.99042,-48.45005
319.90182,0.70424
339.4975,-45.83611
358.47287,52.17144
5.15018,-31.3714
9.26961,79.50438
49.58664,51.3861
57.26577,17.05021
79.1,-3.738
80.93608,-9.68478
112.21828,63.38892
141.2038,22.60454
143.55962,24.22638
147.73433,62.18575
163.24597,37.61335
167.80424,28.71179
173.4359,21.37988
173.98483,-48.48625
179.45096,25.27063
188.17902,29.71232
202.02824,56.04527
202.7959,-1.72739
249.94969,14.74648
254.71098,-15.95785
260.73575,31.34192
266.49942,39.69285
298.87634,-57.50813
317.56821,-34.21505
322.28485,2.7999
342.38376,34.91938
358.93427,30.21226
18.03905,12.2439
29.97492,-57.21727
59.39899,75.68725
63.49475,-38.09729
67.36352,-11.26868
75.48692,-26.21584
81.90653,62.81778
84.39996,1.33444
93.9625,61.07342
95.19839,-22.92447
101.10458,-43.73016
101.69909,-67.30135
135.86748,25.64067
153.62386,39.50163
158.77023,46.56146
170.15953,-4.74917
179.46399,27.86867
195.77798,-23.09691
197.78603,39.22683
197.787,-25.8996
213.37538,-29.59464
242.39165,64.36623
259.32254,-12.70892
269.10223,-57.92016
269.91092,61.35939
271.61584,46.53983
304.65561,-41.05485
325.05103,-24.80653
331.07358,4.66722
331.71506,-28.94815
332.4985,66.99951
338.40323,-37.48631
356.47269,-7.14093
3.56307,-28.28067
13.53104,-21.71409
67.00095,70.88023
84.19444,-22.40643
84.67411,-41.37774
108.6951,-29.75295
145.94829,42.47362
146.02092,0.73353
165.78557,-24.90935
169.55307,-46.57598
177.2056,-16.84712
214.49118,83.41055
219.28372,-29.11498
222.76503,79.60885
226.54514,-41.99514
241.25938,13.70184
242.20029,-60.47832
244.82845,24.21969
248.93539,68.42827
266.22235,14.20092
280.26984,20.62795
287.54413,60.12566
303.85068,50.12821
322.00879,12.74651
323.10513,6.58133
323.95584,-25.99702
347.37836,32.67502
2.8704,79.72694
6.89262,-34.1972
29.09451,71.22292
29.42329,54.96206
43.82024,46.04171
49.63675,-25.83567
100.11037,-10.77597
128.87306,-24.34578
139.37946,-62.88449
150.98907,-41.05215
151.53322,-28.68109
158.22891,12.04041
166.35249,26.36486
169.07211,2.88884
195.78662,-37.73468
211.90956,9.67531
240.70988,16.56993
247.72504,39.84755
263.45117,-0.59695
265.02151,33.81147
320.9588,17.57116
325.50848,44.27576
29.74435,42.16517
41.35548,-20.8218
49.37928,38.02622
54.34472,6.48732
59.1703,-51.55691
76.50934,51.82167
80.479,3.34203
93.01429,-44.80381
95.77217,-6.12036
108.23334,49.76463
111.94321,53.07802
123.85258,-6.96031
124.41351,77.5013
139.13028,-17.59682
190.94005,10.7701
197.88171,-30.4422
198.82202,44.40718
222.1525,-4.73619
240.27304,68.25202
257.90567,-5.34926
261.64523,-60.27582
277.40985,-35.53201
299.54764,-32.40546
318.71954,-44.06863
337.2695,-1.18494
337.93002,-8.40885
347.20819,-47.35828
1.79269,-21.78655
7.2526,-8.31843
9.55126,30.891
28.99368,37.12939
56.0522,1.70686
89.23923,11.82513
93.55089,-70.08873
103.82533,-55.55692
137.18213,-32.53429
144.62808,2.57339
161.17955,38.31012
162.88797,68.69585
174.05141,59.97646
174.15271,49.06304
183.4962,17.54899
198.90575,-14.87252
199.86812,-48.3018
206.71944,16.27281
208.20891,2.26377
217.01346,-30.42794
228.56213,12.08763
244.19043,19.52136
246.76497,39.5274
266.7644,-60.46991
270.71155,-73.19076
280.38684,-54.77262
303.55664,-59.49248
340.31485,33.62371
349.68051,22.87416
353.49289,44.68
357.08774,-28.1162
3.66822,-7.29592
33.5023,51.2324
63.77111,-13.23212
66.26396,57.2932
71.83011,27.97344
97.28829,-13.52767
111.11747,54.57086
118.61481,58.27064
125.56763,21.09259
143.63365,-21.57067
144.37918,32.84132
145.90466,50.27634
149.94226,-6.74128
151.70322,-39.48977
177.43001,60.37128
182.689,23.71022
184.20367,47.45744
192.38795,-9.74082
199.14784,-2.09134
201.41943,-26.46375
201.61932,-30.74556
223.92253,45.54079
235.03683,21.51558
242.08652,-5.50106
254.71123,27.96502
258.52332,-0.27253
279.784,-24.84916
304.91623,-49.73933
354.11246,52.71156
18.42553,33.21815
20.71922,-42.56493
25.98181,80.82037
31.86429,-2.09127
37.83388,20.58167
57.09678,-21.8028
62.18887,0.21879
74.44285,61.99018
109.07095,22.98695
122.5252,24.9221
151.10048,-25.37986
158.71182,-28.5127
194.66428,49.99213
246.62627,35.67181
275.1308,47.57822
286.16385,49.64592
287.08716,52.53662
290.95953,39.56684
297.38708,-27.49992
345.70514,-46.75303
0.03601,-6.37399
4.38216,-24.22333
13.63673,-23.49491
43.38003,6.47367
50.53939,38.30479
54.6398,-16.53846
69.24828,-7.44161
69.82617,-7.83912
69.99388,-8.9171
96.43135,-37.23019
97.75075,37.90689
102.61687,-57.1169
109.14636,-36.33397
124.53652,23.04768
141.53935,49.31014
151.38385,-68.8822
162.01978,-1.92736
171.47,18.599
176.07169,20.2233
176.26616,19.62056
190.64674,64.59763
195.1151,-40.73077
200.2626,58.54889
207.07574,18.3571
215.73749,-6.23859
241.5098,-35.84293
253.20253,51.06132
254.83521,29.94613
283.88992,-19.43613
287.72003,20.64203
293.35413,-39.67254
295.96683,-60.65174
316.45895,-28.72932
333.82703,37.01019
339.9061,11.76989
351.29733,15.19991
0.26533,34.65298
17.48578,30.46782
24.80844,-14.27828
26.41599,-4.68079
28.56768,-37.786
47.44052,41.26141
48.02863,15.8448
51.59225,37.53589
74.12075,26.91913
114.62167,63.62189
167.91733,39.37485
175.03906,15.32735
178.88199,54.89898
184.53564,-1.06408
187.6376,-49.36578
194.28923,27.46639
195.73996,51.31858
223.38248,-22.21211
230.12804,-24.46927
240.41824,-15.51073
253.46623,-29.13623
257.19034,62.04324
288.60968,-23.19424
295.52103,48.09841
315.54068,-12.95791
344.05157,3.92678
346.29193,-33.0535
350.78238,49.588
356.98355,-28.3211
358.68417,34.34628
16.54985,25.55172
29.56766,14.29668
44.6715,14.35764
46.75483,29.19763
50.72075,41.22991
72.10512,-54.879
88.98647,60.85127
98.24825,40.37614
127.04443,55.71247
128.33585,-3.50684
148.04771,1.09534
156.45255,13.72795
159.2955,-9.61133
160.46085,4.33084
172.51949,-35.53887
185.77655,14.45834
193.48274,-9.11887
205.32188,-46.53628
210.38158,28.28658
213.65813,-40.59727
222.70082,-13.52522
224.74878,53.92319
230.15631,-11.05074
230.42371,-33.92004
240.93201,16.32776
250.43846,39.64323
322.21228,1.25832
328.48941,6.74861
343.84323,-33.89491
348.08279,28.72326
359.03256,0.54944
4.16524,1.61074
21.16235,-12.63558
23.08648,-12.35445
29.14218,31.44549
37.48495,1.17902
49.36037,-0.09422
49.82374,-12.10282
64.22952,23.48642
82.88307,67.65445
92.77869,-33.30823
101.26398,45.48528
137.89583,-35.95694
151.35837,-17.79919
168.43704,48.27263
170.25131,24.30334
171.72937,18.83265
181.08072,79.40919
189.46855,-42.67705
196.23294,-32.10317
202.08981,-51.51503
207.5504,73.95293
213.34641,24.5324
215.46774,23.51701
255.18846,30.13694
257.66391,-0.44618
259.23846,21.61407
288.78677,48.47881
300.55914,-45.44979
303.97064,-53.27288
36.1712,-13.77607
36.19711,41.68123
36.50296,-23.96078
60.49995,29.90425
96.26099,40.29449
98.43517,-35.39867
102.25645,-43.94369
108.39399,50.72595
111.71234,48.70141
119.96947,-19.7968
125.72194,3.57123
129.27356,-18.26133
154.80707,59.1311
181.52771,28.25631
195.35713,39.91424
201.71329,-51.42344
213.06984,-21.18642
226.35797,49.24021
250.3287,22.27876
313.35257,0.65208
328.25003,10.20528
334.72327,44.9671
359.74292,-5.34317
0.08959,-2.61206
8.95326,-13.61064
11.08393,-80.42944
12.51426,-3.55872
29.0636,31.48429
36.637,-51.80107
42.60575,13.26623
46.29379,21.13779
50.2593,41.40944
56.49752,-12.5303
62.27382,-59.62251
66.71364,-10.19767
77.16918,70.48003
90.74772,-15.69905
106.03094,29.24059
159.70743,12.12797
168.65492,30.3142
171.02142,24.61547
200.7494,27.1163
202.00175,-49.02787
210.28719,8.58371
234.0891,-3.26339
244.15459,68.20265
269.12192,65.21334
280.15237,-80.33418
283.28397,57.29974
295.97467,-29.88291
316.85562,-8.34237
319.01581,1.01836
331.35889,-5.74198
335.82141,43.6616
340.59961,30.17122
344.58679,-65.12968
11.78481,-46.50418
20.86851,33.33177
26.24038,-83.81234
30.07182,41.12788
46.04052,44.62144
50.62228,41.05029
51.67819,-35.04047
83.34891,5.13542
89.59543,79.7978
95.98174,-35.02612
97.52649,-36.3512
103.95126,-65.56284
105.76428,39.24075
133.41489,-25.05827
138.93553,44.23606
155.99231,68.38263
160.79727,24.87605
168.79228,29.52998
190.61818,-10.89883
194.91386,38.81553
197.73853,8.62738
201.17416,-19.69595
201.37946,-14.35625
245.74872,37.94904
248.87775,57.48681
250.3951,3.14792
294.08365,-5.72679
312.1445,-8.13125
17.30845,32.15134
24.2809,-54.00783
41.43908,5.80604
53.91994,38.41007
56.63384,-13.26328
58.15729,40.9842
60.66741,14.16452
71.57115,-62.40418
91.92414,-19.91222
99.64211,64.70388
99.73382,-36.73882
106.32243,22.80623
115.17972,-52.42086
128.79568,-8.38708
128.82542,-2.24374
146.76112,-5.88279
160.0041,-28.0489
175.34076,-26.58139
185.95831,-42.19393
194.84335,48.34544
198.82323,-16.48609
211.76253,-33.18819
234.56631,-44.41101
259.08994,-6.42966
296.37793,5.82932
299.96014,50.48289
308.98053,77.85245
315.62476,-14.43208
333.63757,-49.29102
344.02319,-58.39657
21.81739,-1.97089
26.73513,32.10986
40.43804,-14.84826
69.09835,-66.08765
74.95778,-23.92663
103.17731,28.12774
108.50655,-25.19616
142.80116,-16.35462
168.96405,25.96109
174.95657,-44.56083
183.972,13.2158
191.88347,-23.151
194.83673,-44.09673
200.19104,-44.81348
202.10625,-24.93148
203.63914,-23.53071
235.2325,32.78178
284.24789,40.49619
300.56451,-52.84615
315.77368,-14.52376
320.34305,-27.35745
326.1384,-6.52316
343.99979,-12.37001
352.75458,9.82268
0.4002,-14.74867
30.17734,-76.17898
31.22243,35.14907
39.41203,-11.00553
40.92363,42.02144
64.31947,61.18552
76.36195,63.02698
85.23662,-39.56256
136.90868,-7.37415
156.96385,-33.12776
160.04707,23.68921
166.52869,29.93304
169.64705,-27.99962
181.62868,28.13782
194.591,27.96776
195.22693,-36.1207
210.60809,10.40556
210.61615,-33.92188
213.56154,35.42334
215.22235,15.00062
226.12648,27.79283
229.76414,8.13878
244.97702,-3.42442
247.25177,41.28429
252.83391,-14.74404
259.24399,-21.14963
276.45377,30.73642
312.83487,-36.30912
343.23114,43.87479
2.7534,-12.82244
17.9061,33.35429
37.24093,35.37209
59.49437,-0.19054
69.14909,-23.86157
69.33331,-69.20378
72.73656,-55.53022
127.88699,-1.19772
133.96866,18.15643
142.13156,-36.18412
158.05321,-1.49341
167.69435,28.27851
170.16643,50.82737
181.71291,42.99561
181.71402,20.81868
198.05992,-47.66924
199.71425,-34.60977
203.81743,-40.60837
208.43253,33.22215
217.42444,78.86428
222.65451,-38.08939
226.12289,35.88981
249.50992,-64.31683
251.27695,-7.17679
262.23517,-66.15072
269.9454,-59.81698
270.16663,-73.92907
270.40067,75.28842
284.27216,-62.31087
326.59406,-57.28676
328.27365,-16.89393
19.32497,16.26564
23.06188,-33.49707
28.63605,20.06492
29.07948,5.65214
42.55081,47.0545
48.22784,2.76401
67.80772,8.5111
74.65478,69.11752
74.9787,-18.54458
76.55424,-0.40987
76.78652,-16.6816
78.14285,-18.29491
121.74027,55.9031
125.59632,15.51908
126.52309,-9.08506
156.67406,3.86207
162.94092,-9.51629
169.64418,12.71114
169.82051,34.12844
174.01463,55.07522
177.57237,88.20531
189.66891,-42.21478
193.04103,-23.29409
197.3085,43.34121
208.29027,-30.71275
212.88423,-30.18146
231.45541,-42.46533
239.75703,59.40606
243.88005,-62.54125
269.28418,1.7654
280.32715,-64.52755
284.83374,64.60899
290.95871,34.79501
353.66119,26.72343
10.72518,32.58098
20.06584,-30.18546
28.97155,-28.00729
30.87301,-62.78244
33.47067,-5.09675
33.71077,31.47057
34.08756,32.66652
45.03592,5.80458
64.70565,2.3576
68.15833,-54.54736
90.31283,-31.54044
96.3246,-64.79854
106.47868,-37.66308
107.41401,47.91499
138.55438,43.135
169.20717,26.54721
171.53589,-5.58592
172.68442,35.51249
178.1693,-33.25639
192.55772,7.57903
196.82419,-54.12651
206.21036,4.02382
225.60153,16.19836
239.1425,-31.35929
264.56567,35.53467
285.01843,40.90628
306.71283,57.39103
310.4176,-42.92831
335.37094,25.26192
343.97156,-42.28194
21.70287,12.02414
30.2455,8.31117
37.30809,22.96633
42.77896,46.63187
43.36329,46.31424
53.7138,3.45932
78.52414,70.89043
83.71676,1.05289
89.29827,-60.01625
110.15448,55.77145
129.2966,-60.61227
130.49393,57.59189
136.52043,-16.15695
178.45229,-30.77274
184.39175,22.53982
228.59325,-44.00403
239.00679,30.41734
278.77707,27.77086
293.4574,47.18341
311.39209,-34.13784
313.95386,10.50783
318.04355,-57.278
1.41646,-53.81693
39.90007,8.46451
44.68942,53.23174
49.29856,37.137
50.00362,41.55374
75.07052,-46.23196
82.00165,-20.99491
84.74286,-41.73719
86.3696,-39.05246
98.10738,27.99558
145.93547,-29.00442
149.01834,-27.10687
156.41576,-30.66261
156.46664,35.95788
159.94305,-5.48322
165.46246,-12.48574
170.27782,-78.41737
171.65971,-68.34387
175.15482,-44.52532
189.31541,39.48319
190.66353,19.94524
190.77713,-0.4379
202.39677,-26.69221
208.43105,-48.86548
223.51828,-37.40163
241.12453,3.81518
243.78824,46.77454
247.70897,16.25074
269.21149,28.08057
284.78116,-30.09344
286.87979,-51.9687
304.71423,-29.33964
312.20609,-37.71262
332.03323,45.57125
336.87991,-70.38779
353.76288,-66.77212
354.78613,-16.92492
6.29218,6.4909
36.56923,7.59459
46.35494,46.73938
49.86402,41.6353
74.6483,-65.81541
78.54798,1.87966
86.4012,-25.92511
125.72102,21.078
155.03085,-10.87576
195.68636,-22.07217
211.69519,71.88911
221.72342,11.6263
241.67499,-33.60511
246.80009,48.68621
269.53378,43.41983
274.48215,41.35571
293.35217,38.97759
294.42667,-81.82079
312.0723,16.72634
315.59018,10.9711
350.42038,-48.01559
7.55835,-4.61727
9.4819,4.91132
10.11785,29.5559
15.70484,71.97498
27.3518,-26.74606
30.64338,17.16772
32.8578,-40.45444
42.4166,-0.0698
48.96684,41.85735
56.25409,-53.40256
58.40694,-12.34553
65.18261,-3.87587
65.24795,-23.74268
66.96252,10.73325
68.67499,19.68633
76.05935,-81.57269
88.94156,-61.45497
88.96886,-61.4035
95.98421,51.64091
101.70672,-64.9641
120.40986,6.62397
132.38432,50.87412
142.28015,-27.40528
174.28461,-32.82136
194.49109,9.2402
194.66129,-45.61067
208.04739,-14.70349
211.11417,16.30361
231.12302,8.3732
241.79112,18.64129
252.36598,58.89865
265.36951,68.95834
266.06308,38.08014
287.54861,-48.09688
291.68875,-33.25652
295.75003,40.20301
333.59079,13.95313
334.60498,-38.03836
348.59262,-2.72819
6.92358,49.50293
7.80636,-56.42838
7.99327,2.63191
41.7542,14.8788
43.92118,-10.48973
47.10211,34.36673
53.302,-63.50361
62.16338,21.22086
63.90054,30.96515
84.2012,-38.38051
87.78299,-63.16433
89.73117,-53.56272
91.74198,-49.4934
94.72661,28.88736
101.73398,-37.18462
130.82155,52.75796
137.19838,37.50156
150.41866,10.75639
185.25859,39.90001
200.45454,-13.20677
216.86891,11.0407
219.27432,-23.98056
240.59779,68.18152
282.85349,77.30851
329.26648,-38.24623
329.32095,-70.17429
348.30023,16.77135
355.18433,50.50903
10.22966,-13.77558
12.68792,56.1296
14.70349,0.58718
25.0447,81.16024
44.54688,-52.72832
54.73281,45.73481
56.9689,-2.04872
67.1944,-3.76927
75.33199,-55.26772
79.14114,51.34898
81.34187,-31.54352
83.53002,-28.46571
95.50558,-13.89092
106.24314,15.43427
106.66715,23.89346
107.60993,13.74986
109.82509,4.37714
140.29791,64.25166
174.43443,-47.11286
204.08189,33.42349
209.81296,27.97631
218.05138,28.55676
224.13858,-41.90587
233.98872,46.74842
264.18713,-47.83241
270.41962,61.41413
273.56854,0.30944
294.41306,2.66146
2.95936,-24.3631
18.15757,-46.06931
32.17582,-7.79078
40.6281,37.27678
65.5044,-10.17221
66.47906,12.45169
72.45444,72.97644
78.34496,-41.32041
84.92002,-11.89342
88.55215,-34.73534
92.41855,-47.61485
153.32462,-8.05577
168.73724,31.50834
188.14471,45.7677
218.90942,73.53122
238.879,41.95042
247.01692,51.7754
251.7583,-2.04204
252.17029,-69.49372
255.36748,63.69105
257.65384,-77.00071
265.13364,35.64604
270.17999,28.71187
277.23944,51.65104
285.79611,73.79543
349.39877,34.53653
351.44922,8.04054
358.76996,-20.88016
33.51656,51.7457
43.99001,6.49481
50.94896,38.16291
51.20629,45.27601
55.69677,15.82534
67.0677,-29.59777
69.39725,-13.43593
75.28462,-22.58287
78.18494,-23.45358
129.64166,30.79874
141.87003,3.92967
156.34714,37.44691
162.58478,-17.04367
166.12688,2.67718
169.38861,51.27168
170.91766,-9.79556
207.26207,-29.93703
207.72331,2.32367
211.16792,-14.44916
213.61394,15.61177
234.77144,5.57133
242.9771,-16.47496
244.03636,-61.04322
245.28474,-61.30482
261.22406,-1.32031
265.9429,33.09197
307.6749,-19.14476
309.24002,-57.65264
330.39938,-19.39447
338.08511,-52.51686
346.36261,-2.95721
348.17355,31.64544
13.35216,-56.05513
16.09183,-43.27676
34.72106,52.00106
55.01025,71.40585
57.61139,18.82722
65.02164,0.21749
69.96634,-44.63276
87.20544,66.88403
109.35403,45.78886
139.60385,-9.51246
142.92235,-16.04254
146.21658,-12.49072
156.64439,-2.82994
156.88765,-35.98639
170.5553,24.31726
185.68001,51.13649
205.52483,37.04118
236.98428,44.96274
252.35503,-16.97813
256.84842,-70.78909
259.25507,-21.65998
274.47659,-74.28138
279.77768,77.83983
295.59061,-34.29119
309.30106,-54.65179
311.6171,10.98229
319.65201,60.78452
339.74997,24.61841
358.04984,31.46529
11.016,26.20696
13.37645,-13.11276
24.6966,-31.82154
46.7506,-73.78838
52.59906,15.76746
81.29697,-31.69692
81.37208,21.85613
96.57964,-19.03562
109.54995,-70.42542
111.30991,53.44606
112.52442,64.72181
118.28726,50.1306
126.13937,-56.3549
141.41846,73.9001
155.81731,13.09131
184.27141,42.94801
210.77974,9.36311
218.49207,3.74666
228.66577,26.59418
229.49463,10.89576
229.89029,65.59957
243.52657,34.87067
251.63266,65.54549
256.43481,22.24725
259.80289,-1.64326
262.66931,6.39258
271.75278,52.26012
316.23962,-13.94676
335.68106,-27.35569
345.43646,-59.17337
4.19585,0.70429
13.22267,41.97078
19.34924,-16.06242
29.5793,20.96242
40.32499,-78.12837
49.32682,3.61193
60.55757,45.30881
71.6488,70.12063
110.76755,58.09673
122.08086,9.01389
166.14882,29.51959
187.0358,12.09326
189.52351,-8.33376
190.70264,26.63963
212.72707,26.81441
228.93373,-44.05578
243.89639,68.39767
260.20566,-1.01506
310.77698,21.63412
314.67938,-84.31934
344.6077,26.63894
1.37191,-49.62032
5.86897,-39.98952
5.90006,20.85308
36.72565,25.03272
40.30772,-14.95774
49.52701,47.85723
52.6837,42.01984
55.75196,-53.6382
80.6244,-36.49089
108.61565,56.04665
109.95541,49.86208
110.52336,17.42076
119.10935,51.27601
122.99661,-24.56071
134.66487,-73.32687
135.0656,-69.94395
149.48622,10.43235
154.49251,37.18163
157.86864,19.70636
165.524,38.78719
176.15015,-30.07769
177.23355,-69.79337
196.42171,9.20116
199.56775,4.46427
208.25073,-28.45177
234.75996,31.75972
245.21205,53.54006
296.57776,49.03357
316.263,-12.81564
322.13736,37.46756
343.18982,-48.83693
348.99725,-1.84626
353.82327,12.92405
31.92771,-65.92803
32.48699,16.03274
45.90318,41.16603
49.17748,14.7375
53.66763,38.12673
55.53901,-7.43801
64.15896,-12.39855
82.07447,68.4854
127.89252,22.03372
150.22086,-42.68461
164.72252,55.63451
169.07256,29.22634
169.81377,-15.73528
173.16391,35.32839
194.18159,-21.02014
196.06715,-29.40705
201.8642,8.71296
204.32005,-2.15435
205.03616,-31.24219
210.12523,-2.81067
210.33047,-15.76147
214.81287,35.33888
228.29431,-4.02604
237.76846,-7.44282
242.64787,56.27044
275.04434,15.72589
297.35361,63.50909
302.40204,3.21692
317.71454,-46.09521
325.89886,-5.36024
332.78415,29.64415
339.58762,50.51954
349.16763,9.81747
351.51541,25.7035
355.92694,-6.56829
4.23417,27.88981
5.47992,22.00639
27.31452,-3.68376
33.98371,23.38
40.42779,44.07792
54.5933,42.37376
58.56357,-53.43162
64.86569,-26.73187
67.35838,15.32887
79.81955,5.75709
97.29492,-0.63757
123.73817,-61.73515
126.00459,53.33348
149.01233,-27.18377
162.01849,-12.47486
170.49294,-2.6807
173.48741,51.24976
207.92824,29.33195
210.19864,48.44387
229.73581,5.19181
233.66992,-15.07209
252.35777,36.05585
277.47934,-33.47114
316.29922,5.89883
316.69656,-44.39621
344.5639,24.1537
10.82387,-6.64263
18.70024,4.18942
20.99384,33.31331
31.04877,35.15617
42.81562,50.87814
45.01797,-10.82461
55.80815,-1.01869
65.211,-9.76409
69.71838,0.13919
82.01328,-39.57385
89.0443,41.00518
89.74676,-69.25333
97.73168,-19.49404
103.39685,24.74531
106.77648,-22.6288
110.19289,-72.94469
135.28755,6.10843
142.80424,30.02266
156.19778,-26.69024
158.55583,14.95939
159.77356,-46.27765
160.17854,-70.78479
161.54134,-29.35268
169.74739,27.90195
175.04984,23.52215
178.43404,37.16761
178.80484,22.69521
183.40338,46.49398
195.97592,-19.1595
220.88026,49.39315
224.79759,-4.31701
226.75256,25.75419
226.93762,51.45277
233.40593,-2.96609
235.28835,-62.70791
260.32538,-63.37896
271.06131,9.33507
275.96964,21.05162
283.54547,-42.93339
288.2067,-19.51415
312.77731,-52.71259
317.06668,-23.26045
329.17639,-35.42697
333.0401,-41.79428
334.31567,-48.30046
336.80276,-50.64208
357.57452,36.66968
8.63232,-25.57117
12.69377,-21.58713
20.76058,49.93878
67.99335,73.6437
80.80431,51.21213
85.73188,50.84396
86.42058,13.10518
91.70726,-8.91255
94.80114,28.16783
96.85979,-54.51735
119.77736,27.46405
122.597,42.27391
157.11595,-3.2426
162.51309,-35.66239
179.88263,-36.71836
180.09047,-73.08708
180.99806,9.21653
182.04982,25.75724
187.97815,15.12394
197.53276,-44.34176
204.13756,-34.07448
244.79912,-7.90077
319.82245,-4.56426
323.74527,1.45553
326.72876,39.05349
0.82181,3.62206
9.84503,-40.75246
18.42993,-31.84311
39.77407,-6.94682
41.94086,-29.43077
47.703,19.43774
48.82209,30.92867
51.63058,-21.21682
53.82332,44.0211
65.33527,35.73779
75.95377,-12.81053
82.37129,-63.03407
109.0578,-27.05692
119.2711,-4.93862
119.34303,33.06235
119.6019,52.76849
119.65224,8.24945
134.14374,66.34236
146.70395,9.73614
172.04549,8.01053
186.08168,-73.22311
186.58282,26.83843
188.52708,-35.14455
202.96912,20.00116
225.24388,-15.40939
227.8895,9.47335
232.97583,-49.95633
236.97496,-13.39047
240.79524,-25.95398
255.5036,-78.5592
276.67731,-52.82115
276.89105,62.11649
298.99127,-20.64968
299.48465,-35.08533
353.3652,19.44693
355.56525,-36.22711
0.51617,-33.46728
10.4519,-1.7387
11.46024,49.67025
14.95547,18.00805
15.09077,19.83626
21.22395,-1.50077
26.51808,23.6648
27.6198,-47.16596
42.60832,-31.55828
56.50464,42.01814
60.3589,-54.75819
68.68452,8.14446
72.78148,63.33739
73.05111,-17.40821
78.56387,62.58001
86.09661,-11.15407
93.01485,51.86421
93.15178,-14.38004
93.33537,-42.99732
122.08573,64.38158
140.34227,54.865
145.62851,-30.56528
159.28476,-22.7111
177.51584,16.82467
181.61256,-24.45984
206.79468,34.08859
217.0766,13.78031
234.29926,-32.85667
239.8159,15.17654
240.22368,16.33542
241.06429,69.45533
253.26799,70.4312
255.42552,41.22936
260.99631,8.25029
261.80042,31.85722
313.87207,15.51348
18.20541,37.02386
24.92029,55.13187
33.09027,54.68584
39.67685,-55.01
54.66295,-5.34736
55.49929,-38.03236
82.23733,-47.39041
89.9994,-38.1782
94.55579,28.74598
145.26944,21.22415
147.39272,44.10273
162.30861,15.80913
170.51387,7.81346
180.77122,5.17469
183.41505,-56.31341
184.85428,86.79235
186.54092,-39.12399
192.73608,-13.45683
297.21246,-2.12826
322.57681,35.68622
326.62762,38.47986
354.32297,-45.04885
354.82922,27.24582
356.85181,28.39354
21.09083,32.22384
23.79408,21.90126
32.58844,21.38586
37.09028,10.38214
64.72855,17.77615
70.41501,-39.26881
77.30602,-77.7964
95.499,-64.9884
123.49545,45.74215
129.99622,-58.88315
137.17429,0.48469
146.34377,68.60827
146.96227,-37.25753
150.94398,16.43786
159.32344,-43.11881
172.28909,-8.44629
173.29405,-10.22886
187.50381,-5.98159
190.23438,29.46568
198.53107,-33.77267
199.54201,-1.24367
204.22705,17.40001
221.66281,19.28398
230.89301,-3.11071
233.90372,56.46176
239.11346,42.10116
280.86423,-53.66079
291.12369,42.66294
305.22961,19.82271
315.59003,-54.58865
317.90363,-23.18093
0.83527,8.61877
8.60468,-7.59952
13.37539,-47.37361
24.24867,42.32332
58.77394,36.38354
68.54346,-13.37
90.52016,8.7531
95.97291,-56.98868
103.30738,47.16877
112.51927,34.02777
115.05712,5.64515
121.6611,67.04826
127.19725,-27.72011
150.04378,-31.11545
150.42596,-34.69293
156.03062,13.61774
160.97595,70.37349
162.22046,48.05409
190.33383,30.12184
222.11732,-16.2903
228.53421,25.69964
230.22185,8.3969
231.97771,54.26996
237.05966,-25.38042
298.43332,38.77768
323.57385,-53.63624
326.67734,-5.22903
359.90134,14.8056
16.11236,-64.11998
20.3993,18.39462
27.53241,-62.50307
31.33311,-2.5516
34.24797,-35.51238
45.5714,35.68413
49.05147,-50.95285
62.75249,-31.40782
65.53358,-60.70657
66.57739,86.19532
87.77576,-14.85746
91.07327,9.76753
100.11576,53.208
106.98974,54.27229
107.47073,54.96843
111.67797,47.09397
127.55768,39.88853
147.47122,38.90675
147.52751,12.81363
151.96036,34.31526
179.87357,25.4688
184.30449,19.0872
190.67245,-42.52507
196.90718,-23.57895
207.48894,70.72838
207.62885,24.97663
208.04063,43.24283
218.15976,31.67021
221.11246,15.48095
257.06693,3.94415
317.59763,-37.47948
344.82739,25.91329
357.23483,-60.1304
22.74261,14.10843
29.53565,2.0645
31.4318,24.23415
54.00662,1.10469
91.31849,5.59006
155.76607,-3.62095
193.2623,32.10706
197.32993,-38.05161
200.07394,33.14474
203.89931,33.37466
209.77773,-2.38478
210.23503,-73.72727
212.61723,-4.17145
215.78728,1.67163
232.79396,-21.17526
238.04475,34.08435
238.26833,68.87009
244.55547,-31.44288
247.33339,39.42907
251.26262,50.82803
270.91467,43.46365
274.19476,-35.34994
304.19794,56.47383
310.5932,24.91212
342.92862,38.16487
344.78311,-72.41129
1.62456,-53.83443
23.67432,-5.63156
29.22251,-2.01897
34.67857,35.46295
40.39988,37.22666
43.69337,-13.45672
56.53415,45.83948
64.23139,-7.48062
68.30557,-22.06754
69.99282,-35.6298
80.10552,-25.23134
96.42517,51.29539
97.75532,-70.26351
121.54675,12.54342
128.32727,-55.86869
144.37921,19.58945
148.0737,33.06373
160.72379,40.13895
167.94675,28.26728
186.42043,-2.95065
193.99808,48.44542
194.37206,-18.41348
206.55331,-16.54432
209.67595,13.4564
214.86092,45.84229
250.47749,-70.98994
258.9599,57.3668
267.78693,16.6542
268.59985,7.38626
288.90176,-8.70248
309.31631,59.83806
322.86847,-36.17016
329.18323,-53.8707
334.04874,43.55233
354.85812,9.20755
0.23345,20.33799
1.05027,-14.52365
6.3846,-62.26889
32.56773,-22.4315
36.96576,45.94707
38.86182,19.65739
40.19141,-17.12017
47.28736,-10.2931
47.46519,41.5539
63.35196,25.20326
72.78942,-73.47807
85.10303,-18.0984
89.22116,-42.28282
89.75716,-52.47663
99.0853,-12.3795
104.92015,-17.45064
105.15973,23.14426
119.73837,32.61233
124.47854,-5.61466
125.48779,66.53139
143.54425,0.24205
161.71454,-1.39149
170.09337,35.07102
171.03619,6.21484
174.3736,32.25244
176.51564,-8.27103
184.8869,9.41417
193.98877,-28.64602
197.01738,34.00755
200.40039,-51.15845
203.19762,-23.52204
206.98369,-15.14272
210.51468,9.92941
230.99954,31.21116
247.46097,-26.77822
249.06172,66.03394
270.69022,19.93785
275.22617,-50.9269
285.81073,-33.91936
288.16782,59.49931
308.89682,-44.37528
344.99429,6.95151
351.21454,9.51944
0.32942,-27.41995
2.6099,28.98794
32.01914,31.16849
32.02062,1.89439
39.61709,-1.04678
51.00084,16.18278
52.46845,-46.03888
53.19831,38.39175
69.27521,-9.75509
74.63554,-74.74966
76.69279,25.21425
92.06252,-26.38196
94.54742,-46.85781
139.97993,0.94515
144.1418,23.44083
171.23438,-3.81119
172.96739,48.82625
182.7614,12.1039
185.40608,58.49657
192.41789,-25.16125
192.47063,80.60548
194.0741,-11.87196
217.71222,13.96876
221.50838,-13.30304
227.80467,10.45137
229.80881,-40.0296
234.80919,-44.39319
248.88731,-61.35753
262.24969,-61.86916
270.30264,53.92153
270.70352,29.30718
284.78497,19.15489
299.2132,16.5608
327.61023,-23.76838
344.18069,38.98565
8.84623,-23.37499
54.50995,42.022
55.66714,-13.28945
79.41821,9.71241
95.22137,51.74974
95.96228,-48.97763
124.7579,21.18589
129.55229,-7.642
131.21948,-10.01641
141.1913,39.40219
155.50435,77.83799
181.21298,63.13145
188.77359,-37.27776
193.1461,-31.26602
208.70114,-19.66649
210.52002,-1.35785
225.67805,-17.86801
252.45206,46.71815
256.38092,-26.3891
290.51752,60.96985
295.5863,-24.05226
321.55975,9.79798
355.34753,16.15511
32.258,-85.34045
47.82058,11.49704
50.57447,-17.18037
67.31207,14.62045
67.73621,-10.24594
77.4556,-25.60502
84.49156,-70.87071
104.95841,35.45804
106.47494,-37.87449
153.32057,-6.0291
167.96558,-45.80724
175.83659,-27.6002
182.45314,47.16813
201.43578,-21.54423
202.23985,12.20077
213.08723,-34.33937
226.04918,7.45644
237.33034,0.18271
253.93994,-79.68888
255.38533,27.94145
279.20117,-71.64722
315.44803,57.72556
316.87534,-10.32537
355.34268,-69.3308
0.92268,70.61211
5.30077,29.64601
9.82753,3.95251
13.5445,-1.9527
26.68315,27.95948
31.8408,-61.89363
44.16851,15.88267
51.05298,34.49149
94.46259,-32.85514
108.7107,33.24698
127.45955,48.78108
133.94859,0.79423
158.93884,-3.86594
159.07156,-27.52971
160.13568,-27.86123
168.6935,11.12761
178.79262,50.15526
179.69612,15.71625
186.27077,25.95743
196.88596,-32.83936
207.12915,-30.59331
222.73312,-15.95735
229.74246,20.81537
248.05539,2.31474
303.76666,-37.41257
318.09473,-23.12434
337.22766,51.69471
352.55621,13.46714
354.29453,-3.72543
14.28572,-21.91987
14.42357,33.35145
20.32271,33.09037
38.22604,30.74472
39.20368,-8.99073
42.65398,79.9948
46.92977,29.59833
61.31575,21.37333
71.82842,-44.68161
74.88885,-18.20481
78.1439,7.07303
115.21242,64.66092
131.23598,42.9766
141.89632,52.21048
144.05667,-10.97426
173.98889,21.72265
174.22589,-8.3758
188.2852,26.34929
193.35733,80.05228
202.01096,-31.75575
209.53099,32.64234
227.04024,20.18169
229.88164,-47.43417
240.12909,30.385
254.82904,38.86629
254.83545,-65.02301
259.00095,-16.26094
259.26123,45.5245
267.90131,-64.95942
270.04901,34.4999
290.45389,43.42497
292.32864,-22.72271
293.18677,44.05424
298.2027,50.8245
307.5412,-4.59375
309.93216,-20.07194
337.68408,22.54252
354.36282,-26.49355
18.22171,-30.69402
41.64864,-53.07067
44.02433,9.37871
46.44496,22.20344
56.79631,-54.58794
71.28757,5.47655
82.91512,-82.78294
88.44115,51.03561
90.24584,-28.28514
90.33115,66.38423
94.20232,-69.89659
106.71015,29.40283
110.54835,40.4685
144.73965,-31.12488
183.6219,0.83014
189.86513,27.10233
190.83235,58.9649
197.23071,-0.8016
207.75414,21.99233
230.37422,70.92075
233.77647,-45.19542
239.25824,-6.15518
259.11377,43.34277
285.2673,-23.91194
296.06171,-35.03055
322.92984,-16.08076
329.15265,-55.55446
339.09479,34.54364
351.81177,-9.38695
354.80591,27.5486
359.23343,48.43419
20.27332,33.37892
49.37153,41.37564
49.64736,41.66699
55.43488,39.33715
61.23012,-6.30478
66.91592,-5.78373
103.71643,-39.16327
104.96545,63.40376
113.57457,-52.12012
115.22441,3.17415
115.66914,9.37241
121.37395,37.53589
124.76434,56.12262
129.35034,18.3862
129.54402,18.69174
174.79579,39.33376
196.49713,-7.51384
201.50546,-22.92648
204.242,-33.75345
235.97964,44.30587
239.73666,44.76431
266.49112,57.25716
278.14642,-63.29326
295.55966,-35.99546
308.34222,-2.30287
313.91623,-22.06411
332.65005,26.05322
353.97839,22.95236
356.93005,27.42723
21.33303,-16.45808
29.60413,-78.42703
43.09464,36.73513
47.69137,-10.79624
76.22105,-10.24791
77.63364,-8.19003
80.97493,-49.90576
162.10052,-3.31343
165.19983,10.72822
168.0636,-5.75346
170.20006,-43.264
185.00209,-17.48857
198.16811,-22.64209
199.63206,31.33793
203.15219,-13.16366
224.40819,29.96849
225.96039,42.11543
226.06033,52.49408
233.75819,-37.4907
260.57614,-7.1986
271.1087,23.18908
286.522,40.88305
304.82547,58.36782
308.99115,-50.19226
319.13904,-22.21549
332.50562,-49.67579
333.44394,13.79071
356.85641,-25.19879
4.99314,19.40237
22.82377,-26.48407
32.76867,7.67089
37.73786,31.11806
39.36005,-55.1792
54.27332,-55.02192
56.90596,-8.73183
59.7836,21.58508
64.71731,-37.46202
69.68595,56.59076
79.10566,6.34182
98.23508,-36.03567
103.84607,-17.23349
129.40402,24.99972
154.59451,45.95459
155.18687,38.52096
156.13521,-36.27229
156.36694,70.75008
164.18459,-12.88741
168.22812,81.49017
170.27293,-5.69642
194.98343,28.03474
199.14821,-52.38481
199.37874,20.60011
199.85672,-39.15353
203.91727,-41.6224
225.28731,-36.98553
239.75429,46.02337
247.00395,-66.79418
262.41434,-11.09194
264.31107,-72.98785
273.58359,69.66457
278.61859,18.97433
303.70566,-14.79608
309.07706,-25.42148
328.75031,-55.51388
338.01688,51.72564
344.0585,19.13196
356.11139,27.6025
15.03822,-18.62682
18.96497,-31.58964
20.98781,-35.06927
45.1959,11.77229
77.59406,-0.7309
83.45896,-13.35512
125.19201,16.64578
141.42009,22.33002
172.76715,29.30187
173.53259,-9.46709
174.79529,-33.03838
195.15623,-7.81138
198.49104,-39.25964
206.59219,-31.62332
213.51901,-28.21225
222.78615,-37.92268
227.75816,-31.25951
252.94571,-17.48351
257.5213,42.37165
267.29794,16.11058
272.36069,19.11767
282.09286,-63.21766
294.94296,-28.6097
296.73169,-64.92015
311.04086,33.99492
316.59396,14.78952
321.44095,-34.07724
349.41522,16.12765
354.21848,6.86564
3.26416,-30.7205
11.53764,-55.56848
13.80636,-43.91642
16.10361,-46.50206
27.69622,-34.56088
32.33981,75.52644
36.75267,-21.64461
37.27743,34.44837
38.73581,40.17344
39.84502,40.56761
56.9273,70.6685
58.24701,41.69798
86.4628,-39.49425
103.16473,-62.50943
106.55642,23.36796
107.81819,56.13776
108.96243,4.52496
113.8016,-59.87665
116.53352,-13.28131
133.77501,49.15611
154.77063,46.45506
156.48006,-14.72085
158.46346,57.05588
160.96913,-1.29449
176.03738,-49.3553
182.30037,-54.83879
189.96169,-23.07784
206.38408,-53.88791
214.51851,-38.39115
241.25572,17.77561
254.34923,-1.7972
281.86188,-23.52794
300.22253,-38.63699
301.58804,-42.76417
311.97595,57.59722
316.45187,37.00895
335.57031,36.23151
342.84653,-48.16286
348.97589,-48.3535
349.63843,18.74973
349.82925,0.94581
350.79236,32.52772
1.69493,8.42601
19.89573,32.18051
30.01887,23.76373
39.60593,1.96872
40.05903,38.34725
40.19669,-13.39127
44.75783,-37.24636
68.34356,-18.67704
69.55173,-69.28815
104.04447,42.61739
114.1586,2.8885
115.36742,-38.58456
116.29908,12.40507
124.7712,21.7915
126.32281,3.93352
128.67236,-4.27265
150.10159,0.70459
162.42389,56.64132
181.18286,-52.48028
182.72343,76.12586
195.51387,-14.88289
202.47968,-31.33226
203.7917,41.18837
208.53075,-39.35675
242.3186,41.74577
247.85657,46.32425
249.12726,-64.43431
251.49663,35.45892
252.11041,41.95308
287.73547,-37.04742
288.38058,-18.6202
302.75229,51.22438
324.81271,33.90737
334.02576,-30.36889
1.53832,-51.67916
7.8353,30.7925
17.39637,-6.15053
21.92091,12.21517
25.55249,45.60228
29.18138,15.0148
38.80609,-29.60471
42.89642,-0.73374
43.556,-73.13667
44.9437,26.44201
45.37479,17.85286
50.38684,40.41024
56.99986,40.733
63.19152,29.77012
83.01295,-24.4161
130.85883,3.61459
136.22829,28.38432
150.01413,-40.00191
162.70883,16.42819
163.61177,59.03681
172.08653,-37.6447
181.02049,28.16455
184.58936,25.21672
190.82939,-10.89739
204.63412,0.54026
205.99843,-20.01414
208.54692,5.2272
216.1459,35.27982
216.17322,55.70559
216.19058,29.46013
228.99554,-31.61599
241.1857,-1.75782
259.68118,36.00281
267.44974,25.79494
270.07895,34.63981
287.5665,-43.21089
308.61301,65.40659
356.51505,-17.3068
357.44601,72.64429
6.51338,-7.33465
10.54708,0.90449
22.19953,40.31905
22.76981,13.64963
26.51631,23.45843
33.43777,4.10223
55.5889,7.88598
62.58729,0.81423
67.80028,2.67822
72.21528,-32.81567
101.07264,25.93487
122.231,0.30149
122.8896,5.08115
134.13565,-73.93374
141.00343,-29.22869
166.3999,-2.13965
170.25195,21.33781
175.68831,20.03224
185.16585,-11.64193
194.29103,62.32509
197.29201,-28.64179
222.25386,-20.84745
224.24567,-2.11441
229.29715,-46.66353
233.44276,-8.77714
252.55939,23.44129
256.61929,-22.23371
273.86539,-44.06438
298.13321,57.54846
299.03333,58.61273
352.47723,8.96578
0.60047,8.3984
13.60151,-25.46408
28.25405,-62.46273
51.81824,11.94812
59.05327,-55.81699
87.90076,39.82965
91.97664,-45.64077
92.3642,-47.59274
92.87731,-44.76509
103.77516,-38.07294
105.86925,-60.27896
105.99176,-49.0806
126.55474,4.59536
157.0694,79.82335
158.50999,34.86954
172.38235,-49.77096
191.27171,-44.00546
200.90515,-17.0526
205.54532,4.26257
209.44795,17.5105
216.96162,25.83809
221.06143,4.21856
253.65622,-60.02771
278.10864,34.08121
299.76669,50.80206
304.50909,-45.49592
331.03885,-11.36188
337.52051,-28.46811
6.40712,0.03669
31.56822,-9.98075
33.27429,17.56655
43.59236,31.29264
47.48135,-20.0885
78.81973,22.17828
85.08416,11.48395
96.26218,-11.78168
109.71964,-36.01764
116.37012,-67.80183
117.87975,-69.83571
155.69353,48.63725
158.77019,44.74581
200.0773,-16.53765
201.69675,-29.88136
228.48442,4.71088
241.20757,8.48111
251.06717,-77.26359
255.7104,-10.75902
264.38727,17.53297
277.45416,23.01132
278.12244,-60.29057
292.66016,-0.43903
314.89938,-51.98822
328.0228,46.4108
330.68338,-31.9906
351.71109,6.71737
4.13698,30.34591
27.75309,26.78846
30.78167,46.47742
60.82451,32.62004
65.41389,36.29088
66.15235,31.3137
76.14213,-17.09159
83.58839,-70.6831
97.55005,28.40541
122.99294,4.51491
129.6814,7.80658
131.35484,45.96114
141.4315,-28.20918
153.58632,49.51078
155.60643,-40.03108
163.34322,31.82231
166.01782,13.86126
174.47815,47.46637
184.55362,44.17327
188.52548,-72.65061
206.76814,11.10622
221.93135,9.53829
251.96822,36.70599
252.06355,-30.5845
263.47443,-82.19195
265.39822,29.20534
289.21793,46.07031
310.21692,0.65285
321.47003,-32.37305
328.85959,-20.37261
353.10422,-27.77094
359.4415,42.13724
15.76755,54.03464
36.63772,29.83063
54.80662,15.81956
55.05783,15.47565
74.45419,23.56409
164.5006,-18.42765
166.36345,-21.09871
181.18825,-50.65289
187.44499,-19.91923
188.12042,-33.50818
190.40544,26.07283
191.64072,11.89664
205.28268,23.28197
219.82472,3.36834
229.61852,-46.12893
233.79099,-41.47902
239.15448,-8.76612
242.4294,30.45263
245.29008,34.75911
249.0937,-14.28998
260.23926,42.15557
268.29419,22.89204
303.33572,-21.80826
303.85886,-61.85753
306.58075,-51.68169
310.37057,-2.20345
314.5159,11.05381
1.16819,-45.62894
5.91914,30.55937
16.91352,40.24206
18.08018,-32.06116
24.53747,-32.85465
29.64298,-7.71182
33.44137,19.25326
47.42594,40.89307
47.55506,42.83809
51.35371,-16.23392
52.87799,-4.02148
75.12563,4.38652
77.85642,-0.57468
92.59512,-37.82064
103.12389,52.98833
108.42517,-34.0611
109.21495,-35.76701
119.09666,-59.36701
143.07816,-19.49959
196.79399,34.29807
202.32994,-38.23846
210.93454,-35.80659
229.00371,54.48229
230.34389,4.34174
239.70016,-35.83671
256.67981,52.11124
275.3623,26.6598
279.36111,39.36058
288.11389,-29.04332
295.30298,49.91026
305.39316,3.59741
307.55399,-83.4266
315.51624,-27.87122
329.23767,-68.78591
336.13904,18.06573
338.96558,-34.84707
348.90927,18.91975
354.99133,31.36871
359.50589,-34.29072
6.32631,-14.55735
18.66058,1.82944
32.48439,34.94085
33.12569,-22.47152
33.85903,51.84412
48.94578,40.75723
67.80453,21.80135
75.41211,7.62779
87.73522,-38.92516
96.15874,-59.67861
97.26312,-54.38664
100.08139,-18.59871
114.58403,-39.32102
174.78214,19.36331
185.46227,26.34097
200.9518,43.30118
203.28108,32.51417
219.0108,36.50317
223.96823,24.71971
247.47238,20.23261
259.30548,7.74129
277.20026,50.37244
279.93323,22.31642
298.0986,4.3379
307.9313,6.51722
332.14368,0.5117
333.08063,-54.29842
338.56516,3.58724
340.54379,19.99696
357.16977,-28.30976
2.60565,-46.49202
4.86103,-6.6486
15.45107,-4.85841
24.42018,-13.31466
36.96814,18.50522
46.45093,-0.17677
52.16195,-3.59343
86.67608,-65.39218
97.05882,-48.86472
107.68446,50.20244
130.03682,-5.60109
147.42178,32.22105
152.31024,40.35191
152.82448,0.4423
166.71312,14.20345
174.22655,19.97165
178.96092,-18.1965
183.15898,-32.58286
185.57288,74.83842
194.87837,27.8842
196.90675,27.4991
198.08606,-21.80079
207.54141,38.2196
223.26274,-13.96866
269.99301,44.85403
304.98557,-59.37446
314.60065,-32.05086
317.81216,-23.38216
325.08691,12.35484
329.40054,-45.41376
348.52686,50.57707
25.91926,-13.11718
33.31834,44.04684
33.41762,31.19193
44.05539,-33.75058
47.6881,44.1945
48.38778,51.68973
60.01726,-53.371
73.75202,-25.34498
78.92782,-16.10876
87.75352,-34.7777
89.59668,9.45074
107.64491,49.87301
126.45186,-13.52951
126.78271,22.8421
161.2123,-46.90021
168.67401,57.82537
172.53009,-5.37925
172.7655,20.23566
177.1147,12.72731
179.36397,-12.32304
192.40395,-24.64066
195.87088,26.55071
196.95654,-43.90829
208.71785,-19.67239
218.27548,53.2653
220.69333,8.72557
230.77171,-44.50442
244.89624,-59.20255
245.59802,-61.59866
259.20447,-14.95892
285.15134,18.40903
288.8645,-58.23801
336.51422,1.20466
348.94308,-51.04341
357.32916,-17.14321
3.56451,-31.65812
4.8369,6.61535
15.54472,32.41395
27.3947,32.57961
32.16342,43.00736
44.99859,45.15364
50.89187,-16.77981
53.08813,-45.58147
66.72814,-11.98571
83.61868,-44.77826
108.24222,39.96098
119.96684,58.61646
125.17843,19.44066
140.1004,65.44669
165.58644,10.24318
177.58553,-2.81113
188.09734,11.26318
188.29625,48.04955
200.22681,-34.8386
221.58083,54.63676
221.86473,1.97852
221.94878,-15.13831
226.3343,4.48053
228.44252,-43.72683
235.49129,48.55696
240.01485,41.47929
241.37022,42.62721
266.77106,54.88192
313.85733,-43.68206
318.31876,8.86498
319.46912,-48.31322
323.2977,-64.6394
324.25098,44.35126
327.11026,-1.67268
332.39337,-6.11427
357.22986,-22.02415
10.66371,2.7373
39.27663,38.17168
61.07503,-54.54824
80.36874,-21.40903
105.82717,54.87538
166.76408,12.0604
177.66217,55.35384
194.23376,-29.481
198.07878,-19.44603
220.44559,56.91793
223.63443,37.07565
224.12833,-40.58947
228.18199,1.46499
233.51707,22.93425
237.52252,-60.95033
244.83028,81.04649
264.62808,9.68955
273.76215,49.42614
304.74356,17.86065
309.53241,-25.28575
313.70093,-8.64922
7.80037,-0.40732
13.20499,34.34298
21.51045,-1.22564
32.61539,-16.83032
58.06828,13.40536
65.84296,-67.12739
76.95373,-45.70384
87.1416,-32.75407
87.37449,-33.06177
121.05666,-5.95244
127.54111,67.03057
135.91612,13.67219
137.05515,51.65188
139.36322,-12.38669
143.55106,-20.85906
153.33725,23.26472
154.8436,2.74262
155.90904,13.95767
214.34454,25.05287
222.69855,9.69541
245.41776,-12.32886
257.00146,36.34447
261.18909,24.97128
280.01923,-53.73265
284.9093,-48.93322
308.94138,10.12562
317.61789,-9.09242
338.77954,39.08448
342.76474,31.37438
350.61176,10.54251
0.0497,-66.51278
2.57584,39.42813
49.2134,46.79301
54.25766,-7.70679
69.72814,-66.169
77.74123,-1.3387
100.19995,-21.87739
104.69064,-49.92768
134.34346,22.4431
139.42165,-23.58417
150.17288,-2.95634
156.52641,-2.77531
160.89476,-0.93428
161.14905,11.29609
185.01366,14.96147
190.34816,6.67804
191.63754,40.83094
196.65379,58.76414
217.20732,-39.55219
220.08128,16.68521
221.29066,9.2747
231.89703,0.28914
236.50758,5.13696
242.46594,25.68657
254.8607,49.92198
257.96432,18.84142
267.3158,17.95601
268.02393,60.59785
269.25757,-49.27816
271.01288,-66.91546
279.57309,-77.52971
287.83047,-5.29991
292.98782,39.97343
324.15857,41.50278
324.53308,-42.60487
324.70963,-56.41864
5.56676,30.24744
7.41461,11.71633
12.53452,-4.38317
28.3863,-47.63874
36.90955,36.15098
45.70355,3.86381
52.76881,-50.43342
55.93421,42.15126
76.3002,20.98329
110.97258,-3.48024
121.66477,55.14709
147.77467,-25.8983
149.41371,44.89735
158.82803,-44.17401
158.95186,72.05482
159.57338,-44.71057
159.63098,58.7854
161.24512,37.13796
171.22049,-13.57239
185.17535,29.34594
204.83685,-31.67764
205.84453,-28.96794
206.36345,47.92261
209.78825,-15.23832
216.57718,-14.71518
220.39041,-37.91516
226.3327,-67.74202
258.4064,49.13246
258.53845,39.49831
259.74728,-18.72629
284.60052,44.50304
300.82083,-38.7572
306.7886,-30.81971
316.90298,-25.41805
341.37216,38.52043
342.59039,-20.35122
347.34833,-61.99807
351.17795,14.51838
355.29788,78.25172
13.66558,-63.28382
19.03009,33.08936
41.22971,48.74515
43.06676,6.75219
51.27133,16.46824
62.66169,-62.726
110.81684,32.49533
121.10314,84.6415
135.73798,30.78414
138.97922,10.13256
141.15488,-67.23312
144.0686,-37.85467
145.62579,-11.02611
161.27625,38.98396
178.41931,-3.99652
179.9567,30.84442
186.68944,-18.12795
190.35593,13.72945
203.95703,-29.23023
207.07816,-50.4259
210.45126,28.55579
226.88109,16.1977
264.90366,34.7495
303.19699,-33.58757
318.53952,-26.06054
327.16159,-56.24322
331.16922,-41.02576
332.93613,45.70749
339.17526,19.64849
6.51215,-32.84779
23.03283,-34.66953
24.34755,-9.16871
31.98827,16.21954
33.83659,-24.60026
34.91005,37.93599
56.9285,32.98412
69.35968,-51.73566
74.55215,-5.15914
78.64898,-39.5122
92.44414,-24.32537
96.44012,-11.769
100.49998,-30.1123
107.10075,50.1366
113.55405,-67.58024
127.4223,30.68792
132.01074,-19.68621
132.98167,-18.5426
143.62175,-9.45079
156.60649,17.51043
179.81891,6.18847
199.37755,31.0927
200.75349,-35.77597
211.78679,15.31802
224.59349,-7.04026
245.91656,-65.99973
246.07336,39.21105
286.27063,-38.91413
308.60477,-49.43705
322.63345,-16.12127
331.65866,17.46099
6.84486,10.84832
16.82275,-41.89072
24.74863,-28.57231
35.43407,36.47249
35.76288,25.43501
49.97663,42.01464
57.19134,33.474
57.42024,-7.66975
62.11388,23.34257
72.21887,-54.71112
76.80419,25.39055
82.70668,-61.56797
86.70288,-32.57919
96.76055,-61.17839
101.89556,26.73965
150.9801,54.71525
187.17188,26.79833
199.46767,14.1164
201.76955,41.95726
207.07878,-50.97754
209.49966,-24.67852
218.76834,-28.42523
249.7556,-64.23689
277.59274,52.25331
309.57526,-2.00573
311.28937,-22.89876
313.51816,0.77741
318.5174,13.62603
325.86154,-40.12476
329.80832,-14.55993
345.7424,22.27635
356.19073,25.90897
17.32583,2.56756
30.11829,16.55967
39.96791,42.93101
48.82946,-17.91516
49.36623,41.48798
73.26781,13.22054
74.76118,12.40133
89.41953,-34.93388
93.10783,-11.20007
115.67382,65.17709
118.15952,50.40165
124.18955,24.78017
127.07504,0.28935
153.13995,58.24068
167.07329,53.82419
170.38129,13.42645
187.56693,-40.8713
202.832,-1.61499
204.52602,-39.84022
220.69389,61.7125
221.94228,-29.27202
247.1295,39.52111
249.29655,-64.14468
252.19951,9.25583
254.729,-1.83502
262.58627,-6.61978
270.34158,15.34654
275.43909,18.07249
298.8718,-31.50248
337.82315,41.96238
342.9942,17.30405
343.67667,32.32
345.63593,22.54049
346.76175,-42.91612
354.06232,-11.46673
17.24311,-82.59477
17.61928,-61.55917
31.47267,-38.10013
36.37408,-4.01156
43.45861,41.4552
45.30832,-7.2233
47.02266,42.13005
68.05165,-5.3777
73.26444,10.44088
85.06088,10.5643
97.72421,59.60341
101.89913,-65.70036
108.49608,44.5771
114.67174,17.93409
142.47804,-43.99096
155.65599,38.57912
164.04898,46.88063
168.46411,-40.93326
176.69688,-50.81143
194.13902,-44.24739
212.37016,-1.90645
240.20583,18.92787
247.43231,-68.00338
253.4866,-16.28965
257.22897,11.46616
283.9151,41.67294
284.28,51.14944
287.81326,47.73277
301.83966,6.44552
311.38055,-43.53004
313.84277,2.35456
323.65552,-24.21579
331.67404,-71.68879
358.24069,-2.72594
42.30451,35.33475
50.06315,-10.86306
50.91986,15.43566
62.27487,70.64574
69.9277,29.20798
83.56039,70.19149
106.14282,37.51348
107.63459,-21.00919
111.68923,53.1781
113.37456,57.7006
124.53157,26.63385
131.63861,48.43005
145.23564,27.77771
153.97241,6.96379
154.97089,-3.73501
155.68619,-22.60098
163.88292,8.84701
167.74263,-3.57327
204.77238,-22.1971
207.92455,46.36665
229.25386,-25.15715
241.24869,17.8703
269.84399,17.25816
292.18427,-29.60696
298.57501,40.94035
300.18677,-41.9604
300.32449,-20.10057
302.43381,-66.67366
305.55463,-47.22657
309.41458,57.3066
0.3074,-44.01183
2.65997,-56.9865
4.32837,-32.51592
46.84311,4.4215
49.81441,76.0648
58.22758,-53.72318
63.43142,-17.49364
64.50644,58.47285
65.46611,-61.78153
66.43599,-53.86371
85.68939,82.4607
94.47934,56.06369
95.52876,-23.37066
134.2879,79.70393
134.45148,-19.15531
135.98167,-20.57911
146.53474,54.61455
148.95143,-1.86973
156.67853,21.72407
166.99585,35.46329
167.50702,5.30382
176.31259,-1.70282
184.38416,-51.28014
205.93394,25.39219
209.45616,-36.03838
231.72292,-31.14408
240.63635,14.55497
249.56396,-21.32799
250.40497,57.81485
259.17444,-22.34994
260.39667,-12.30175
261.96878,60.09733
266.14664,38.9719
299.84491,-0.38038
301.96982,-0.25742
307.72305,-1.48098
330.10043,-56.17819
18.42362,73.64303
25.93777,-34.30204
42.57024,0.09203
46.58422,42.24997
51.70859,8.20557
57.66787,10.9515
71.34043,-15.79086
73.95879,-20.86712
79.51015,64.2504
120.10297,-12.17946
157.67818,-1.8267
162.89041,-35.47525
168.40388,-44.01764
181.93326,-32.02039
186.7364,48.27698
213.53444,-40.2478
239.88652,70.3331
291.49179,-33.1141
311.41354,-58.44978
320.91534,-5.43382
339.24609,-32.22254
34.21737,11.79399
49.90171,-66.99483
61.97816,-62.23518
78.4435,20.87652
81.15358,-28.54849
82.55102,17.22881
96.11501,-37.24767
99.25904,-35.01287
118.70267,-9.38127
121.09744,-61.52208
148.86278,-13.79756
157.2374,8.48351
157.74025,-74.73627
176.62067,-34.04656
196.62141,-30.16896
237.36752,21.03417
308.66141,-43.84027
312.51318,-33.62572
315.72043,-37.98316
318.62979,-8.28214
343.75296,-39.88454
0.4014,-38.03231
1.46812,22.53567
7.88126,-6.10574
33.5188,19.19136
40.979,-3.60637
64.73548,-37.12517
74.09551,13.61764
80.17954,20.19602
86.96757,49.78623
91.49142,-35.96379
108.22122,-43.98552
120.66251,34.77644
133.23459,9.31808
133.74554,49.14238
139.99156,26.74854
144.77075,-36.65567
147.5778,75.74804
173.59714,-9.67994
177.11082,-51.57336
180.69261,22.33459
180.82329,20.63706
181.05237,43.68145
185.20462,-56.65081
188.01483,-20.57619
199.43822,-15.5257
252.77406,-1.49057
279.17389,10.43886
286.98132,73.09971
311.00937,-73.48316
323.89224,-19.03104
17.56878,-5.97239
25.43914,-79.15855
30.5493,-0.13044
39.57945,2.31002
44.23584,6.20559
44.68335,17.26262
51.72467,7.71136
62.36989,39.2751
62.44011,28.03576
67.21895,-53.85653
75.19154,51.46211
75.86517,0.66029
96.84888,-53.85233
107.00827,-35.9252
142.52278,13.97265
144.86911,-17.87383
144.99362,-22.72644
159.34109,27.3588
167.6109,-14.96161
168.72798,25.92447
169.91428,24.92957
169.97639,33.09019
180.32851,9.16514
182.34099,75.56368
184.8223,-13.24727
190.74065,12.28676
213.47304,15.51006
244.69093,39.33446
251.70326,-69.42717
252.7021,45.40182
295.2883,-18.72771
302.19019,-22.55439
306.45859,-33.54721
308.80328,-25.19177
328.89886,6.61032
351.5687,-1.9741
352.87915,10.08015
26.20834,21.88243
27.67964,26.8365
47.30173,48.72803
48.06149,35.36881
50.75,1.36577
51.73593,7.68026
53.87912,-4.31615
73.35255,-4.79262
80.40775,-14.51562
102.74574,53.02448
111.84222,-67.63236
128.72957,41.40189
129.45238,-72.46861
134.11363,-25.20494
135.24362,47.79535
159.01306,-6.96142
159.14139,-1.26155
170.3856,2.88725
170.71283,-7.58852
171.57188,35.34024
186.62512,54.17922
194.81355,27.97077
221.27126,21.91622
234.89162,-83.58937
237.05264,11.27951
258.35202,-7.30872
260.30887,-1.02276
283.39645,-40.01803
312.38644,58.10649
341.22708,-23.84674
344.41983,-35.39706
346.00522,3.25531
1.9332,53.65897
7.38242,-13.99347
17.80955,-16.26515
38.22929,34.86092
38.24953,-10.97393
48.26598,34.97418
50.16488,8.03978
95.69825,-40.65755
107.31283,2.50891
126.34674,1.98723
126.43546,27.8745
137.82411,19.29823
176.06871,20.21688
177.11455,21.15651
185.392,4.77953
187.46806,11.67747
193.08992,-15.82771
204.15071,27.24224
207.70363,-23.0514
211.46811,53.12903
230.64287,-79.85395
235.36575,-81.62595
237.03036,-21.06501
244.79388,14.07419
266.3031,20.55697
294.34741,62.38363
321.25092,4.6355
324.94278,-29.87704
324.97693,-42.88035
342.89276,50.00743
9.77052,-38.85716
13.41658,-65.88353
27.13379,-12.38751
37.11985,22.41659
55.54578,38.36485
56.5461,33.14697
69.09679,-73.08517
80.433,-3.94169
81.42361,-31.82685
84.55732,13.51221
87.92893,-17.48188
122.02658,4.36876
123.73453,-22.01807
135.04091,-30.54299
189.73508,-26.15905
210.6754,9.34665
235.35661,-19.20622
236.2901,26.5062
240.77412,-62.3992
242.06845,36.0934
256.64767,0.3231
275.14062,38.18589
300.64743,14.95126
304.22137,-47.32751
306.58301,-48.04387
320.45438,-70.98337
354.01233,-40.53504
358.07089,9.46676
5.57381,22.54625
5.82668,13.70211
20.06701,-40.87502
50.03001,41.83284
52.71268,-52.50873
90.55798,-55.56635
102.15638,43.50977
126.88591,-1.55959
129.9164,60.96894
152.14468,12.55541
181.67145,-28.28401
187.05226,13.89916
196.23708,17.56898
221.14302,8.93706
226.64374,5.2237
231.27412,37.96014
232.94826,7.30822
241.43581,16.20346
242.80214,35.93933
243.30287,14.18543
262.06876,-19.60431
267.18091,-9.35075
275.36542,-54.96027
286.13086,-15.54015
294.19739,79.82772
296.22754,-69.88407
318.54352,27.94266
322.76288,-68.34155
356.11496,5.6638
37.76733,27.69952
73.99375,2.23448
85.07759,20.57227
85.21997,50.20236
103.40277,54.36749
111.29314,9.51578
125.99046,-0.30484
151.19868,46.71933
172.84174,32.70628
195.46263,-43.71327
197.99611,-13.72729
208.51205,37.38096
216.53624,-29.59072
219.28705,-54.0133
221.62608,32.64143
224.22124,9.27163
226.22415,23.2566
236.8149,5.92125
250.68109,20.36327
269.2135,54.39626
275.80246,-37.73344
306.69742,58.50315
320.56247,-9.43268
325.75562,-52.68337
344.64288,15.17283
346.23352,36.02125
346.70767,15.03049
24.70105,-49.31714
36.39679,26.7434
58.60278,-19.19032
81.32534,-46.00583
84.49321,0.94887
85.7293,51.23919
86.12358,-26.0588
87.53392,-46.61681
87.90998,43.29348
96.94542,-26.09221
103.67745,50.43226
111.84926,19.62487
116.37875,7.93171
121.97683,-53.30357
127.41766,-55.60109
138.65463,36.10369
144.0788,37.24671
147.12874,57.97075
151.31207,53.14893
162.32681,58.34513
166.9547,-49.818
183.10146,28.81708
186.25232,-23.24643
205.06335,38.86933
222.61758,26.09118
230.03902,21.90473
244.60307,20.89
251.87943,-29.356
255.69505,28.07027
288.88348,76.09305
329.09851,-12.12144
74.79144,-75.57288
83.01917,9.27645
95.95587,35.63961
100.3149,63.20029
113.8479,-66.35405
135.27066,53.21439
136.87309,-28.02456
158.95953,20.65097
162.75917,18.23562
194.27042,-13.16767
195.44588,28.09496
201.89871,-27.04282
208.3607,-27.90201
231.8804,18.60735
234.64815,-44.41696
237.50932,-2.8233
256.53354,-21.99542
269.25241,31.80995
276.90002,-51.45991
300.65033,-55.82454
318.82208,7.78905
322.20007,-45.38457
335.95642,-61.19521
337.54587,39.17193
359.75507,18.83405
359.93286,51.90469
19.223,-34.87769
44.00139,47.8043
45.19384,43.16255
60.64999,41.69301
67.36765,-36.70869
68.19168,37.34763
68.40833,-14.31331
74.42021,-75.45917
80.14605,-26.78467
83.99161,-45.80114
104.14229,-52.55188
135.83839,-20.23496
146.21638,-38.1733
150.18839,4.73434
150.27058,59.82375
151.30038,-6.63264
163.06653,-17.13013
168.88797,28.5502
173.92204,58.32379
189.22258,27.86215
203.93994,35.85934
205.70677,-18.81933
206.06534,19.56661
213.55493,-0.89434
226.51981,3.70745
234.84369,-16.69937
237.2988,25.61823
244.80164,16.48282
256.17209,-8.78695
272.87827,21.01989
287.10599,-32.22264
311.04828,-61.98871
313.27502,22.5021
315.47272,-24.61982
315.84418,-35.17667
320.05148,84.68343
325.09692,38.07421
327.02713,-76.43417
332.51645,3.68947
334.00375,-58.14906
348.80939,-1.2421
22.27984,11.13147
25.78311,-62.47213
32.66082,31.33696
33.64942,-7.3101
37.72229,43.34982
40.81771,-15.26135
44.13504,41.0125
51.70646,7.12479
61.62416,30.46645
83.11463,1.36776
106.60065,33.6282
136.08955,41.48165
200.48338,-27.64188
202.77643,-76.21567
206.51472,22.1188
225.09895,43.28213
225.86644,7.33851
227.24997,20.44205
247.73541,-68.43202
256.2832,30.40318
281.60397,-63.32534
292.53073,-43.54437
308.37906,-24.62388
317.0665,-10.21614
327.99094,-57.486
332.0947,-49.43108
338.50018,-28.95006
342.57617,51.93944
353.46884,-1.33306
11.44345,-15.59688
13.39781,-69.59482
16.89997,-33.6379
20.09645,-0.07896
46.1674,36.03163
56.38437,-7.39651
76.56193,-9.10718
82.43526,-83.46558
83.28166,-14.08599
89.07661,13.68269
96.10099,53.92539
98.08543,-14.42233
112.1475,14.37544
124.4213,-0.88129
141.04472,-37.11671
142.01088,68.42027
143.80006,-4.77041
145.61386,28.95275
149.14912,1.42851
149.72078,31.62032
150.14661,-25.39019
172.60323,56.14063
194.63239,8.21753
200.48485,-16.93542
205.40932,-34.12038
209.15291,-19.52913
211.52953,-33.2043
211.912,-0.95524
218.57918,3.66437
229.2052,-24.26645
237.75182,12.80187
245.14551,-60.74753
252.38667,61.71861
256.28613,7.99054
275.35941,60.89645
283.24426,-42.27914
295.66302,-19.01213
308.81549,-73.45262
339.98434,26.7091
344.87158,-7.05467
356.69922,42.86535
13.351,-13.15892
26.72573,28.09919
37.47515,25.25637
45.35629,-73.88023
49.67137,-54.24433
69.53957,-11.23103
70.36817,-14.16159
81.57648,6.38253
91.22208,-33.41153
91.99133,39.267
101.61077,-36.88753
130.21927,42.83716
156.43427,10.37513
163.56975,49.03795
173.20471,56.42263
174.78558,55.66459
197.34343,-13.59963
201.89027,-27.47081
203.73039,-35.0994
223.76593,25.36763
227.11601,68.19692
243.60368,64.98276
259.07431,47.3038
267.52921,71.8289
323.82806,-57.13812
329.74802,-47.81543
23.25821,-0.68987
36.34459,41.72605
42.14385,46.68987
43.56185,41.38366
55.69462,68.06741
56.21728,-54.79329
68.71865,10.00394
69.20629,-39.64662
71.74227,-16.47268
76.96488,-81.54048
93.50356,-41.18188
102.8305,26.77458
104.74072,45.05592
110.05582,55.52063
120.71149,35.77357
147.48502,-0.23135
148.45007,-14.68927
149.37427,8.12459
164.83557,1.59883
171.76199,57.60032
180.90012,16.05545
193.93248,-12.47199
196.80037,-40.4076
217.29852,-71.28949
262.5899,-18.25087
271.21057,43.9538
322.56305,-40.87061
329.80441,44.32211
338.13351,23.27728
5.80326,29.83662
10.99368,-13.76742
33.69791,30.86038
34.75116,-16.6207
35.10555,-16.74848
49.33403,38.14178
57.74169,-66.23447
68.42339,35.32231
69.37141,21.41689
79.1935,79.67017
135.29575,20.61065
138.5006,52.63902
157.11203,-37.90732
159.41891,-27.05797
166.53052,-8.87767
166.58719,-2.31503
171.06973,38.01541
179.11346,60.41814
189.95584,-44.38995
193.76187,-45.8287
193.8884,-15.31757
200.0708,-14.81262
201.59392,-25.01834
211.0497,-10.75434
229.13194,7.74372
292.07083,-56.06089
311.69232,-24.28528
322.06781,8.80319
323.01926,-35.13024
349.82788,-39.27715
16.36323,37.85236
29.1919,36.88639
38.72445,-11.31553
39.64093,35.09881
39.888,17.62945
43.81014,-13.53686
45.53629,29.10833
70.77608,-15.7143
76.91988,-28.0796
78.92998,67.02416
91.83207,-22.06907
95.37721,-28.38615
101.23289,46.82638
109.60802,31.56111
113.90428,5.43676
124.53995,58.09253
139.30176,-14.50062
148.91916,72.20356
150.67703,67.73045
156.86444,79.31791
188.07999,-35.40374
199.61087,-33.30097
200.91457,-19.0386
239.62306,-60.29546
251.55365,62.23012
256.36972,35.63472
265.09808,68.47562
277.2431,53.93662
280.6286,-22.17021
290.05109,-25.39775
292.95572,-48.00423
296.30005,-55.34089
304.34241,-53.28617
315.86859,-30.00137
351.97147,-17.69982
354.02032,-19.70979
6.18192,21.10108
11.80322,29.13642
13.46972,0.97959
15.96584,-20.60664
18.63025,-32.26446
26.223,-10.93662
31.89044,17.20263
45.17585,-10.87989
45.52645,-13.95017
52.98003,39.45622
57.76239,-20.13918
95.8661,-73.12431
97.20551,-28.74933
132.75729,42.73637
159.91901,-46.88243
164.71465,1.65062
173.009,27.00573
187.2195,-11.65207
200.67926,-33.43547
203.2751,32.59119
206.84431,-30.62252
207.53,-31.25207
236.82494,2.95678
241.80652,-0.07881
242.793,-0.82347
243.27069,30.9017
247.33459,-67.49584
249.21883,67.62943
251.04689,-7.85412
267.64511,57.28905
286.19824,52.47253
296.7912,-22.749
299.19,-50.05574
304.73578,74.36347
312.17477,23.40238
329.23627,-25.35052
340.79449,-5.23846
354.55692,27.41432
356.13562,-26.15403
0.38116,11.34633
17.18696,-46.47582
28.83844,36.30691
40.5849,51.25387
47.67888,42.75949
51.76411,31.74775
54.44883,3.27102
97.35017,-21.85813
159.18324,54.79698
162.99934,79.15438
164.6246,-46.83073
189.79848,53.32215
198.60863,50.9792
200.73206,-31.73796
211.71481,-1.54081
219.92151,3.92399
220.96472,-16.88896
226.10286,49.39875
227.53918,-5.88314
228.53732,4.71444
274.81088,12.91809
292.45419,-25.04763
293.53531,49.27003
300.32626,-21.44395
301.58423,-37.708
333.02676,16.42601
336.19394,-80.12892
350.37878,9.56011
10.43487,53.16221
15.91631,-58.99503
26.87457,12.10392
27.94758,-2.90055
32.88581,-73.16183
62.30582,-30.41513
62.42368,38.61711
70.34836,-8.64847
77.5508,-38.61715
80.90853,-46.16131
99.01023,36.1103
153.54587,14.3807
158.59978,59.38755
161.89072,51.8607
176.93204,1.82621
187.75752,-55.13759
188.5289,26.67082
194.18346,30.71929
202.00063,56.03487
216.51358,-23.93625
227.46407,1.77893
249.4994,7.61528
254.37128,27.35071
276.81152,19.93862
297.70129,-19.24763
346.17224,-21.09475
348.84592,-24.88359
350.27954,25.64132
355.63098,-67.68895
357.21411,-19.3908
7.07083,31.19857
21.87183,-8.5542
52.19418,36.55637
53.57001,-30.73253
65.59991,14.19452
68.62783,-14.10719
86.78992,-3.62641
88.03516,-30.45095
89.5752,-34.88833
112.21659,-34.98497
117.43284,-39.037
144.64357,8.88783
156.77441,11.05486
159.93109,-8.68696
160.32393,-24.01117
166.48688,2.68178
170.81496,-5.57225
176.63988,-33.00685
214.34198,57.63002
219.72667,46.66561
232.01747,55.5458
233.80203,5.06292
238.82005,-68.57552
241.34467,16.19825
246.86343,-61.00402
258.72919,14.47881
273.84958,-73.02627
316.17383,-37.79353
340.10681,31.84164
348.35373,51.54952
351.41367,8.83193
5.40583,-19.67856
39.66185,4.04551
45.89431,-15.67883
49.89961,41.1511
52.59147,41.30439
60.34197,-37.09258
66.28933,39.60349
78.26066,-9.21067
79.73339,7.04007
83.89944,6.9768
91.28751,32.39423
94.57664,50.87351
98.73867,-66.09117
102.50986,-66.80949
104.41918,9.14508
123.82269,-15.58377
124.55672,49.25075
125.75459,-4.93485
141.57967,19.81943
143.52959,-37.46885
171.02702,48.69629
192.54385,-38.69624
208.4012,21.56902
211.01288,-8.64553
218.57069,59.65817
236.16562,-30.05781
245.18301,-60.71022
258.37317,-24.4922
284.69748,77.10503
291.74612,48.44473
304.09509,8.12023
309.90536,-14.18894
328.16559,-36.5028
336.68723,-41.57376
346.55872,41.60516
358.41159,29.25992
21.20387,0.91003
22.57972,2.41462
28.86313,41.50661
31.96276,-6.53735
32.72643,-22.52839
48.09782,67.9994
48.44768,47.05915
49.08879,-25.85484
52.82957,-26.56179
57.36071,-7.31049
71.64429,-54.61633
81.36327,-32.70434
85.65093,-20.99788
89.93836,-31.65652
91.38042,-18.98805
98.54479,-7.37974
106.12623,-48.78424
119.18404,-2.99379
129.12506,38.14345
140.16554,-29.94815
144.28391,41.62645
155.49088,24.65517
177.75577,36.49041
192.89062,-28.24468
200.50485,-28.37129
205.43855,27.00468
223.88922,68.40858
232.50249,-44.70895
241.52249,-61.3834
246.15463,39.12774
255.50526,-78.4545
271.68015,22.41873
309.65894,1.7378
328.31323,64.54118
340.13379,-35.06007
358.9603,26.84876
7.82852,8.47501
13.65303,-35.85176
41.17912,19.4551
44.54131,24.03368
47.56717,-10.74334
51.64718,9.18472
53.88854,-50.84784
60.92464,32.12826
77.94386,-17.83639
84.18336,-67.58243
90.8412,-64.81975
95.18223,-33.42543
108.51248,55.04451
115.11729,-36.48531
135.61369,22.65396
151.94798,11.95803
162.79585,-3.61436
174.06386,22.43263
198.67847,-4.17849
200.71133,-11.3722
200.96834,13.73346
204.55672,-20.34674
208.3093,38.22725
209.51614,-15.74454
216.83391,2.83845
235.79829,47.75366
243.52364,-63.14205
246.95317,56.02691
249.55736,40.1469
260.66025,-21.70783
267.7778,57.01141
298.01056,-60.81399
318.7843,-23.35847
332.42844,38.19724
352.0058,40.46088
353.32571,7.8664
43.36929,36.4383
63.28949,-61.24001
76.14816,-19.26943
81.30494,-6.28475
83.59962,13.29725
87.09707,-30.53282
91.56225,9.878
96.7925,-62.5745
122.51038,22.86156
171.23009,-45.19571
181.66096,-47.34523
205.87683,61.83142
209.21837,23.23001
222.39412,11.24804
233.2171,-6.83562
255.72353,-1.23642
263.55121,-7.49307
276.35498,60.49838
280.21155,-29.00893
300.04089,-31.34728
314.50488,-35.82418
317.90662,12.8873
318.12003,-31.38337
339.23532,50.19499
339.40952,-53.31528
351.90143,29.84728
2.66354,-56.80347
14.49974,-66.8162
18.1629,-33.66867
76.87819,-42.07924
77.48203,-0.44508
106.9716,-35.66914
111.51382,89.09301
132.74443,65.6374
132.79083,0.25363
147.73044,-9.32574
150.23811,7.62867
164.72057,-49.97345
177.00313,55.76147
183.11652,39.11101
189.95016,12.97396
194.80115,35.90969
199.06412,20.04762
214.868,52.13534
234.68999,6.90492
256.86447,31.24767
271.4989,59.62389
290.24661,-15.95374
301.22211,-16.76802
316.7095,9.1974
324.05151,-83.94927
334.27917,13.36467
335.8761,-38.03765
16.88049,32.36198
17.80099,-7.54636
23.60958,50.17395
26.53688,23.43892
33.30371,-33.62775
38.69404,18.34731
41.54316,15.95242
49.20347,44.263
73.50112,56.86273
82.57516,21.88183
98.76736,62.97647
123.21069,57.92148
124.00334,27.07581
135.60875,14.45542
137.30273,19.40763
157.82771,25.85357
160.04921,10.34473
161.21332,-46.23027
163.0256,3.37229
163.50209,49.60531
171.16397,-37.39485
189.70573,42.64472
208.43407,34.80386
210.49597,-22.36362
224.36838,21.94425
226.70782,20.49932
232.74722,-34.89141
240.64076,-60.55677
257.17865,4.0499
262.6763,56.63935
264.43033,46.3853
275.72192,12.42938
301.12534,19.40852
302.42877,72.27155
315.06952,-13.97645
316.91992,36.97867
325.77719,-52.69032
348.26175,38.78762
359.69043,26.92349
6.62404,-60.05614
18.46258,-45.4099
22.00592,-16.8571
30.29286,-33.20885
33.83398,41.54832
40.23027,8.59577
46.59436,28.84231
58.64117,-45.76212
62.12419,-60.82396
71.03645,8.83974
75.97659,-19.12811
78.52882,6.52072
109.48727,-47.19666
139.77974,21.51463
156.38489,-49.86121
179.10867,3.76639
179.95357,27.85406
199.86919,-70.13034
203.23329,-25.17833
209.79654,-25.691
218.11888,0.29416
223.17949,3.22479
238.67522,45.34425
246.83279,21.65087
248.62041,2.02598
249.75092,51.50819
254.845,41.04243
258.49365,-22.86567
282.63617,16.36249
310.30011,-52.96051
329.48611,43.54955
343.93347,39.28146
352.1492,-2.13377
357.01016,-18.59798
1.62488,-32.30498
20.19997,-8.48848
63.30999,13.35255
68.07154,-10.3694
79.6809,14.88532
81.88324,-30.07695
94.0116,-67.64598
120.87953,4.42946
121.79408,-49.42892
124.76037,3.63408
136.20764,8.03753
145.87953,31.97685
160.77495,20.42226
161.46675,16.9305
162.23712,-51.9586
186.94998,50.38788
202.85323,9.95847
231.58315,-3.5462
249.72437,-64.37417
253.73576,17.26168
273.70547,13.42931
273.84216,-63.73494
278.0184,5.93898
291.9079,-69.41787
293.35498,33.81746
304.33405,59.46159
312.22275,-12.58144
332.36032,39.21553
339.22949,-37.21449
341.49661,10.8675
14.01125,-1.3344
35.96675,42.79277
42.21958,-11.66461
45.30089,16.20923
45.73342,44.77427
52.75897,70.75008
63.08949,31.78341
65.33196,-18.2418
68.16051,-10.22713
79.82716,17.435
98.51276,41.32963
99.65888,26.5061
104.31305,50.60413
106.73638,32.25931
110.24581,-33.36179
152.54424,-33.55116
156.80936,18.083
160.22095,-46.09262
169.42114,7.28784
172.52217,-9.66582
186.03235,9.38365
187.44827,27.24336
231.51192,-6.82866
232.64827,-45.674
253.20502,-28.6121
255.76439,61.04391
257.30661,-24.9852
258.2081,-5.50771
263.03491,-15.66435
267.25229,-65.56615
270.29532,48.53059
283.72406,19.00227
285.94128,-61.12604
303.63968,-8.46485
319.65701,-41.22531
324.2749,9.95599
24.57869,-21.12251
26.74136,43.36086
49.03705,-10.67482
50.97001,6.82098
52.37648,-14.80558
63.28485,-74.52934
69.03564,72.90343
80.90906,5.56963
81.65397,-24.10938
84.69592,50.78777
111.84732,20.11379
111.93185,-51.49298
118.4791,13.15467
121.44044,7.59069
124.14027,-20.66217
143.55876,-61.28178
144.58032,9.44601
165.15178,-8.94387
166.15871,-7.04643
174.33719,-5.60193
178.33229,-32.64994
193.76791,78.98091
195.94519,-16.79663
197.01979,61.58316
199.25781,-10.76999
247.13904,69.69348
247.75223,-56.75966
281.79877,25.8028
291.07129,-24.79425
292.65326,61.79927
303.82532,56.1494
319.26016,-6.75195
323.26584,-1.50412
330.86942,77.39596
332.08575,-28.81784
349.36017,29.05964
10.59727,25.5627
12.13008,1.35499
46.51677,65.27751
47.48922,19.12144
59.67099,37.34653
60.41452,-59.14987
65.10593,35.54017
73.47582,1.68254
107.32893,-23.41713
128.72498,1.04759
135.31874,-55.49118
139.09039,17.72724
141.23372,40.32715
146.93451,21.66855
158.51942,59.40345
160.43471,40.0415
170.84163,21.38814
209.63379,-36.03601
212.51727,58.03932
219.45499,21.96417
257.86313,-23.15606
258.88199,-86.688
269.93576,-1.2897
304.64029,-57.54928
308.89499,55.92691
319.50565,-59.4299
320.24588,-72.29243
328.62064,-28.36249
330.83963,38.06086
349.69629,9.23365
356.97028,49.47475
357.70007,52.02476
358.28986,29.57339
6.06741,14.23678
28.85285,21.28631
32.73403,-31.5992
38.00879,8.59181
41.40097,18.92893
44.80178,45.13482
46.18413,43.5481
53.20932,36.21867
85.8669,-30.49502
95.39722,-44.70753
125.10944,-65.34048
168.21149,-12.32253
170.55565,-6.20195
183.34857,-30.95305
195.53609,28.38717
196.18378,-54.08483
202.23761,-31.81912
204.50507,-22.92425
212.92667,-19.68864
219.69128,28.50544
227.48645,9.38758
230.17221,49.10647
254.60909,-3.32952
258.46106,-7.65596
286.26727,39.85381
297.66437,-30.92194
303.64285,-12.27078
303.76273,-19.99762
346.98447,15.42433
351.42508,17.53206
354.55484,-20.78229
356.2858,19.90121
2.03732,53.12893
41.27422,17.64427
53.38142,0.69923
54.49476,42.86399
57.92371,-40.46648
64.84412,-26.79646
74.67177,-19.59187
76.48761,-24.44068
82.69857,-33.40432
95.55799,-64.72783
105.03032,-40.28133
110.92522,-60.78588
123.4545,-13.14704
128.40523,13.05581
164.55113,7.57161
199.66756,31.54289
209.38754,-24.87471
217.41933,0.36641
219.36603,25.76554
227.19862,83.49994
236.20085,-19.37259
239.77052,14.92794
244.07443,64.10251
252.74303,-16.76606
264.06784,68.05232
293.19519,42.83288
306.04819,-50.37754
343.03253,-28.60813
350.89182,25.61882
356.25589,-12.89998
17.3709,17.08417
19.06858,46.74022
23.61621,19.82058
36.41037,24.82837
40.96051,32.51189
42.05855,-29.52878
49.53959,-16.274
50.31508,-57.22445
52.01606,5.69387
56.17009,2.83496
61.64913,-38.79016
76.89754,5.35835
81.61362,-21.28654
85.69543,-26.32496
98.2812,53.51918
140.51457,17.21246
146.16269,-0.22147
194.69757,27.67473
198.39307,-15.432
201.17188,-19.82898
205.00058,4.67761
206.78252,72.0704
219.69832,10.12141
233.5972,-11.30412
234.51274,-3.13805
240.91248,41.15307
247.09334,8.53055
252.77374,-1.46335
254.97836,-19.45215
260.83939,-1.61224
268.32587,6.5686
305.09872,-0.73962
327.29428,-59.03759
333.27466,-16.64154
337.30743,38.52774
338.7464,20.79103
352.10681,20.02781
354.67661,26.77386
357.72195,-38.86761
2.27972,-37.35772
15.51576,-19.45082
27.58429,17.72861
30.81675,0.2988
73.00596,13.09978
80.35552,66.08981
90.1242,-56.18187
94.6637,-54.47052
121.92077,39.00419
136.09515,27.9529
139.09007,32.82973
162.89665,55.46583
176.77646,13.70682
178.00034,46.88417
182.6757,-31.56895
183.37851,-42.65643
216.79865,-14.95221
220.09441,24.72952
245.70886,37.72169
262.31668,16.16222
263.64944,-75.04826
269.51337,-52.04324
284.40591,-48.95247
293.83084,44.11978
305.03378,7.78368
310.50531,-22.07845
322.86459,64.50709
323.95917,-34.71571
325.63223,-76.27365
333.8566,-3.65501
352.74149,17.48671
354.88895,-7.4579
4.8683,-52.36022
21.53968,-38.65594
32.67991,-6.57977
43.62665,41.61056
47.36938,-12.40285
54.60818,-63.35871
57.93768,46.72046
67.43671,-12.14425
74.7467,15.578
75.29803,-23.94259
87.57208,-71.23939
95.42265,-49.01739
100.19279,53.22876
128.08263,30.52336
159.92744,-46.20291
171.30531,-35.40144
173.69644,0.2352
184.05884,28.76265
188.43724,-23.04994
191.2654,-41.01427
196.89282,-33.16325
204.21715,-8.3582
207.59883,-30.65367
212.82172,55.3067
213.12103,24.63559
218.34465,-18.79569
219.73853,-42.01924
228.80417,-12.87964
241.21555,15.72307
242.755,49.79543
244.45454,52.20221
274.38425,19.44453
290.52286,-11.64506
6.96836,30.60102
11.13036,-3.01703
24.72041,-49.78569
43.59867,11.7474
56.26377,12.41652
65.13269,-38.95818
67.85972,8.16057
75.673,-22.22697
89.19178,68.74329
95.94842,-10.38221
98.92023,-47.66595
140.44675,-33.31697
141.56987,61.38148
155.60347,-36.28383
166.89896,22.8523
167.58109,-40.28805
178.60451,-2.31969
182.36015,-24.28479
182.84157,19.08853
193.63733,28.37679
202.90224,-28.29463
203.11165,18.1434
207.11369,-35.89549
207.94684,50.9783
207.99751,13.96759
209.81619,-34.2218
217.87881,49.95877
218.77243,3.55176
239.69868,14.20375
247.76611,41.15603
249.2197,-16.6607
275.17999,38.14734
307.6647,-2.3252
316.43277,-25.23782
317.63,-47.50886
319.71249,-57.64028
322.61752,-63.74308
332.16034,38.08495
344.58829,2.29804
348.59036,16.45579
352.39523,10.047
354.7222,21.46465
355.39111,3.72494
358.53085,-32.06603
6.67579,-7.94678
35.03263,30.01466
35.92696,28.69542
36.94326,26.58948
41.60214,-1.74253
51.73064,-41.68686
51.83686,-13.74842
87.3259,58.70124
91.49456,54.05279
98.16961,-10.52276
98.52385,52.51658
101.94083,27.36803
147.34198,-5.19039
157.5267,38.46889
201.40076,-37.27392
206.32239,-38.17321
215.92624,28.34611
241.59511,19.77787
278.51355,21.13166
290.12637,54.21138
302.57251,48.00594
308.91321,8.27113
312.45956,-43.40963
329.09277,7.36671
339.15765,38.83572
340.98727,7.39059
350.31604,-58.08278
350.69806,22.93679
357.95331,-34.92945
17.71757,32.59342
21.20967,-31.7566
95.98315,-35.11221
100.05868,-63.10127
102.76223,-15.59768
110.57945,-38.33963
139.85445,26.90901
153.45479,-20.19646
155.97388,-17.29341
159.0434,-43.37929
161.63097,-16.65008
165.00798,1.7762
172.14355,-1.62953
172.70026,-8.81971
193.02278,27.59622
196.26183,53.65389
202.43629,-20.39619
208.63446,58.39606
213.47795,1.73099
235.11108,-44.32896
235.86365,-33.58219
242.68611,-6.29602
244.37405,38.91235
256.23883,38.01957
258.14932,-22.38047
262.45535,23.32263
295.38611,0.63732
324.93564,6.2863
333.55286,31.89244
336.0376,2.72764
13.79695,42.22149
18.13876,16.5473
19.90956,17.56463
35.21606,34.89616
45.95515,46.41798
53.60839,-35.84169
67.50442,-6.6965
74.80521,-0.58875
86.23808,16.77808
96.6636,-28.66431
98.08061,-67.64727
100.18709,27.60567
106.34864,64.09238
109.15459,36.70517
109.28018,-32.90541
109.68,63.18589
126.39961,5.11613
133.35857,-73.5228
138.43048,-31.89339
139.78131,-32.47458
172.44302,51.24577
199.24364,7.8446
214.93016,49.23662
232.3167,39.62809
262.97894,6.48344
275.41461,48.40114
300.10458,-38.46332
303.33862,-13.98531
309.24023,-29.66501
324.89703,-76.40715
336.14529,-27.82597
343.28427,32.76356
345.85507,20.26081
349.07687,50.50907
350.04068,-29.52501
351.45126,20.77781
18.4397,-31.06329
53.7233,7.155
75.31539,27.72888
76.33015,18.93998
76.66335,-28.22898
78.72282,-3.50215
81.15768,-3.90739
84.47308,-66.90757
87.09872,50.63389
97.45778,-28.38302
97.96471,55.60376
104.84471,69.27062
113.64268,54.68706
120.41438,10.73265
135.07565,7.75982
167.51904,-10.03074
180.48131,20.74794
194.7681,-14.89421
227.89949,19.20774
228.89091,-5.7839
233.93352,-16.78243
238.62854,5.00278
278.8584,-47.88472
291.25821,-1.17146
297.72043,-24.95505
343.4588,81.06266
346.40457,16.45803
10.15311,-36.87662
18.90382,-6.59832
30.18948,46.80793
33.31081,-40.63441
55.04807,-55.05909
60.34367,60.51085
72.42461,63.0681
83.72986,71.25665
87.28146,66.08516
116.42878,53.70676
125.2495,55.27509
160.82779,31.51835
160.85645,19.02326
161.23569,-35.21886
167.28362,26.62758
187.85028,28.85521
191.41063,77.59061
194.34389,-4.68591
208.10425,-50.38222
222.11784,-36.17988
225.04927,-27.11074
248.51578,-63.97677
252.22523,-21.92032
253.59262,41.33533
255.06273,27.58327
269.14395,12.6459
276.02847,50.42475
291.2724,-63.68344
293.5022,44.28813
302.90964,5.1876
307.76352,-38.5577
318.99042,9.54307
322.20145,20.51087
340.80951,-40.04879
353.92923,20.28905
1.03686,7.37938
4.57372,17.24756
16.27616,-5.33096
24.28363,-15.06154
34.20695,24.30208
48.17746,-2.29304
60.67391,-77.12244
81.39686,-36.62311
101.24329,-56.98679
119.72373,2.99241
126.53523,-71.81951
126.84035,-26.39644
131.20743,43.45053
131.8147,35.47492
136.78436,25.34232
150.72191,54.82874
157.46367,-35.16416
160.808,-8.19627
177.87143,15.77044
181.99481,-48.1421
209.41556,25.77496
225.87152,17.11446
229.19067,7.00439
234.86453,24.94761
241.52542,18.60683
242.22682,-62.75608
266.73849,45.67873
270.28201,67.42612
294.94733,-36.50072
321.17352,-17.74607
329.29443,-71.4838
336.8378,-0.67811
344.10327,40.71358
357.18967,4.17114
359.92456,21.61866
15.21672,-53.24449
21.19082,9.76019
28.07017,36.03672
46.20063,24.62325
49.77006,-10.80983
57.48866,-53.48958
73.66889,-56.49759
80.00248,-53.937
85.20504,84.98746
108.53311,5.78056
109.11728,-35.94814
137.04912,-1.80208
138.47917,-14.56429
142.56157,-16.63954
153.6839,-34.33873
176.02654,-42.77523
185.50832,-32.31128
187.76857,-33.38769
202.84807,-21.25015
204.91788,-23.88731
211.61909,-55.44098
212.26645,17.76614
226.23166,62.71536
274.5383,18.09193
275.51721,36.62071
291.55957,-56.45855
297.55991,42.11628
338.60532,35.1361
344.78226,28.94826
356.89285,28.43528
10.19027,-61.52772
16.31798,-38.96089
21.29564,-27.24673
21.657,48.39339
21.78971,14.77625
28.60164,13.54125
37.84773,-57.75801
48.5114,24.74252
50.91024,6.71154
68.85494,-12.42813
82.20757,-76.47103
96.29378,-37.34016
121.88638,4.51653
127.14886,11.29186
144.27747,-18.19225
146.18268,-11.57711
153.86209,-13.105
154.86238,24.17433
156.47102,14.36349
160.36084,-46.2873
184.08934,10.80434
193.71811,35.39447
203.9964,-27.61872
239.01624,24.44798
239.82948,65.23273
240.75104,27.01027
275.70181,-43.08567
310.69272,-1.97269
312.52148,-39.02436
315.96625,-12.46522
338.62329,-25.7184
355.41025,51.85427
21.59407,9.90994
42.17432,14.31354
45.2149,0.80742
50.53317,-27.58179
59.10277,-71.82311
59.77747,-41.27447
65.60687,-10.17353
68.83524,33.1692
72.59481,-18.24885
119.72675,-11.87949
127.31884,81.05426
146.78636,-14.60075
149.9218,14.07013
150.16199,53.02497
156.38965,-67.74514
156.44206,66.95004
170.55855,-7.99167
174.73326,-44.40801
186.10771,-17.55087
193.13191,-15.20411
193.28746,73.95815
193.46581,-18.86448
214.55167,-19.56902
216.49635,30.47376
222.24463,12.49019
223.34343,8.20586
226.62784,-40.56181
229.39563,-38.28378
258.63174,-65.41422
291.95981,-10.90409
309.84808,52.33056
318.58347,21.54354
320.77655,-47.65477
322.5593,-8.06698
326.45538,-35.92971
359.4978,-15.94514
4.93326,-14.12188
7.45931,-5.28597
21.25313,-4.63798
24.07046,23.22804
28.30216,-12.87285
36.74575,-4.59082
55.29616,-77.13629
65.8084,31.2293
67.49782,-51.69834
70.42563,-8.70449
78.52621,-17.18096
92.0445,32.96478
105.04789,9.36617
127.79254,9.60532
129.55916,-31.08229
131.56335,-28.12677
156.00833,-19.35599
161.66167,72.32046
172.62077,-13.091
174.81743,20.42758
180.25496,-35.21538
183.54715,-32.5166
186.57185,27.8711
189.8213,26.67771
193.78235,-55.38411
196.71188,-53.08131
218.23354,55.72656
232.00056,-40.3532
291.84741,36.75487
319.20786,-4.49703
341.77136,1.53049
345.17072,7.30305
354.48572,-26.26818
10.89708,55.13266
16.77061,-19.37482
26.12502,51.66663
27.16112,71.21952
53.13104,-22.3955
69.63285,28.00131
77.42426,6.55425
78.39541,7.43084
90.11471,-60.15556
93.36442,-42.45317
97.10529,-49.34274
100.38458,40.16972
102.79597,-30.41755
109.81705,58.15488
133.92999,-2.28883
145.8078,-4.46873
167.07648,13.22441
168.13692,28.03078
172.97041,-5.89814
185.01987,27.97536
189.44028,-14.63976
202.84827,9.82436
219.2003,18.34364
241.8692,27.53075
245.75609,3.64216
251.63713,27.31836
252.25896,-19.75674
255.49165,-12.50334
280.88785,-64.10685
292.83948,-72.6559
298.72211,-23.68967
313.49341,-25.32058
330.76849,40.34729
334.27591,-36.94773
340.51889,51.13456
343.70529,19.394
346.40717,4.23427
349.0798,20.85583
1.62077,-13.4206
18.45111,-32.02802
29.05004,5.58857
40.47592,5.94806
48.7723,1.50844
50.36785,-78.37646
60.31911,31.73203
72.63027,10.91308
95.15944,50.1084
116.94045,6.79942
126.82651,37.78128
128.76978,-55.17989
136.1454,14.59324
147.53537,-5.10709
156.29132,58.15001
156.83125,-3.18458
174.08646,-40.79821
191.32368,-36.59077
191.33578,-5.97386
199.81908,-0.91702
200.72462,-32.67044
205.45474,26.37356
206.20128,-36.07451
208.68982,21.82989
212.87009,35.89772
216.6234,-20.19433
232.31099,52.86396
234.32153,-34.20499
235.91417,-9.14363
239.47742,9.40994
242.62933,27.49959
243.08435,-61.11081
257.74353,-22.99072
262.62659,29.31776
276.31265,-77.07554
280.12518,36.12496
313.96719,74.59276
341.56393,10.49661
345.78644,9.37723
348.91141,-43.80086
357.3161,-29.03012
358.60602,-40.34821
8.51262,-32.98532
17.22373,32.51445
26.26239,-36.1181
28.83981,-9.08371
29.42733,-67.18325
50.68512,-48.29824
58.92926,-71.9034
85.7851,-25.93752
109.81082,14.07551
127.12908,17.46717
138.0674,66.90067
144.65005,-4.33509
159.5215,1.74516
169.4912,22.50291
178.43338,22.36904
215.74876,-31.10052
216.12646,-14.27678
226.06612,28.49663
237.64182,67.16585
246.06319,20.18358
250.4024,0.93325
262.01779,-66.83707
263.77866,-54.94413
265.91415,-59.76605
276.86911,-61.73977
278.80914,22.49923
324.67667,-72.77845
335.46964,-25.57596
339.36719,33.92319
355.28992,-6.60605
355.89578,-36.27347
356.44724,-2.59156
1.79256,-44.36884
5.97736,-42.12244
16.73546,-46.21618
22.44941,-1.98375
23.64331,-36.51872
24.91648,-47.10828
34.6194,34.66572
35.11052,-0.31276
38.38841,21.48225
42.8706,-13.30621
54.19752,9.39059
57.03852,37.45709
67.12065,38.35825
96.84038,-47.17675
107.93764,-26.65839
117.92626,9.89395
135.92509,-33.73348
136.34615,28.25082
147.33322,-17.32365
158.98389,-70.20776
165.43398,-6.86043
166.51898,43.33124
182.57454,-0.51786
196.23247,47.50362
204.36595,-33.00684
217.57426,-5.24929
219.58115,-18.10623
230.30592,15.31388
231.64365,75.07115
244.91125,40.87639
247.56616,24.57432
255.41553,-23.92157
295.08875,48.37597
308.27512,-18.5617
330.0087,-13.79504
335.51163,-19.57307
341.40967,-35.15009
349.09003,28.49038
355.5307,78.18031
6.06943,37.01786
14.50044,-83.38297
28.62105,-16.70718
36.64635,-22.98643
43.7075,-30.67865
43.94553,6.21752
63.78096,-13.12886
64.03671,2.07706
71.86717,-6.8883
83.52103,5.22682
89.97304,-40.10634
109.83959,-27.58218
110.04469,-34.07411
113.70561,62.54605
120.13007,-53.36175
130.92056,65.18444
139.90012,33.42834
141.33231,-6.67454
149.25102,-22.24581
155.24062,-4.95048
159.67719,-28.76973
202.37178,-23.66456
216.16887,26.62511
244.07497,60.42918
244.20802,35.70177
297.61826,-6.00749
298.04596,50.77645
311.83487,0.48399
316.3475,-7.75158
349.57712,11.72966
351.32959,13.9211
357.47995,28.66796
1.28155,-3.80602
5.46305,-9.49225
15.57435,-6.22677
16.26854,27.05526
22.22254,13.79267
53.50582,-15.58498
60.32575,-64.89674
72.42267,-50.82154
81.93948,-62.42103
102.19959,-47.27114
105.28209,56.48871
108.36555,35.09652
112.9345,63.2432
122.16998,-8.41954
140.00302,33.00284
141.95888,68.41024
144.06767,-37.94794
156.30431,67.29711
156.50229,5.48432
164.82443,1.15348
168.36153,30.60758
177.35855,-38.82595
178.8774,37.4076
180.90018,8.38842
189.20146,27.54859
195.61369,-32.54282
198.89468,-73.3766
200.08504,6.3363
216.55116,-11.90455
217.14951,25.70854
222.617,11.11375
227.63794,8.59114
257.81775,5.42091
262.63107,-10.80094
285.47516,-23.82418
287.53165,-22.65112
292.34171,-44.8792
314.10828,-14.40286
352.59894,-12.07933
1.2507,22.13214
13.74612,-35.51281
22.04957,-43.57602
33.78377,75.56213
43.10809,41.88318
49.76338,13.79555
50.06885,-49.04192
58.53046,-8.55533
61.82957,13.46682
63.48389,-53.47537
75.55828,61.25952
90.77405,48.91179
114.42916,21.63472
150.76653,-15.16673
167.03766,72.05049
208.03055,-10.6122
237.54836,69.56007
255.68436,72.89161
309.54712,6.90268
309.66318,-20.48413
314.63751,-32.19473
329.90387,-56.20758
352.13162,32.42213
356.06696,9.04902
5.79616,-59.6175
78.49557,2.30299
84.85894,-37.96385
96.39395,-37.76412
103.74969,84.04186
109.46445,25.88223
124.75358,20.93697
125.29352,35.79262
127.92687,-5.66545
158.4493,52.37125
175.74352,16.48759
200.46548,-17.67071
201.99495,-54.96788
203.34573,-86.53748
218.32704,34.7346
218.66319,47.96827
227.76593,37.02592
236.72639,44.83488
291.90723,-37.47807
317.9693,2.32904
336.39154,-24.2415
345.70078,21.87436
358.21039,28.76534
28.53182,33.52557
42.47049,49.38636
43.55206,-52.91445
47.455,42.85506
48.61602,33.77141
53.23792,13.12785
55.69973,38.25034
66.73995,70.24095
66.8661,12.1571
67.21373,69.57972
92.00018,-31.56865
100.44566,-54.73098
116.40098,-56.59929
133.26245,-58.39888
146.52036,0.8719
146.90565,-13.24591
152.54999,-6.89907
153.34035,-8.12083
159.04585,-27.45416
159.09612,-27.3542
160.95284,-22.72581
167.43613,-15.06646
173.42053,-13.87878
205.3037,83.49817
205.80359,-38.40432
207.8676,34.56678
209.51288,-12.53464
211.96948,23.09961
214.69035,5.83467
242.37367,-29.00133
248.63979,-25.62351
253.6508,24.06367
255.05479,-9.66786
256.43442,25.53961
263.10764,-1.48843
282.4837,-59.25286
284.84735,-39.19185
303.19763,-9.21228
303.72894,-19.73464
308.3576,6.05409
310.06787,-53.03294
311.78247,22.42524
313.6579,-72.84991
315.31653,38.02603
338.27478,-22.24029
345.91946,19.92365
353.47308,80.94408
357.58011,32.55884
0.98486,10.87635
6.6813,-54.67612
36.64777,42.75817
37.22795,0.37036
52.39405,-1.54107
58.93465,-9.57713
78.03075,6.01343
85.93335,16.63013
92.49329,-33.34669
126.12897,18.59706
158.54745,7.92839
158.91389,28.56578
180.79355,16.45926
184.52034,-41.08551
202.20699,-39.88442
209.33813,-24.23173
227.14009,6.18851
235.13945,17.12801
249.97833,37.18006
273.50491,21.50981
295.89407,-35.95158
306.85669,-32.06921
313.34402,-37.08674
319.05954,-49.38831
340.37286,35.26626
348.68585,25.1406
355.51401,4.31083
356.38043,-20.9805
1.11093,27.96697
4.35766,-0.97857
9.11667,12.4449
28.71905,28.54258
58.59677,15.37805
62.77462,44.46156
78.20936,-24.13207
79.12083,6.40236
83.9158,10.0243
89.06508,-41.6638
92.04544,-46.85987
93.01468,-32.96313
103.78065,61.04059
106.71849,-65.50985
118.26399,-40.09226
145.92218,-31.99133
160.46992,-8.20824
168.46626,10.56331
174.65828,-54.8359
189.20177,-35.53089
193.99605,80.26971
198.63615,44.50752
200.12671,32.00389
203.00925,-11.21528
205.81201,35.08517
211.06136,-33.02547
218.35307,20.00566
222.90369,-13.58597
241.91048,18.48011
245.62589,-0.65361
248.11134,-64.79072
306.89716,-18.83503
318.38611,-1.37998
335.05438,-15.94824
336.51694,-63.28458
338.88254,-9.66897
340.25693,-8.12831
345.19235,13.61868
349.82651,52.40462
352.65704,71.37959
355.19147,-20.50881
356.3837,43.56325
3.43653,14.607
4.54393,18.29227
6.02296,53.27138
7.52266,-60.23042
17.05024,2.19388
27.8248,-21.46263
37.98613,9.46874
66.783,-60.00062
120.87611,-53.37148
124.66481,-25.38585
126.22282,66.86944
171.23076,3.16858
172.4306,51.23772
172.48901,-31.76852
175.24597,5.06429
218.61472,31.552
228.99878,-38.42965
232.21956,-38.19626
245.69398,-58.71343
246.9641,36.15556
255.21867,37.10023
276.0351,-78.69228
294.48016,-20.76843
301.96649,-60.35515
315.9007,-68.20081
320.45285,-67.21923
348.49219,25.44297
351.20096,15.00006
353.29871,-52.99552
354.61179,26.98517
3.94367,73.21998
19.74762,44.28642
24.13601,39.92278
40.05016,7.5325
41.18934,-8.16407
42.8994,43.25322
48.5794,-71.69241
69.08527,-13.90894
75.69897,51.36625
119.83601,8.99672
157.49541,-4.98441
166.39507,-15.53848
167.71857,30.1649
169.2285,-17.88655
171.81236,10.32244
185.04155,8.6447
233.97437,38.67531
239.94411,37.03732
241.63802,17.77585
255.7417,40.52464
255.78673,46.37362
272.33792,54.52747
277.60599,34.10277
284.2897,-34.95448
285.73306,-55.50774
294.44534,-49.86165
304.53244,50.87128
306.42697,66.05704
307.02692,-51.69162
309.96735,-53.09058
354.6832,-1.47202
4.94769,-51.25268
18.00378,-33.56856
20.67857,19.03256
26.28268,-8.92579
27.80574,-1.06074
32.53763,36.70456
35.76543,-1.74891
63.17134,-23.15889
65.7688,-63.19986
66.00709,-9.39475
78.89936,6.26517
87.51097,-25.77088
151.87924,37.87046
153.20738,30.58337
158.4785,67.77681
164.94173,53.80362
167.00481,-11.47924
170.82973,-0.92245
188.59372,-7.83227
195.74623,-3.8752
211.33862,-25.24669
212.53647,-26.97118
222.255,42.46399
237.75578,23.0157
241.58026,16.53842
249.78249,-28.98226
283.53943,45.59713
309.33447,-80.78114
314.85016,-4.4412
316.58533,-40.56773
316.62259,-16.20452
331.36255,-0.53356
353.01059,32.42244
1.48705,-13.99574
7.28373,2.8111
16.34715,-6.81828
20.01105,14.36167
33.73368,36.58377
41.80377,-22.20882
43.58386,13.61703
76.52525,75.65136
101.19353,-72.75388
109.00315,-25.67968
112.28982,53.03845
162.82207,-9.77678
166.5274,34.69588
167.39981,-74.9089
172.57579,-11.45375
196.13268,8.53504
201.29929,8.36383
223.27451,36.92436
227.41882,-11.58154
237.01521,17.80764
240.80713,23.00826
260.44824,-3.61622
272.11685,-43.69055
312.23676,-69.09214
318.18329,-36.8589
318.23431,-37.86944
322.4632,-45.04384
340.61954,-28.58359
340.70963,30.50279
352.01666,-78.71004
354.61926,26.81853
357.96686,54.49882
13.29146,-19.32246
15.66774,-12.84922
30.3557,-23.39196
30.36818,39.9581
42.54225,3.83001
45.2999,-10.89977
56.49068,11.33138
64.62509,-14.99008
93.05796,-54.38025
93.51481,-42.85782
102.08006,-61.82326
107.35347,39.10336
111.3105,59.40762
118.77592,55.70369
150.68512,79.47042
154.31474,-7.89732
157.69371,36.95462
170.24899,0.53434
206.73596,-39.88433
216.34122,17.29063
216.84961,-14.59023
220.7332,6.72188
222.37404,16.56008
230.25104,-38.32237
240.13699,-10.59961
240.733,-22.52776
267.70062,25.44186
288.31668,47.11375
290.99509,-12.05567
301.93277,-42.75713
305.46899,57.51726
309.26791,12.65129
309.4754,18.4301
313.23083,-43.19254
317.79929,4.39951
319.6554,-45.59005
325.61615,-38.54716
345.78909,23.75862
10.11689,6.71978
11.56816,-9.28861
22.9923,-51.25784
28.32563,-12.36861
35.60229,5.8465
40.78265,-8.77391
47.73264,45.01767
50.46454,41.79724
53.93845,13.82317
54.13606,44.0383
58.07472,41.11522
74.17887,60.73679
91.88046,-45.19721
115.19227,-32.82525
141.22565,42.15945
147.40411,9.00527
152.14035,-4.47767
154.22809,-9.78236
156.40353,17.08074
169.57411,28.22598
174.39276,54.85331
188.174,14.05158
191.31847,-35.89672
195.94412,19.27146
198.43869,24.98244
203.31596,-42.83806
207.75986,61.8633
211.00093,64.68272
219.86426,11.92867
220.6265,22.35295
229.60393,4.86896
259.27707,40.84496
259.91281,-17.48271
289.79181,44.16039
303.71078,63.5932
327.38663,-45.19038
334.00159,-54.80795
337.05008,50.76646
345.90045,9.29066
347.62131,-80.96538
349.84354,23.82665
7.77669,5.07874
9.23187,28.89433
19.98975,50.16968
25.92661,31.60203
26.94867,-13.59304
32.91139,-63.24438
36.47054,-20.31304
37.33889,-33.53196
44.14273,-15.05873
50.28148,-47.23116
51.34211,42.71263
56.87704,68.92693
57.46185,-3.62794
67.7374,-12.01588
85.76116,-20.10553
91.1824,-65.27962
93.49931,49.83981
112.69564,62.71989
136.74396,18.96681
145.88515,-5.12698
151.72289,-15.71733
159.49234,-43.92519
169.89406,29.18322
172.36374,-1.74695
185.06544,33.6609
188.53766,-21.05575
195.32123,53.86084
230.30179,14.25254
237.94759,-5.50465
255.76758,28.9096
263.36511,36.54474
266.50928,59.32312
285.87833,50.7779
315.43338,-13.35745
317.11136,18.1912
323.55264,13.90892
328.46555,-12.49814
351.64365,2.33422
354.57709,26.88687
16.80931,13.95509
18.3673,-43.41048
21.16088,8.50986
40.13103,-20.37266
41.39656,48.64997
60.92277,-60.81957
66.12442,-10.49435
72.78424,24.80531
84.67674,13.50683
92.73207,-63.06039
96.8162,28.5507
100.31144,-34.2255
100.83821,-58.87892
114.9774,55.89928
128.63509,-26.21134
137.90919,-6.64631
139.41901,-59.61732
143.86456,-4.76468
159.46857,10.75833
173.15874,-40.81221
177.48036,-3.66288
198.85512,15.4229
201.40486,-27.32994
229.86523,4.09612
239.98253,-61.91442
241.32613,-1.96559
247.25659,40.53487
252.17178,-12.18329
255.4095,-5.7334
259.98288,60.14923
270.6756,-0.3456
272.93478,61.4533
295.67166,71.40801
309.16623,-9.10949
315.35562,-37.78387
319.5419,-7.32413
328.23727,-35.1878
329.57693,-17.17616
357.20599,54.56311
9.66557,17.40312
10.61322,-23.6288
11.36822,45.36642
21.63877,39.88107
41.21991,41.98871
68.17465,59.42223
71.28017,72.78603
74.43554,-15.23277
75.75426,77.39482
78.66451,-49.05808
81.88293,-39.84902
84.73299,15.75095
95.30383,-10.8546
103.83545,-47.11389
103.96579,13.90604
113.96573,24.47938
120.97457,-50.86898
131.02693,-14.03691
145.5199,23.68526
151.819,-26.47215
154.50418,-9.6143
155.74939,70.60874
157.47104,-35.37521
164.99057,46.07249
170.34177,-35.39691
176.33664,32.72227
181.78535,32.99591
182.49435,-46.82015
184.90553,-29.06747
194.6515,28.11375
196.26064,43.55347
196.8067,58.13494
201.05309,15.5948
207.12169,-13.56808
216.67313,-28.94142
227.65045,41.05476
235.68982,23.79262
243.31151,30.90257
245.33633,-9.91156
246.93996,41.07273
252.58754,-20.29474
295.06287,-30.26443
297.03812,-56.98208
298.28522,-7.01508
315.49756,-28.26003
315.75769,-14.26011
319.55368,-15.81768
321.84415,-45.38174
333.04446,-12.76556
333.43982,49.73691
354.03,-32.509
357.30841,18.09426
2.94879,-21.90665
7.6328,-37.40057
40.93384,32.49566
46.52348,-6.1786
47.83889,42.23272
53.2224,-42.39487
60.44312,37.19044
77.9909,-18.4939
78.6139,6.02829
87.17385,79.52361
92.46597,-43.78308
94.37654,-45.22063
118.31728,39.05009
120.29646,55.75775
128.69336,-10.76585
150.46577,-71.48004
151.57367,13.9734
160.30403,6.36989
166.74144,35.5519
186.35417,80.29195
188.12268,-71.1956
192.60562,48.08172
197.69579,50.092
203.66339,-33.45792
211.70453,33.77172
215.7683,38.14229
232.6279,-12.6034
238.70578,18.91711
281.50311,-41.427
303.40308,64.41706
307.65152,-70.21391
326.31461,-19.99468
327.13477,-6.14581
330.492,-10.27123
352.02103,34.86063
355.24805,25.60591
9.3067,-22.58702
24.49979,-40.06725
54.69539,9.26887
68.89754,-67.35317
69.90017,-41.58737
78.82282,-61.27143
114.01156,-76.8355
117.51446,56.77059
123.07603,16.98044
130.93842,-0.53455
165.0162,17.42436
169.00522,-47.03085
170.85217,33.82914
171.3457,-9.58656
175.03807,-29.74901
176.64368,-38.02055
190.70511,10.35749
191.09926,-7.14971
193.34416,-42.14101
203.76016,-30.27998
208.64668,38.44948
212.55217,-47.54908
217.41266,3.26627
217.4552,11.46301
220.47011,-14.94857
222.23949,-41.53157
228.00072,36.65197
243.76044,-20.78773
255.33609,-11.56162
257.03217,-1.51461
258.1492,-23.32236
307.52478,74.62781
312.55542,-22.01065
313.60416,22.32089
332.3035,38.9836
5.00022,-6.33373
21.06214,1.04887
24.0432,-69.59544
56.17789,15.73665
66.63806,-32.16463
75.92355,-41.75933
94.97551,-71.7194
103.72758,85.63808
107.26138,6.92872
129.25757,-49.90838
132.30502,-14.29401
140.03992,-5.51652
143.50073,10.02958
172.30469,19.77243
173.19101,15.67793
175.04735,-4.1176
194.91571,28.92656
197.00633,3.59902
197.0524,-17.6022
199.72946,-31.81759
200.73099,8.16155
204.94261,16.80916
206.92381,-30.35874
240.96007,41.52177
255.36172,6.92653
268.17075,31.8226
312.02765,25.19095
331.78555,6.48611
331.86444,-43.8317
344.10361,36.24163
10.25281,-13.97108
25.70611,-54.5238
25.83776,11.90275
38.47482,9.63183
44.26907,15.98343
78.80109,59.94873
80.45266,17.0565
94.33092,48.08624
107.83376,31.1447
111.12222,40.78178
121.72464,22.84205
124.24577,61.58839
127.0457,10.5407
129.00632,30.26644
129.55264,-7.15452
130.67328,42.81303
133.68782,-1.88598
150.84837,-37.39585
159.14906,5.91058
159.35156,-42.85104
167.1335,47.3364
174.59239,-21.09604
180.85312,47.36382
185.14841,52.25755
200.98944,12.0426
207.25192,-30.62561
213.26909,20.40074
222.886,74.5127
225.67897,37.94934
229.40271,-29.62564
236.99324,-5.78568
243.72571,37.18512
277.54324,-60.40889
284.35129,-19.56947
287.41055,50.91948
299.30765,19.08739
300.51663,-27.56172
307.61475,-23.42307
310.8927,-26.41363
312.08081,-38.05088
336.59818,35.7644
343.44116,47.50758
346.04242,-39.26221
14.90002,12.98628
28.03734,39.38258
30.76516,21.00794
33.34931,-7.73208
42.41216,14.61979
46.41866,33.39404
67.81728,11.93273
78.88177,6.0305
89.52348,-38.32576
138.2648,69.12148
138.63983,35.71764
157.51758,-36.69409
163.68642,-48.11878
164.00859,2.51134
165.81888,-16.759
169.54077,30.40677
173.24229,-50.86062
173.42377,-51.33581
190.65555,14.35713
194.19147,-13.98278
203.37161,17.47064
204.95168,33.68818
211.55168,14.71113
213.2989,19.06192
214.6481,-19.38584
217.28073,27.19715
231.69623,16.55773
252.3558,-27.80814
264.53384,22.70473
295.47855,64.07121
298.936,-16.98336
316.11346,-48.23949
319.81418,-71.25005
331.02887,-19.6853
337.38971,-19.82326
354.45145,11.91668
359.83051,-31.72993
22.58513,10.69989
30.66496,27.57485
39.66904,-31.34705
40.13671,-8.14756
44.0364,15.79249
52.46088,-52.57972
62.25649,-1.15961
63.61014,-74.51865
71.00297,-62.23355
75.86522,17.81936
79.0752,-0.40245
91.42171,66.88138
101.37601,25.83063
104.50098,-45.71442
117.4174,-14.02971
132.65384,57.35967
133.27974,-11.07897
146.97842,-31.00837
154.52032,-2.56141
169.57182,18.84693
183.70255,59.90611
191.12158,-40.7277
194.55559,28.9482
197.04291,-38.0211
199.61856,-10.23389
211.89578,73.03136
212.38393,-28.86679
229.17693,52.04032
237.07234,68.22076
241.91026,-33.07018
244.21503,-62.35157
258.93323,38.89031
279.10162,20.87041
305.54709,-16.79284
306.70068,56.51897
315.4574,-49.55663
345.90118,10.38723
350.28006,0.39991
352.09155,-67.76027
2.54157,-4.71046
16.96959,-21.55045
41.99047,40.30809
46.33292,2.38018
60.62102,29.51946
65.61547,34.78749
69.39914,1.74846
104.28378,-45.54897
118.10209,-49.25976
119.18448,45.87698
158.18106,19.94411
167.68904,-35.35056
187.58621,3.74024
200.28125,9.97151
203.57301,32.19986
209.65134,-24.469
217.05861,-23.87304
224.52789,-6.45651
229.34572,4.21364
231.46661,-41.63833
244.49054,56.63954
260.84668,36.50281
263.42728,6.98383
264.27036,-5.1827
275.78687,30.75208
281.70117,-63.20344
301.03592,-64.80186
304.19623,25.64892
308.35532,-19.57635
317.72827,-42.63581
321.48907,-9.03209
325.3371,27.96216
335.29413,-26.00672
357.44247,8.20826
36.55183,27.6034
44.12056,6.31762
81.65226,-65.56477
95.96997,-28.4633
103.9046,53.20409
108.48811,7.75949
110.43521,55.67924
131.11526,55.62854
153.13422,-45.23702
170.72023,27.58384
173.57584,21.2667
177.87556,-11.42473
184.92334,28.72478
222.84467,55.40138
227.94788,63.99648
235.44708,45.55603
235.77534,15.77047
241.21149,21.98981
243.35246,-62.34513
265.6666,-60.94767
267.31738,-79.03427
274.0452,36.07855
287.59113,-80.736
293.09207,-30.27398
305.14676,56.24991
322.46277,-24.55044
331.34219,5.18388
331.45728,-71.66301
335.89804,11.86117
359.61612,-32.94425
359.67593,28.08631
16.32891,-11.35819
16.8775,-61.33884
17.51331,13.97823
32.7414,32.69944
39.7001,2.21743
42.00579,39.66399
58.68112,25.50441
64.49635,-0.50842
76.6555,4.57535
78.63828,-4.67323
97.69758,42.37391
100.01978,41.87125
111.01778,-42.59161
119.08829,2.57848
147.61411,12.76563
164.20126,-15.59271
168.03601,-67.34045
172.0676,4.32726
192.34351,-13.35451
193.24686,-24.05718
193.91647,-30.35551
221.11603,-34.87252
222.39973,16.66307
225.23618,11.51735
240.57497,16.36621
250.58723,-15.53336
288.40286,47.69389
288.9906,72.77415
299.40649,48.89555
311.98529,27.9867
324.95203,-22.58424
341.8736,40.5589
347.69104,10.25366
348.51044,8.53011
35.05714,8.20545
46.08265,-63.93372
60.41361,40.75973
61.46098,-70.40903
65.58118,-37.89327
68.27736,-13.59926
69.35532,12.75236
70.15491,0.50482
74.09677,-20.4116
77.08916,-46.34574
81.42365,-31.53649
89.92571,-60.08436
93.2741,-32.39471
96.0599,-40.67876
101.45736,14.15692
115.49365,-12.68432
120.33138,29.17931
151.71317,-41.64118
164.93825,17.6503
172.77364,-14.30766
179.70117,-55.31684
179.93521,-20.97091
198.9693,-42.47173
199.08818,6.994
204.73894,24.98021
212.99179,55.40973
243.2374,30.77075
245.40979,-58.46976
255.82539,-13.19078
265.44348,3.75067
268.11148,7.48892
278.89008,-46.94342
288.24869,-35.95998
307.04059,0.47325
317.89551,13.33462
319.01843,-42.70565
326.53717,4.40231
329.79968,-69.48426
332.80341,38.88875
334.10388,-80.55853
337.24896,-36.43512
342.77313,-11.78977
345.16541,-33.4599
7.55094,-41.10123
7.80662,-28.41214
11.5694,-7.03274
29.44884,-1.27711
40.92993,7.69147
47.11473,-4.14334
52.14622,37.61491
60.41965,23.2063
70.25406,37.17789
86.8121,50.64039
90.0545,-66.34641
113.11444,10.90447
115.5211,18.18771
123.5359,-0.37089
127.50118,70.83114
128.44487,6.21033
129.91841,55.72916
137.35973,-9.37983
147.63806,44.31433
149.76624,15.66458
151.97575,13.39091
154.79758,-49.68477
156.74156,73.83846
165.18768,-14.0548
173.68036,-9.53319
192.30399,-21.58852
205.85266,-30.36986
223.79109,-23.96943
229.04614,12.73953
254.98,-18.7383
256.50201,18.18641
256.79996,39.01193
274.79578,42.80626
306.34933,-53.35295
307.09396,-52.42551
315.60297,-18.01766
317.94028,-1.37191
333.52942,-64.92972
355.50522,10.71541
356.23663,-44.79616
358.83896,30.38515
4.71204,-10.3768
5.77389,6.75163
6.62175,-62.94118
33.22401,-61.7917
36.88811,23.05988
38.93532,22.27174
39.14557,-9.354
47.98141,-2.96655
65.45012,-2.1827
68.65318,-36.40863
76.70667,1.37548
89.53483,-42.83429
102.32318,-37.95701
135.8136,78.56297
156.4174,-3.58995
158.5031,-35.28237
181.17537,-29.05192
185.8676,-39.14828
188.54572,47.74127
214.9164,19.9448
215.16411,26.86335
223.09525,17.12162
229.16138,41.03027
231.75891,26.70515
237.70685,13.28864
239.29941,-1.54037
245.08148,1.74027
257.15433,-19.53797
285.0239,40.9
292.6572,-52.29055
316.00226,-68.67603
319.19534,15.05821
340.39264,4.88621
350.59628,3.49185
358.07761,-29.32348
9.91964,-14.23709
19.01741,37.64852
29.24118,35.94579
35.25333,-20.82333
46.33249,-0.97069
47.85915,18.95461
57.11266,-0.78869
62.25108,15.51423
64.46396,-0.7498
65.78628,-0.08748
66.07522,-27.94334
90.36636,-27.51653
94.98023,-3.18977
96.1394,-15.67451
114.57874,-48.73488
116.34646,-37.72039
136.12788,-8.65315
141.18178,-39.73582
170.84267,-14.47077
201.98038,30.37593
206.32018,-39.81415
210.50827,-16.5406
211.73483,-26.9484
231.62282,8.59059
240.95721,26.54212
241.36015,16.44275
255.59224,-26.67416
256.31824,41.82732
279.82614,-27.2245
286.25467,-57.98516
289.41516,42.61715
291.8447,54.80849
301.8381,44.43358
306.98651,-44.61064
319.84521,33.8407
350.11136,1.56029
350.51886,13.03571
353.75626,27.37235
359.66455,-29.84501
12.67227,11.35157
14.17016,-52.5196
25.07282,-0.29471
35.38581,39.3568
45.05154,4.43821
48.8108,41.98068
55.27209,8.04655
60.15177,23.49611
60.20585,68.66946
69.50557,-12.448
75.07637,-22.39404
75.14247,-62.0725
96.5919,52.57058
97.2711,-36.31587
98.70232,62.91614
113.70822,57.91138
124.82146,3.79297
132.53177,2.64792
138.64706,-8.45243
161.13994,39.15735
172.85704,-9.64593
185.00618,56.16293
191.81668,-18.55423
199.91373,30.25637
217.24681,17.32062
238.84352,-8.87502
253.96466,47.52509
274.92172,7.31661
277.79736,19.20404
299.95535,-0.03775
308.991,-21.82468
320.75388,-68.82652
359.34888,47.89131
5.77811,-57.01301
11.89646,-20.4287
16.45536,-86.35508
36.43965,24.77781
47.44512,46.60118
83.21047,-16.86921
106.9282,45.97988
108.51696,5.80446
128.916,-54.7187
129.19127,47.36944
138.06081,49.76131
155.58209,22.42262
156.28152,-35.60515
157.08578,-4.40596
159.30249,-26.67092
162.9006,-1.08792
166.68324,66.8527
168.46535,34.2846
175.02673,-0.83778
181.0576,20.20975
188.00729,-44.78151
203.94624,-30.8766
204.73236,-70.2672
213.27388,-7.8421
216.63304,21.55713
221.02045,-73.41313
223.82053,-31.0853
246.20279,-3.12138
248.55008,-64.09955
254.36925,22.59936
303.58508,14.59541
305.76791,9.54392
313.51633,-51.04103
330.42334,45.12841
338.73764,-61.88364
353.73517,-26.92184
358.52325,-17.87921
6.38107,-33.04613
15.95963,10.59021
53.64635,-1.93467
58.47305,-17.59358
65.80873,35.26982
71.83347,-12.70063
72.67829,-20.75088
74.29836,34.22102
76.09244,6.33523
81.05591,4.9271
95.22688,-63.11881
112.28088,6.00919
117.41013,61.44838
141.97644,29.79179
145.39737,-45.22855
149.96414,-34.58002
152.74164,-0.50285
175.54938,-10.77428
177.45757,-3.51763
181.57002,33.52586
195.89561,18.8034
205.97604,-35.77113
210.32974,-41.77358
214.276,-48.18299
241.33203,-2.39026
247.76419,39.83847
248.18529,-29.95049
254.1954,-1.70152
259.09225,6.2527
264.56296,28.45539
274.8056,-69.17054
283.48074,-26.31106
286.47513,-42.60453
304.8511,-16.40036
331.56082,-27.9584
332.97052,0.10878
334.62537,4.27464
340.37558,-66.618
345.27362,11.03216
346.61945,-13.53658
350.74292,29.23461
351.70114,42.65348
354.90979,25.09503
358.55103,54.11798
17.62408,1.68936
21.53911,19.13974
38.38152,1.13991
38.89378,47.21907
55.49017,13.29261
56.94061,0.68666
59.31569,41.27978
61.11411,-7.21611
91.04573,-20.46804
92.2304,-24.74111
100.63004,46.07647
117.02353,-14.57098
117.29339,57.04751
120.4669,-5.34495
145.33606,-28.96154
167.89626,26.30748
172.58888,-6.96138
183.96878,0.40064
194.08459,5.47647
194.46652,-24.17567
195.16563,27.92386
197.65408,-37.29997
200.60954,21.42577
200.6543,-13.06562
204.31209,55.66975
213.56725,10.5827
220.39871,22.93524
224.43065,-13.73524
226.13191,17.31516
230.37001,-46.55485
241.41173,3.07276
249.26376,21.05541
252.51381,-20.96617
257.68329,-23.23336
264.30875,-1.87663
299.16943,50.79884
319.91919,37.52414
323.83051,-25.94554
336.06757,5.36081
340.02182,-0.80769
344.18793,-24.95357
345.95935,22.31392
0.82361,70.47093
22.30753,56.00677
32.86378,11.83592
40.27102,17.77121
47.95097,-2.50297
61.04231,-14.10042
69.33712,-2.24171
114.92454,45.91264
130.7816,18.22308
137.54855,-34.66904
156.21889,9.59481
178.33594,21.02153
188.66939,44.39556
195.71855,10.09441
206.20209,37.16306
217.24493,-31.65973
219.57755,17.60938
229.0623,8.69443
240.49275,36.7021
242.39931,-62.73802
244.89102,-31.77502
246.45157,55.36063
258.67603,71.21362
273.31473,42.30375
279.95807,-62.95604
308.73557,87.8156
318.32693,-39.76771
324.06604,-27.89582
350.29083,33.39954
12.63915,-42.05181
35.30012,42.86338
42.99997,13.52134
46.52421,-39.0204
47.93282,33.75089
48.60198,-10.75407
66.82401,-12.11581
69.4041,-73.1618
81.63743,51.33411
93.41654,69.72924
100.70828,-35.57221
120.07923,-39.65025
122.49953,-58.17487
142.16986,12.61734
146.81577,53.82389
153.34595,-41.11926
160.26917,-46.3689
168.28287,5.07272
186.02992,-39.95163
195.4426,-22.69197
195.64439,0.34855
207.07419,25.12389
207.66487,35.60034
216.24428,27.81742
216.95186,-23.54171
221.89766,-18.0705
228.18716,-44.58279
236.29814,-66.29025
239.38837,-63.36111
243.0567,-2.03102
319.32147,16.63979
349.41183,9.43326
349.80087,22.43544
357.76331,46.72367
4.53989,53.95205
19.55384,55.88343
24.07692,-13.69605
24.48291,27.5372
39.38083,-60.86018
54.40874,3.11879
70.45915,-34.13192
76.6404,-45.61718
79.98267,-30.64192
104.28955,12.29041
109.65604,20.06945
122.43407,25.88167
131.36916,-2.47827
159.60962,-2.56947
164.30788,-47.66979
167.83606,5.83027
170.19342,56.69935
177.88368,27.64684
189.04498,-55.0098
197.45819,24.57754
202.6796,38.57809
205.4099,-12.10214
212.62038,-42.7821
212.95468,21.37638
225.15355,16.17224
252.35085,-25.74475
253.97919,22.83857
261.90479,7.62141
263.40811,72.97015
264.14749,50.76588
267.9678,54.02281
288.53104,-37.56279
301.51294,-20.00303
309.5603,5.29262
310.19434,30.11959
320.22824,-68.02206
329.05997,-33.67059
342.11716,-58.2506
344.5329,-3.78878
347.11432,4.66231
347.4686,7.51573
354.59485,27.15821
20.45799,18.26758
28.71116,48.36036
37.06025,25.85764
40.99353,5.4386
47.30278,47.33101
48.542,16.48541
67.61283,28.11868
70.34718,-45.41257
79.91893,3.72966
85.25406,-41.57727
95.63971,-23.29491
95.93339,-23.4082
101.67609,-19.20827
147.89127,-12.99588
148.73651,-69.10125
156.27789,-69.34687
156.83498,-35.27428
162.09145,18.66583
166.49338,8.35801
192.87682,-14.33841
193.48326,-9.20652
204.63165,26.10541
205.50912,-38.26184
214.81242,7.02113
233.62166,14.4774
245.63113,64.48266
254.27136,-71.62992
255.12505,41.18259
258.32892,37.81987
276.01004,65.30626
309.89188,10.79221
316.87833,-44.35218
317.17297,-43.51143
332.02753,40.80173
343.29868,20.81807
353.02185,23.85127
8.89559,-12.28698
31.48758,-71.12946
41.72517,42.67043
44.02798,48.70275
48.08105,35.40436
48.96633,-52.79225
71.66399,-14.68543
84.50774,62.54612
86.27197,15.51255
87.65832,-10.04192
96.04362,-36.58263
151.16042,-9.33983
151.6947,31.47574
154.80414,-5.62894
157.26918,22.21276
158.94246,21.04812
159.6682,-46.24785
163.59261,-0.36504
192.62254,-10.85443
204.90897,-35.60905
212.08972,55.30159
213.96545,-39.65666
220.38379,3.59921
236.6024,30.26703
258.59955,-23.18019
283.38577,55.37774
304.76556,-1.1478
305.41208,-15.21267
306.03177,66.91151
311.59058,24.82748
313.50754,-42.711
352.75006,-27.52505
353.29373,-1.292
354.70874,27.21505
356.61496,-46.97908
0.06772,32.7926
0.35133,-40.15759
10.14774,1.6722
23.32012,-36.44025
32.98922,29.31388
35.21811,16.35381
36.68375,19.39629
44.52781,-15.11854
47.44335,15.99094
59.25956,-73.67859
60.29645,5.55169
73.90575,-15.09653
75.67676,20.32314
79.85969,-28.70424
87.32004,50.81147
103.23242,27.366
103.36275,77.40941
119.54244,60.94438
120.03526,-50.66076
130.85536,36.18874
132.03854,-23.10949
136.10585,-12.28582
167.7493,29.33644
191.03578,48.64447
197.05156,-54.24499
200.81975,52.65366
204.85963,31.20798
226.50787,8.7898
242.36493,-33.01173
250.58673,7.11348
259.42654,24.21214
263.26471,-53.69202
272.73767,53.3372
278.52054,51.41352
299.34787,44.36361
331.82071,-7.54373
346.37448,-40.39228
348.64285,6.55642
353.7605,4.80371
354.39441,44.14146
358.13806,52.24997
359.57388,-2.55689
359.77136,-20.75408
12.42568,-21.53521
21.21471,-59.42886
24.23379,-13.94402
61.10731,6.78507
64.73437,75.58955
70.93919,-15.81665
103.57117,-26.81046
105.72501,10.61039
107.68768,50.08142
133.00203,64.42668
138.75647,40.0365
138.86293,77.00075
154.30472,-21.06677
184.86026,21.17007
194.88655,27.98361
195.32571,-32.26718
201.09447,-36.08746
206.16258,30.31874
226.99706,1.23168
247.97359,-70.1836
284.52823,-49.01129
285.59714,-37.93684
294.50842,63.3557
304.08478,-18.44126
305.01425,-14.9939
311.68167,-82.48886
337.71198,36.56312
338.69717,-43.34108
349.56537,0.26121
356.20258,-55.29447
358.48318,-42.44969
21.98118,-15.11164
24.70392,18.82537
72.95522,8.84397
75.89772,-58.08284
93.46232,-17.24083
94.13572,-13.39707
102.17139,-18.78532
109.03647,43.55324
111.35025,44.8503
130.89746,64.25804
153.45587,-48.93305
159.06648,-12.72562
159.79913,-0.40945
162.77802,76.79628
163.31029,26.88652
168.3817,27.87674
176.1239,69.7298
177.65462,-32.44529
181.642,-43.90732
193.44615,-15.24608
196.23973,-31.67084
197.40396,-24.84764
208.43228,-52.93267
226.8801,-41.37344
227.18625,55.60592
232.87842,40.43012
244.32318,40.09122
245.46771,-10.23715
250.61763,1.3203
255.08704,-81.16297
260.15143,38.45796
262.24646,-66.79652
265.06052,9.01839
269.67902,-42.67383
296.52264,64.14713
305.5376,-5.89597
309.50662,-2.03835
314.56989,17.83555
314.84479,-21.31394
320.65439,29.39861
323.52783,-53.57187
324.02777,7.93945
355.91739,-36.53599
359.92212,-6.80691
14.59607,-66.81281
32.77663,-0.65535
53.98826,-85.59993
62.63495,-54.68434
63.46833,-63.42746
65.12811,58.61368
73.4649,-18.78947
79.99284,-69.82708
84.25182,-3.64448
84.55576,50.55549
90.50589,66.4171
94.49503,-23.62972
115.49428,23.17635
116.60375,48.33365
121.12874,15.48381
148.80879,-22.48287
157.87451,-32.71314
173.57817,-50.83996
196.0627,9.22349
198.04506,22.42099
201.85254,-25.38461
201.98715,-31.01462
206.77515,-80.7801
212.90117,8.8097
223.68533,79.29636
229.13539,12.75415
230.98579,-32.693
243.97194,60.38257
259.82803,49.96156
264.64905,32.9337
265.94308,56.80409
297.27063,-10.50093
297.91434,-83.09888
320.26447,-55.25179
340.12595,3.35854
343.4426,32.37925
4.85856,-4.08386
18.52812,38.12259
25.68919,-65.90333
28.02937,-33.52999
51.37817,1.86153
52.9353,0.74783
54.82553,9.89808
87.57378,-10.29766
93.12672,-35.98109
100.10394,36.3487
137.19482,-74.14909
139.52635,13.47238
149.80809,-19.85225
150.96611,59.43618
179.69914,-30.55307
179.76079,25.08324
190.60837,-6.01651
201.47029,-25.24243
203.2664,17.59709
210.83646,-0.54999
232.33315,-21.19052
233.4166,24.40468
234.63748,10.25115
253.57294,-5.99149
304.65802,-52.81836
318.04807,-14.34319
323.83414,-20.946
339.89264,-36.40279
341.10095,30.76973
342.2041,-7.8145
342.28137,49.49538
354.45557,20.80944
6.8422,39.83785
17.88549,-73.03603
28.49861,-54.01395
32.65678,-15.77359
39.90236,36.08125
50.15081,-13.78506
69.97005,-44.28822
77.88676,20.67093
85.95564,-33.01586
91.79295,-45.18193
97.08625,23.48048
102.99511,-34.69113
103.26201,-39.27036
108.29421,6.61886
125.606,-27.07734
131.77876,28.23654
141.25166,49.37697
142.99911,-8.73236
148.81844,-26.85248
153.61151,-17.43379
154.41917,-5.68374
168.19801,87.47261
176.80408,18.92588
176.91704,33.78896
189.11594,12.40524
195.61357,-54.3295
197.68883,-17.77125
203.62167,-73.03052
220.16243,38.63774
263.35098,68.55401
263.94836,-87.00243
291.3179,-65.37125
295.3298,-36.92167
307.13708,-44.07506
321.05435,1.11838
321.10962,-49.28022
327.43597,-56.71972
339.99271,-49.87602
350.88181,3.05302
25.64986,54.29257
27.0921,-80.64684
34.37917,-22.89616
35.2085,-58.04311
55.24206,10.73597
64.28983,27.0383
72.77731,12.9254
74.63922,-46.41201
103.18736,51.54073
108.99016,43.60532
179.46347,22.25809
195.85179,20.19692
208.73267,-27.29749
215.08038,-4.41645
228.13269,8.85731
229.30257,-32.72689
234.18887,-71.42636
234.91234,10.21988
242.55037,0.78372
267.39148,16.67939
351.76245,29.11351
10.85577,-38.75713
13.70585,10.53784
30.06632,-1.62304
41.45552,3.23101
49.54834,47.11727
51.25386,2.90753
62.08424,-54.05141
68.74127,-10.19466
80.93593,-28.97336
81.20729,59.92604
81.51452,-74.80351
97.25716,-56.00694
97.56531,21.22667
99.03397,-68.01435
99.15434,-34.61891
104.9646,-36.80126
109.07011,-25.13411
119.32881,58.5209
136.89732,-73.68108
138.7583,17.59226
141.13885,18.00537
168.21968,27.44384
169.2691,-34.9553
180.54514,24.3003
180.67781,1.95228
185.73003,-23.347
224.1208,9.35452
243.39284,-61.81545
247.31877,39.40104
264.52243,57.11808
274.93378,48.56119
280.82083,-63.20823
300.98886,-55.99816
303.95349,-2.90048
305.38535,49.76032
306.89069,-55.09035
321.44406,-54.87044
350.09259,26.44527
7.19056,-32.40652
27.55142,27.19618
29.74049,-31.00887
49.91753,41.32919
50.24561,-41.74033
56.61232,-6.53119
57.50145,-1.46602
102.45121,25.68829
104.94863,27.56876
107.36482,32.9894
108.51969,54.98751
119.11659,61.02277
127.56893,-67.42476
134.09229,-35.67055
146.53421,-63.27247
150.99896,14.42399
163.23906,-48.28014
164.69548,5.51956
170.24989,-47.23093
172.24579,38.85122
172.63116,51.45592
182.26219,-51.99387
220.1517,-45.8657
222.67024,9.50801
259.72537,8.44084
274.29465,-54.5675
274.38046,-44.87444
294.48288,-51.99138
303.02795,-56.52779
322.98764,-33.99442
325.4978,-38.83385
328.52524,-8.64283
335.70514,-47.66283
358.23285,-79.81364
10.28283,-56.1412
17.37002,14.36307
21.46436,-1.3181
22.76705,55.94047
70.09954,-21.84136
79.15926,-23.78737
120.26805,62.10382
135.24135,-22.6652
140.75392,24.2941
144.17314,53.10768
145.85701,-72.30274
175.78905,-12.86421
184.5441,-57.04367
185.20195,5.63976
189.26022,1.81903
193.44904,-11.31354
199.356,9.3222
211.78568,56.54015
220.84077,-33.29941
232.59798,-31.90647
238.02357,20.14523
253.95963,27.44159
254.6857,3.01681
263.61658,-1.35323
292.85715,41.90064
293.32642,34.98105
297.21866,-10.51562
331.50903,14.30136
349.0144,42.55576
349.07681,21.94918
352.15259,17.27108
16.87645,-45.18067
30.64233,23.64025
42.51886,41.38927
48.49156,49.35275
50.23973,-45.25297
56.62429,15.4122
59.83736,6.7644
63.41819,-7.10606
67.39886,-9.36748
68.2021,-12.38869
68.87235,68.92216
83.09227,-21.80605
91.08771,48.42179
128.94635,-1.94386
136.56732,-68.79398
155.46909,23.86078
160.89276,-26.61492
171.01137,-28.38764
173.50766,-33.44304
203.35873,-34.01478
204.05605,10.47822
207.00105,-14.8892
208.68448,-12.2208
212.45174,-35.28137
229.15019,-71.5872
241.19315,-33.50306
250.84647,-24.87976
278.55789,-34.98871
287.63519,27.34339
313.26556,13.59187
334.92603,-54.49539
336.56104,0.66783
340.66104,29.50572
0.95692,2.06652
3.63279,-0.7376
14.71798,-28.30324
36.9872,-21.99305
42.84187,48.4009
44.29772,-14.39552
53.45805,36.15249
53.7769,-55.09216
58.45747,-8.13754
79.35091,13.08531
91.12994,-53.09707
102.25626,-31.60452
118.35964,50.22832
120.5015,56.91775
121.0978,-60.10796
132.56876,-68.78851
133.80235,64.39596
138.21196,30.21237
140.02443,-79.60166
140.31947,24.51808
160.4343,21.18542
184.02966,50.8251
189.82735,28.90425
193.72075,73.17845
204.05135,-4.98002
208.09972,21.58501
225.43681,-3.92169
225.56641,-39.30513
261.50656,39.31949
271.05191,58.01318
272.72482,54.38299
286.93253,-55.30942
290.64999,-51.60129
297.51923,-6.33632
322.0452,2.47427
322.37625,-23.11556
325.48267,-20.78548
340.94699,-48.8857
358.01108,8.53227
359.36688,-30.46123
4.45382,-68.3582
9.49523,-8.07392
16.59187,6.28246
28.58684,-56.76105
43.76664,32.58451
44.75364,6.26827
47.66724,20.28776
54.76259,-2.91646
68.23673,-12.77814
68.97522,-72.47657
83.89396,-29.15005
93.81445,-61.83163
108.51043,23.9918
109.18449,37.66553
121.111,-53.38199
129.08939,-25.53355
134.52185,22.77603
136.0238,-19.48231
167.45964,21.81025
172.07359,2.65394
172.51552,-13.45704
200.78554,-39.78115
236.054,27.39773
243.50955,28.49684
252.72165,35.4771
254.0506,-29.04138
292.81491,-5.13076
302.09692,-21.65828
304.69922,-52.7093
315.53247,-38.35218
318.04776,-0.25881
342.5813,11.53124
344.03708,-34.07755
351.349,-25.33755
353.72534,-32.41446
358.92337,-59.96074
24.74683,-29.92431
25.27963,-5.56812
31.4295,-71.11546
32.27175,24.38398
35.51868,44.89359
39.89854,-10.82505
40.20916,9.40242
55.03347,39.60843
57.44411,-55.81871
58.08853,-14.94631
61.02378,20.04426
63.85346,-38.028
70.81613,27.91245
75.52007,-17.47425
85.30312,3.84154
86.07648,-79.11973
95.37453,51.11086
105.21053,-47.70597
110.34354,4.97559
131.49818,12.61994
141.79243,21.5939
154.80232,63.96741
185.45616,-25.07573
192.71715,-14.49189
196.2077,-17.29889
197.87929,46.34168
201.66632,19.94456
214.38406,4.56217
219.53612,-25.5577
235.7309,70.82812
239.78966,2.79965
241.81004,33.31915
281.09439,23.3221
310.55286,-5.57859
313.96259,74.59254
314.04739,-17.04259
315.3894,1.62561
315.40891,-42.88304
328.06152,-72.48637
343.37268,31.64505
4.42408,24.66722
10.69849,-3.82921
18.45943,49.58621
31.65249,-31.77791
32.54671,-22.32295
43.20858,19.4174
78.86423,10.80415
101.98775,-62.69904
130.26216,-54.35232
144.67137,51.8261
159.38022,72.00462
164.13747,9.93398
167.12537,45.13084
169.64522,-2.11227
176.29118,-1.76261
178.29836,-31.79405
183.90379,21.90924
206.90523,-32.75102
210.41083,-28.87489
212.93896,-55.69114
223.04593,-0.25605
228.21953,66.06364
242.52118,22.65029
246.96877,-58.8012
248.78285,40.99124
250.57935,-20.96028
256.2381,-2.83853
267.10916,27.99025
269.17111,-58.43991
269.82892,44.299
322.21942,25.79836
332.84146,38.88512
346.95529,8.4878
12.1424,-78.71562
15.81073,8.82577
20.84832,15.21466
44.22221,5.87225
50.94178,12.2331
60.35102,-51.4254
60.51359,-16.4469
74.11948,22.00891
93.77416,0.19217
95.79504,-65.01931
106.36438,-69.95149
123.53358,64.61123
135.80396,9.61898
140.54416,65.32496
143.87097,34.98653
147.9144,-13.7117
163.05981,-39.59197
170.91695,-4.46852
178.29643,25.43764
184.23332,13.62533
188.08046,-40.91916
191.40948,74.4815
194.9321,-53.83377
207.85518,-28.27325
210.58568,32.44818
232.83203,-46.67373
242.41847,-8.57426
279.92917,78.07969
303.12369,-18.80823
333.53995,-33.23542
41.49894,42.54226
47.30592,-19.44331
52.53813,42.9532
68.73215,73.64993
73.63444,-20.55336
77.28952,-0.69588
82.61147,-13.83695
93.69215,-57.60358
115.7356,60.16866
143.07063,9.68354
164.61116,1.38289
165.75238,31.97125
170.08643,34.09629
170.71558,-2.91088
172.60745,22.21653
193.88565,-28.45905
197.05269,-45.43904
198.11005,-68.33073
198.922,-13.28635
201.12009,-30.43148
211.42906,-17.39769
214.86322,72.53491
219.05406,78.91733
219.47256,69.01448
240.35526,35.82187
243.69463,26.55879
246.90709,42.63814
250.5007,-72.96931
270.73453,34.81774
274.07239,27.53092
281.24658,-38.79279
283.02148,-20.31977
307.51273,-41.38243
310.60458,22.31512
315.19272,13.5268
321.79587,2.71764
336.13675,-4.7518
0.98956,7.87989
26.43156,-7.11935
77.35024,8.80519
95.70573,-23.27325
97.05222,35.46706
98.92167,26.23957
100.26762,25.36916
138.31723,23.08999
142.84181,-37.68834
143.51035,27.37607
149.98273,13.04386
166.54259,3.32072
193.68309,8.05314
195.32487,47.08587
196.53461,-31.71982
203.80302,-11.37677
203.86618,-25.35684
209.96423,-34.31726
223.71013,-14.59817
241.46321,-63.30941
245.5742,50.37195
248.57204,-0.07005
267.4552,42.72864
275.86044,23.22474
281.49002,-47.39683
292.69836,41.30362
292.76517,-7.44985
294.08975,-47.26594
313.08731,3.46768
316.61832,-48.12104
343.34949,34.01834
350.09421,7.53764
14.8647,52.3671
34.2899,24.33198
46.08218,-2.30595
47.85423,-26.93117
49.38173,37.04639
63.26215,75.00603
63.74388,-54.33624
66.88583,-54.19669
72.41675,-42.06306
76.97784,14.17401
96.74422,-16.33841
119.60634,8.14475
120.71474,-4.93234
129.49091,39.89632
132.0437,29.49134
145.72302,-26.47441
155.55838,20.58935
156.70213,16.85098
159.01775,-27.50886
196.09404,-31.19545
198.79854,-33.63914
201.23441,26.4635
206.75972,-39.8493
209.66901,-16.1405
215.1703,80.12313
246.84401,11.46723
250.08403,-32.17872
264.32999,-67.55316
268.09045,-81.66601
298.06586,2.50677
299.39456,-30.21679
344.7442,-30.49394
356.12067,-50.57576
18.45863,-14.84564
19.61501,16.75121
21.61423,-13.10021
27.49973,75.26575
27.86452,-15.33729
48.79908,34.2914
49.58726,41.46354
57.56443,-2.30618
81.54289,-12.10664
95.30349,-52.28355
113.10782,86.66684
127.33662,55.51889
135.84984,-2.57631
153.60706,-0.87185
157.61841,-3.19519
161.80305,-28.9211
181.86935,-7.15831
192.81348,-31.05883
194.80386,36.12938
204.43768,-41.15746
222.76093,-43.91867
230.99767,69.76217
249.87828,21.31689
255.91588,9.2973
258.11847,30.90958
273.91953,10.5116
280.24887,-63.65648
290.78275,-62.97035
291.27454,-16.92606
299.3956,71.22259
330.16458,-28.20685
356.6839,-38.46859
357.47244,6.40884
8.77148,-2.13769
13.5665,-7.23546
26.47303,-6.93569
33.3858,-5.48194
40.34964,-62.57255
42.79075,16.08757
47.76052,-13.10956
55.29886,42.46368
58.81117,-52.3335
62.7094,-29.92646
70.58126,21.43993
107.94839,-53.57611
117.44538,61.35501
128.2428,61.80415
133.36649,-73.76529
139.51456,-24.64683
153.25336,-2.66127
163.24899,10.83109
164.46046,-2.25168
178.55246,-32.68791
179.16335,-31.76175
195.49837,-15.91105
196.58171,-54.85014
198.02681,44.67855
232.31201,32.82522
239.90398,-60.21824
247.53374,14.90354
249.66783,32.54554
255.29124,20.67334
262.98242,71.84045
267.24219,55.15343
272.1543,6.20067
296.46323,-9.5939
304.06082,-30.69212
308.15912,9.91636
315.58398,-44.43316
333.1965,-71.10334
348.20505,-27.59503
349.10663,15.74646
359.91632,-34.4748
30.18665,-20.35367
36.56108,22.51123
37.00988,27.66863
45.85888,-15.66189
71.79347,-16.39202
72.87081,72.31684
85.26529,-26.47834
88.84504,-60.16238
94.51042,-23.8391
117.29095,55.60465
149.12756,35.91488
154.6449,-28.95021
155.70171,14.93125
161.51335,39.14938
164.66928,-15.52745
166.43478,19.81069
171.38197,70.92348
221.23296,-49.23016
230.28177,-13.70832
230.73224,14.99913
231.52159,-68.6187
235.3811,-38.8303
250.27222,-66.59677
251.71016,59.09346
255.63806,33.5167
273.9324,61.69788
276.2478,-60.061
289.60239,-30.51266
303.68015,-7.00962
304.1095,50.29733
312.18533,16.71598
321.25958,-4.62098
330.02246,-19.20429
330.8028,-26.40685
335.65234,41.05817
343.98059,31.67158
357.33536,-2.27931
357.60321,-31.86406
2.68903,27.86872
21.23524,-81.08276
32.16861,33.53289
38.93077,44.07994
41.69949,42.04064
49.30062,-61.37113
55.07886,-15.53019
55.11879,40.06316
60.8051,-9.38194
66.15316,9.69211
66.82751,-10.30629
102.81539,-61.5733
107.41247,11.27778
136.94568,-34.33214
155.94717,53.09937
161.3541,39.16385
165.31168,10.48116
181.20471,14.496
181.62688,-53.85943
195.15469,-22.18859
206.83173,72.67962
206.84668,-30.41779
216.01649,36.40105
221.66295,13.67622
228.29343,4.48201
241.77618,-3.60769
261.84122,59.64382
262.36386,18.63028
291.23068,-16.4167
294.28754,-63.52043
304.29099,7.50205
323.73776,20.6011
325.58517,-70.84852
327.46097,-13.64958
329.22696,-55.6618
334.0929,-84.28455
336.79947,31.50516
338.65848,-16.71518
349.67944,-10.00759
353.32791,-0.45012
354.49075,27.26445
359.12164,-20.11093
11.11714,-47.84327
15.73195,-82.28812
16.83581,-36.75519
24.77365,-48.9569
25.18197,42.88058
29.7646,-61.86237
56.62406,0.71884
63.8636,-39.35633
67.67893,-53.70447
107.62029,22.28893
113.52946,18.69726
123.78398,17.8912
126.91564,-14.78197
142.03207,-36.12414
159.41608,71.99243
161.35146,29.21891
166.0141,49.8217
174.77974,-27.54556
182.47583,25.31125
186.612,-20.63856
201.53571,-16.52035
212.30557,-38.93487
218.5484,12.7141
219.26001,-54.04392
227.78088,5.31721
231.20517,4.3603
240.45247,47.38793
245.58493,-61.35854
255.41034,-66.31063
255.87662,45.67977
291.13196,-32.24401
301.07837,-21.19899
310.03049,-40.09591
316.05499,-44.90181
326.29861,-34.23743
328.59528,-31.96919
346.53961,22.35368
353.93262,-63.62127
1.20687,5.738
12.22181,-2.38197
15.34537,82.09818
17.72681,-18.96385
25.80162,-13.63664
41.18366,-5.48821
53.14479,43.1189
56.88392,11.31234
59.61743,-73.70181
68.60812,-2.7451
72.11798,29.80791
109.01308,-35.96767
114.63042,59.41568
129.13799,54.0415
143.42197,51.66805
147.28659,2.48078
155.66988,46.2388
169.54822,30.39517
170.32611,3.66474
171.23334,13.22535
176.26779,-13.21613
178.32077,23.46456
191.79874,26.71346
201.18195,32.54029
204.24713,-27.13487
207.27304,68.81283
209.34375,-34.77678
215.3806,23.94833
219.5687,-0.34978
226.91478,-42.21507
260.68256,62.16613
262.79236,-8.45284
288.48291,66.20896
295.90952,-29.3062
297.104,49.33103
298.22858,63.04427
300.7063,-79.08696
18.26186,15.5274
20.25571,40.44648
29.28414,-78.15565
37.90173,-23.01584
51.10787,-4.81886
55.23066,23.59267
56.34033,-74.64841
58.4038,-9.45603
75.64357,-44.74097
76.23408,11.55506
79.91373,-41.1761
99.30354,-37.4005
124.96018,-57.54816
127.12845,-54.05186
147.7751,9.00856
175.80534,-12.76471
185.18562,52.60482
196.35522,29.29647
199.97867,-43.79269
210.03842,38.67322
211.11516,-14.54762
222.80994,30.69231
228.97433,3.05032
251.28685,-7.53619
288.67581,-30.29655
313.80148,-54.52364
325.06247,4.67843
339.15271,-26.25937
2.4803,-84.90549
11.78168,44.53429
13.76859,-48.93769
21.57614,-52.65235
22.25679,-43.62304
24.19211,-46.8261
25.53852,27.95592
42.6917,50.93436
54.60172,39.23588
85.81094,16.50199
87.61964,-33.74145
94.96223,-30.57047
136.90996,-36.11776
150.04097,-32.53336
156.85991,-33.54456
161.45755,27.61982
182.88506,-46.70253
186.74663,8.9588
192.85899,27.42121
195.02116,-15.36514
196.86824,26.72549
203.54158,34.76538
213.16739,-40.4534
213.94589,8.91014
228.52422,-12.37344
233.72891,-45.22408
235.49281,7.77664
253.48685,41.33614
253.71611,-7.63923
254.6864,38.80907
277.26749,-38.01846
293.50006,50.0168
299.96176,-11.68944
300.4801,49.1506
303.70325,-23.08996
311.70172,-27.61987
327.06589,-54.982
349.03278,-44.70223
353.6669,-3.15282
357.12192,36.69855
5.6586,-48.58113
8.75698,-2.14159
36.85527,3.2521
38.87352,-2.37329
43.05505,-6.76486
44.65746,6.17587
44.85129,12.58081
47.99039,-55.27564
53.38552,-78.50996
64.94857,-0.91392
65.81486,36.48987
69.52267,8.88922
77.32771,-37.85819
105.97897,53.66719
108.56815,19.34068
169.82483,-54.94891
175.55106,0.3344
178.29572,20.65883
183.07707,-50.95924
191.42474,-25.91987
192.17523,26.41723
195.02414,-10.4891
206.11159,-25.7604
216.19759,2.66446
216.56305,22.54125
218.38126,57.71176
221.75955,-18.21678
233.10078,-12.39856
272.10901,-47.25808
301.96375,-11.14292
306.36661,11.99585
327.96216,-74.99034
332.41376,42.94313
333.01465,-7.57887
339.4126,-13.36774
355.66006,27.09185
3.81379,29.36283
4.72137,-68.257
6.45327,-62.32998
20.67564,52.02021
28.76821,39.9301
41.69988,0.42157
46.27444,50.32339
48.20863,7.25223
58.3685,34.53759
73.06681,35.2786
93.37483,47.78598
100.10178,52.00608
121.63858,61.07327
140.14961,18.12632
142.62041,16.3621
149.94518,11.48864
161.40205,-48.28874
169.06741,-48.73989
169.37926,3.03233
169.38881,-27.89574
193.51804,-13.58511
201.8445,12.35473
205.75958,-20.24955
216.30858,27.86522
218.46423,3.67944
225.20161,-29.02785
227.96411,23.15106
229.12715,-36.83537
230.48706,-46.49184
234.26154,20.12876
236.91312,-37.40028
239.42749,16.21811
265.87076,49.09797
266.74979,68.61092
281.23093,-42.62365
285.82455,-69.05174
298.32526,-21.52893
300.16235,-26.80387
307.04199,0.49136
308.69742,1.93765
316.48196,-10.62805
327.69904,2.81919
340.48425,51.1559
346.56155,31.88549
356.03259,37.67864
23.12961,-67.85008
30.33757,55.25203
37.99822,0.90997
41.91997,50.72143
46.71954,-12.10655
54.20957,21.127
56.43821,-7.25742
96.38223,-85.6985
97.07441,-51.22505
107.31611,49.82031
112.51492,-47.5709
124.23588,-70.63687
136.01543,3.58476
146.83534,14.72435
160.87062,80.89104
167.4003,-4.68019
168.12692,-5.97544
172.07997,77.63065
173.18867,25.04904
186.78215,-1.35421
187.28719,-29.53327
197.8671,-12.62061
198.7592,3.01678
205.65424,29.85457
208.53468,30.83457
228.34474,-34.71437
230.44318,68.8867
232.4191,30.48593
235.99544,19.21152
241.97969,59.87671
242.40408,53.04119
301.95032,59.45383
307.85538,60.26036
311.03189,22.43028
314.17978,-59.53102
324.46939,-74.19058
326.46429,9.47532
336.99457,-72.77946
352.12146,55.07031
356.96954,7.08248
5.14856,-49.21304
9.92981,9.00525
15.8821,-47.02415
24.3991,-42.54562
64.73995,-1.69203
66.64294,25.36745
73.48705,3.59346
87.26648,-47.16706
90.54052,-39.94987
113.92301,11.61203
114.30594,35.66802
116.57191,27.89498
151.43802,57.39329
151.48315,-21.86119
153.39223,38.84322
160.47057,21.25257
201.57339,0.22152
213.12155,-34.29496
220.05594,75.01288
231.8037,79.80366
240.72511,33.13464
246.31679,-9.75571
247.16487,41.11107
252.0683,24.14519
279.64175,17.03962
284.62036,-55.27147
290.79382,-50.69783
292.68137,42.0272
295.39438,50.1383
299.37427,-40.38378
331.87616,-43.59578
332.29047,41.25726
336.345,-83.8163
340.58432,-32.37444
353.03012,16.65707
354.66165,27.01134
355.7804,8.78274
356.00476,27.71555
29.96586,7.41182
58.89054,-78.37269
64.39606,1.54082
75.79224,-24.00067
88.48502,45.8875
116.5527,21.9959
129.34172,28.21508
129.80957,-23.62155
143.47119,30.40405
144.53081,28.05762
156.52983,-28.12952
158.39354,7.80656
182.35887,-47.31962
196.52303,28.59299
196.96338,35.83482
198.61101,-23.8361
204.99069,30.10769
221.06158,22.74762
223.80341,-19.66479
229.5351,5.31057
251.02521,62.08734
251.7861,53.93431
315.21689,2.7001
338.75677,-47.90923
347.49951,6.78972
349.41791,18.4103
359.09296,-35.06366
0.86273,56.35143
17.76691,-32.17066
27.29327,-10.06074
39.975,-11.02636
43.21612,13.25641
49.12756,15.46394
53.68475,-4.39997
63.90718,17.36146
75.32563,7.57216
79.18081,47.25061
88.77157,51.70579
94.9601,-65.45084
127.53236,9.64497
144.5519,68.8334
160.10527,-47.63207
169.42026,-4.46085
170.77528,-50.3386
176.83896,55.73011
186.41254,55.70805
195.38055,-27.74114
201.69371,-27.11891
203.16299,-10.48126
208.27664,5.1497
230.35962,-18.22534
238.93867,24.49388
254.04115,-0.62019
259.88675,-66.85817
293.39279,8.73776
294.60724,67.74055
294.70862,-58.22644
296.39774,-56.54545
312.55811,-18.78574
314.8898,-16.09323
325.33316,-29.91129
347.92523,15.11068
359.71463,-40.3456
3.61163,-19.68742
9.08049,25.80743
27.89023,33.21654
48.68649,3.18731
52.6329,-69.10273
54.55049,32.65337
63.70202,35.18103
64.57439,-66.75439
68.0722,-30.39936
68.15862,-33.41375
68.79929,-30.42937
69.71884,-22.11087
72.06297,-24.65691
74.98625,-45.82659
125.49439,73.99803
130.30455,32.41657
162.40118,-39.96106
165.30385,32.14709
186.49178,31.022
206.34337,8.27385
218.41487,35.312
235.09317,7.28322
257.08853,-81.12572
279.60437,-58.78217
344.19855,51.1821
351.37357,9.86887
4.22381,27.84813
8.82331,-2.6523
13.36187,-47.3808
14.42362,43.79255
26.51425,23.53237
28.4873,36.64122
29.75135,6.5228
48.10944,41.85883
52.83659,-26.10254
71.12389,69.67685
75.53712,-10.05499
79.59196,67.73164
80.58827,-22.34828
85.23881,44.08177
85.63705,-49.61678
94.5592,50.71428
129.24376,55.64572
133.43939,-58.37853
141.05553,24.67466
141.46007,49.32984
150.72206,16.44921
189.81311,-40.18631
205.78833,60.8693
223.35619,-4.69787
226.82225,10.60428
272.85205,-56.25439
277.12173,-36.70646
284.82974,-30.12966
298.32932,73.98085
315.32352,-64.96472
317.15253,-27.31338
320.02261,-19.83445
320.27878,26.26701
327.93204,-4.90713
346.24307,27.35806
9.59083,87.84162
13.02738,-22.68014
42.13085,9.65155
52.11848,-16.47585
71.19563,28.25223
88.90693,-23.04708
95.35418,-64.91895
123.06476,62.24641
127.83003,36.43795
128.18584,-53.49963
128.28426,0.16211
142.51772,8.78281
142.77699,48.05104
143.91553,-21.53392
161.71785,11.83899
164.82558,24.5429
169.83524,-42.07918
186.74323,53.68449
195.29427,-38.91566
196.62805,57.06384
201.73526,-31.97015
223.13046,55.40726
223.14104,3.14454
224.0723,24.74752
232.08377,-43.30524
239.21985,25.56858
262.11682,60.09437
267.81223,15.81979
313.04907,-53.04832
320.69116,3.51639
336.03333,-56.355
336.37054,-25.34066
356.65976,-28.7101
13.52346,-46.61664
42.89967,-25.70183
43.46366,41.72747
51.89432,8.99516
66.14013,13.70959
69.26292,-40.00917
73.88244,-57.57359
88.6861,-35.32298
93.80315,50.9214
94.3325,27.84175
113.69743,48.9948
118.19824,-40.9409
122.06852,5.21617
136.46742,-55.38205
143.89656,-16.46442
151.52917,-30.18735
159.27235,-42.85323
160.27428,-24.49599
164.53807,-69.65006
166.63049,48.65169
167.36359,-74.92003
174.85739,-36.61432
180.86826,51.71553
189.88992,15.50256
198.79393,-16.23865
206.42535,-50.46054
233.19467,23.18481
239.20572,-61.81736
256.41556,-14.84714
285.3801,-39.19082
304.36221,-70.82072
306.34885,-33.29903
315.57001,-17.51895
325.81335,-24.28862
329.93042,-70.20376
338.76111,-31.51607
342.49249,-64.4297
16.9835,2.54587
26.62416,13.95257
32.02725,-34.33261
70.53401,-15.31766
74.07679,-17.99774
75.75526,8.3552
82.05684,-29.20758
85.44064,-67.54449
88.45425,66.70573
96.18961,53.8936
105.4529,13.97224
111.27856,-63.53399
120.0045,26.66592
128.71703,44.63713
152.77805,-49.128
157.42271,68.84675
172.71078,52.20775
178.95737,25.13147
182.50922,-11.50019
186.02306,7.0413
196.53453,-5.37785
198.45959,-57.05854
202.35355,-32.68272
208.74341,-19.61873
211.2746,-0.06401
217.34763,45.07195
228.63087,58.84319
229.71913,4.86569
239.46536,-6.53589
240.01889,51.79684
247.17361,41.13697
250.99231,-11.57332
260.35117,24.89935
270.13058,-73.96483
313.24503,10.15231
319.8981,-55.18545
343.45047,20.21044
10.3141,47.93468
12.77571,29.53762
19.3951,-61.80515
20.22867,-12.60456
28.8517,-25.93073
40.26258,8.74695
46.40557,-5.96625
51.33938,33.71771
58.39085,46.23494
73.56918,1.66741
90.99091,8.65402
126.49171,-11.77901
144.50555,-20.85986
146.61795,-74.59565
155.54295,38.51785
161.88026,39.00323
162.27168,-42.8499
163.03679,20.94266
182.66496,-52.42699
185.56839,-17.99067
190.23737,71.77106
200.53352,-37.38578
216.57332,12.35299
233.0963,-6.76467
241.10616,-59.67213
249.93736,-63.08735
270.73514,-43.20554
274.39749,7.46572
283.41101,36.86008
313.63513,0.04207
335.98199,15.24653
349.69363,29.38075
351.20804,26.64604
11.56346,49.48247
16.79837,10.8369
22.35704,-12.19539
25.52511,-42.09642
32.71888,-49.69854
38.54876,32.97727
39.47656,-56.9644
41.34202,39.40912
44.10134,35.52027
57.54174,23.0571
61.04029,22.13171
68.48773,-13.46245
69.61809,-14.41037
75.86044,-34.40223
84.13187,81.7347
84.33031,9.89395
91.94064,-31.14448
115.87644,22.93055
126.98286,4.97827
135.25711,37.87545
143.02464,-5.47661
165.87405,16.37014
168.33908,2.54441
185.01253,55.81551
186.30461,32.23387
188.54297,15.96827
188.95988,-72.68117
190.47641,-57.10846
194.89986,15.04935
200.1203,31.35195
202.16754,12.71109
207.02077,7.39228
220.27669,-8.87521
243.21341,-5.35485
253.56924,-60.7919
268.83337,25.43056
276.02863,30.49216
276.45557,46.90252
286.89072,-43.18018
294.78302,39.27905
325.52686,-4.21499
346.55838,49.13563
350.27237,-69.21311
8.89388,-2.87651
37.24902,42.19809
44.61716,11.37102
45.45822,41.4697
49.96209,26.55469
51.50308,-13.93028
53.7896,-51.85466
54.04883,-2.60748
57.10534,38.63828
58.62088,-20.42723
89.42241,-51.97021
90.01416,-43.48874
102.09406,52.92433
103.64619,50.35249
110.37183,31.11744
181.99805,25.55147
188.52548,-31.21703
192.72008,-20.37139
194.45544,-17.27305
194.62064,-13.14091
199.5853,-16.92196
207.06157,15.43056
211.81046,72.90739
218.60332,2.79895
230.42938,-9.50134
243.83896,-61.90259
256.62631,14.13925
261.03641,53.46701
271.95477,35.88348
279.63586,32.96635
295.64435,50.28361
299.24796,50.14652
302.11398,-56.16183
306.03613,79.74716
325.45908,-52.77361
338.0303,0.037
343.16373,-40.33035
349.59183,10.23574
17.66041,16.8263
38.65076,29.96503
41.85727,48.93583
45.82959,-56.19428
54.81004,-16.71123
64.68985,-14.20128
88.78665,-41.23779
104.08223,62.98738
107.41222,-65.77747
107.65093,82.19041
107.90912,46.93578
129.23694,-5.8108
160.91205,-28.8666
189.7393,-43.23658
194.93497,27.91246
197.17822,-51.0695
198.69051,35.14848
206.54727,36.59678
206.86337,-32.81941
210.47169,33.54568
212.28967,-5.1988
227.0408,1.24937
228.5258,4.22219
246.4353,40.47567
255.22333,27.72473
255.25293,20.16821
257.67331,-24.19286
262.80579,14.71553
263.30234,70.77493
278.36963,39.34835
297.42511,3.3038
314.55139,30.07703
315.06268,-14.41929
331.12299,12.44263
340.10681,-71.24098
341.49582,-17.62566
342.91132,6.42445
355.32315,70.51037
356.78561,-0.61077
3.38621,-11.36872
15.87846,32.31569
34.26934,40.1333
47.13435,-2.42666
54.33473,19.67819
55.50432,-17.29215
57.53054,-41.35189
61.20917,-43.84935
67.60637,0.47107
68.42813,-13.33992
76.39467,3.029
82.27844,-35.19622
83.74949,1.08334
89.51366,-64.1685
90.32316,-39.00247
95.01154,65.75135
96.5164,77.87493
103.71468,-55.51791
107.66869,6.45371
114.75608,31.91472
145.33272,11.21912
149.36543,-13.85842
150.2585,-15.36324
167.88568,6.44067
203.83958,-23.41119
207.98784,-50.7879
215.47575,7.88252
240.21802,17.5458
243.73763,55.87358
285.74728,73.70926
292.83099,-6.02677
297.55325,-28.02682
304.18674,-18.13637
311.78583,11.08246
319.45624,-48.39065
321.25421,12.44104
322.15244,-74.02225
325.53073,-19.07763
327.98175,-15.70602
339.36649,35.52599
348.12177,13.9423
1.29684,-50.34809
2.36937,47.35583
13.6938,51.14536
15.54548,-28.41639
17.86743,-17.36564
19.51178,-1.57225
39.54315,-9.54392
41.2924,48.73829
63.24437,-43.8136
68.21235,1.71753
69.49384,-51.68236
71.35659,18.41805
81.60653,-39.53136
88.43103,63.73949
106.71365,-31.81229
113.18522,18.60496
120.534,7.67313
122.00224,-65.76825
122.21459,-53.71936
151.31587,70.32912
154.54251,-13.11826
162.20743,17.12505
168.81467,-27.66081
194.57599,29.12877
198.87538,-55.88793
202.08446,-11.78438
202.16132,-31.34698
202.18675,-28.03031
211.10745,-34.2532
212.17191,-27.17511
213.13014,-7.00615
214.4324,-85.7833
218.26558,-29.48093
237.71129,-27.55577
238.41925,-82.35612
241.40875,10.03542
241.78882,30.51823
247.34918,40.87496
258.87546,43.75245
266.6828,-11.6843
312.15353,-43.28341
323.36496,-26.88922
330.05829,-36.95304
342.40625,12.00613
355.45499,27.70258
0.13723,7.54946
28.34915,36.01216
28.57134,34.31614
34.50161,-4.2416
40.86065,16.66973
81.86343,22.15635
82.18496,-6.03511
90.65138,-27.76539
102.95273,-50.6932
104.97526,-46.95543
116.43604,-60.376
150.69469,51.50824
155.19366,53.96844
157.06551,-50.51721
158.67155,44.62534
158.80464,38.52504
179.96735,55.53485
184.05511,-30.12807
188.62819,-7.54649
191.73662,9.85705
194.68701,-28.16533
197.08711,73.57205
204.41985,-19.76569
207.92186,-30.50206
220.76035,23.48611
222.88953,-52.58413
227.64069,-43.55164
245.84534,41.65123
252.3315,-7.15864
287.51135,28.95467
292.56635,-20.647
315.73181,63.60685
318.19934,-44.62406
320.52255,40.00951
7.25406,-1.22829
7.37598,-4.69306
11.48919,25.21916
21.11932,-1.64126
39.72766,-14.30556
41.74327,41.77598
44.44758,6.02767
69.39162,-5.73542
74.49701,2.93507
74.94713,-18.58092
106.24566,-40.12683
110.79002,-60.49879
138.84474,27.28663
139.82925,33.88083
145.94221,36.17945
155.16025,-6.8893
157.44443,-49.58813
174.7289,3.58085
179.64397,-45.11856
185.07544,57.86886
186.85286,-14.47444
193.26759,-10.36584
194.50992,26.85955
194.85132,-24.97079
203.0594,-32.83297
214.35445,-35.27526
227.81444,-68.72989
252.66516,78.65173
253.6116,78.56146
255.86583,36.0722
258.4498,-7.60928
263.8035,-62.89161
265.38901,-83.00668
267.96991,49.5444
279.87668,13.26704
287.46677,-27.17776
288.45761,-14.87752
294.37329,6.35907
314.71716,57.64269
328.81949,-55.57229
330.18735,-14.8835
332.66644,-45.40094
339.1488,2.39669
20.37662,-61.35395
25.86337,56.61192
26.81767,-15.21149
31.41321,14.65223
33.27667,-50.50761
40.98697,6.65482
41.89808,-25.14663
45.7079,-61.37883
62.09884,-1.07605
63.17136,36.45842
71.26188,-27.77298
77.84393,-28.99214
78.53996,51.27925
88.63148,51.95745
94.35515,28.12111
101.50676,35.3327
105.74597,18.53816
113.65308,57.51643
149.75362,25.20221
169.63428,-14.43718
170.11037,59.85302
181.53796,-2.94812
194.34901,-39.31001
194.89037,60.48475
195.29689,-22.27309
199.01518,35.04357
212.95187,27.98321
213.48116,-8.47661
216.47406,4.64275
236.33463,17.33246
240.1362,-20.40207
241.58142,16.43143
246.49286,-8.32456
257.13876,31.80559
260.12079,-0.64174
283.44174,-54.70135
292.36108,77.36221
327.09637,-54.97118
330.7963,38.1311
330.84674,42.48072
349.48486,-42.22595
350.8439,13.31928
0.52273,-30.61901
1.11297,-78.49705
9.93672,33.15814
11.83378,-34.24805
18.36882,-16.24166
28.80823,35.45856
54.53631,-1.37682
54.72788,42.2834
57.13918,-54.33508
60.49947,20.24046
66.20897,33.35216
77.48355,-0.47982
87.15143,-33.25046
89.63799,55.35846
113.07021,31.88002
114.72009,-41.05195
116.78844,30.48878
122.77893,36.59872
124.20544,60.49302
126.0376,-3.77152
139.10518,7.09543
152.70717,54.21476
154.52106,60.34661
165.60243,-6.70202
167.5834,4.68831
174.97302,-3.51845
181.59387,27.96503
196.67097,69.95959
201.4635,-27.62687
203.1225,18.19513
211.31433,-52.86494
217.26323,84.50217
218.32298,3.90342
238.5479,30.15588
240.3333,8.83592
241.59711,2.21364
246.11864,48.59666
251.97464,52.54156
260.76334,14.93967
267.91684,14.19493
279.75702,13.40477
282.20642,18.5541
291.61145,44.66058
310.4028,-37.98429
320.50632,7.1453
330.871,26.57432
337.63824,1.02569
8.18768,-33.17081
9.63388,23.61332
17.80769,71.22343
23.8819,35.66875
30.08158,-1.36974
36.61794,1.32702
39.8957,40.77703
40.66042,-3.63659
48.6686,-28.93234
53.34444,40.35694
84.03689,1.83372
98.55891,-34.94021
101.50475,71.14139
106.22221,10.48396
106.49795,15.71572
118.49508,28.05027
119.83416,-4.76454
124.57839,59.12941
140.1539,33.07472
145.81956,38.87838
165.13545,2.11598
171.73199,22.60101
175.62259,18.33278
200.15051,-41.03437
204.00188,34.81798
207.06339,-42.17218
213.40521,-17.98351
216.32198,-14.92968
220.19447,-73.36848
224.76607,-9.41657
229.46542,5.10772
237.19307,-63.45211
237.89943,13.1881
237.9313,67.19479
239.36627,30.05982
251.98441,81.84264
276.67349,-33.70571
331.04037,-52.84365
332.57828,-12.17061
346.86783,15.36653
8.07575,39.95202
12.96416,-40.32416
18.40304,-10.5794
19.85062,12.44695
36.40205,-16.10959
41.9371,0.41425
44.63037,40.86084
46.45173,-9.54576
46.87406,47.51616
47.4664,13.29916
54.75043,-17.1804
54.85443,38.84658
62.6763,-6.67811
66.49548,-73.56696
66.797,72.6796
68.88713,-50.43316
76.93616,0.6655
84.65831,15.12476
87.04549,-40.64434
93.71361,28.45841
97.66702,51.8637
98.24004,52.4995
108.08223,26.07141
109.42055,-55.97649
126.8985,64.22801
142.09727,-30.13492
145.84557,22.82038
163.06081,-46.01527
163.48814,-41.56063
167.29269,-48.80437
184.9653,28.42258
198.48935,-33.91836
198.84303,-34.79419
199.47633,-13.60546
222.59744,10.3278
226.58218,7.33248
235.71468,23.77317
250.71846,51.56582
270.25287,-63.80514
271.91776,22.27337
282.95447,-17.67216
286.05145,-22.91348
290.06256,0.25578
301.7352,-56.42158
305.22391,-49.78024
315.40271,-22.10813
7.35415,30.55931
7.68263,-59.00719
13.64928,42.2761
17.68461,33.5584
20.66636,-26.26718
33.4763,31.862
43.80772,3.81179
60.25489,-61.22238
60.98785,41.78369
63.6097,6.52297
66.75515,4.20363
67.88059,-39.80331
88.0318,16.3694
90.7693,33.07663
93.38285,-10.37988
94.39941,48.60303
124.59104,11.62643
140.84299,22.4364
144.60089,17.04442
148.13754,-21.88819
158.67357,-9.9622
177.98846,46.81704
178.90079,18.02909
181.21136,19.24777
185.13904,9.85334
198.04677,35.66968
206.62648,23.09722
220.65898,3.97843
222.66415,42.74092
227.41182,42.7134
241.00392,25.95544
243.96945,36.99745
253.67534,66.49475
255.98392,1.39765
259.51987,21.07657
279.34213,59.64299
301.7381,-20.60179
301.93246,-53.55528
317.24277,-29.78282
343.82581,-12.73201
349.80991,26.05554
25.86918,30.60123
45.67254,-11.86663
47.88133,-4.53455
62.26091,-59.10914
62.74909,-62.7173
73.28757,10.49781
75.90848,-24.00338
76.65426,64.08239
83.66512,14.90466
87.63677,-66.7657
95.96807,-11.62459
105.6349,-24.53564
108.80305,-36.49636
149.71513,19.21502
156.10155,28.02877
164.55235,9.21785
174.06953,-25.31488
176.32632,33.33583
178.07571,-15.01133
184.66736,48.8794
211.5135,-31.46303
224.021,-36.75797
229.30066,-3.19422
236.9752,25.72941
249.31563,78.13316
252.94206,-26.4191
266.78406,20.86051
267.50558,60.09228
270.2038,23.04642
289.45178,-76.74792
333.58438,-49.05459
348.48584,9.46418
356.10754,-31.68022
5.55638,22.48305
5.81853,2.42138
16.4833,32.41213
22.77068,31.11608
22.86242,69.85574
23.8848,26.57435
24.10654,-42.59385
27.75817,48.52459
45.70543,44.61982
47.16663,-66.88428
57.54176,34.49741
62.17899,1.84324
63.21432,-74.24892
77.78709,7.5899
113.94054,51.71306
134.15388,51.92041
173.2843,-45.87411
186.43958,-34.97136
209.41597,25.77369
210.13715,-41.12767
243.76324,-82.78515
249.8606,7.28457
267.86624,21.80949
271.20126,47.75686
282.58307,-24.21576
300.52792,78.33698
312.06131,-53.26389
314.76807,-60.8763
358.96652,0.55797
3.26514,-5.72531
35.60525,17.66924
40.48034,-20.96396
46.20734,41.43624
50.47995,-13.65016
64.91248,-39.17375
67.20336,-49.4916
72.1732,-49.31664
75.88838,6.65736
92.87395,-70.22451
97.96239,25.01168
102.91537,34.81691
111.24461,40.10999
124.85474,55.09721
135.88902,3.37584
139.51019,20.29837
160.10268,6.8605
162.05098,-9.94186
162.62155,26.34294
164.50049,-3.09499
165.35338,10.22951
166.03178,-38.53781
180.14464,-54.2389
184.23248,63.40992
194.71193,9.65395
197.09369,21.78686
198.30602,33.98443
202.44978,-31.31331
206.53751,21.8943
210.63713,9.0797
228.19783,7.43434
239.69513,-32.00549
241.46837,18.22053
244.04602,-6.51182
247.01138,-6.61981
247.88216,39.89758
255.93768,-63.81626
264.09549,-1.75689
287.43417,-64.517
295.59158,40.2227
301.88861,50.68822
302.03986,-41.31303
323.37363,-29.50648
330.68811,-13.08157
351.97958,-1.76251
13.24666,57.11458
27.02944,36.45318
33.17649,13.96938
60.52608,14.19044
67.68793,-12.62731
71.47411,-17.27892
75.47438,-7.75902
77.5604,-0.71982
85.64442,-55.43856
112.58166,-84.10675
119.06981,26.88611
120.48976,33.16444
128.59644,-18.33033
129.48416,-2.46322
160.50139,77.13644
180.32835,53.47407
181.24475,6.30289
188.26727,-33.58144
206.92982,-33.19711
210.05475,3.42441
213.08281,-36.96934
214.07529,-7.6822
216.97803,16.20719
234.45154,-47.42181
235.56433,39.98381
241.01147,17.28235
245.32385,51.55702
248.14076,26.38065
250.06006,23.7653
254.82201,-2.07452
269.4234,45.13848
279.2478,-64.30161
304.6286,62.20372
311.64923,-50.11978
325.14755,-49.80496
330.34918,-33.91249
345.27475,18.8799
349.6145,43.00139
354.50049,26.45946
1.55929,8.88768
2.65467,11.49919
9.31383,-2.13397
9.94273,35.85223
10.77433,-77.67217
27.27404,34.98312
47.06072,27.56044
47.71825,-9.21335
55.38583,-34.88834
55.7304,-72.93263
68.80305,-59.46238
83.36436,51.75049
86.14136,-47.77081
117.735,9.5608
120.77402,-16.45641
135.15579,51.20747
136.98866,-13.28685
142.84262,67.78183
144.27979,-22.17174
161.12228,79.12849
168.58099,31.43959
170.16946,33.10909
177.91623,36.58853
177.95921,61.57073
194.17836,-41.33475
196.42122,-42.36161
207.06076,-15.09228
224.84892,61.04706
233.194,-30.44477
245.96371,40.13086
253.67157,79.53959
255.65775,43.27115
263.72205,-6.22736
269.33441,-60.3435
270.71161,14.10211
286.39316,-13.14125
301.73129,16.46122
304.25952,-83.60654
326.89725,-6.45506
327.45282,-37.78584
334.88824,-39.75243
335.86099,18.74099
341.88425,41.22694
342.4324,50.78999
349.16064,15.89757
356.07599,-4.38036
11.77854,-2.73124
44.32875,-10.98788
57.73846,-8.43941
62.70259,-6.67818
65.8009,36.39377
72.00706,-46.13846
72.13537,22.04909
76.01141,-36.03168
107.66115,50.17726
158.3504,-47.60978
161.93263,30.62644
165.56131,-52.96591
165.91016,45.17993
167.67796,10.09408
176.14375,25.42135
189.12463,32.07976
193.47211,-15.10822
195.29585,39.74446
215.51439,-18.16342
217.76743,-0.91899
220.49472,3.38995
235.24991,32.66664
242.08589,57.82415
272.97104,36.44254
275.4744,18.15239
278.40717,59.88968
295.319,1.87295
310.08109,-22.56757
318.52756,2.46191
326.79263,38.47227
335.3345,-10.51772
355.09668,6.24959
357.88687,8.73776
13.13139,46.33847
13.87054,-10.93849
23.66109,-37.35366
27.78216,-2.75769
36.51114,25.10888
44.38583,15.98481
44.47303,-2.34708
44.76825,32.63052
51.56417,38.065
64.42253,-12.45846
67.98324,34.95246
76.83257,-20.0411
87.24811,-61.63213
88.35592,-14.07116
101.60419,25.18552
104.23658,47.74614
104.9836,34.00285
135.29337,53.22014
139.28268,17.40993
143.72705,-79.45392
146.3134,34.71227
155.41768,-3.45388
156.31036,-26.61314
156.50201,19.32818
164.72263,-9.56635
175.08092,3.00077
176.37733,-43.88574
181.10019,-55.78958
218.89905,3.68934
222.41977,35.69031
225.6254,-51.20647
234.96951,-44.59422
245.14461,-63.78896
251.70703,-13.53856
266.64105,29.02836
267.66141,5.42876
270.41956,44.56681
299.88751,-38.85395
303.9212,-61.87509
307.96771,-30.79861
313.83017,0.54051
315.21054,-41.35162
321.70847,38.20134
330.09082,-38.73525
331.10593,-19.59633
331.21191,-58.11237
340.82666,33.99917
347.54547,29.9154
348.7637,13.15762
10.15779,-0.33059
19.60247,-8.87823
36.81287,-26.64322
44.96785,6.53291
49.26859,15.48452
50.86237,41.40648
78.68896,-14.44865
89.23862,-15.19023
90.54238,83.72603
115.26714,54.43053
136.96016,33.46816
145.02762,-25.05747
151.37056,-5.10273
151.98851,77.00419
157.93968,-48.35888
163.10432,59.68555
170.74541,-7.87071
175.68233,8.97422
182.37698,48.90036
186.1342,-44.79319
187.60493,-50.13332
194.61685,78.25455
195.57249,-32.3777
196.19598,3.905
197.01051,53.93576
200.84235,-44.26472
206.35547,3.80664
214.0145,-31.75265
214.71689,-34.36306
229.60837,72.92545
230.38896,-7.44768
238.94646,11.62558
240.95158,-1.83014
244.59843,35.17434
263.83694,68.09886
301.30743,-12.79191
302.31104,-46.35072
350.90552,20.60886
353.5538,7.34677
29.53657,-47.73416
43.92792,6.34842
68.96141,73.13965
69.90538,-37.08525
86.80112,42.43749
95.69019,-65.16494
103.02454,47.07019
109.76075,41.15458
119.16596,44.10103
121.07621,40.19577
121.67933,-14.13186
131.1279,2.29497
137.5267,51.9119
176.06825,-5.96241
185.37489,-57.37165
200.48228,-34.61036
205.98465,7.76044
215.19856,-19.79594
216.74329,-33.75286
223.39607,0.01043
224.9122,-37.90583
226.83965,9.92799
247.28026,40.59101
265.61481,39.31814
266.06128,7.40728
266.62772,-11.13501
282.68588,84.58278
295.17047,-18.99365
301.83304,-69.54192
314.94446,15.91318
317.44699,20.31337
336.85388,-1.65538
358.73575,30.21144
12.18042,-23.56168
12.32753,-49.47784
24.55783,36.60938
51.95539,7.28964
71.04148,59.77492
71.45612,-21.66022
101.69135,-35.08376
105.60562,-37.95214
107.5845,-22.5135
116.49483,41.11938
118.73908,-2.37003
129.99821,-6.56187
139.17136,29.33951
151.34087,19.28622
171.92735,-5.10886
178.63483,-31.56833
188.94484,-28.7738
195.71536,38.2929
202.77293,34.68554
208.13304,37.81747
209.43575,-49.66702
217.98915,6.25045
220.53929,-16.56575
220.92419,-42.34254
242.58534,41.85486
244.10448,27.24619
245.26761,21.34058
246.30981,-61.69357
247.00931,13.82119
251.09515,77.83889
251.59085,-31.12045
251.6732,36.09044
277.01672,65.74754
307.62805,1.86641
326.86343,13.21945
328.2894,22.45947
329.07312,-29.27357
330.87085,-20.31798
16.19929,26.63333
25.17435,20.83989
29.51831,34.29995
32.54789,-9.0599
39.31877,7.33582
50.46923,28.22325
56.23423,-9.85585
60.15477,-84.36672
64.07283,13.98065
71.87295,-1.21334
108.48555,-28.66911
130.86046,-11.05445
150.3672,14.00916
153.88611,-20.5837
155.9563,-20.9581
167.16779,0.26738
174.49248,20.77861
177.43144,-32.62397
179.11728,39.74186
204.19421,43.84144
205.64189,31.53083
222.56833,-27.48813
226.22864,5.90912
231.2085,-21.35983
233.06541,9.46547
234.01164,43.50344
258.04724,40.46897
263.71164,13.18201
298.5614,10.04864
319.46448,-22.8389
332.67575,-85.31998
341.14267,-22.98782
353.60678,5.02589
359.82068,51.92987
5.95827,-3.06506
6.95132,-11.56296
15.60026,52.24289
20.64751,-0.57009
26.37341,24.84061
33.85876,31.88461
34.25617,-50.66153
42.01311,47.54387
55.53075,4.23319
73.12243,0.5419
74.37334,-0.86151
86.39229,-31.91778
87.11846,-47.7588
91.0963,79.84802
98.3828,50.48626
99.0423,23.82728
105.59428,-49.72462
111.70631,-49.40125
120.27074,4.32564
128.7623,-5.17455
131.21097,43.04673
131.24808,48.48341
133.50366,-7.21646
140.01044,33.71044
152.53688,16.36387
154.87846,-39.47792
156.36032,-15.34923
159.31226,-11.35487
167.45209,-8.50418
169.6512,24.86766
180.12408,11.99234
190.89105,-20.74408
192.83914,-12.37466
226.73549,-42.62997
234.82948,-44.43995
235.72894,-37.3481
240.99989,-62.6536
245.99495,22.39335
274.5249,39.82525
277.3035,-53.83177
300.45615,-53.91774
305.54108,19.72261
315.27988,16.6948
320.5946,3.10493
320.79602,-21.08263
324.25992,0.42825
327.4581,39.18276
337.77991,-38.02652
344.42267,-33.24066
345.24683,6.47415
357.55637,6.18249
6.81098,-7.78694
11.66124,36.33135
16.63355,-2.45887
18.03598,-0.41027
18.77874,-13.86294
23.88048,11.95343
36.68792,22.75126
39.72226,10.29452
41.16368,-16.07363
42.02991,29.46846
44.11308,0.87575
46.27796,-5.66257
47.06833,-22.98399
72.30257,-54.39865
73.58581,-27.53506
80.46169,52.83801
108.90105,26.16196
155.14642,-2.46834
167.75925,25.90681
197.12527,84.63046
214.78465,7.91383
219.71983,78.16764
223.63184,24.02732
252.67815,4.60504
254.50563,-66.43433
262.41702,40.27037
275.1232,-67.1718
280.07257,-32.75857
308.67642,7.98942
312.98715,-22.45707
315.60461,-43.49094
321.35538,-55.69939
321.37518,20.46068
328.1221,12.4114
342.76828,-18.62496
343.50955,-15.27566
31.00004,-9.10598
32.88496,-3.02253
38.60118,-4.4907
42.02989,-68.92088
48.65722,16.41342
54.97215,-2.11311
58.9999,46.26212
59.01328,17.87452
81.53479,-2.94016
82.96542,-23.14445
83.5247,-30.48135
85.86974,51.52529
90.80479,11.4524
93.17142,48.59566
97.7293,-74.59801
131.33574,44.50895
167.95392,-7.52631
174.89348,-21.99851
186.90843,40.16048
194.04216,-8.15134
198.83519,13.09113
199.29491,-16.22954
218.35167,-31.82506
226.85547,8.49571
234.68077,-40.1002
237.08894,-42.61936
301.802,-17.8801
308.35703,16.07567
308.48355,6.9998
311.31277,-5.6227
317.19037,5.37259
324.10266,-66.47546
336.75153,35.43285
337.16898,50.89863
353.18301,-1.78339
355.59634,27.33186
4.34882,18.08417
4.64313,30.03627
7.2175,27.37577
11.87885,-5.07958
18.15127,-41.71144
42.36887,14.79743
47.52003,9.34314
49.46272,-55.85847
50.94304,0.03053
73.33772,24.66788
73.65896,69.71493
76.69913,-28.1504
78.49389,6.16815
90.22264,-60.58505
93.5841,66.30413
97.52,-55.29764
98.38038,-13.1879
102.44416,35.27419
103.08611,31.34257
110.48856,13.91864
126.37096,47.13335
136.38496,18.26235
138.75021,22.58486
152.90739,-14.6959
166.10707,-4.25365
175.76222,26.27672
188.86349,12.75038
192.50885,-74.8088
192.73244,3.19696
194.54501,71.42014
208.18704,25.03996
220.21957,3.41827
242.92674,-59.99883
243.8237,62.70784
254.58813,-17.49385
265.38425,-54.81186
268.63086,-63.78016
275.76721,29.90139
303.16068,-45.75917
314.56241,8.35835
322.6409,42.04647
333.75778,-55.97486
351.52921,-31.85055
353.92865,-44.35204
354.33371,26.87795
356.27585,29.06391
20.17936,-14.7321
29.64181,-56.2397
40.81058,16.60938
53.23783,33.46247
55.60683,-41.10256
66.38953,-9.05029
71.60976,-2.67955
75.36333,12.09256
82.32497,55.78199
89.61069,9.88919
103.91827,-26.30702
110.01844,85.58721
162.26166,19.50013
166.10735,40.84143
166.68088,-4.74343
172.63342,-8.04218
189.35878,-5.40945
191.18353,-35.87245
214.70035,-19.1389
219.21112,29.7571
221.36586,30.42894
225.72765,-80.56193
240.05873,-6.9182
251.7049,22.90508
262.1713,-66.68131
290.48468,-1.07866
315.26181,-29.33473
319.8714,33.54914
321.79315,-23.01816
324.09503,12.23519
344.86121,12.71507
346.1785,-9.56262
349.3634,-10.03071
359.40689,18.19092
15.80359,-20.99568
18.799,2.28983
31.21149,11.4228
31.22475,-57.48386
32.03272,46.49995
32.0649,1.19549
32.39563,-47.56594
43.57202,-84.39321
47.83051,-8.90241
50.48822,-13.51396
51.57468,4.54105
54.92587,-14.56875
61.09718,-35.64216
62.49712,28.01192
71.76654,28.00775
72.91366,-5.64412
74.08642,-4.43697
78.01807,78.89737
85.34021,-18.78743
88.65984,-68.41926
94.54725,-48.93443
102.09185,64.78733
103.31461,-64.81487
109.55222,59.68399
114.35724,50.77163
121.25308,60.99447
122.12049,11.17856
128.34604,29.53859
146.50455,-29.57646
164.98087,-22.35111
165.56874,44.27165
170.65492,-69.44238
190.08192,15.93527
203.41968,-1.89829
208.89047,14.76465
213.9415,10.43881
220.12073,-35.31197
226.70084,-39.53925
231.62646,82.68375
245.61913,-8.16798
251.65413,6.5556
264.96219,59.27906
286.53647,-48.84087
290.08496,-25.45729
296.07721,37.50432
310.78461,-50.98485
313.52628,-28.68223
327.55197,-13.3868
341.92908,-51.83698
346.73492,5.96153
348.55975,31.50195
353.46402,71.85018
354.84033,20.70003
356.94223,-37.49027
12.22426,9.71691
18.60944,42.55629
28.14788,-16.51779
36.57354,-16.01924
38.30967,25.50611
43.68864,-51.50524
119.53493,-50.92874
137.3773,45.9523
144.18968,31.07549
159.38254,43.65372
160.18234,39.79633
160.29172,6.29033
165.25226,57.7841
175.98959,19.95375
181.68834,48.74772
184.36937,46.8275
185.8493,15.17189
189.55545,28.93693
190.53793,12.59683
207.6945,2.30701
208.20164,-28.49949
210.61264,25.76928
241.59251,36.79288
246.47455,-11.69368
256.85605,31.12646
261.12839,56.90971
270.92496,67.05202
279.71243,19.37233
281.86224,42.99263
314.65656,-57.94333
317.44498,-43.57712
322.35843,-11.48814
344.51605,50.81493
20.78113,-32.68296
29.73277,37.74634
30.81047,55.03676
34.39914,-0.49366
35.74788,-36.87896
35.93183,-43.97251
61.40389,11.30197
69.1497,-2.30381
75.79794,-20.31673
89.22366,-22.00974
89.27621,76.50901
102.35114,18.01376
124.67521,39.14234
126.26998,-1.21665
138.74068,53.38646
217.27534,-41.36037
236.54453,21.06635
238.3922,-83.04963
239.59122,2.9625
240.17439,69.72115
244.55609,12.71604
252.44685,61.76072
262.34232,40.25209
289.03732,-32.61745
304.92365,-39.2886
305.02985,-19.70757
307.88797,-7.08378
310.96982,-1.87731
340.45312,37.7192
356.81949,-15.30641
1.038,-11.9839
11.68241,53.23499
13.27314,-3.6293
14.80637,-2.37821
14.90555,-10.33249
38.98409,46.36459
44.09943,45.96876
57.47235,46.2179
63.83593,-7.06421
73.61758,-66.42435
99.73769,-36.68605
105.75339,39.32674
117.23949,17.57712
133.2428,19.35991
140.01199,5.73568
145.53085,48.1549
147.86736,10.91998
148.31319,11.24773
157.58434,21.221
167.65608,28.73269
168.07928,-14.51345
172.76427,-9.61901
180.18086,-20.83394
194.25664,29.06254
209.41528,36.33555
217.476,-29.61928
226.03029,28.5195
236.07443,34.69628
239.01286,-8.32417
239.06468,-8.75144
244.57129,-61.19502
246.55936,81.42879
260.99313,-80.06407
262.92834,2.05076
291.97708,-28.40888
311.84818,13.08591
313.03275,3.46934
318.93445,-22.98989
338.01022,12.34807
340.79596,3.46803
23.08556,-51.5191
39.68813,-30.8065
44.64338,6.34417
45.66004,-60.53883
56.41837,40.75765
65.73567,-18.91174
71.20593,-49.61155
87.54824,-3.75346
118.16993,18.37448
120.73383,-17.6451
130.10623,-74.64117
150.47876,53.2601
170.41727,-4.5556
177.60049,54.66757
178.47491,13.27808
181.8734,-25.8721
183.53049,13.5873
186.48465,30.84356
201.65651,11.86956
210.26656,29.52556
213.41692,43.86664
229.97307,8.09918
246.30449,-62.05498
255.28688,6.85758
260.12637,52.643
269.00433,16.1943
315.09167,-29.41032
331.95493,39.70326
331.96274,-8.29776
332.26212,-75.04885
337.52863,10.01186
352.62326,-34.83985
3.63271,10.77464
12.04745,69.45285
39.2588,20.42743
39.90218,42.01537
47.39798,2.29172
66.93233,-33.62219
83.73317,13.29303
86.42213,-25.53624
100.19892,53.50438
112.03571,-36.69991
138.77783,74.1255
144.98993,-31.08583
146.14565,-31.98502
176.36104,9.16073
177.26817,27.33426
177.88782,5.10154
180.24323,-35.19407
188.17029,-68.14994
195.34309,7.31858
202.36728,-30.13494
205.3588,-73.97923
209.5275,-4.08596
212.43941,78.60109
216.57382,26.24611
242.04507,16.77285
254.84436,20.82979
272.79068,49.86467
276.112,-58.75251
299.35858,-18.13251
306.62473,11.82616
314.23044,-38.44091
315.49316,-13.17294
316.4006,-52.37807
339.64487,35.42754
355.22644,-28.33813
357.0065,28.23558
0.12939,-50.1542
7.05345,23.45538
8.72647,5.64282
26.26239,-21.28758
46.78474,-72.42503
71.47422,-0.91984
79.41266,7.01333
80.74322,-27.90771
96.04459,24.38344
103.41617,16.61207
108.03788,-67.15028
110.56245,35.56887
133.14722,-78.52038
144.1711,10.23785
150.38004,-19.53955
152.66185,-2.04449
162.886,-15.10918
178.4364,-5.42673
191.25943,-20.11093
197.6181,-7.65042
201.73662,44.82111
201.89613,-31.26154
202.4404,33.35261
208.81557,19.56359
209.08664,-22.63849
210.63843,-5.69491
210.83711,-41.37771
218.47058,28.40215
225.68779,-28.32783
226.68294,3.77683
258.81445,48.45898
280.71188,39.54906
289.37601,-2.28445
295.81064,40.14709
301.68964,-1.74163
326.41153,-69.92689
351.99783,-61.91357
5.74695,-2.45055
16.35457,-23.02056
34.16654,-76.04755
35.46399,8.70605
44.34803,16.0952
48.89962,37.9128
65.13731,-2.03055
75.64374,0.24481
78.22259,-23.44577
78.94906,6.32291
85.73438,-29.73055
102.33323,-26.44123
108.36246,27.51383
109.30389,-36.25629
117.44324,-52.90434
119.38077,52.68286
119.90749,13.43348
125.14391,-3.26004
133.92497,4.99477
136.38361,-73.52824
139.09222,10.23177
145.12471,11.49487
147.02498,-14.26593
153.30214,-5.629
163.96706,-14.9621
198.58398,-37.19607
200.9368,-78.68404
202.4184,-28.26608
207.06628,-30.57522
207.7547,-19.93585
212.30038,56.39897
217.48817,41.50731
219.17764,39.94365
228.61324,-31.4858
231.82372,-65.64847
251.18843,-20.94917
253.73448,-8.16078
260.66254,-59.50727
274.43954,25.4025
301.3566,-6.76651
308.36008,-59.59334
309.24609,-25.30221
318.70932,-7.46201
321.38699,-42.6957
338.20981,-31.20919
340.91714,6.12194
349.35699,-1.58617
4.48891,-33.8979
7.48914,-5.29382
21.94443,43.15435
39.25108,25.62534
49.85866,-6.12116
50.02902,-52.18554
54.68948,-42.90003
54.93584,15.80106
65.2326,-9.70072
73.70099,-38.76706
102.62732,28.55956
117.89852,42.8802
121.69931,-53.68353
129.44183,-18.85662
139.3793,41.99408
141.6655,-65.13261
144.04301,-62.39996
152.06686,4.91531
154.08852,-20.18945
163.3022,-7.42867
180.53854,-86.59019
187.24953,7.85107
187.68649,57.30027
189.86417,-6.55225
190.82814,3.55027
198.40286,78.24172
204.05077,4.74012
237.03088,-31.71418
241.56184,18.18288
243.59692,62.82194
261.41574,21.95524
267.96313,-77.92722
282.60886,73.34541
312.86679,-36.79528
328.10852,-8.17352
331.39792,-5.53606
338.57245,23.60523
348.78458,46.57428
356.31647,-25.83552
358.02496,-20.69706
18.96783,-1.36852
28.42554,-65.7051
32.16941,-34.3708
40.52482,44.53256
47.33987,42.83103
55.48881,-11.10382
73.19238,4.39225
81.41953,19.73772
91.27353,34.43226
91.79494,-38.95966
109.04379,18.95841
113.70234,18.61123
115.83564,-41.0322
120.56588,18.40228
123.28807,54.63739
123.80193,41.21463
129.77013,-2.2802
130.78835,-1.73922
140.27736,24.30784
143.24454,27.50001
160.39066,6.2578
163.50996,46.02796
165.86469,-46.96302
178.72646,-52.20187
192.17444,55.06236
197.88716,-6.70785
205.73447,-5.06396
221.65431,56.23305
240.6877,25.25222
252.31093,-16.87868
258.00937,-1.37856
290.36728,43.58901
315.25729,-13.8791
317.49295,-25.12903
329.25714,-7.83958
329.43716,46.17873
335.99783,8.90292
359.23315,-31.41373
13.69357,-51.51031
30.74544,45.02376
32.7824,49.19183
36.56041,37.29199
39.36049,-13.49874
40.48786,1.23584
43.19503,-14.52932
52.26039,-26.44531
55.12911,-2.5512
55.22596,15.63395
56.53437,-6.25902
57.86927,-23.23717
83.0346,-62.97668
84.86736,-62.34597
85.81229,-25.90311
92.63141,-47.09563
96.18549,-23.1343
104.54778,57.99472
112.07085,40.08407
118.64893,44.15183
139.72014,41.11027
149.17154,-13.69122
153.571,-42.68156
165.53029,1.76335
172.34486,55.31842
175.18562,22.44663
176.91396,19.93946
177.62094,-35.50826
192.79167,-25.54779
193.27713,36.8196
194.48204,-53.31878
195.07518,80.06868
202.94678,-36.04597
217.28635,-51.19919
224.01828,45.40533
234.48911,72.55427
247.10423,41.16853
253.32161,81.64763
273.64816,-61.36544
318.69562,-27.48731
328.56705,-16.67299
4.55935,53.96499
15.19059,-62.53974
17.62049,16.1905
22.86964,-15.5916
31.4876,0.77334
33.50573,-59.88799
42.79487,45.15522
46.50952,-9.57693
46.80497,-31.40074
48.85731,-31.52021
50.35811,18.10266
56.36373,-11.27554
58.73429,45.73361
62.30537,71.72509
70.19658,-37.35596
74.08866,11.0354
91.68732,-67.11726
97.72041,-16.3339
98.65516,25.95776
100.84757,-58.35334
101.3474,-79.48402
115.68851,66.25835
124.21651,-0.74517
126.15458,61.31536
129.58977,28.14855
149.28441,48.97461
167.57773,-69.24206
169.18433,54.70244
177.62915,60.12859
179.01085,-15.80059
182.14438,-7.62406
184.91074,28.49537
189.07611,-11.54924
195.54491,3.10663
195.79062,28.5835
198.77562,-25.94899
200.47958,-26.98103
209.34146,-27.1728
209.3716,-72.68052
226.47853,12.74429
240.86671,20.29227
248.51091,-30.54994
256.62473,-81.9806
274.18161,-49.79847
307.78833,-38.11697
309.29001,60.37656
326.78052,38.5588
328.58551,-69.30202
337.0528,0.54326
352.16205,9.57728
16.77855,-37.48
39.0658,14.08233
42.97729,0.66485
46.679,-73.80824
67.59454,-12.05687
71.30706,-15.88759
104.37808,-33.45876
117.13148,65.3366
124.36044,64.5461
155.17816,-4.5603
161.76083,26.54295
183.6378,-22.60726
190.2435,-36.73189
193.30647,-11.03566
194.17949,-34.70434
200.55055,-19.09377
203.87669,-24.35049
211.98221,-26.7672
215.59798,61.69749
221.02966,18.01257
236.89261,-30.84496
239.10794,9.05524
259.4722,-12.84001
268.66745,56.52616
273.99271,13.78534
275.8558,64.14277
295.37921,-36.34053
311.61819,22.67371
314.45212,-33.78568
348.3959,-85.95962
348.54468,28.62688
352.80902,-35.7798
6.47859,-3.42085
9.03878,-7.69844
21.64008,8.19029
34.71355,33.72437
41.5049,28.02804
42.14902,14.26525
42.20263,12.02069
45.19557,20.80142
46.26649,21.50862
48.86383,5.533
66.13116,9.56459
72.46905,-3.40682
109.90782,55.43514
114.52811,-52.34248
147.60872,1.58256
147.67711,30.49288
154.6723,57.282
171.3622,-45.08402
172.66412,79.55853
181.23203,-3.1995
187.81439,-33.77355
190.62431,-25.20747
208.93788,25.20307
216.62215,-29.70465
241.57652,2.17053
251.50829,21.97482
259.33377,40.87139
275.42078,15.82553
288.40521,-57.88801
289.71277,73.76193
295.96268,-29.55268
321.48175,-22.76008
324.09625,-62.40017
349.10364,24.49703
355.27655,25.16906
356.15753,-23.80988
357.32565,55.67284
358.48337,28.44521
359.86972,1.58333
7.07829,45.62191
29.27087,41.34176
35.82972,53.39299
37.30925,25.2354
48.14968,-49.63093
49.48363,1.04536
53.87627,38.28316
69.56003,8.66864
70.47638,-7.30639
75.62583,69.89393
76.04183,-25.13351
109.06464,-0.49786
109.68785,4.20962
118.69044,55.54665
140.28452,-39.03091
173.05435,-5.59392
180.33461,-42.67002
194.37505,28.18715
196.49843,29.27881
212.17186,-55.23511
222.04716,-37.82578
233.76993,-17.91239
260.22833,57.09791
268.93466,65.10126
300.3006,-61.61239
315.2897,7.29887
328.12396,34.17252
333.66013,32.95488
335.37,-22.26263
337.89249,-36.04891
347.41367,-72.02599
347.83575,-11.99483
350.12482,25.07158
354.00623,23.03847
356.44757,27.33921
8.56132,-2.08459
11.92225,-21.49096
24.16904,-13.88945
29.38592,-7.43229
38.16866,18.46593
44.4124,-10.47672
52.53971,-5.52174
66.58025,-49.23295
75.6135,-9.47176
81.08311,-20.92472
96.45339,-53.99345
98.41572,40.6878
123.5165,-20.49709
128.79317,37.26598
129.59613,28.64883
132.64423,19.36931
137.44919,37.70785
146.20671,-12.4965
156.32782,70.1728
167.03902,13.04375
176.28882,-71.84079
176.98795,-11.85232
183.3308,-42.04993
200.84483,-45.99841
202.41354,29.77011
208.53673,30.88589
210.07674,5.04505
213.1021,-29.07738
221.00053,23.6311
226.8414,-43.39176
231.59351,8.9874
242.18872,16.75934
258.23917,-23.97212
261.8176,-59.94914
265.01306,-11.33524
265.46146,-10.07192
276.12988,-61.5925
279.2435,-67.27415
292.5416,-22.65569
299.67221,-52.3565
313.00922,-38.09992
334.38959,-3.55453
344.5878,-40.28655
352.63742,-28.81445
6.64609,-54.71111
30.47046,23.55151
42.83579,-66.26801
54.84766,32.73999
56.21897,12.57565
62.34142,1.08476
86.27825,62.80779
92.8765,-64.68056
121.62575,26.89892
128.59787,32.43483
150.1331,4.40711
164.59648,6.71491
164.63896,46.26801
170.63379,-0.84109
176.04611,37.18649
193.71837,-29.2714
194.84381,-4.1961
195.88208,-32.7813
197.30359,-44.8549
198.20569,-33.68301
202.59627,-28.27059
211.12672,-32.93759
225.43846,0.00856
241.43427,17.36217
246.40633,35.97762
249.49605,20.12479
259.47867,-19.84339
265.90381,33.08194
281.09296,-76.01382
293.83484,45.2275
294.60309,-53.1503
298.4859,2.06804
301.06284,0.417
314.07175,24.70419
337.71103,-14.18824
340.4256,-32.76458
343.19122,38.49842
358.1918,47.48009
2.11731,10.20552
17.92674,-30.02826
20.41121,-7.35611
21.38492,-38.28374
35.64677,25.1374
40.44887,8.38473
47.6318,4.27172
50.75576,-42.60326
71.78745,-16.34533
72.08788,-59.41727
76.41612,-23.74696
79.66045,82.42993
81.91915,-37.24996
85.77551,-20.52133
92.43138,-47.54927
114.65215,37.63343
117.45121,-3.6624
127.99394,56.34782
131.88397,53.90528
144.71494,-40.66578
146.84055,54.4739
171.38895,22.81898
176.46588,-33.54841
182.12924,69.54483
195.67001,28.37129
198.98952,-3.65413
200.98955,-4.39524
213.60234,-19.52976
213.7989,15.74217
223.31209,56.16228
223.97183,-39.2028
224.44357,59.34239
239.0106,21.3837
250.33606,13.43254
256.24277,9.93091
256.31668,-20.76044
261.27832,56.87833
267.33099,10.99505
269.50299,43.3855
284.923,-37.199
285.61664,-53.19282
296.3049,-6.81884
300.20493,6.5554
302.95697,-59.24284
312.96451,16.22002
318.15891,-61.27188
320.3179,-46.15279
322.84601,32.87095
326.50235,46.34113
327.84003,-9.38672
332.31305,-35.10154
335.73196,-65.80289
342.16583,-36.91954
13.62033,-65.85606
21.10301,-24.11329
21.26812,-4.6497
34.21486,-3.56344
36.9912,40.55093
50.11916,41.4888
67.20788,-46.96511
68.21124,-12.90984
79.19587,6.49825
85.15454,-40.44151
89.63538,10.37279
95.71439,-67.8203
106.23123,24.15559
113.89063,31.40918
117.98221,27.30294
126.70933,-17.52543
126.89194,-12.75673
134.08263,-23.96498
136.961,-73.95135
139.14299,17.91909
153.73723,64.36308
157.96539,7.96954
158.8107,11.92405
161.18831,58.45497
187.14633,-22.49594
195.56656,-30.90141
209.52362,21.79741
223.79013,-36.91878
234.77345,28.76137
240.70985,-61.16868
256.07968,13.90672
261.15494,-18.8896
263.15598,-53.7907
287.79575,-73.40143
292.89651,43.49464
307.57889,8.72695
318.56079,-65.22673
342.62717,-45.18537
348.09058,-43.86416
356.54697,51.26286
8.37838,22.90287
8.73405,10.46487
12.66477,-79.86738
36.73699,26.01608
40.22541,47.97435
40.98926,38.80077
41.79876,38.39787
50.63551,14.79002
53.86945,-45.16351
65.71,-47.63644
114.95438,-52.2308
123.1981,9.38659
147.30408,64.19564
154.78592,34.67511
157.60744,-35.10812
161.87668,3.14497
187.2433,-50.15435
188.73296,15.56562
197.8251,45.66042
204.09109,-8.48577
212.96718,24.922
215.39743,-4.54715
222.22211,-27.87613
227.31837,-7.31975
231.35092,-1.50255
253.73669,-15.52629
254.98764,-11.11086
270.51526,29.10582
296.85977,-47.91941
308.26627,-54.87389
326.17328,-39.18481
347.75629,6.21313
6.58949,39.49594
10.33065,68.93167
19.05248,25.19163
37.2905,6.85875
49.51147,-0.53899
63.90189,-52.60116
70.03657,-71.95535
118.78753,-72.6356
124.49476,2.20259
125.35472,-11.51307
137.00914,-9.99376
151.48305,58.44899
170.55922,24.30025
171.37067,-53.69624
188.88023,47.87163
192.69193,-14.26856
192.9727,4.57982
193.63837,27.63266
198.2598,-26.61164
199.73006,7.79558
212.05345,-54.23974
219.88225,9.23492
231.47615,13.66034
237.44005,28.54711
246.65604,13.68344
263.39688,-17.68768
288.14041,-56.54026
294.65997,-56.45792
302.5694,79.08328
310.40955,26.49258
319.00378,-46.67489
321.88519,-45.26091
327.46786,27.28238
334.15506,3.41289
341.47739,-28.04838
341.55521,10.16077
348.7612,1.43555
0.14849,-1.76318
1.48834,-36.11369
18.82869,16.25662
27.82825,34.87287
28.19806,-14.2726
32.84885,-79.07664
38.48264,-21.04348
44.99345,-36.94153
47.38278,-49.59624
58.11038,-2.20118
65.83038,-64.97588
71.83251,-13.03617
75.21098,-38.65465
107.6081,-28.16446
120.58426,56.71689
133.11264,-11.33576
136.46548,-31.59942
149.04237,-9.3974
192.08754,-53.86928
227.81393,-11.6953
249.84135,-64.09821
250.0863,82.62331
290.08917,-51.62624
302.26578,-21.4741
313.77051,-18.03871
315.93118,16.04962
317.12933,-36.3918
333.09464,16.66082
335.72119,-70.3655
340.49265,-37.57851
350.24298,19.31805
354.10437,21.15078
354.45697,15.87956
2.51257,28.15031
29.09116,44.70903
33.05737,29.72658
42.12112,47.99308
49.22144,-10.33643
52.0782,41.74904
57.00265,-9.89088
62.5067,-14.45193
71.63921,-44.73869
94.86749,-0.51051
109.86903,55.60896
128.10551,56.46531
139.82265,34.00809
153.33197,25.40111
157.1055,-34.47274
157.37216,19.62272
157.80875,-28.66545
161.53951,49.54356
163.01584,79.1466
163.4594,16.85054
164.69527,-9.8452
164.94278,33.39184
169.3781,51.9664
174.77299,-9.32988
174.79176,-50.66896
188.77896,-7.76971
197.64233,34.63623
198.78342,6.54086
202.99889,-29.84485
206.8273,3.76745
211.89265,-31.6184
243.61342,-22.44535
244.93694,38.23447
245.91988,-71.87041
273.40518,76.34135
284.33228,60.43065
287.80719,-57.88799
292.06616,-53.86321
293.5614,-34.13792
295.43918,77.15913
304.6441,-3.84558
327.36664,-64.48872
337.16736,-55.22074
338.24387,50.28918
344.17242,-7.37904
347.37939,15.00698
348.51697,31.64948
17.37407,19.86493
22.35454,-52.57169
24.40495,-12.51888
87.93322,38.57293
90.62459,49.8131
91.11441,-20.35376
98.89729,-55.18257
101.92421,-67.26157
109.6254,-26.06088
112.70779,63.90984
115.63174,52.63861
121.28712,40.59164
131.78627,19.63107
147.52148,-29.42588
150.69118,-16.27368
161.02913,-16.46971
176.49402,-8.15582
176.85368,-16.62702
185.50404,28.43106
190.36551,-12.66356
191.61186,50.79209
195.86462,53.53208
196.91132,-0.94243
201.05663,15.56873
218.61914,-68.6641
219.47516,15.86365
225.10802,-13.90427
231.24809,-34.47984
231.265,8.7185
232.84265,-87.43782
252.39154,-26.31875
252.73418,59.71891
263.54416,-66.65337
301.1405,-39.11996
302.59259,-59.53571
304.12134,-52.92789
310.98712,-33.43839
313.43512,23.56429
330.17529,-19.80998
337.0928,-16.4382
339.58957,8.61035
348.59195,-2.03376
348.62021,42.55784
349.0549,8.9152
351.48917,22.33584
358.92416,-3.75834
18.61827,51.14396
35.2555,-31.9415
36.70798,69.65009
43.33689,3.8262
44.46096,6.0522
50.52222,42.1703
58.41099,40.88912
65.63682,85.838
68.92653,-28.47692
88.65434,46.24464
88.97007,40.1432
90.18001,-24.70043
120.75086,-58.70579
129.75539,-1.95394
134.62704,2.92544
139.37086,-0.62059
148.94194,-13.52012
148.99495,34.0367
158.12494,-27.07504
158.21048,-12.92388
171.72552,-75.15058
175.74007,-8.33221
180.07695,-7.18072
194.7751,27.99667
199.14177,51.43222
208.59212,25.15315
214.15761,40.21608
214.79619,-20.77852
215.92659,34.00893
228.12914,65.89012
233.84912,-3.48259
243.02519,-27.35331
253.68954,48.06913
260.89697,-11.59576
278.69522,-79.11407
290.38293,43.9954
299.24478,-32.20862
311.42148,-4.95011
319.55121,65.61323
334.56061,-53.75885
335.96078,-54.85508
336.06067,-66.03754
359.28491,12.45759
16.94656,32.30986
18.1111,-12.77547
19.18237,16.39997
19.80374,-25.53079
43.70539,36.09444
70.68927,-40.51105
72.54436,-14.31125
76.56432,-61.44115
89.1039,-21.98078
103.47953,23.44884
109.63264,27.15799
132.31822,36.11984
151.41484,-37.0876
180.7317,-30.1272
189.03391,16.64143
195.03044,8.69862
205.76607,16.70544
224.54706,-43.53231
240.35785,71.39877
279.04208,38.16046
285.52127,45.105
291.2937,74.38908
295.67136,-6.93425
327.3078,45.79525
332.09198,-47.73771
336.71692,36.79687
353.09683,23.51192
5.75403,36.7444
13.32497,-20.35165
34.28027,1.28245
37.57587,70.37431
39.87957,46.01151
42.4969,49.14867
53.2462,15.87459
56.11588,42.14813
60.5542,19.48545
63.96562,-24.79456
72.98312,-3.92991
77.55891,-13.27513
83.28419,-59.85169
98.98912,-37.81048
119.31433,27.496
126.97384,55.15861
128.41714,9.96371
167.84586,28.26177
178.13028,-3.87225
179.91313,-12.39391
190.37881,-10.03376
204.25598,-26.69966
223.10016,-49.68993
224.30186,11.83997
234.98332,21.86688
236.43723,-2.10467
237.2179,69.64415
257.47113,55.66676
259.27588,-76.17934
265.06839,51.05692
303.82373,73.58112
329.79263,-25.75698
331.01312,38.14673
335.98608,35.69879
346.37692,-8.57976
357.98724,-6.55386
5.4266,22.31088
24.83149,8.51838
28.47684,19.35859
38.59836,45.00281
39.21349,41.33924
43.73367,-21.89818
44.29205,45.39518
47.62861,-11.55378
56.06994,-54.07304
59.46115,38.38551
66.46506,-8.36943
73.42921,64.46972
75.38071,-22.98266
99.2361,19.32232
109.36107,44.08398
111.60362,-51.82529
123.82029,46.07519
124.83617,20.26874
125.73612,45.48589
125.74017,4.38571
141.98389,-29.8006
144.7735,-17.82805
152.7504,9.84691
173.68617,19.03353
186.73587,57.77034
195.65706,50.43839
199.936,10.3628
204.06091,9.26931
220.36526,-37.5565
227.2149,-28.02731
242.0826,10.6295
271.93909,69.71809
274.82169,-49.43995
284.44437,-64.75256
290.65775,-29.57528
299.99924,65.14852
304.5925,-24.19138
316.62033,-44.789
335.83435,35.21369
351.95938,85.59073
359.27661,29.83905
9.80418,23.32995
16.83082,-69.14761
20.27155,51.01747
21.5126,11.44298
25.66075,-4.86148
36.7506,-22.91199
54.74991,39.32773
68.14375,-11.34886
70.30489,34.10506
77.08836,17.36896
80.30782,17.11506
83.07907,16.75463
93.59982,-5.24379
140.00766,33.10184
140.41328,-39.14228
165.77684,26.23248
171.10454,28.3178
171.20737,-13.13326
174.20309,-12.97986
174.45442,22.02615
179.91293,-3.68275
191.47827,-21.1956
196.79961,-57.21009
196.89185,16.35627
207.78104,24.0182
209.02284,19.77962
218.23888,-31.70827
225.15134,-21.89161
239.04765,-68.04742
241.17819,-41.41541
255.2148,28.02224
261.97293,-10.53763
272.0965,8.68418
274.66254,-71.12607
285.98779,-21.36969
291.728,-63.01523
292.31741,-21.05079
301.11615,-84.18997
308.87653,59.2313
315.89005,-14.31269
321.92639,-33.74478
325.51941,-4.9434
330.02747,44.25157
331.22842,37.0983
335.0116,-62.08607
359.09326,-57.05482
0.66626,8.73699
2.73749,25.5599
14.97205,31.827
37.12638,38.35346
39.29675,27.85931
40.48751,-6.7923
51.91601,40.89687
52.70346,-54.91582
53.04677,-65.35147
62.15091,-10.18935
78.34664,9.61146
86.70799,-25.80282
88.0862,-20.67482
123.18079,-79.88581
124.30061,-18.54297
130.85295,8.07962
131.93909,39.53637
133.40329,-10.66757
134.65207,54.31738
158.39952,-27.0228
169.27533,-46.68697
176.08632,19.82587
199.24915,5.65681
199.54419,66.42789
200.07182,-77.68184
207.06708,25.73345
208.48666,-53.90425
213.28664,-45.52946
215.77867,20.72323
216.17555,35.26712
217.85143,-8.14606
229.29643,3.35158
244.56256,-28.13225
255.88681,45.45975
257.78937,21.06807
260.85663,-60.50975
272.41522,9.50109
285.1348,-25.06902
299.90012,-13.2332
302.31204,79.16893
317.26669,-48.68894
317.6478,-16.69023
331.11172,-84.10912
332.44833,48.82891
344.29135,8.50563
356.81369,32.78275
0.91169,53.66673
5.91506,30.28937
29.29566,47.26642
34.45592,35.8068
36.01099,-4.69337
38.5176,54.57246
51.92679,-5.67207
65.61823,-7.51395
67.71777,-13.36165
78.20411,2.71868
88.78426,-23.3345
94.03889,28.24599
98.09128,-55.16373
101.29586,14.78582
111.6086,-34.98823
139.08334,69.88245
151.94115,-28.24555
167.13034,-50.92356
182.03787,25.07891
187.0619,11.78989
191.43692,19.17721
193.63821,-19.59377
194.74039,31.25704
195.29546,-5.55668
209.65114,13.48288
213.26723,-28.85918
215.18364,8.98399
229.44922,-36.58313
232.66364,67.69419
241.34523,-0.03833
266.0892,-80.83376
272.40689,8.61401
308.22656,75.62067
315.83124,10.9441
340.19391,34.63103
358.61017,-28.88755
1.55569,54.53201
2.80799,-33.38044
38.84176,-77.11857
41.30193,14.17477
44.71109,-10.62164
51.75688,10.60722
52.54728,-13.52299
53.10101,15.39174
68.63331,1.68245
68.84504,33.91952
82.33656,60.64338
106.3088,12.71534
108.0726,25.80263
110.15785,-1.57555
110.61741,-49.88979
112.9479,-53.48929
113.55681,5.11759
118.18421,45.94932
122.89474,-11.77533
123.94262,-6.38807
127.10768,25.01468
143.9088,-16.88554
146.02235,34.69504
162.09898,-44.63266
165.93068,28.88709
195.18407,-25.54101
204.39705,-16.63172
213.5751,12.33896
214.82002,-3.77502
217.47983,-29.57878
244.84258,22.1468
247.74481,40.93063
247.82997,39.15074
249.26143,-82.7432
270.32596,42.29357
272.18201,-69.15968
294.67877,-5.58758
305.18408,-40.70036
309.70078,60.65651
315.0495,-35.19439
331.03796,-22.04109
334.78653,-49.65474
342.23672,-61.78425
347.27472,-61.43842
355.91037,51.16597
356.48456,-44.26944
3.61269,28.514
9.49014,-25.07375
30.37863,45.20142
33.90801,1.66198
38.63736,33.94192
47.19467,41.6239
52.79564,-14.63785
58.06031,14.44235
72.23643,-57.65915
74.89823,-24.1522
75.60607,24.37436
91.85372,-18.90973
111.08167,32.59118
131.38602,-10.73704
131.84302,-28.12945
141.39062,27.34749
145.12053,-19.48482
156.70221,61.27294
162.18039,-47.28878
164.40266,44.07125
165.04767,-5.38148
172.15599,50.82734
175.69742,58.2364
177.41875,48.42598
189.96535,34.9749
196.57645,10.37684
201.42789,-29.54481
203.66356,4.12994
205.42041,-34.43331
223.06866,12.28656
226.78265,65.93495
234.26639,-47.17551
244.50465,35.26608
262.31833,-11.21281
264.16431,35.95891
282.40701,62.74754
285.59711,55.84977
293.79352,87.27521
316.55283,-14.1306
316.86725,-23.10606
345.27078,20.70348
345.86328,19.93258
7.89931,14.61232
14.44339,-9.21895
32.27185,35.10121
33.37127,-56.69695
38.67271,-1.2385
47.91899,36.06849
49.01611,15.58785
64.88654,36.26192
70.75433,-40.996
80.746,-26.8859
92.40388,-20.1029
103.50808,53.68306
105.66748,-28.44673
109.10039,-50.58461
110.34189,55.79853
137.39574,18.6157
143.96144,-4.93488
152.71548,-23.15888
156.88982,66.95653
161.61812,-2.71847
191.33411,-34.70225
192.24474,40.59595
199.31973,20.69094
202.31435,11.20319
206.44238,-37.94682
211.47423,48.36549
220.28223,6.04326
224.87267,-72.2073
234.46101,-47.34963
239.47867,-30.53968
256.61887,38.36357
257.17856,-17.08049
258.65454,-20.22283
281.38184,40.68196
287.75177,45.40962
292.90604,-18.72239
294.18942,-32.56561
315.59912,-28.1747
323.14529,2.69524
330.59518,18.31872
341.86288,40.54191
348.22754,6.70406
355.94781,-36.7136
356.16187,-34.48843
356.5369,-44.64666
1.06264,-50.64602
2.92339,-56.9297
7.60128,-48.68533
10.56898,-50.50928
13.97199,-34.41757
27.44458,11.70137
30.8767,-29.74836
44.48946,16.10557
45.5838,41.98482
46.89719,-72.83402
51.66896,36.61204
53.51537,-74.2086
53.52541,1.09433
57.66381,41.04805
61.28925,66.86406
67.34091,-4.75978
69.19659,-82.03118
74.43784,-17.26168
76.78336,-19.90155
80.34014,-15.54259
85.00909,-81.9815
89.36977,-37.93171
93.33608,-65.89142
97.25634,-56.57103
97.43625,28.46059
103.50325,-65.41622
106.80453,64.5997
108.29488,-25.01604
110.57378,22.04528
130.63524,-19.87226
134.65538,51.87854
139.11691,42.13853
139.18646,19.83808
144.38698,17.11246
153.37355,7.90441
155.37297,-2.64201
159.3344,17.03107
166.28394,10.28149
174.6261,-8.97615
175.93187,-76.43842
178.49464,9.62726
196.51469,35.98033
196.84105,53.58683
200.39136,-47.84458
200.62202,39.69049
203.02875,-22.11902
203.45772,3.31583
223.70264,63.02001
226.41354,-80.70432
228.80931,5.18986
229.53712,66.9645
233.96872,14.51766
241.52905,35.98146
242.84277,61.2254
242.99109,20.92346
243.76933,43.59558
246.31697,22.4815
247.24167,39.31926
253.60158,-5.69564
260.63425,38.49561
263.90674,21.79525
264.39154,21.2289
274.58945,50.71877
284.51456,43.93584
287.51883,-44.67138
292.76703,-24.05371
296.90048,49.82454
300.25992,1.93494
310.04623,-1.61918
315.27737,-26.05217
318.27841,-58.73318
321.81671,-40.25817
328.44473,10.05195
333.29364,-71.74603
334.67838,-26.57357
347.28918,7.5071
4.94804,-34.47206
22.1019,16.45932
26.2413,80.90482
32.94519,-5.91539
33.29169,50.28483
36.67569,24.79945
42.37594,35.39811
61.77082,29.14569
62.74019,-66.7336
75.79016,30.91504
78.98663,64.67997
83.34853,-36.24627
87.49672,-25.73913
111.14231,-85.72279
116.7724,22.29416
118.96403,56.71061
151.09389,-34.35765
151.34566,-34.34242
160.03758,72.38714
162.45934,1.2046
168.84958,54.44387
169.3858,-30.52123
173.87238,49.10694
184.71819,5.24564
196.0191,49.45782
201.78966,-31.63891
210.68066,-54.49863
212.51717,-20.20697
231.21254,50.31511
268.65741,-75.23574
300.27591,-58.69787
303.8544,-38.1992
305.64648,-30.37709
314.64151,-49.29137
316.58423,69.76804
316.77679,-22.87807
323.52975,-29.26208
339.03,-27.72487
341.39825,69.31921
353.4386,25.78646
7.75788,-36.88942
8.7038,7.45036
27.76368,48.00397
29.90896,-7.52004
32.72135,-6.44062
37.71978,22.38276
45.0439,18.90269
50.08103,-15.42018
50.97504,-37.51247
56.70416,45.41223
67.43062,0.9321
106.47017,-37.2529
106.82198,9.487
117.33661,52.35089
119.68072,32.86158
120.10192,59.77119
124.21242,-11.06863
136.7939,46.21113
137.04811,21.99934
141.34409,50.55365
164.2592,-4.26433
169.42944,-27.82186
173.01006,36.69811
176.42766,17.74776
177.37614,21.04349
203.07216,-37.5494
203.39651,7.13505
233.46555,11.01071
239.26437,63.84083
252.3425,-65.90881
255.34175,5.28354
262.06927,-68.65038
264.25058,55.0069
269.42731,45.13211
291.35672,-53.6098
295.32159,51.21416
317.38031,-15.09534
328.57617,-58.60172
338.383,-37.54403
343.98441,-43.43478
349.10983,-22.15417
352.12839,-67.76133
12.71968,-55.4902
14.10575,50.75409
20.9436,-35.77899
29.20798,4.02561
30.46328,-10.46753
39.7446,17.26909
54.04501,9.88773
58.08375,-0.97339
62.97546,58.54284
66.76508,-58.67457
69.80668,-14.7764
71.39612,-16.02136
72.53062,30.44583
116.64985,44.80468
133.35686,54.9099
138.1763,35.94609
147.75241,-33.5435
156.62892,12.53327
158.9362,-27.00019
159.47647,-7.20547
167.86716,-31.10653
170.95615,-46.01606
182.70203,-46.86585
196.97794,-31.7782
213.08211,-21.78563
213.41058,-44.64537
221.79269,16.2864
223.03976,55.89947
225.6057,48.87762
227.5703,1.9334
235.80945,28.35627
242.15701,-8.02805
251.50183,-0.26663
251.81528,33.93243
253.03166,-63.92004
317.81927,-44.11892
330.81915,-17.94458
340.13043,-74.92196
345.5488,14.4746
4.51919,-54.81884
9.42854,3.51565
13.43887,-47.64748
21.45604,-39.10593
24.82326,-36.29291
40.292,8.44238
43.25713,-53.02089
43.93784,10.26949
51.24664,-4.12752
52.02622,13.14122
64.09618,-80.34881
67.01183,-50.92607
68.95191,2.25827
79.56474,14.86013
90.36234,43.94257
99.85447,-41.96143
105.27087,51.26966
109.84301,60.31075
113.48794,14.98548
114.75909,26.13883
128.77553,-3.09653
134.28096,-5.75234
143.76903,-35.11571
147.51662,31.74597
148.6297,-29.77629
167.86775,6.9074
181.4315,-32.54895
181.53853,-33.28306
195.51706,-7.60318
202.67946,33.91672
205.55212,-5.09186
212.06212,-28.45201
224.28902,48.63404
232.67854,-36.60451
237.80135,18.56282
238.08873,-32.00517
250.42509,68.51347
253.99789,-6.15297
265.76059,4.50453
274.12329,22.18354
279.83365,75.81605
290.6611,-32.95136
300.9024,7.00025
330.80286,4.29758
331.58551,1.12101
7.05591,-8.73937
18.24529,-19.00416
29.15291,-39.24479
36.43834,37.23172
42.22462,48.74867
44.2338,41.9787
68.48076,78.9613
70.3066,-27.40412
71.93174,-18.60597
74.39478,-67.32117
76.18568,-25.1777
89.93551,-57.47564
112.76873,21.47554
116.82626,-0.16904
150.02948,-6.413
156.17249,-42.19827
158.38936,11.87153
159.76961,4.64757
161.0665,-34.71645
171.73566,50.59705
177.26929,48.74961
194.95845,5.04754
200.9996,30.93244
220.51193,43.89827
223.81525,-28.39332
231.06946,4.8553
253.05408,23.79091
255.19713,-13.03525
261.54083,-54.95086
310.5993,28.05632
311.14346,-57.71003
350.49435,17.3658
3.48301,3.7141
14.91533,29.33744
19.95174,32.76793
83.37516,-36.39991
88.17695,-30.69413
89.6708,51.59916
106.54845,43.57714
112.42645,59.06815
124.8436,-9.48126
131.56139,-55.13469
131.92368,13.41913
132.25595,52.25619
132.65733,40.25135
150.38733,15.13134
151.12292,14.77064
152.50305,54.67223
156.95714,21.8021
168.05051,27.62472
172.10262,-11.37174
183.28281,12.9182
193.00789,6.55185
193.87677,-44.01174
195.71973,27.86655
204.24356,-37.69468
207.188,41.70966
210.1525,-2.90899
228.53468,81.93872
229.23097,-34.47269
235.5085,-4.89317
246.35802,85.49498
253.85234,-22.92574
255.39134,-28.20142
269.53806,3.73473
276.10416,23.1762
292.508,-15.15535
298.17352,-49.07259
302.38113,48.14821
302.61111,79.13136
304.07269,-52.70374
316.77603,-25.58612
324.43036,-79.26525
330.53983,-30.45863
331.78278,67.69053
342.73422,-32.37511
352.01743,24.82171
352.56195,-2.45044
0.41976,53.747
2.19434,-56.98334
7.54381,45.17461
9.66151,-15.41982
9.87299,29.76255
38.86489,-48.21112
63.8064,-14.35267
76.71561,-19.99432
86.94392,-66.26849
109.92694,55.40787
130.34399,-20.26323
133.80173,-2.26803
154.49564,-34.80359
156.09331,13.67461
169.3354,2.4471
185.67401,-54.3544
201.08809,35.91375
208.22014,-9.85827
212.67232,13.55801
216.66429,16.68723
246.93506,75.85406
254.56453,39.3915
260.93671,0.35372
273.78091,41.41881
288.21088,-19.50248
299.15839,-32.06501
304.21066,-53.03345
311.40674,22.74357
323.14099,31.1155
329.53055,1.00889
335.24277,-18.12693
348.04868,43.16373
8.08014,-24.73339
15.48808,-20.90111
20.9945,44.86926
32.73141,41.34802
33.98748,-45.60003
37.66074,-81.96241
40.97336,-4.38967
42.98652,18.78048
46.45036,-6.27652
52.03149,-56.57656
65.05873,-51.44382
85.42444,-27.93357
90.69186,60.52324
104.08991,-86.17258
136.82397,16.7384
137.12465,35.61491
146.02165,18.12116
156.45415,-29.60193
161.42915,-47.67203
163.10875,48.51947
177.75017,-34.35798
182.8407,-27.09971
187.76848,28.85281
191.47282,-18.57892
198.38704,-46.21329
202.70454,-25.33366
205.40488,8.80277
205.90633,-38.20681
208.23376,20.36181
225.14384,-13.89435
228.31485,40.51881
233.95193,71.40855
248.23296,23.94585
257.1066,-5.96385
303.49435,-57.03967
316.75504,3.84337
350.15527,16.20897
359.74973,-62.01341
14.21382,-63.48104
18.2595,69.79078
22.20422,50.50871
30.56216,-44.78201
31.44382,30.72872
31.90632,2.18073
35.27934,-31.91403
37.25664,-23.75521
45.39445,41.48742
48.1515,16.6043
50.53613,-0.83632
54.75172,41.64104
66.25425,12.83624
76.22466,-38.10859
82.75247,-23.37342
106.59718,-50.07991
111.70071,-42.95789
115.65163,-65.28187
117.00409,85.55186
125.85993,-15.16033
128.91641,46.49117
131.50928,52.53304
135.89496,-19.96155
140.57228,-0.54694
152.09851,37.84169
152.11655,-40.29729
155.40129,6.02591
159.40096,-52.5698
176.65089,-41.37532
186.03099,6.60748
191.54781,48.66755
200.32797,12.21303
200.45004,-35.53839
205.18245,-37.03477
226.82237,-50.84896
230.40366,7.71935
232.62863,-2.27588
240.75262,77.6064
241.99863,-39.97475
250.75017,46.85897
257.13889,2.93018
262.48334,24.88383
264.94009,2.82789
271.43964,34.75132
291.65585,49.75844
296.89273,-8.63146
304.6973,-52.65762
306.08563,-11.04615
314.37057,-52.97675
328.27115,-7.18523
333.52621,13.48694
336.64758,-81.22295
337.11414,19.50806
343.41284,-35.53749
358.06772,-29.44772
3.30201,31.1461
20.54322,-2.56221
28.93224,17.99874
28.98811,1.28518
36.00302,-64.2018
39.60447,-27.22971
40.05801,17.88257
46.35577,-55.9535
57.50508,-7.4839
57.50583,35.80264
60.9138,-41.56353
74.24746,21.87106
78.83706,48.05146
94.94174,50.9556
96.19833,-30.54341
105.94163,64.03252
122.16294,-18.96967
134.91185,45.68686
159.9583,-15.03667
166.46655,31.3858
173.17303,20.43869
176.36427,-50.5915
179.96144,14.19706
185.95079,27.39423
186.53036,31.00692
192.36958,-20.87006
193.8075,-6.54802
195.4595,4.33347
196.24109,43.55341
197.8074,-44.37838
198.90427,-73.37053
200.64496,33.15707
203.16237,25.44112
206.86769,-49.10097
207.55052,-35.47764
219.59286,-72.67074
229.37408,7.86168
245.91699,24.47413
257.85202,-65.74221
263.32016,43.62922
263.95749,13.01125
278.09009,-33.67211
290.09802,-54.34621
339.55634,-7.03477
351.69263,33.02588
20.11736,38.1556
34.97861,-21.39147
35.23523,21.20263
36.13108,-8.01121
40.01461,-85.44432
43.56896,42.72592
54.66214,4.28611
74.0632,1.84911
74.67717,21.06288
75.41583,-9.26467
82.95353,-27.07397
85.33567,-26.25927
91.67653,61.25647
132.63696,66.48756
137.24318,-9.59956
151.86542,12.27449
178.92725,80.22388
184.2072,65.82994
184.86221,68.71112
185.06171,74.03239
186.39986,-21.2755
201.6627,-31.20971
211.31982,21.04421
211.78517,-4.23804
214.65717,2.04579
218.96086,28.14683
219.3065,43.69576
223.1012,20.33428
234.98654,21.82423
242.46944,-65.01347
255.74846,-69.33597
264.70029,6.08283
275.68341,47.6189
288.19199,22.26649
309.00174,-33.87998
316.45682,14.68374
332.69681,-66.86929
336.06931,-80.4359
340.70779,32.99363
351.14334,9.26725
358.40695,-18.21461
22.9825,45.79623
27.50008,-6.48785
27.98969,-8.51771
44.95852,3.08301
45.18109,44.50532
83.8185,13.54864
95.61396,30.48634
104.0623,45.29739
104.31722,-49.08023
109.52532,22.00794
114.99059,13.24672
136.52208,-72.82973
150.77579,0.45409
158.95111,-34.08212
172.5782,-9.00782
172.61673,-8.10265
182.80948,-39.55745
186.05167,-23.30692
190.16971,-8.86685
193.95564,-16.95893
205.0114,40.42078
216.95216,-44.64129
230.4216,-7.53116
232.85847,2.16608
233.53586,-20.23548
243.10081,-60.96955
249.88849,-20.12716
250.9268,-19.10429
251.16675,-15.68206
254.47038,36.4087
257.24432,36.39902
257.94983,-14.82539
264.63779,2.77022
285.59891,-25.30409
311.16754,-45.97851
319.3912,-41.24973
324.64417,-7.90718
325.28452,-21.48315
328.7355,-16.37588
329.94119,66.68857
335.73129,-55.76118
6.31303,-1.11178
15.44702,50.43889
17.31828,-32.38602
25.94387,53.27246
63.60846,-58.96215
73.69063,-53.0993
93.32378,-64.40366
97.40086,-26.65541
114.7681,18.07371
117.4302,-38.18864
123.66203,58.0233
125.89266,21.34766
129.12857,4.03769
142.77823,49.07971
161.80305,-47.59221
167.8205,-0.82428
177.75934,20.79972
191.96854,-15.17634
197.11922,-6.3697
207.6283,24.96284
217.57542,21.74682
235.61922,-33.40723
236.78841,35.6461
243.68097,36.53369
244.39819,35.13411
266.90094,59.41358
271.90741,56.53095
284.31631,37.98734
293.6095,-17.80928
356.34692,-44.92089
0.51302,-45.35804
7.59891,-48.68461
13.84455,30.4872
16.84004,-33.37599
32.97672,53.37482
33.76551,30.7498
44.04115,-13.68782
52.29292,-22.02126
68.81445,-54.31589
73.6519,-20.7781
75.38437,-38.73625
78.89014,-28.52861
79.72985,-3.21318
89.24961,63.59535
97.34496,-28.51839
106.51373,42.02714
124.30973,12.99108
137.88298,23.04544
150.07852,54.53864
150.39279,6.93214
155.43834,-18.41099
172.28615,-47.20685
172.31833,50.95341
178.01054,30.32004
185.28407,-3.04469
192.73953,-41.39654
204.18442,-3.49788
205.62061,-78.55915
223.54703,-31.07073
250.27849,62.39987
279.85641,-75.48093
299.24408,50.13512
359.74857,-7.14677
21.00938,-38.63279
28.05294,36.09732
29.15343,5.80414
42.68196,45.58989
49.17266,-19.56981
79.28447,-37.17271
89.62364,-36.32869
97.70319,-36.37059
105.18405,10.61389
119.29416,-71.98929
125.11993,70.82484
160.44501,1.38695
160.59128,15.35962
172.71927,-8.8762
179.78685,45.99117
193.05708,-15.57607
202.4817,-54.66367
206.51163,55.71529
210.31143,37.88292
222.38612,66.81315
223.34215,63.67179
242.51566,-32.08449
247.27284,79.48398
262.07645,50.30656
287.37613,26.82154
294.83157,-35.68044
305.521,-41.58022
311.65674,-2.36381
314.24094,-16.49248
343.90408,19.17451
345.48392,-40.65715
345.61606,8.24622
354.65106,27.02965
356.40128,-40.73688
356.8378,1.93356
358.12509,-28.34248
359.995,0.70179
6.73238,-48.79178
12.73905,1.1532
31.94998,-7.02567
43.12629,43.87073
45.30257,41.7177
75.25715,11.94051
94.84954,-68.55933
97.26829,-27.3274
101.39336,52.37499
116.22409,-0.05696
169.29439,-25.58005
187.10913,50.3485
191.01439,28.90105
198.43878,-5.08008
203.10023,11.10577
206.90569,9.76749
215.90419,25.82448
226.35127,-26.87662
234.0038,-16.21627
239.59146,-14.1663
243.76181,61.78205
247.19218,25.49471
257.6745,-23.22639
266.74774,-60.66552
268.66376,60.81791
272.72839,50.01276
274.03903,42.65633
287.77814,-16.0122
294.56494,-52.82109
315.13596,-19.6283
319.57962,60.80207
322.04861,0.29986
329.8924,9.4047
339.69421,-55.39522
340.41135,2.63933
348.41879,14.02094
355.7525,-36.17448
356.04419,-28.29884
359.00809,7.52316
359.17526,13.77641
15.47531,-37.50853
21.90014,-4.99736
22.09971,-13.57255
45.19812,16.91427
58.54127,34.11895
68.79684,-2.36889
68.9314,-22.55812
69.30017,-28.9542
86.02733,-49.88811
86.34941,4.66784
90.12033,-38.84155
94.21661,-12.50123
96.2032,-37.35577
142.21507,-28.65045
149.54767,-29.57683
155.15718,57.20751
158.11655,-27.52927
176.29712,61.70862
191.83032,0.4048
204.26218,-26.04819
204.90823,-23.75327
207.20979,-33.15197
233.1398,5.10011
257.23975,-14.65445
325.6412,38.35002
343.91293,44.20854
349.26404,19.1412
352.06351,45.1913
355.99036,2.74539
1.4973,-64.33662
16.84158,-13.33683
25.30089,22.68883
28.27175,-79.24866
36.32272,4.44348
37.13008,28.34818
38.44576,30.1894
39.98302,17.52957
50.07184,39.56127
50.6969,0.14937
55.17905,-6.41514
64.28079,35.72203
74.26001,-32.33138
76.71059,26.67058
79.23373,51.53236
89.34931,-18.5094
95.91242,-65.27869
96.5528,-20.07707
115.31111,-3.86189
130.33485,-16.39306
135.6698,10.84146
137.32091,-1.16637
149.07202,37.58999
160.17848,-8.78699
171.15445,-0.9918
174.63066,-4.39831
181.19676,-2.7201
183.53522,19.33664
201.87369,-41.16211
202.42384,-22.61556
209.98152,-10.94078
215.92046,-19.44388
241.17017,34.66436
242.05608,1.37701
245.93764,9.78807
258.97995,-73.34212
267.72803,31.88003
298.98798,-10.88802
312.37244,65.49667
320.93924,79.89358
348.62967,54.17646
349.83975,19.02116
352.18906,-29.54558
354.90796,-39.8203
7.64251,13.36629
13.86766,-7.37126
18.24953,-6.14307
23.69266,70.40749
36.87913,21.98433
38.46158,11.20349
49.51406,-29.63317
54.01787,-1.95675
61.86155,1.76064
84.05845,-16.67085
88.68203,37.4603
118.86517,23.74741
120.36745,59.82198
123.75677,-15.55211
143.66379,0.68808
151.22607,37.35879
152.13327,-0.66678
161.16315,38.75957
167.78084,-44.45695
167.82515,35.38558
189.5636,-10.62094
204.96335,-39.8557
213.00072,-10.96073
221.45558,-49.38002
224.94415,26.62017
229.18781,7.05561
256.70514,24.90676
258.51526,-64.21395
259.23804,-1.45004
278.26547,-39.44037
307.09235,-23.11945
316.8696,40.02274
325.90649,2.63505
349.01505,21.57532
349.86111,42.92503
352.51071,26.19975
0.4853,-40.66218
7.32727,2.87043
18.98093,51.05088
20.03033,-59.9026
30.02517,-1.52834
31.49249,14.91951
36.04293,41.63024
45.46267,-15.0298
46.86688,2.5306
65.1405,-0.74919
72.71697,-4.89272
74.50012,-5.38669
103.55978,-55.55912
108.07467,-27.09286
108.72183,-36.05751
118.50996,-55.12485
129.47067,57.37373
140.72917,-22.15528
145.54729,-11.60749
161.96919,26.25104
176.49477,19.52908
214.80057,-26.82836
217.13556,-31.66346
217.5751,-43.561
217.66968,-28.6731
244.49593,-28.34028
246.19876,58.0925
247.61208,-11.46986
255.27705,-66.94974
288.53146,47.31212
300.44641,10.26366
332.35971,-1.64644
358.91925,47.04947
10.02455,-22.82561
17.48579,-63.22218
19.05089,-15.90961
25.09108,37.20819
34.78794,43.28606
39.3344,7.43981
44.54129,11.55331
54.5359,10.11853
88.3082,-13.70369
100.84261,63.64865
109.41431,4.34984
115.72056,9.28133
143.10518,10.76354
143.99002,-24.98025
148.38071,24.24034
152.77316,-17.19453
153.26208,-17.30586
157.54773,47.15467
164.47484,37.54195
173.37503,34.31626
190.40178,-11.39174
199.20616,-17.79462
202.79651,-13.30915
218.36446,-31.69452
251.87231,-29.31849
252.28047,-9.65338
257.34399,-73.32091
282.11536,43.62677
287.15125,-61.9037
308.68192,20.33518
315.89325,-14.43152
354.55435,32.33507
357.2558,-2.29069
359.86368,-35.1827
2.43868,6.20085
20.4927,-16.84541
22.5171,-35.94899
23.96847,-50.85733
46.16612,-13.55493
61.18385,2.4253
66.56985,-8.79948
72.16817,-53.91217
75.80733,-37.77777
86.55846,-18.0209
104.09029,-38.74353
108.95676,9.72657
115.1035,14.81741
115.68655,61.8925
119.27576,60.90292
138.59685,-33.33692
152.40895,11.00027
160.79221,39.03871
175.60284,8.83802
184.15213,-0.95596
212.869,-26.20396
219.22318,21.29751
221.79683,11.58571
231.67429,67.97572
238.54103,19.10622
255.04765,28.27948
266.20441,66.56467
300.99081,-54.89975
302.12445,0.31042
312.44925,-46.82932
337.55688,-32.5653
354.96509,-41.87416
5.14029,-31.30419
7.97012,-81.34933
13.73166,-12.10044
21.44874,-1.34453
22.86097,14.27753
27.05678,-17.70028
28.31141,36.334
32.77269,19.51415
68.11344,-11.94471
73.20506,10.73829
73.45974,-33.23066
79.15157,6.48858
80.43732,16.83153
91.00301,46.92112
91.78688,64.67333
95.01338,48.91883
98.57343,-14.52879
132.21367,9.02267
137.11845,28.91099
140.64232,-12.28833
165.97464,40.85002
177.63547,55.05801
187.62479,19.67311
199.99097,5.80786
201.10071,13.93755
215.75879,-17.68499
222.2704,16.73503
229.07663,3.06714
230.41293,82.12973
247.28461,8.09024
257.80466,-6.19714
263.13287,69.33376
267.14697,29.01055
280.47186,-41.35413
285.76443,63.83329
289.91461,-13.94834
290.42349,43.9634
321.50525,3.09753
324.71359,24.81932
339.76819,10.02304
348.94043,1.02782
349.37527,-42.05005
354.01062,44.13127
11.96548,-11.79148
32.41609,15.05674
42.47321,-1.00361
46.46083,2.13898
48.523,-8.45688
49.69695,34.72958
59.65182,-61.54751
63.65244,-72.45667
72.73174,-53.21278
73.92922,-7.33488
97.18748,52.57124
103.32829,-38.49151
108.32173,-51.72159
110.04309,23.33183
120.41039,24.43233
125.95885,11.55034
126.18687,46.90735
144.64212,-63.97293
146.6447,30.65314
157.7627,-28.30722
160.61255,-28.30788
188.46503,13.32252
188.91068,47.75732
191.14304,-38.93625
195.71901,-2.51637
196.4922,1.79254
198.72772,34.70239
204.38322,-53.32268
211.57263,-13.49816
220.10826,3.5989
223.69814,20.81035
228.45551,17.84548
237.60796,18.13963
242.71596,-24.97401
250.48273,-21.72481
250.68776,73.65737
252.2581,36.19234
253.8775,-80.09673
261.21729,28.07826
309.00974,-51.39521
310.91324,-17.0258
313.00684,-13.48247
329.28516,-38.24678
337.72943,39.44582
14.76516,27.04243
15.02948,31.88774
18.80236,13.46425
25.70857,-27.83467
32.4855,38.1784
35.41847,16.74447
38.64824,29.95723
39.67759,41.60505
48.48382,-21.72919
69.85574,9.7621
83.69061,75.3341
86.33128,17.77793
87.25937,-31.49125
87.6735,55.90204
89.40733,62.16636
95.56009,50.82243
107.85039,-60.54733
108.68524,46.79101
121.48976,30.37171
135.0461,7.72609
162.44325,-43.68049
169.49179,17.44127
176.23723,19.73188
184.95122,-0.87547
185.95201,7.18546
186.51154,14.88039
194.94894,50.79527
204.35248,9.02346
224.22539,65.9345
228.71539,10.25845
235.09285,15.96476
243.51984,52.40629
246.64899,-9.03294
277.1257,41.2285
288.62979,-46.73688
290.90756,-11.80089
311.39145,57.09621
326.21716,1.53673
332.67361,-10.46442
334.53152,-42.68933
335.63538,-23.52439
343.78333,-30.92214
344.78439,-34.07341
347.97345,44.66312
350.38638,83.01142
354.99258,-22.78772
6.81763,39.79235
14.91427,-18.30211
21.52808,-13.42006
35.7163,27.84452
36.30865,20.95526
49.06729,12.93172
68.16095,2.74452
83.86047,-23.60044
84.35726,51.21856
111.03094,47.52652
111.14203,36.46752
112.61091,-49.11551
125.91084,-57.74572
128.02997,3.63537
154.31679,53.46186
171.99286,-11.71535
178.80493,-9.02599
183.7784,12.0167
197.4019,34.87159
201.87434,-49.49414
204.68381,26.32855
204.76314,43.5662
206.87395,-32.14137
208.03294,-30.82834
214.22136,-7.70331
221.85561,29.91331
224.30598,12.80372
228.33681,2.51385
228.76225,-41.28675
241.76324,15.59312
244.95061,5.16163
246.43274,-16.02512
250.71979,-4.01061
260.84601,-0.10915
265.72104,16.20612
274.48373,33.81655
274.74173,-55.13762
303.9498,-47.70285
329.10233,-44.70324
16.18261,9.88228
22.08516,39.48871
28.726,0.81118
36.29809,-29.47792
47.76124,-2.22433
65.93758,-23.0827
68.62152,71.46722
110.64502,56.54147
127.34373,43.35874
129.98543,-2.77664
140.34619,18.22381
168.53458,63.93466
171.57805,21.09627
178.96161,24.76783
181.77164,-51.76792
185.91463,46.16687
190.40115,23.42519
193.54153,28.09252
197.90254,10.12916
205.59958,14.7391
209.17763,28.5029
211.18044,14.28049
221.86893,1.026
223.48207,24.59043
228.47185,4.4612
228.96083,69.27356
234.94775,-13.39509
236.33167,49.30452
247.35316,1.1137
251.03609,-59.50507
294.34848,-42.30533
306.80823,20.70547
336.32404,8.41655
353.12625,-46.02899
24.69777,-73.64063
27.011,48.99255
37.09491,38.41072
38.61549,7.74055
41.30619,10.78969
47.06613,-23.69125
58.24133,18.98688
61.93399,-62.61272
66.49838,-73.42308
71.52236,-53.83196
72.60775,13.09902
73.21984,-18.35235
75.3992,82.00458
124.98283,-75.43022
127.62153,69.02838
127.72588,-30.09796
156.56842,57.29378
164.26761,-33.1558
165.69159,-25.77624
173.21321,14.46118
173.45778,-4.21897
173.5972,-2.52928
173.60294,18.3856
200.80785,-57.15527
201.27448,-15.55968
202.05365,-20.98473
202.44127,55.60382
205.53308,-36.34936
206.30038,23.25129
209.50868,53.01712
214.51433,28.86629
215.98524,-12.40564
222.37325,-3.81501
231.44351,48.4912
238.10947,-40.57737
238.9653,39.76706
244.43332,35.08705
254.31715,27.84963
265.17401,37.20359
273.9321,67.44402
283.91922,56.55926
297.97803,-25.21311
312.83249,-7.3161
313.94714,25.79973
315.87665,-12.99223
317.70355,12.22852
324.76282,-14.36427
325.53418,-18.88237
333.43735,49.18111
343.91849,-23.95427
347.98407,-18.41642
351.9949,8.78282
27.79461,-1.02804
35.41887,0.25527
38.5652,2.61296
42.11021,35.4323
42.24734,26.51095
47.65848,48.86963
47.78661,47.47123
87.72132,-57.04147
89.73195,-52.99724
90.95146,43.52827
104.07167,64.94714
111.17626,48.8798
125.43358,4.54705
125.45393,56.28991
133.09393,-62.38685
152.15869,50.1062
152.17592,67.0999
160.7142,5.85982
177.12056,-33.08505
179.32156,-28.07044
181.38399,51.50465
182.67517,17.88757
199.7628,39.5903
202.34428,-72.23349
203.26363,-49.17832
207.24187,-32.85695
215.32979,61.57928
227.82924,5.23834
235.98151,7.85466
242.39703,63.96686
243.54428,-60.74218
244.91792,50.55411
263.49557,88.31137
269.59207,9.68986
270.34961,65.35506
279.21744,51.53074
291.13489,-18.52218
295.80371,42.69003
328.22211,-37.65305
345.4491,-30.58502
352.52872,-31.12693
357.45142,-14.11968
27.48274,32.7939
33.76918,17.40886
43.00774,13.90338
48.92688,27.49007
52.83727,-35.49163
59.24226,8.51351
60.1166,-20.7817
62.35235,-59.51981
70.38026,-62.12877
91.69694,43.60532
95.0317,28.17726
98.02306,-35.62358
113.45312,-9.17701
126.86401,-25.49476
144.73351,-17.79922
154.45634,-15.48479
162.00839,-32.84749
176.15416,-33.11018
179.48756,25.14448
208.92503,-27.11224
210.3506,-45.62536
230.17374,25.68082
242.75108,26.64283
259.74341,-22.93066
271.06982,-73.70889
273.84583,22.26603
285.1319,47.67479
290.63324,44.06077
302.77841,50.99856
330.26773,-25.26162
336.48358,-24.73015
342.20331,18.56319
354.57364,15.66893
1.98403,72.92776
27.51021,16.88496
27.65965,-24.6563
36.59746,42.86072
39.90613,40.52985
51.11507,-0.08639
60.91657,15.48196
89.26722,-18.43689
97.90958,39.23536
100.14708,-36.85678
101.67921,41.66472
102.61446,-72.57131
109.1039,9.98357
117.28741,-56.24915
118.27946,39.74419
151.2404,35.14448
151.43552,10.27677
151.46326,12.96122
155.65057,-3.62004
185.52562,11.75469
191.14339,-69.1982
194.26878,10.62075
195.93729,28.08418
213.34103,53.80631
214.24887,9.1059
216.7438,31.51703
220.55577,-6.20053
221.52196,8.91565
237.90375,44.22641
244.39711,-70.23776
254.68365,27.85919
275.14243,-50.91789
316.97687,-34.77138
326.60934,33.54472
336.56897,-4.34139
342.50406,-80.62524
351.91125,54.50463
358.27597,51.93812
24.89368,-12.07619
37.33461,19.24777
38.4651,1.13714
41.37404,-62.12506
44.29432,-16.66159
45.61488,-11.04897
50.92225,-0.11698
51.98804,43.21255
52.49655,36.46527
67.67895,2.79669
69.78273,-47.91294
71.34206,13.49895
90.5989,-3.056
94.8429,-69.88514
96.897,-27.64418
97.7654,-36.63827
104.69326,-38.14283
116.9282,-71.89924
131.42349,-17.37398
137.79056,19.66748
138.77509,22.34361
139.19193,45.81365
160.88487,57.6722
174.19069,-22.22229
175.72295,-36.28726
183.28882,32.59635
185.70477,66.86253
193.76079,-23.36057
200.56122,-3.08824
206.40227,-7.32636
217.83823,35.62282
223.63902,-37.79847
236.70216,-41.25988
247.10469,40.85824
247.21706,42.81196
249.85939,59.40616
249.99089,-64.55791
250.88437,25.70188
252.05766,49.62157
258.98047,36.13363
267.67139,39.94971
281.32526,53.00326
294.45532,41.45044
299.12463,-25.36752
328.14615,-73.29669
341.78442,-45.91527
343.07816,-26.33793
7.38992,5.13314
13.3621,47.44135
28.08015,31.53736
31.62422,27.94051
33.57472,51.74777
47.55978,35.24993
48.47517,43.71558
55.5259,-54.55796
83.84086,2.88831
97.76747,-39.55911
116.52298,48.84787
121.75193,2.20131
138.86661,-25.5673
148.41695,3.48355
149.02324,-37.77074
170.21045,19.37399
185.87947,55.65648
185.94418,36.15279
191.19948,-35.01135
202.20544,-31.57585
213.17133,30.85507
233.31917,45.69864
233.35818,-5.09639
245.92393,24.17182
282.93143,26.55486
293.32697,47.46433
293.47308,-33.67818
299.58786,-36.41191
307.03427,28.49916
307.45486,-2.02896
338.06128,-31.22923
356.76584,14.84179
16.5278,-74.12794
18.36962,-30.22582
21.55221,33.40511
33.03711,7.78841
39.11548,10.47675
43.80202,3.80891
44.18618,-42.12181
63.39079,35.19965
68.97448,-2.23406
79.82825,1.33467
83.45984,-13.33367
88.31825,-69.71571
91.32602,-18.39823
92.73025,-33.73854
129.4882,-57.9738
136.74458,20.78628
140.56761,-1.0403
145.82034,-19.87209
150.13141,-19.19201
166.64813,-31.33077
172.77957,21.2802
175.51355,3.00467
194.71162,-18.53424
208.98653,8.19356
211.15504,-22.49063
218.39812,-7.91738
242.27379,58.1101
246.55914,39.96717
247.11497,41.16105
262.03653,31.98188
265.30515,60.44975
278.95456,-66.3148
283.09348,-29.60571
288.68954,-72.44115
290.45493,49.3564
291.99948,33.93038
303.99704,69.07935
323.99493,-4.39209
334.76715,33.32944
347.03256,16.39916
347.92014,51.35526
348.95148,-2.39911
8.39138,-5.38911
15.94917,14.54718
19.25531,32.67036
22.52662,-2.65649
26.50347,-35.89759
29.3084,-2.27958
58.24624,15.63977
86.97049,50.49681
87.30451,-25.61183
101.91769,21.42507
103.31535,59.95938
108.77699,45.1791
111.11123,-51.88772
125.81835,4.02269
144.57854,-39.01448
145.12637,-5.10237
158.82787,-36.87852
162.56325,-23.29259
163.44379,46.21889
163.73671,-44.97401
175.7462,20.08689
177.93637,-46.99783
183.53072,14.15698
193.62029,-16.35087
201.34377,-25.38206
202.674,-21.6634
203.92664,13.33094
204.41104,-31.77691
205.82469,-25.26574
210.4688,-79.39804
212.70392,14.39352
218.61823,23.30363
242.39871,8.9567
245.61961,10.50486
248.77309,7.11425
250.12312,39.23506
252.09824,53.99857
257.31323,-20.4213
257.62894,-23.64433
260.52991,-74.06641
264.85086,-53.73586
270.55331,69.17685
271.53308,22.64694
272.952,25.84095
304.06543,-35.0118
324.10513,-15.04299
327.7724,2.77378
350.16397,48.39062
351.60281,-39.21598
358.76389,-2.43402
7.30168,2.87262
27.44642,-21.90751
33.41569,-7.14523
41.90911,15.87942
42.64165,50.96976
48.89542,17.82101
58.3665,76.06534
60.04098,79.42025
66.91799,-12.59377
68.84882,-26.05455
72.77871,-39.86074
95.78202,-64.60579
127.10886,30.40764
136.91158,-13.42878
137.19081,-14.74511
138.15154,35.78832
138.5947,36.31583
146.94775,-13.41376
147.17043,-26.04808
158.79628,42.77039
162.38594,47.93326
163.78142,-2.89075
164.39931,70.9608
164.47017,-13.56248
165.15401,44.09752
173.50043,22.31045
176.06798,29.84034
187.15059,19.47017
197.95308,10.60215
202.1792,-40.87388
205.44916,-23.60822
209.44585,-39.03973
226.80894,-20.10758
227.36742,7.55683
229.36119,-46.68638
241.42354,69.5938
243.14201,25.50074
250.28249,2.63451
260.63553,8.35612
263.31723,-65.47215
263.37711,-71.28735
295.67776,51.73592
300.14447,-38.79133
306.92587,-43.7312
343.06049,-49.37141
353.48184,12.13933
359.43222,0.65516
5.3583,29.62949
56.2327,5.90518
57.60082,13.99952
64.95148,-27.88072
67.32504,-53.49041
92.25829,-35.52577
97.70733,29.42308
116.53814,10.65987
147.44202,-33.36263
148.37569,76.89423
148.91861,5.0436
153.98334,48.96031
154.79041,16.11183
159.12109,-27.48402
164.52386,-4.75913
167.96483,27.19889
170.5072,-74.49032
173.20244,5.50659
184.42134,3.65581
197.4165,-12.33871
200.21812,57.64476
203.06894,-38.25215
220.44458,19.25189
229.96364,21.17492
232.2659,25.4582
240.98201,14.9025
248.28838,-15.56126
248.81424,52.7804
277.50061,64.99595
282.94479,-52.57274
300.15643,-61.24957
304.69644,16.62635
315.46021,-13.26544
324.26355,30.35608
349.60889,6.96462
5.69249,31.41334
13.70226,11.8412
19.37213,14.70251
23.40863,-16.88939
42.46247,41.5681
45.38499,35.97827
49.01187,42.92154
59.58372,-5.53515
73.66405,-12.20436
89.9991,-45.8739
104.00175,55.40077
109.14692,-58.80513
110.52838,21.16404
117.23335,6.33455
120.00571,8.0062
157.4892,-50.24252
159.46356,-46.60264
164.77824,1.8812
166.25888,29.95161
167.68703,4.51081
175.21272,33.68966
180.01817,58.60587
181.43301,53.18412
191.12004,-5.75881
195.96159,27.98833
199.19223,7.6903
203.14166,-27.4488
209.74458,70.74466
222.64732,-10.08897
242.99788,61.17681
243.28452,-61.42575
245.69417,39.58452
246.22568,41.05082
252.9135,23.97225
264.09332,49.63397
267.20361,55.09963
279.32208,19.27769
285.9689,-25.08657
310.36212,-12.56486
324.85889,-22.43354
333.13174,-9.01044
341.76346,-58.26397
359.32587,5.62711
4.45429,-48.49966
9.98456,5.40576
27.88714,-8.78419
30.63571,44.9654
37.76994,43.39849
45.43667,35.67704
54.53131,43.06566
66.47563,-43.39408
70.4706,-61.3935
86.03307,4.22278
100.68873,53.08503
102.88721,-64.67196
108.4861,-26.85244
111.50167,40.00532
112.12839,56.82859
119.35794,66.29089
122.76352,57.02919
129.86818,52.251
144.04099,-21.72757
147.17517,47.34544
158.52887,73.13916
166.31461,29.8663
166.59642,58.15389
175.92397,10.24553
196.95961,-0.8683
201.14146,59.33842
212.06572,36.88522
214.59332,22.23557
221.75114,-16.95539
224.47392,26.28887
226.19675,8.17132
228.55817,-3.75217
229.72939,-43.71232
240.43222,20.42272
254.48734,39.25536
262.83698,43.61619
265.63251,67.59225
277.02399,12.86459
278.18808,-41.52364
307.32889,-44.48421
310.07147,-22.78171
322.99414,8.95559
334.91174,35.52362
336.6188,40.16588
356.1369,8.82966
10.48295,8.35203
18.58763,43.66126
19.46964,-27.02897
20.72829,-30.78557
24.55826,-2.57559
28.21336,-45.79828
36.6069,22.99595
52.57047,-14.02209
86.72595,50.85083
91.58383,-61.90623
94.4934,79.83739
97.96651,51.99342
101.2001,57.59701
108.063,7.24101
111.65401,33.82382
114.86713,55.55029
121.65317,-52.92178
140.57332,4.70832
140.62234,38.96641
154.04283,58.42702
154.66643,-1.86881
163.07698,30.07252
172.48476,-6.40571
182.63583,0.67754
193.3792,-11.65071
193.42633,-15.28219
208.27432,-28.79951
211.31342,29.42445
215.4046,50.39045
216.33571,32.48233
225.84218,10.65599
225.97701,-42.0392
228.12181,-21.9652
230.00479,5.42497
237.99547,-40.15021
247.40289,-7.60712
253.63406,-16.90207
254.08783,39.27513
278.39035,40.04893
286.15399,49.64164
313.29321,0.2325
314.11481,12.04127
322.18283,-67.37564
337.26242,1.93029
337.62564,-45.9962
344.12891,-33.57471
350.19852,-22.14935
354.56088,7.80839
3.78,-29.21053
5.26892,-49.47612
8.25418,5.26346
12.16941,83.7556
20.57044,16.30062
29.50526,3.4545
33.83768,49.84418
37.71539,-76.59838
41.74026,39.01265
55.84087,40.14752
56.75354,-54.03156
58.01776,-50.55238
71.6321,-15.40973
71.89469,-50.75198
75.79203,24.17582
80.39587,18.65844
86.70015,-45.08795
88.72167,48.94888
94.06961,69.17374
102.53064,-34.23986
107.97294,5.6151
113.91183,66.41511
142.90038,0.57833
155.04312,-8.90814
161.07231,-34.70374
162.6273,12.50228
175.58838,-45.98118
193.40039,-10.2988
195.97585,-36.53719
201.93277,62.76657
208.74504,46.94459
216.85831,25.51448
225.72403,-42.61094
231.26834,4.82977
232.13039,-25.16812
269.10587,8.02666
273.89658,13.00362
295.17624,-70.42964
295.73727,-77.65955
300.50555,53.79842
316.2836,-51.83564
323.65793,-62.07598
324.82275,10.33393
328.42487,3.62187
342.20261,33.23626
347.93976,9.11966
348.58441,10.23145
0.18332,28.40145
34.07161,25.37084
34.34114,9.85167
34.9215,-0.2557
41.94191,21.04243
43.52201,-7.34509
64.74784,-58.25753
78.63194,-47.99007
84.08759,-31.33673
91.55155,-8.42594
93.09708,-49.13382
103.66483,-65.48853
109.11497,43.72771
115.55779,50.39095
127.89526,-11.02993
137.59778,19.45539
148.05576,-9.51026
148.58891,-22.74978
152.5764,-40.78904
158.8531,-27.48212
159.91263,25.32263
161.77368,30.05316
171.8743,-46.80689
178.08304,21.10222
203.28497,-23.54406
220.18066,3.37401
226.96672,-38.66404
247.44701,8.64423
253.87863,-15.53287
262.82034,-75.63519
272.90909,35.99739
288.47412,63.95809
294.12317,71.35214
301.14014,71.61855
323.47275,-25.81417
328.64221,44.39759
342.38699,-33.20499
346.8569,-5.15707
351.20148,44.13234
355.86667,28.98538
357.82709,27.29358
2.63626,29.28262
10.7416,27.25369
21.78847,-22.44441
32.78856,35.07645
34.04932,42.82188
34.12627,-75.52981
40.3694,31.09467
55.92978,41.02679
66.3748,-73.89484
74.50528,-4.12346
96.20419,-54.24672
108.43202,0.57871
108.60272,40.90665
117.41251,42.96707
151.58199,-1.81121
153.25046,-17.38089
155.01755,7.77283
177.33394,-50.43868
178.1506,13.46802
179.90132,13.77882
190.3945,44.49145
208.60915,-33.24901
210.59715,38.71035
225.0358,14.21268
226.4839,12.72819
246.76079,3.17921
294.10632,71.94547
303.86838,-17.1194
305.21695,9.52514
306.36591,-51.53214
311.28091,13.39661
317.04196,4.44203
318.28922,-1.38802
322.01599,-34.00888
323.68802,-27.43209
330.7681,-50.44194
353.20581,27.06575
357.67194,73.68542
1.5951,-69.08918
3.66771,-39.61616
21.6398,31.61633
34.7389,16.17722
35.12206,35.20499
38.32678,1.32022
42.67739,6.85957
47.38823,42.85555
52.9511,38.95725
53.5815,39.59395
72.23601,-51.12016
79.24184,9.45075
90.62186,50.71953
151.70378,-30.40697
158.66145,-28.58329
169.34152,27.67303
185.42308,55.78714
193.16478,40.10307
194.65146,27.1041
198.35698,27.76348
209.5107,-15.71548
211.21933,-0.61125
219.21138,34.29272
229.27107,81.34882
231.46931,54.3717
236.86536,8.32127
240.23685,45.41769
272.49362,21.98894
288.42896,-64.64705
301.00787,19.28803
309.61304,-25.41784
315.67624,-32.71942
328.75064,-57.65768
340.57794,-25.9955
342.04932,-72.58411
342.58694,41.00586
5.48404,-18.9679
14.48076,-2.42789
19.27022,-50.2841
26.32531,11.59728
26.72836,22.7262
42.57173,18.74934
44.08649,9.66623
44.40255,7.10477
48.99709,-14.1189
67.80436,-15.12766
79.42908,6.51554
87.77229,-13.84477
91.29472,-49.29976
103.78548,-37.40109
109.75708,52.87675
121.23149,56.4792
125.55048,-2.04659
126.7238,0.02677
162.97359,10.09932
164.56772,4.58363
180.13074,-21.32181
180.71701,26.2528
181.56509,31.96787
183.29901,-27.26623
194.19997,11.16563
196.34537,61.13616
208.00491,29.05789
208.41977,-33.9494
226.36646,14.42796
227.02841,52.32439
236.5354,-18.29759
247.29912,-18.10777
262.06204,-66.67094
310.16675,-25.88455
316.88852,-36.76655
319.89322,-55.36743
331.50082,-50.10843
334.72592,-3.10568
341.22433,-34.21077
341.47427,-24.22056
341.90585,39.87911
346.56842,13.98226
14.58571,-1.93683
21.52259,-37.96475
22.67435,-37.72134
22.9957,-36.53546
35.48326,19.57493
37.29841,38.39601
43.84875,41.60447
44.81714,6.13355
57.65303,-35.90933
58.68037,-66.27486
63.94643,33.00293
68.3279,-13.51315
71.62265,-56.60945
73.70103,1.16549
80.60691,79.76624
80.84855,-17.80278
85.05326,-27.17526
92.52024,67.9514
98.4165,40.66693
100.29356,53.79039
105.00222,68.65376
117.24013,-52.51326
128.10336,-3.20911
129.32756,-10.85128
130.15945,30.1687
136.47015,-7.71133
179.36995,16.52294
202.218,-32.16272
224.49205,11.00758
224.94141,49.50404
250.87199,-22.30428
267.59259,38.64285
270.92844,55.75066
271.18362,46.28184
277.98666,31.74126
279.50809,-33.71765
294.5062,-55.8563
314.23605,6.8177
317.99054,-23.16
327.76367,-83.73077
337.83871,39.3683
27.27619,49.28233
33.85191,-58.52673
40.4859,-1.32248
41.4461,-15.51066
43.63281,50.21127
50.3263,40.62727
50.6949,-29.26532
69.21675,-59.52542
69.29427,-38.42356
77.08361,-37.07205
89.92521,-35.74728
100.59918,53.17927
101.63646,55.3973
101.98997,31.62839
106.79075,-46.72488
106.94481,18.76398
117.39787,30.41669
126.2877,-4.24447
141.89403,12.26929
151.19565,-48.7411
164.62915,-15.37994
186.17807,61.47072
202.44896,-31.60693
204.11137,43.0151
206.32234,-16.11814
207.6452,-49.67966
222.15355,-4.31092
224.51962,-39.15722
228.89973,69.31581
239.22478,14.12747
251.72493,-77.48871
257.06821,-9.95453
275.57684,-47.25723
294.35168,36.33187
306.94482,-25.93412
342.25876,-59.63988
353.67618,47.50008
6.85542,45.74104
20.64347,50.05499
21.90617,-25.12182
22.49473,31.44177
29.13759,-0.17499
36.96435,0.50153
40.22812,41.22762
44.97235,41.54506
50.90958,-11.19674
56.66703,-8.39066
68.04326,-5.13659
68.2062,14.21476
85.06248,-29.87457
90.64931,-64.84145
91.99305,-24.60505
96.04764,-37.24372
101.90436,43.22505
103.08927,-27.35997
104.29352,-62.81952
120.52125,56.91666
125.64962,37.10142
135.0652,40.29679
142.43283,21.43395
155.16521,7.85939
159.50687,64.26627
174.82166,-44.67572
176.91414,57.64532
180.05489,31.83003
181.35542,72.79984
188.75494,-10.72327
197.8132,46.70063
198.8959,62.12467
201.82338,-27.16719
205.07471,26.34958
207.02658,-33.46347
212.47989,-17.78969
212.69878,-31.52945
237.57735,28.81181
241.19005,34.61991
303.69165,-51.67638
303.84158,-28.37128
315.37933,-49.39413
336.87674,-2.33891
353.96725,52.26073
358.61652,-27.52226
3.84225,-58.98248
21.40246,-7.73999
48.75349,-2.18823
96.86246,-31.57345
97.19615,-36.93143
100.8997,57.62006
101.26452,-46.44895
104.04983,-49.33056
152.3076,-14.88576
162.42482,-42.84095
170.02437,-4.38688
180.13051,31.9476
201.70319,-31.99642
207.07941,-20.98527
216.0679,33.61254
223.28654,17.04412
227.98355,-6.79355
239.96504,25.94065
255.07079,-63.21692
275.94812,-46.6386
289.39182,-59.43255
290.82043,-52.01576
294.35074,-17.75054
310.57214,22.30042
311.89767,20.80513
312.38464,5.81551
327.29413,-57.14109
331.08093,12.96835
331.16864,-50.25124
340.2178,-27.18268
349.189,-18.88256
349.76004,-71.96343
358.9805,-60.68174
18.65908,-40.8757
20.3952,33.60035
23.32687,-21.00267
30.43949,-58.37721
31.45353,11.91535
47.07924,-13.90296
53.80175,-42.42425
59.02141,18.58385
60.43866,-60.75852
78.66195,6.4603
89.39615,-52.05319
91.15678,-65.09985
93.24281,-23.87233
94.05938,-74.21057
103.3607,28.23791
138.51476,7.03786
155.18443,81.52039
164.11015,60.69209
170.1218,4.12831
186.07921,33.1838
186.24084,24.38288
186.78654,16.32538
192.87112,13.78177
197.46992,-47.94611
201.06602,31.34517
201.85675,-42.93905
206.78281,-24.70037
221.12178,4.74471
223.87202,8.80813
225.92639,-3.90533
226.03047,-2.00371
228.32742,4.47748
234.26608,25.56541
254.703,-22.94095
255.36308,-1.8488
256.23044,-70.96752
257.931,-23.5183
268.65469,68.05976
276.57971,32.58888
307.91861,-47.10357
327.91888,16.35934
331.58701,-21.06874
333.66089,32.66187
347.70917,9.1443
4.28843,23.75138
5.76894,29.26317
17.66234,17.51998
33.02038,-13.70579
33.70248,-70.14421
48.63732,-34.12777
54.83738,-55.08798
63.58604,-38.98278
69.55811,-22.23817
80.06346,-25.7134
82.60912,16.99723
85.44325,-25.86585
91.15472,77.06402
102.46384,28.37107
111.35994,-71.24635
117.99237,45.98335
137.33008,-9.69975
142.5148,34.22375
145.31696,-16.67427
149.25937,15.85848
151.64339,-32.85621
183.74364,-77.27494
193.66768,-17.52616
199.46631,-14.36124
202.56898,-10.05375
202.76085,11.36682
206.3638,-30.22722
207.80342,-6.1488
208.29173,17.33255
213.10744,-33.12352
238.08644,24.62656
239.49928,35.13567
242.20932,22.04262
247.75931,-4.45858
272.80621,61.18067
302.60947,12.64584
303.93152,-21.51628
307.71207,-24.19202
312.61679,28.16385
316.07727,-21.63935
328.89401,-55.77401
331.46451,26.63151
339.21417,19.47156
9.87633,23.07283
35.06632,23.46539
35.71855,8.73921
42.26766,35.91166
47.28772,22.87576
63.99656,10.99286
76.42048,4.48018
77.42236,19.81958
102.95383,32.61522
107.29836,-33.68943
140.32823,18.21359
163.6089,7.14275
164.7384,1.43698
166.85992,-4.59849
176.84215,35.01873
179.77351,58.34325
181.63892,22.2604
182.75858,59.11824
190.24408,11.1844
221.75824,-8.86228
231.5538,-30.20135
249.05301,25.93123
257.18784,42.28286
270.27084,29.00017
273.34399,79.65432
278.28067,42.97774
279.71637,-71.78918
295.00711,37.25234
298.66788,-12.68734
336.2305,9.51605
340.28467,-61.06528
348.55316,10.95765
355.69461,18.7068
356.92828,52.2253
357.87485,27.23624
359.38733,32.75916
16.77469,32.34813
20.29303,22.02958
32.80748,25.81084
83.90083,67.76262
84.65425,-63.59205
86.74539,-21.79966
92.79579,48.58542
99.34175,-9.11883
108.03736,41.78247
108.73906,-25.16988
117.9933,55.2948
120.33499,-9.06416
146.19112,-71.96638
152.56711,54.50176
153.51555,14.52419
153.79767,56.67201
158.23976,-40.41657
170.95406,37.08633
179.6859,28.28955
182.45958,54.00171
203.30525,33.10971
213.48218,26.3253
214.61948,-27.39195
221.41713,-49.34859
230.41806,8.41555
245.91908,9.70892
290.12497,-1.01281
303.50015,-13.22902
313.8775,-43.46251
319.68335,42.18299
325.29834,-16.75728
329.66959,-59.10181
341.92502,-8.89998
352.76407,-2.23049
353.8588,7.32214
358.47894,23.06891
0.6845,-53.74858
1.19095,-16.0306
12.46726,0.96319
19.071,53.88277
33.20414,-26.45954
34.20378,-74.40343
47.02242,-7.36621
51.63619,37.17644
51.92805,-17.00571
53.0034,39.62582
55.96855,0.61433
67.94869,-76.46825
77.39291,-14.12311
78.08906,16.51389
88.9362,85.91471
96.46079,43.64766
107.50211,34.44038
111.60092,-46.34925
127.76836,39.62273
135.15022,46.68636
137.20113,-8.29278
143.36783,-4.59208
149.21538,-15.39753
155.07967,-28.87384
160.2576,-11.44288
160.66548,-7.44548
162.25066,23.30165
164.28604,14.92509
179.51637,21.24791
180.86732,8.37018
185.75854,-13.22368
197.34387,-56.36687
226.00038,52.26325
230.37079,-10.14577
241.14725,33.32635
242.47227,13.52914
251.04506,39.78878
283.59763,24.65216
284.0528,-21.15763
294.35001,6.61269
314.57016,5.99958
325.91891,-52.11275
328.20132,-73.29398
356.7431,-38.62273
19.05168,33.06412
63.15276,-39.85427
63.28771,35.44308
79.8168,-61.14531
108.58223,36.13752
112.44227,19.11749
130.41154,-20.74416
140.64647,8.75359
155.91722,-37.93648
159.23988,-9.72254
162.08928,-14.79745
164.52003,-4.09406
187.92802,33.58742
193.81898,0.24693
195.3186,65.00562
200.48602,28.84431
207.47014,2.07923
209.1611,-12.58698
216.27803,2.0178
222.80162,-20.44075
232.39349,82.42182
232.48007,-40.38316
232.88173,-38.00736
273.9213,-44.49047
275.91592,62.2849
276.45102,-62.51109
290.7149,32.44221
298.32178,-27.03702
306.20105,15.08798
308.87256,-45.00429
315.16666,-28.86148
322.4841,-77.11415
324.03763,-60.68198
327.7424,-54.55217
329.41052,-34.13132
332.89975,10.89197
335.93756,11.83579
339.18408,5.9909
341.32953,-16.1011
344.90106,13.36984
354.79648,5.48444
0.21805,-35.84368
16.81091,-46.84398
21.85501,14.05446
40.26945,30.51057
47.4223,-4.58735
54.14171,72.09581
62.7013,6.2946
62.75113,-42.95307
78.90255,7.19876
86.17538,-70.13631
106.82982,-35.20932
135.64287,22.63203
140.28334,-10.75589
140.8223,40.20024
157.27116,27.69357
159.63867,-27.73747
162.62729,8.75962
166.34505,30.16148
167.38811,28.62765
180.9532,4.2218
181.42648,8.98947
185.55389,-32.78299
194.54202,32.01657
207.90958,-33.10104
221.81039,18.85863
230.14342,-41.91016
233.20763,28.03954
242.36462,-4.53135
246.24089,50.30355
249.7702,39.29081
252.25351,-16.21208
260.04254,-19.15414
275.38315,40.02741
280.53748,79.77142
282.32999,36.65239
290.1792,-38.51834
304.06314,19.56988
306.73419,-39.61616
312.64264,-56.94326
335.01355,-20.31482
336.2782,4.37081
337.11661,-24.46103
358.0842,39.31312
2.41618,-46.63547
22.39798,52.26874
42.9798,51.19479
67.24793,-9.11321
72.14025,11.79282
75.40135,-9.25281
82.28026,-39.42213
87.17233,55.09709
95.64907,55.50322
106.19587,37.07195
110.20696,23.36813
114.97999,75.42479
117.66979,23.49426
139.18085,53.51633
149.06935,37.6471
150.7065,-15.82034
157.61227,69.55975
165.91119,19.32871
169.37419,25.75245
188.53085,-26.28851
196.9912,28.71067
209.2811,5.25192
210.82274,-14.32991
221.88885,-19.3299
231.14742,19.80387
251.46623,44.63721
301.55646,73.66866
306.1792,-34.2045
311.13449,-36.00138
317.01511,-33.22211
317.35141,-1.96921
324.63885,-6.90392
344.50098,36.66937
0.24409,-33.61195
4.18654,-36.26332
15.73841,-60.8942
18.81075,40.95502
23.64561,-15.5044
25.27864,38.64709
55.23722,3.91603
66.75587,-12.05946
80.21406,-25.17637
85.1888,-75.2286
90.70016,-3.2871
93.79971,-25.22354
95.60538,-27.96954
107.36823,50.1525
112.79075,13.0596
117.2205,-69.79955
131.66637,13.21357
133.72922,-55.8915
161.12923,2.36636
176.49605,-17.25004
184.31009,-33.23249
209.49504,7.16162
211.21335,-32.67598
220.64104,37.45233
226.6189,46.3442
248.67334,46.39217
259.31766,38.89695
262.52008,37.21199
288.35791,47.70134
290.22705,-12.059
290.58484,81.01333
295.88651,-27.69994
301.06396,-8.94944
314.41714,-51.19616
322.08496,-21.7668
326.04285,-30.00267
337.20621,51.05579
345.63794,32.59432
350.11786,19.00922
355.87576,-26.0736
0.09212,53.29459
22.85383,-20.18893
23.73164,-2.81018
44.51408,35.25768
44.9977,3.37973
55.32226,26.67072
62.2394,27.19789
66.10008,9.55329
66.88756,-42.16523
73.13239,-50.45616
79.39738,6.59464
99.16795,-30.47843
99.95111,-37.94179
112.77596,57.93947
129.15076,25.13696
141.26952,-31.92679
148.81725,25.57552
153.69116,-0.33933
154.67302,-30.5337
158.95186,-43.90707
170.03932,-3.0569
172.08781,-37.67852
179.10477,49.86528
191.7861,87.78761
204.65952,57.31236
205.49586,0.60149
206.11833,35.19232
226.83551,-38.59511
231.31827,-1.81878
232.11568,-25.50082
232.20935,0.77718
239.18562,14.00484
243.44646,56.28046
246.13127,73.33694
247.84415,39.16782
261.88568,-2.45818
280.08838,-43.66362
288.47748,-63.89846
290.61124,-38.25293
293.8382,-33.28761
295.07181,-54.08688
302.47034,-35.25873
307.48569,-22.86489
312.57626,-18.34298
321.2211,32.4007
328.52838,-55.55844
335.08432,4.86995
29.6867,42.00358
33.92719,51.69735
42.6449,8.41142
47.12001,-23.61469
51.10977,-11.6695
56.41716,-56.76738
84.95697,62.79765
103.87881,46.87004
114.45612,46.39759
114.94328,-71.70346
114.97981,49.11763
115.0753,1.11919
122.46902,5.27934
128.95901,-72.6029
130.74071,64.61292
138.94127,10.14726
150.64313,34.93577
159.91142,5.17568
173.82283,78.79432
202.28035,-21.86214
205.28244,56.2239
206.01692,25.66348
216.68417,27.18942
222.20634,62.12086
223.07016,-36.44831
232.92587,7.2874
253.49203,-5.17151
265.55716,67.48421
290.56992,51.74866
316.01074,-68.2449
317.88638,11.33858
337.58469,-71.44434
338.45721,-3.23318
355.91525,-34.17636
0.32276,-53.00967
0.91935,-49.85781
17.06987,-46.75404
71.45685,-13.27622
76.88992,15.21586
84.41358,57.40715
93.04469,-59.49379
98.83131,-55.17097
106.33203,64.04079
106.5601,9.43482
117.75334,3.34454
121.74466,46.56293
125.02158,67.43616
149.30434,-34.19308
150.1123,-2.94725
159.37367,60.00289
164.30975,-38.72006
178.8528,33.12605
184.37625,77.27903
190.31035,-10.51206
214.19652,23.00234
221.09209,-29.75225
223.20166,7.94579
262.20023,17.70829
268.82278,66.5403
332.91281,-34.10524
337.41074,-50.16648
338.01627,-55.82169
340.89124,-23.63597
0.31536,36.96939
15.1895,-40.10553
21.05039,32.59387
21.34703,10.1824
40.2847,8.21658
42.66189,-9.53483
51.03835,1.90427
51.95167,38.8388
63.42915,-59.63053
71.83636,-5.13721
71.97728,-15.63764
75.95678,79.39056
86.01287,17.10369
109.42242,12.67448
117.60005,-53.09219
130.94514,-17.67945
134.24686,51.33187
139.4268,44.1007
139.74733,9.66441
154.94044,-50.04608
157.76871,11.09785
165.13315,29.69559
166.96124,-48.23477
169.44617,75.1562
179.43057,-14.58676
187.81235,14.1966
194.7774,-7.72773
196.73643,18.89825
199.71201,72.76556
200.2019,-33.20185
201.16682,32.56313
208.56419,-37.77589
221.14415,40.80442
221.35216,38.77989
221.71193,1.85185
221.77872,10.99957
222.77788,37.49483
233.21646,41.1915
242.9389,60.16469
243.20467,31.99312
247.18944,82.88907
251.18362,33.4758
263.72971,20.59373
283.79526,39.96636
314.60529,-15.46205
316.68906,-9.85832
325.23993,-16.71584
326.59308,-29.32251
330.91812,-48.93281
333.56839,-27.03937
333.79895,37.23319
348.16483,2.74808
350.16199,42.86538
354.67514,9.05728
2.93793,28.49899
6.80946,20.07222
14.033,-36.16353
37.6007,-17.29907
55.29165,15.48358
75.51339,9.61452
79.40218,9.7172
98.76109,-27.3922
107.53855,28.29437
111.38903,-51.03556
117.04572,28.2303
126.72751,7.4981
127.04694,8.15222
127.12233,30.83433
156.25388,17.29218
172.24849,-15.1258
173.03123,-16.52017
180.43713,20.32823
190.67607,-29.61997
195.05824,28.82814
195.17738,-69.79794
208.5303,-7.52053
218.03625,-27.07562
223.71068,-16.30569
246.55367,-0.6593
246.86926,54.69011
255.69536,-18.53532
258.36301,-79.55461
276.52988,3.02715
278.82126,-66.35787
316.97885,-2.72509
319.00494,35.95568
319.1351,64.0099
329.87119,15.27834
332.80014,-53.61667
1.64026,-50.5198
4.65935,7.51774
11.39955,55.2167
27.8762,-4.20114
65.754,-15.7388
67.47551,-13.3111
74.66026,-0.29109
80.48109,15.11597
82.38323,-19.54721
89.34182,-59.81208
101.1733,-65.57176
107.90575,23.86924
126.33112,-1.13475
136.57222,50.08928
140.82057,72.06361
144.51602,42.9743
156.14903,1.10988
170.90378,-42.01233
175.61502,-78.7383
190.86035,-42.93606
195.90485,-23.9186
197.71034,49.89255
251.32326,-75.59364
251.89067,-61.27144
264.73987,33.43058
272.34229,8.62384
289.19897,-25.20217
297.07352,-14.30783
301.88007,2.15585
309.56216,-33.67252
312.4357,-51.94958
314.80408,-27.38907
319.64182,13.8243
333.47574,-72.7804
352.42343,-21.29567
11.41755,55.19531
12.59045,-18.71149
13.8063,-26.32132
15.26133,-8.81122
16.06515,-42.85432
16.39426,31.97127
18.97465,-32.47746
20.17828,50.27555
21.38869,2.57935
46.49968,-66.07059
50.17575,41.404
51.39144,-39.45745
54.96586,39.25504
56.16208,-59.18658
57.21591,-18.97887
71.65556,0.6209
72.65614,6.00883
73.02327,23.44287
84.14352,59.92217
85.84727,74.93394
93.51816,52.08282
94.42543,-56.61092
96.16381,44.47942
126.18668,61.54335
131.36423,34.41929
131.75652,-23.61719
140.86151,-63.67918
144.9799,16.78496
163.75276,29.54325
165.48137,47.09485
168.6067,-7.2619
176.60818,34.85257
186.53482,20.33575
190.73976,-31.91162
193.61247,-14.70222
196.79759,-31.69902
205.35565,23.24743
209.78654,28.02267
210.75706,-5.99988
213.99516,-22.59065
229.2012,4.91124
230.16145,8.98974
241.09666,5.62048
243.11577,-62.65707
246.93831,38.40681
251.18805,-59.3217
274.52115,-73.6159
280.021,59.33397
283.67813,37.25386
301.8172,-11.31877
308.46622,-30.88859
316.98752,59.17976
340.06876,-17.70971
354.61243,4.80141
9.44107,37.40261
9.53035,-2.71792
38.00723,31.66019
40.76088,32.31258
43.11305,-30.77652
43.6325,11.1432
48.11176,68.00555
54.19796,3.9639
64.7167,20.32715
73.18553,-3.21591
74.35553,-57.0387
85.85395,11.30342
91.4867,-44.96638
91.67846,-43.73112
129.74704,26.13695
145.87419,9.42076
154.61282,24.45345
158.73787,4.83174
160.79378,-43.69129
167.00397,7.44232
169.40373,-3.17086
171.83633,-6.21038
180.8481,20.02209
185.12575,11.34087
187.34372,11.43383
191.49869,40.77479
191.68768,-8.79354
192.67032,-20.33502
192.72812,47.76448
196.67029,-41.01561
200.30347,-27.55709
206.29532,0.11929
214.92679,11.6246
216.15114,2.74514
224.09459,-69.50532
236.61134,-8.24395
246.50348,9.39726
254.9455,27.76758
267.66843,51.03441
271.51285,75.39514
278.97165,-56.98095
281.31622,31.99747
283.00137,55.72499
288.63528,-8.39435
300.11597,-58.86375
300.83167,-67.82685
308.76096,-44.52703
315.83319,-51.54745
317.93649,-9.15113
330.59036,-73.70228
334.25092,-52.52691
347.14148,5.35825
353.39465,4.46604
356.90775,-2.31667
3.8445,-24.05968
5.70776,6.81738
10.14213,-50.3991
13.78727,-1.04645
22.42496,44.10181
28.57636,-35.67371
31.23496,-63.40081
35.99881,-17.16722
48.37334,38.37996
56.9774,-4.70407
57.63957,6.99957
82.20628,-14.35622
95.2524,-72.59217
128.90141,70.61106
129.28513,45.16495
150.3772,-30.70873
155.85971,12.81569
161.76495,68.85041
164.59586,55.61798
174.87152,60.5462
177.67465,32.69726
185.52936,55.81909
187.77502,-33.40767
189.42831,-44.92971
193.14969,-21.91496
202.58815,73.79049
207.23608,-43.88498
223.8244,-6.04013
241.72324,-5.99359
247.66263,41.21054
249.37181,40.88008
252.93903,81.59169
262.41833,-70.22272
285.90085,-38.72198
288.3447,-21.29222
293.36902,62.08818
297.54056,-10.97304
297.82678,66.00582
301.89398,-18.60719
315.40308,-28.05654
317.39902,-4.30621
317.40747,-3.51175
323.409,-31.33497
327.18912,-31.80912
327.36856,17.72473
342.34744,40.23285
351.76981,-32.83881
20.37779,14.50493
34.57157,7.88363
35.83043,-16.86613
40.80776,37.81363
47.91486,35.37391
65.33335,0.8295
65.84772,-15.74434
68.41455,-7.96516
83.88583,-23.83217
97.36806,-27.25484
100.17166,-17.65213
103.95811,51.35147
104.48492,-25.58964
128.90056,29.44351
155.82825,22.39085
157.48701,-3.2511
160.64197,-71.28447
169.41794,32.92158
170.00258,36.1008
174.08853,-5.82238
174.64502,-42.01523
184.71205,7.86189
190.35245,12.17581
201.29652,57.60027
204.9601,-22.0254
211.28302,-17.5037
211.29034,-32.76425
216.18198,-25.10719
239.72246,-66.29847
239.84071,-33.08672
242.64505,-60.49667
246.06644,-9.61607
256.80154,-4.4529
299.12527,-63.21726
302.04776,-12.88576
319.71921,5.84964
330.28073,16.56393
340.23242,-27.19445
343.00613,-44.9524
345.75128,20.52882
357.49356,-26.85751
10.53067,-14.12279
18.19555,-30.9772
35.29704,86.87196
36.24037,43.5273
42.64982,-18.97289
44.84045,39.67477
77.17185,-18.20749
83.50292,-53.63525
87.43393,-30.2993
113.4111,24.72932
124.77264,56.53453
141.7014,-36.43574
164.58145,-34.84074
175.02884,-51.02354
175.91519,33.41747
176.66441,-44.18319
178.82004,17.48762
180.61313,8.93006
184.79195,-5.02014
197.26688,-17.35294
199.39716,-22.02981
201.67577,-31.48276
213.4245,12.50422
220.76047,-5.56809
241.41666,18.05575
242.59883,-62.74588
243.08617,4.60061
245.2036,-9.29554
245.62239,35.65577
253.21631,52.9636
254.68333,-1.66654
256.04279,9.10055
256.26169,-4.59601
279.53726,-36.43508
287.9408,-57.13435
314.77368,-54.47512
314.92416,-2.6474
325.74512,-18.82384
330.20557,43.5146
333.08496,-25.49177
341.88153,-71.25413
357.30264,-37.3351
0.39226,-36.31675
17.91666,40.93317
28.42301,-35.17935
32.65726,5.87005
34.08114,19.58638
36.73547,26.69627
67.14435,-28.14473
95.78361,-58.42996
98.96606,-46.66629
107.21058,64.43487
122.42207,-6.99538
135.86272,14.66893
142.02602,26.38315
158.13274,56.71359
171.21201,60.1333
180.48117,6.68442
182.41467,23.28938
182.57004,5.38607
202.01201,31.95876
205.15868,-33.99073
207.40472,11.09655
221.47574,-39.24912
234.13557,25.13792
235.94919,-27.78152
242.57056,29.12584
252.3501,26.58402
253.94173,-16.42598
258.59064,39.0709
281.46356,19.38637
290.17847,-72.22678
305.74408,19.31268
312.83029,-52.67813
315.44638,-32.78507
324.82208,-53.32476
334.27463,-26.64579
339.38425,-43.83931
341.57791,15.88444
353.92746,46.74779
355.99054,29.11534
6.58585,-33.41352
21.34951,31.49327
79.93706,4.65787
89.25847,-35.89034
90.92445,-45.30521
93.29528,46.49633
93.79536,-19.44431
108.47987,6.48035
113.87192,11.71792
147.4577,38.83814
149.8679,21.14127
171.32355,17.80848
180.32216,-20.50907
183.90446,27.01204
196.19986,-6.46024
225.33087,65.50172
229.53822,4.563
238.13045,-69.89629
241.12994,37.15953
248.64174,-10.47177
251.80659,53.56116
259.43396,40.6978
276.90759,17.01673
289.9772,-35.94166
339.76843,-45.50204
340.16803,40.91324
352.21518,50.00367
358.58722,-17.30582
1.38032,-30.58657
1.45626,-50.65804
5.16704,6.87318
5.18427,3.78718
9.80728,-22.10227
13.90317,-63.73631
29.99256,37.39228
41.8516,18.09516
59.07771,-0.73244
106.48199,-25.79252
124.84682,-57.22869
130.06468,56.04857
145.26704,34.73286
152.49525,-1.41606
164.162,0.07505
186.50102,-3.46529
193.23346,-15.34223
197.14308,21.04977
197.34666,51.51125
199.98477,30.11887
209.05464,-27.74956
210.7688,24.77366
222.45558,17.70644
223.05171,4.51054
228.3007,71.21113
230.4817,27.41475
276.21289,52.87864
276.85443,-38.8445
277.27078,6.55307
285.15775,-49.11145
292.0791,-32.81731
293.80551,57.8863
309.63196,25.94993
327.94739,3.01704
327.97665,42.90455
334.30331,-48.47359
340.85944,8.68501
350.19849,19.62496
6.78167,-0.84167
9.93799,-56.06549
13.06247,-27.32825
13.14784,11.79756
17.11945,49.42054
31.41785,-0.69493
34.56321,13.20438
48.64803,19.41492
68.30827,76.62866
104.91022,41.19365
106.87428,9.3591
109.91113,21.94274
117.53557,50.04524
121.6384,-51.25644
132.98645,64.23144
142.57245,26.64113
151.55624,14.70198
154.78926,-1.24099
154.89595,6.32638
156.70668,34.92053
158.56023,-27.65959
163.62463,34.76527
194.92502,43.75318
195.12143,26.67527
200.196,-14.22326
202.23149,-27.93857
203.58105,17.8481
210.15398,-19.28975
213.36716,-18.59654
234.42195,14.35425
242.44244,13.44864
249.09264,-14.28175
257.31415,-7.28108
265.79889,-5.63382
269.22495,62.12996
313.55267,10.54979
314.99371,-36.90264
317.31485,0.52351
329.83527,-56.43482
335.3667,-80.44813
354.17709,-62.81551
1.04418,8.36587
9.64269,-9.11283
10.01334,23.81169
16.91555,-17.23312
22.92272,-51.33728
31.60815,3.70598
36.05982,3.26855
36.34678,-7.84011
39.94076,47.22485
45.42259,-10.91167
48.10459,-53.07062
48.11785,41.16877
52.17967,16.21574
67.45345,-13.28948
78.79472,76.10764
80.08426,9.62229
91.63577,8.11702
112.74639,-51.85054
126.88319,2.88547
134.52417,12.99202
147.4227,0.62125
148.46928,-13.53545
157.24573,12.45095
158.62424,35.25665
159.8588,-23.75486
166.08057,-46.26829
166.47766,-25.58897
181.85547,16.88909
187.28001,-40.67339
189.59065,42.20547
190.89301,-29.19738
194.21785,26.48774
198.50191,-44.17766
201.86403,-27.49029
202.46114,12.34597
207.23653,74.25003
208.84476,-27.6861
210.6515,-53.0976
215.0495,-27.37189
218.69061,0.88866
225.2923,-43.11981
226.03076,-34.00129
238.48729,-36.87786
238.5954,-74.74837
242.66811,-7.85765
256.63986,18.0955
259.4422,29.28022
275.26361,-39.11203
276.99619,-43.75449
280.34558,-61.24539
285.00742,-63.83563
298.21021,-19.21812
312.11572,-48.69351
314.35901,7.46732
317.33923,-19.29953
350.68817,-3.66936
5.01407,-84.08699
6.05334,23.91466
9.21359,-28.36698
21.46226,-34.49065
25.11334,2.68179
31.52494,-30.23927
36.26313,17.08292
41.41764,-27.9283
51.00891,-3.75023
58.6585,34.8352
59.67485,6.60485
94.34729,66.53342
121.96467,45.91821
130.83905,10.72607
142.11102,21.36499
159.46672,-30.66879
167.73544,61.34731
177.46725,6.66774
179.80644,-47.2519
183.17943,61.97086
191.80997,-33.64378
192.98785,-15.05101
220.47746,-38.83037
238.77884,34.78229
243.84744,26.61801
245.28932,13.13597
245.35461,9.77236
254.35938,-63.48788
279.10098,10.31293
279.41284,-44.1151
291.21954,-50.68244
295.39224,-33.83422
301.19199,-57.67989
303.52869,-38.13032
348.63803,0.2359
349.16357,15.58786
349.68076,-27.13135
358.00925,-34.91217
5.1628,-25.59157
5.77489,-1.61139
6.35707,-74.67508
6.76901,36.95064
30.29013,-56.12595
37.16634,23.79646
38.09992,-53.33569
48.13906,19.34778
59.40464,-52.36414
65.99518,-0.82692
71.78515,-27.66728
73.39012,-20.38891
81.74776,-35.06303
94.39339,52.01623
103.51909,-47.84695
114.89842,-66.5431
121.27245,40.17452
121.32282,-53.57745
125.60326,25.50912
128.46925,-25.15322
129.06848,-3.54008
133.28786,-1.64853
137.69373,19.60996
139.25623,-28.73517
143.16753,-24.85863
144.2373,21.46546
153.27417,35.28201
160.68599,26.84372
170.36234,34.45269
177.06175,31.2167
183.77237,13.5948
191.21193,-4.43462
193.50462,-15.34151
199.31461,6.40167
201.57428,17.75739
202.35114,11.79707
210.46979,9.63041
212.79805,-28.99653
216.15247,4.55921
217.57718,48.06851
222.76462,55.52062
235.7401,-2.45767
263.90192,1.4644
267.42868,60.37178
273.26218,4.19556
283.22269,-54.34167
284.42154,37.9239
291.10938,-32.22404
312.24219,-18.29454
332.56171,36.65533
339.69058,-36.74414
349.90564,1.47872
351.95389,-47.38102
352.3519,9.78448
354.60422,53.7865
1.97308,12.00491
8.93525,5.2296
31.70192,31.90943
40.29459,28.58838
47.93096,43.38227
55.17694,-2.58398
67.02013,7.15264
67.68447,-53.98082
75.89268,4.68026
77.26303,-37.82593
88.09577,-25.86792
91.21812,-30.2124
92.02437,-23.08479
93.80294,-19.83208
94.13584,46.95729
97.76388,51.55713
99.6412,56.03041
127.47787,55.69305
145.61151,23.65399
148.06279,-9.73391
172.30057,27.55387
173.03854,-0.94257
173.87891,-25.14502
176.26555,26.82768
192.70706,77.31478
194.82407,37.04833
199.33244,20.6381
203.519,-17.62874
205.1241,42.99242
221.70908,13.8481
226.65067,9.64947
232.3575,5.08514
234.53722,-22.16448
239.20886,46.4146
244.29842,49.96447
251.58615,81.42834
252.13632,-72.37569
256.6188,52.24383
256.86063,-25.633
276.59271,-41.2648
281.16324,-65.26757
292.46304,-62.64411
322.24765,11.38259
339.6571,35.32557
346.83777,15.85291
351.63608,2.32008
354.10828,27.39839
4.36916,-3.23051
12.30942,12.14946
24.61868,-33.60804
36.67185,25.94433
37.09388,28.13509
54.15585,-39.79397
54.36401,-15.03916
63.35529,10.46529
71.155,-47.04665
76.74725,-14.46229
97.50813,-45.81752
110.86673,9.52581
113.65829,0.8438
118.32513,8.9217
122.70817,62.75761
134.29225,-26.23374
140.62311,-61.59031
156.95624,10.44174
156.98341,11.24573
170.03886,-14.66389
170.80344,51.18592
185.01859,75.49739
188.51291,43.416
193.41153,-8.91167
193.7056,-29.16546
228.39844,-48.47766
231.6011,20.67222
240.95328,67.21992
245.73582,-59.49434
247.3364,39.82046
251.50845,-25.65412
253.89026,-65.82842
261.94583,-62.03181
274.37363,18.90363
278.66211,32.5336
291.81207,39.86671
316.47916,-72.78899
322.13123,-27.39105
338.76794,41.25874
338.89648,-37.36653
9.57289,47.70854
27.13703,-16.01279
37.60004,28.58924
38.16372,0.61732
42.22266,21.71127
43.33971,6.53948
46.05846,44.69146
49.84046,40.41068
61.30357,5.58795
63.86909,-15.28354
64.34067,-4.11687
72.92063,72.30956
75.93649,-26.36727
80.05598,-29.184
80.06094,-45.94428
81.83518,-12.64709
98.5872,-31.63596
106.7037,-36.02931
108.73522,0.75908
117.80132,22.42283
125.17001,25.90532
127.25818,-75.1458
133.86604,42.02413
152.19928,-0.2698
165.07944,6.21635
173.91658,55.18272
175.62321,-15.23144
194.78302,27.85493
196.26282,-11.21356
204.05209,-49.90282
210.55426,-11.92991
214.51077,-19.3903
217.00462,11.69106
220.63603,4.43043
232.62141,-10.34716
243.67433,68.63345
249.98927,62.00499
268.54395,21.46793
271.64838,61.59393
273.03934,70.8615
278.29794,52.94875
283.41577,-32.15989
310.11816,-53.29065
314.44937,-23.25164
333.89258,-26.22322
339.50519,41.12675
356.32169,9.27104
359.98016,-27.23454
4.66257,-54.42121
11.42597,45.04913
12.47647,25.40715
30.76688,-59.21833
33.82022,33.77325
39.75179,-19.3258
41.69909,-0.57076
61.15898,-35.65917
117.96619,49.81433
119.3324,41.17522
137.41307,-9.72309
152.93642,-2.73154
171.97639,-1.22535
186.6368,31.43133
186.89963,-47.98071
187.5421,-26.25751
194.38252,-31.35015
199.17403,-19.44842
206.95857,37.75031
212.41661,-5.36569
214.4046,7.05496
215.95854,68.34079
221.79341,63.42415
221.85612,-22.40602
224.86424,25.58407
231.43593,-3.65806
239.11952,-31.6063
244.49127,13.9764
250.11307,-21.87937
265.53036,44.30619
282.28772,61.1406
300.76581,-13.31354
314.0336,15.36575
316.52274,-39.63092
337.06757,-16.39558
346.85535,22.80956
356.7883,15.59682
358.3429,29.2539
9.86917,21.22997
15.89104,8.57536
27.53996,43.50026
39.18423,35.32889
46.29921,-41.56761
48.31128,40.96239
54.28107,49.05235
63.07819,26.62909
81.34891,6.04715
94.83649,53.34841
95.07109,-57.53448
97.46251,-57.88343
109.41869,3.08819
110.20138,-36.75589
118.32398,27.46066
125.78043,10.59829
152.64561,6.16731
155.31474,-32.2725
166.83685,18.43352
166.99969,55.88078
167.61763,63.55055
169.97745,72.8825
177.65334,-7.60795
178.34274,-13.26486
181.07916,1.84844
184.94629,-21.56136
189.06206,-12.62232
190.18726,-5.30254
194.23788,12.36344
194.87244,27.85019
198.33417,6.93959
202.96133,44.15216
203.16393,-23.511
209.66066,7.21656
211.27354,-14.5751
211.5125,-40.7959
214.04265,-29.32251
233.28346,44.5357
233.64226,-16.62917
243.54343,-60.85031
246.20851,9.60704
268.24875,-75.14725
272.71313,87.61172
273.84036,46.99281
288.33582,47.77979
331.64444,-71.22324
338.39172,-10.18269
357.63766,2.07235
359.92099,46.84285
18.89555,-61.26016
23.0564,18.00739
46.7817,29.48382
46.91937,42.75812
50.08733,41.37373
62.43298,4.99414
75.05692,51.88749
86.19218,-14.05125
95.98235,-37.2238
100.9488,-51.48886
102.14079,-42.29718
108.64,55.25774
111.0217,37.95309
122.6792,46.54842
131.55409,48.3483
132.50554,19.0098
146.9388,9.13982
155.03696,-21.72191
178.94412,29.94145
184.11401,57.87724
188.20477,-47.49251
199.75461,43.24399
203.94997,-28.1116
204.42142,-15.10402
207.02563,-32.50927
207.40904,-6.10604
209.98683,-22.84338
224.51558,-35.93926
242.49471,56.62843
246.74054,3.24137
257.67935,-5.27601
263.57568,68.01913
267.54062,27.10994
290.34558,2.84277
292.49875,43.47471
298.84988,3.01886
301.12918,51.5406
310.81042,-30.35968
320.83755,-20.21512
322.30597,-0.29484
324.01779,33.62377
328.33444,25.51136
328.52719,-8.65008
329.8205,42.29291
338.96432,25.0225
342.84033,32.35045
347.13693,-64.34999
351.21152,36.19463
351.70062,35.22617
2.77646,2.67796
6.90686,-32.84015
8.94266,83.23294
9.59042,-22.3446
10.2547,46.47463
19.6981,82.09123
21.57389,-1.79339
41.52835,-7.63432
44.71277,6.37386
45.85277,6.76627
49.15511,16.36871
49.34852,-39.25797
52.38202,-17.77838
52.54726,43.00159
54.69338,-24.99935
57.97898,-43.94044
62.66706,-68.05348
65.34367,-5.16853
70.57285,-17.40878
75.5377,3.53055
89.91125,60.73354
91.3669,-67.11985
103.17654,47.1024
107.04996,-66.30147
124.58108,4.45157
131.93547,-61.66169
138.76472,29.27004
151.25684,-6.54748
159.68936,-70.3601
184.84624,5.79482
196.14714,39.97736
199.99466,42.6834
206.04388,-22.37067
210.77962,-23.19945
211.21944,21.63351
211.83698,-25.32545
213.62839,-10.70571
216.60956,-35.74386
223.33116,7.83346
223.94048,-39.76726
226.11008,23.41494
237.34846,71.17267
239.57269,22.67475
250.27597,-5.16777
253.57257,37.62233
254.63997,-5.26691
268.98132,11.62821
298.26672,-19.2256
304.14096,-3.1987
310.81647,-14.47753
330.78168,-62.19615
345.53314,25.66977
349.33435,18.73474
353.28998,21.2373
358.43713,-27.90313
22.67148,-3.94527
35.82681,19.34076
36.68901,26.13691
39.08458,54.76434
41.68346,21.22729
42.91272,-42.96632
59.09643,27.88895
66.07744,-27.72886
82.84099,-20.62917
92.2584,-19.54406
106.97819,20.51263
122.90323,76.42165
144.34546,-21.02517
175.62032,-8.34032
180.83542,16.51014
183.92226,8.1341
197.69142,-23.86575
205.25562,-10.7667
215.05515,72.52887
222.85141,6.80135
225.19112,-42.33241
230.50824,31.23306
238.97849,26.96635
243.44598,63.70908
245.0896,49.94355
256.76859,26.50294
257.26355,-6.95319
261.58923,-14.44832
261.78198,-1.1387
264.22226,68.17149
265.66302,19.48595
269.87592,-0.12976
275.68265,19.37653
275.86285,-40.26543
276.91602,49.71947
293.34323,-59.71952
319.6745,-45.00718
332.8667,1.93571
333.3028,-19.75902
342.60568,-37.54477
347.48203,-24.52558
358.02454,10.54262
359.73846,-2.24958
3.77466,-35.14381
17.19291,38.81686
17.50186,-61.46802
20.34071,-6.85616
21.09848,-51.52644
23.68121,-20.46393
27.43209,-34.83107
29.07062,1.05077
29.49959,4.39506
41.1693,-8.80091
44.95026,-78.65711
55.31607,42.2855
56.75583,-34.44067
59.43155,-16.85046
72.62424,-61.54355
80.87821,-78.06184
96.36314,-39.06722
100.86813,-41.32945
133.99023,57.67785
138.98991,23.47235
144.2993,21.66926
147.4328,-5.25948
149.65462,-47.08334
184.50937,50.4538
193.02258,60.5294
193.88254,-17.75602
194.06837,-18.39086
198.17661,4.72963
200.81285,-31.45992
205.83682,-19.85534
205.89386,34.91383
211.44754,-49.70789
214.30513,31.20264
214.55588,-3.12125
218.87416,-74.83827
241.71025,14.79757
247.29605,40.85744
249.49261,32.87243
249.55717,26.28183
250.16617,-17.20368
254.6252,25.39028
256.23471,21.00613
305.52649,54.85661
311.82285,-51.36594
316.94003,-39.45983
318.25079,59.74706
323.9567,-30.31032
337.03427,19.01695
338.78833,-14.87964
339.2821,14.23195
11.14889,-38.74617
21.7993,-22.76211
30.87978,-9.93334
32.03479,28.34356
43.69292,15.65786
74.04208,-19.29276
74.05568,27.09175
74.27133,19.22819
74.93363,5.32857
89.49427,-29.34999
129.10443,63.00544
130.20601,62.16458
150.95274,76.89123
156.18831,-20.29384
177.01384,46.17458
177.34859,26.74152
181.78862,53.67148
193.03749,27.47731
194.80704,27.40252
195.91795,-19.98506
200.70544,-33.44019
209.92368,25.01274
222.12453,-39.75457
227.54979,-2.24847
227.56943,6.89224
227.95152,46.25393
228.40968,7.07703
241.84137,10.36599
259.86981,40.92299
262.16663,-1.90639
262.22623,36.36526
262.4537,15.0791
265.19492,-80.00565
280.67401,35.62637
281.44531,-62.99863
288.69427,-41.08397
298.41644,-42.7174
315.03036,-35.19957
325.79504,-64.29878
327.92252,46.61916
348.7869,30.94663
350.56891,20.93779
352.57971,27.13366
1.71424,8.35129
11.13009,16.83947
14.22276,-12.48938
14.72354,29.04415
39.65444,52.41286
40.09889,-2.72832
40.19396,1.34315
43.98207,-16.71559
52.34497,-11.96226
55.54816,3.18857
63.41724,-61.52414
73.37171,63.85577
80.56843,-45.98716
96.76579,-25.63902
100.35661,63.19872
106.70621,-31.87122
107.6913,52.32326
115.68098,9.36856
137.40919,-13.16886
146.67751,6.68319
149.42014,45.25867
163.31474,72.08229
166.63013,-35.03818
173.35056,32.60291
180.57629,-29.51381
190.68822,27.11742
194.26793,-39.76694
201.92488,-52.35822
225.13614,49.17435
226.6971,56.29113
228.92374,-35.25858
239.11891,-36.89964
243.57042,3.9939
244.45242,-63.46154
249.08147,10.36539
316.54294,-24.34681
332.63513,-28.97445
334.05573,-59.41966
346.55072,8.01013
354.4375,26.50496
354.88428,-22.41332
16.64613,-20.33222
36.4452,43.46247
38.19902,4.79457
39.9775,-1.54269
48.66395,2.53729
53.02242,40.29451
54.00438,10.67743
66.1628,-44.05882
80.68234,-27.41654
84.23791,-10.21443
92.87708,-16.48573
105.59247,80.95309
105.70923,-36.54295
106.92321,35.0586
113.8775,2.26269
118.62863,5.01608
127.83829,-4.24737
134.11623,14.52678
143.36012,-25.85258
147.99825,69.68293
176.31543,19.39215
176.68814,70.65615
183.12646,45.68547
189.91287,7.1688
193.94888,-18.40401
203.20883,-3.08272
203.40915,13.23603
219.49858,-16.7347
264.98547,74.03423
317.32617,-27.18505
329.93945,-46.89292
336.66977,20.09211
339.66943,0.10092
343.93253,-42.24644
346.17548,44.54371
348.44394,-1.73009
348.92816,8.92762
349.37589,-42.78481
0.99599,8.36578
8.32653,-50.70583
11.72931,-35.97895
15.82552,14.03775
17.427,32.45139
19.1749,78.19609
42.99459,46.58851
52.54798,8.79333
57.2088,18.05452
57.78006,-3.12226
69.87798,-29.30289
84.57521,18.64202
92.00333,30.97821
93.78062,-50.79374
94.32843,-1.59609
107.04023,48.92949
111.68044,56.66714
114.05048,-70.7113
114.16509,53.19249
114.20583,15.20821
124.86173,-59.51843
132.4369,57.15648
145.45869,14.96673
168.35168,-4.09746
179.1902,52.50703
192.75723,28.92789
202.21376,-24.15174
206.44684,6.99638
209.52942,-0.39258
223.39719,42.44722
239.42824,-22.66183
240.27136,71.49443
240.93518,23.48213
241.1813,20.32374
242.40634,28.05188
242.64522,4.75461
253.04021,-28.07092
257.28021,-16.94549
257.53271,32.29412
277.26245,32.43276
295.01617,-36.23991
301.62146,-48.32867
313.12296,-55.92437
319.34171,60.73336
333.32004,47.59206
336.05264,29.12592
355.02908,-44.45978
17.24587,-6.14135
18.20769,-31.20055
32.81326,70.8371
37.66462,27.15886
41.89978,-21.09315
47.04512,-22.96019
48.11986,-35.588
48.62408,-58.09658
48.93818,8.5352
53.54393,-19.55831
69.17798,21.28786
83.1353,-49.90357
86.25735,-26.19451
94.3159,28.45337
117.94833,71.02675
120.63712,61.38823
120.81931,-10.28265
122.17386,11.09577
127.72075,-3.42745
137.08844,-64.70058
154.53325,-4.15083
171.32936,63.72928
174.1664,17.64347
178.7188,15.37465
193.70389,44.15557
200.976,-32.18206
224.34671,27.41629
225.56779,-22.2528
227.52232,9.72305
228.40074,8.08572
264.66583,38.7439
278.95526,50.31565
280.3667,64.00014
282.79468,39.94405
288.45166,60.18303
316.60721,-24.41267
343.88321,3.91794
348.92999,0.41705
350.46451,-47.93724
359.02646,52.05671
0.46787,40.33644
10.12117,6.39399
13.9432,0.64509
14.13619,-63.01976
16.09918,8.14674
28.10372,33.50749
30.06232,24.25277
30.24594,54.32773
33.99372,-0.71355
36.05846,17.06578
37.32641,38.3749
39.5871,-11.24687
44.42558,5.43222
47.80548,-2.40098
58.37112,11.74625
58.50135,-35.55725
63.9798,-36.891
82.31624,21.29843
86.37277,-27.77017
88.79466,-47.91098
91.22868,-54.22631
93.65999,46.0438
94.93631,-68.24853
119.56028,42.26895
124.2349,-7.25759
126.73849,-15.8483
139.74146,51.3697
148.32869,-25.07617
167.90962,-7.60714
168.20215,25.59742
171.35983,-53.29548
174.11006,70.15752
175.24701,-12.39816
181.03984,20.1847
195.06798,-17.02723
197.18796,4.16105
198.0406,11.23615
199.21486,7.72083
200.91118,-41.57827
204.12103,52.42032
213.63589,1.73156
213.88716,50.18105
214.2653,-46.69471
246.08081,4.5777
268.01773,-65.44453
269.03647,11.07867
271.28882,47.72517
279.82138,56.23672
293.30453,33.80492
294.77505,-0.06303
295.67181,42.83585
300.75568,59.84342
318.50482,82.08009
319.89395,-45.38475
321.93326,-70.75836
325.5809,-80.1966
1.32762,32.97748
5.18215,9.82002
27.95209,0.26388
34.09733,31.99948
41.10312,17.57739
42.54213,-0.8671
47.94222,5.29812
52.69654,-67.78496
63.98471,-57.64743
64.96599,-1.81448
65.44041,11.53358
68.05607,-19.24239
72.59464,-55.09292
84.87283,-45.49968
90.33917,-20.23353
100.19926,-17.4001
107.72887,55.15944
119.9679,5.60839
124.49669,47.38779
140.06404,39.94448
146.75418,-14.89874
149.07904,-36.18434
155.48698,-26.17797
158.04129,73.77094
165.98759,-15.16533
171.18681,23.61493
171.33054,-76.33251
172.55092,-13.38742
172.99083,-2.92176
175.66428,24.82271
177.97768,-47.02155
186.1461,1.89218
198.6274,-23.83245
206.71774,17.69856
212.12132,7.05799
228.32191,-18.13663
235.4976,-26.49413
240.47842,16.45453
241.16997,0.41222
247.08214,-9.57266
265.70941,-63.51906
271.48532,26.4912
302.91873,-20.82042
306.10632,-7.07209
310.74069,-6.83286
312.15326,25.05404
316.30551,24.39341
334.15674,8.21271
348.90771,18.59799
1.37146,32.5263
8.54106,-7.60209
15.48039,42.90048
17.7846,14.22282
29.44263,-1.20838
33.30889,-14.00753
39.15772,34.60752
51.87266,-36.75274
71.77687,-20.48109
107.84589,30.16785
123.09354,-21.53109
143.444,-16.23301
145.12524,40.08768
164.41379,27.49373
168.32054,76.92957
174.05502,-37.75619
174.09557,-24.01204
179.8694,34.8935
185.45055,-51.02254
188.29367,7.83414
193.77513,39.222
201.62807,59.72047
210.1376,-23.43529
224.82777,-41.9819
228.06847,30.5189
241.67284,-61.60093
243.43335,13.08562
250.27739,46.00397
251.94801,45.09514
253.12955,-58.90511
257.75235,56.93559
272.70569,53.8834
287.5535,-64.23319
299.55591,-70.45341
304.59467,-27.45479
307.53119,3.05165
314.32831,12.18715
315.30157,-18.02566
316.31885,-14.64208
322.6601,-73.41791
342.01837,-54.14615
2.07809,-59.51561
2.39934,-46.19194
12.80804,53.21972
16.83575,-33.30209
17.99532,17.27004
21.68329,17.26447
42.29348,-10.6801
42.87889,13.57496
43.58962,-13.9461
50.30194,-30.98107
54.40909,47.4001
54.4218,-26.76625
57.84223,-8.22427
61.25843,-58.98278
64.75608,9.3335
74.84665,-40.60745
85.80099,-40.47148
92.17065,74.84099
99.68568,-35.25837
110.39866,55.58741
113.25522,42.42508
118.56911,-3.91509
133.55566,-7.17159
136.46463,1.13056
140.23189,-9.7268
141.4845,49.42955
147.68973,22.75451
154.5751,-10.77936
159.24068,-17.66243
160.44821,4.98842
166.57246,22.88923
172.59242,-21.9871
180.51477,-37.04837
183.71439,23.9065
192.27893,-15.46598
196.34576,-30.10268
217.1221,-3.32386
228.35902,5.66146
242.85832,55.92993
255.99933,25.07886
261.9472,15.29215
267.36102,36.14523
271.98587,-58.71849
291.34558,-32.21837
303.31845,-24.75227
313.88995,-41.4045
316.5701,-25.57038
323.23892,-10.38171
326.23871,15.58057
328.86401,-47.05395
331.95972,-18.24585
351.15512,14.6425
352.87918,51.76999
0.68219,27.42926
0.9366,4.29811
4.27331,-6.37243
17.11223,-5.30602
23.42792,-43.50412
39.03489,-14.2163
40.78875,37.81168
41.18413,11.29486
41.71845,-6.39505
46.65763,-72.97137
47.79116,-25.32068
73.46677,29.81022
78.88813,20.09241
79.08179,-15.16129
101.8091,-38.03062
110.81192,37.3591
130.60052,-73.8797
143.39294,33.64857
157.60544,-35.56344
158.53621,19.7043
160.8792,-30.77229
165.42369,-45.74488
167.22714,2.67725
169.25229,-36.11538
174.78558,-23.30242
177.2988,-7.91974
182.36928,0.53329
192.19403,41.65456
195.02226,16.53748
200.52173,6.11483
204.70372,56.97926
216.51219,16.53465
223.13393,17.06274
224.24945,9.74273
231.10294,26.42661
246.49646,-9.73571
264.43155,-5.57047
275.90384,-71.19747
291.20245,44.00596
291.99078,73.47543
295.85068,39.94702
318.15359,-3.67102
320.69589,-37.61557
324.64667,-17.12206
326.48367,-12.30564
331.1608,8.81603
336.44882,38.5706
345.29004,23.48436
346.07907,46.53661
3.8618,16.23509
42.45872,22.75365
44.94952,35.66615
61.78093,34.43365
65.55899,83.31248
71.67116,-44.75836
73.84663,-18.38715
85.12304,-11.62613
85.14602,-26.3762
90.03564,-52.53444
94.56303,-35.19101
97.28221,-36.39502
104.34816,59.4441
106.72335,-22.75491
107.99458,5.56145
122.51688,17.26861
127.00932,47.28424
129.71117,36.5821
130.67288,-5.65686
138.59958,-25.99235
170.70746,-39.51627
175.408,37.992
176.40402,31.2996
190.97099,26.8633
203.59154,-8.27444
206.29213,35.21908
208.56094,-27.8477
208.6183,36.21899
212.79366,0.57879
230.06024,73.72811
237.08005,-61.71545
244.72139,50.43289
256.69382,35.65811
258.53775,58.81848
314.79251,-31.06621
332.83563,-44.88039
342.19284,-37.091
345.06033,18.58405
345.22507,7.10313
345.73557,8.57994
353.12485,14.81688
357.98242,16.55762
0.38729,-7.43614
7.90544,-7.32388
9.08724,45.66487
14.20598,-47.36591
24.79333,48.49542
31.32143,34.78874
31.69676,-37.28891
46.35177,24.67266
50.06743,47.55108
50.251,42.14231
51.04335,-26.52224
52.89759,-46.84057
55.17126,-1.61529
70.08852,-44.89025
76.15337,-19.87249
81.55471,-21.84691
90.27357,-26.186
95.58063,54.16039
101.46503,45.45614
102.24414,16.99275
109.84432,-36.87587
113.31455,55.04667
166.08823,-38.27665
169.09247,35.61243
172.36743,52.22554
175.22606,56.20223
182.25307,-46.31299
195.12506,-14.30429
205.42662,30.12537
218.09993,-29.63555
227.29004,-39.93999
230.50345,-6.10275
236.8197,66.19911
277.49133,-35.5147
288.54349,-27.64218
295.36102,-15.9228
298.07883,58.97763
317.36929,-38.21949
327.37918,-9.86254
327.64062,-20.33881
332.5318,11.27397
339.65817,-63.45245
341.15106,-33.96903
344.47565,-65.21969
1.62358,-31.95584
1.74331,-50.83873
2.93196,-28.93237
15.37191,-8.2192
21.0017,34.76896
49.36111,33.82984
70.57249,-18.40958
78.06121,75.91711
89.94469,-13.79776
90.64397,49.60318
99.78125,53.1378
110.71604,10.85153
117.5978,31.99009
147.08823,-34.22466
159.52956,-44.45315
168.84573,25.93967
169.25096,32.50642
182.61325,-30.08913
186.15016,55.28064
206.15681,-24.39559
211.56982,-3.61727
212.38994,-29.07455
217.08792,35.40567
230.16943,1.84674
230.72258,7.35204
241.77162,-11.43121
247.51146,43.82492
253.35378,2.58873
270.32416,39.70785
273.133,25.43538
293.27274,64.21399
295.61823,-11.78204
297.95697,-29.18248
305.01788,-58.93643
308.51474,-49.70839
316.36353,-69.90398
325.5575,-71.38268
325.77481,14.63192
338.13202,2.57133
340.11707,-0.24936
347.79175,-0.1522
348.18082,15.90325
1.53511,-50.64724
10.63914,-22.8663
14.77886,12.97325
20.3234,-0.59762
22.10718,-2.58777
23.09296,-7.87321
29.21869,-16.54204
35.41767,-33.8808
39.61874,44.88405
58.07803,-70.51944
61.91598,79.57403
79.79284,-37.04206
80.40217,15.38104
85.87617,-53.31932
102.27466,-59.73798
127.36533,55.01504
135.56537,3.17005
140.77042,-24.10464
143.60008,-14.49083
145.59998,63.16535
172.86546,-50.65209
175.37428,-37.16516
193.58138,-13.05763
197.01175,6.48122
202.33676,-26.67266
208.91116,4.98485
210.61308,-21.9949
211.37959,-22.23975
245.07765,18.46463
255.67705,34.06017
263.02444,73.8605
264.6001,5.71858
265.78754,67.54166
267.73303,-7.14253
270.14215,42.26675
276.20605,20.6333
288.52148,-29.67565
288.55203,-46.40825
290.41846,53.15615
298.96759,-40.52081
303.64227,13.0607
304.18399,-24.82517
315.2897,-26.70199
324.43823,-38.49256
326.74606,-43.89899
340.30792,18.79147
357.37961,-36.89952
1.18562,26.83246
14.69771,26.97755
16.26109,-46.38401
33.23256,50.31076
35.12083,29.15777
48.59235,34.10493
64.59092,18.04465
74.40791,-5.01226
74.87891,-76.16226
87.39342,-43.4671
101.68489,-43.12437
106.98377,13.21793
122.58517,7.93625
147.25894,47.03518
151.40234,-38.13787
156.58806,0.6849
158.49846,-27.33627
164.97672,9.36181
170.23187,-1.95356
171.99565,25.27245
180.86021,54.86862
185.4015,-41.43839
187.5275,-31.96613
187.97072,81.47471
194.67795,-73.1331
196.51657,50.24973
196.59261,-1.68106
198.86044,-2.67588
198.95032,10.00328
202.90236,-33.43496
203.60988,59.37374
210.53613,-6.85651
215.63527,39.58493
224.2023,-36.49277
237.06583,21.02467
246.53841,32.75234
253.62292,-5.46164
262.98087,28.40241
273.461,47.35412
279.15067,50.2043
295.05301,-55.96739
297.76358,53.6048
299.19089,-12.12591
308.45975,-29.8835
317.83746,-23.17374
327.71219,-0.84793
330.56229,-31.22012
344.85699,-47.89093
3.43061,-41.59076
22.12089,10.92217
30.44657,8.47677
30.92107,26.27691
31.63989,44.37701
37.10508,-32.08636
59.44424,-73.63343
63.53096,-13.15651
67.89689,-29.75381
78.56576,20.53602
85.70911,0.78562
91.39804,-55.4532
92.44087,-21.67324
120.94028,15.23972
126.04099,-7.74727
130.20264,28.58863
131.75781,10.01851
134.94389,-29.36811
143.00304,48.36295
144.89378,3.15831
148.26442,19.44253
155.01691,-37.99902
162.90607,-17.12475
164.46619,1.67771
179.28374,-46.22717
181.90874,1.57424
190.28993,18.50393
193.6635,-18.24007
196.04233,28.2479
198.61798,-39.75252
208.89148,-40.01671
225.40065,22.14566
226.69084,3.77265
230.59033,5.39146
240.1003,52.89951
241.51851,-18.7966
244.79004,-32.05207
244.82576,37.09526
246.99681,40.49729
260.09326,11.31775
263.13766,71.40287
299.28766,-11.36895
315.10901,16.86037
318.89371,-25.06452
353.2424,25.96096
356.63663,-23.24304
23.08952,-31.09229
44.43584,5.67208
51.68002,-0.76938
73.77324,-18.10444
83.78165,20.22831
97.79417,51.94794
104.89176,33.02409
108.32483,26.09381
109.68769,-77.65778
118.49171,-39.82587
123.02391,29.40442
131.39607,61.14981
136.08173,17.29231
159.69487,5.69701
162.30032,57.83731
175.6114,-36.90708
177.54422,-19.68598
180.05971,10.6968
186.4846,-3.97637
193.09637,7.09836
207.67291,40.27937
225.21362,-13.93538
228.70544,5.54842
233.82718,-69.54157
236.74466,-75.78744
238.61188,18.52553
240.42899,48.82787
241.2079,16.5844
242.88992,-60.76366
243.47293,-60.79702
244.23441,32.94389
259.90689,-1.01854
269.64728,13.34845
315.40256,-13.928
335.82803,5.53386
11.9895,18.86931
13.22802,-53.49348
17.75863,40.65288
19.54581,4.22616
19.80595,31.77391
20.8412,52.33961
23.85682,-72.16879
30.292,40.06721
37.37002,-33.24583
38.14868,-69.82046
48.22909,22.52196
56.39399,-54.52796
83.85075,-27.50183
90.38491,64.61858
101.97337,79.35397
105.78201,-36.69048
110.10512,42.71181
119.86875,26.88971
129.17871,12.08959
153.80577,-15.09277
160.29704,-73.36858
162.59096,-22.32172
165.28577,12.33314
175.98404,-33.22092
180.79451,-2.87602
182.01289,11.23844
204.21036,-6.11828
205.34407,5.04012
208.91913,25.15304
214.42699,7.47663
233.96628,6.05807
245.85349,10.35351
256.86227,39.15153
263.84424,6.24526
264.83383,40.87843
267.87582,55.15712
282.84158,-52.58984
282.87851,-29.58505
285.37808,-24.41965
303.46344,-9.66182
315.36176,1.95124
316.34686,-38.66005
322.28732,-39.53402
342.49686,53.14447
343.4202,-17.47888
344.73105,-7.61496
345.94,-8.44595
1.43082,-19.04259
10.72285,33.52271
10.79221,-9.86147
15.25233,13.46829
22.24839,30.90773
28.72941,35.87439
34.33935,-36.7518
35.99115,-50.97326
36.64301,37.40152
42.03366,-22.75483
46.835,4.39074
57.2595,-20.84166
57.69909,-7.0288
60.77039,-36.14279
72.0761,-54.92039
94.85927,63.29273
153.87709,14.04083
155.45717,13.44716
161.22572,-70.50733
173.16855,-33.63188
173.17989,-3.89629
188.10788,82.91884
194.14372,-5.13758
215.28639,-0.37791
217.68034,-27.45419
223.9839,-41.30442
224.52654,4.10104
228.30009,4.28337
228.50058,-21.524
238.39822,-67.58807
263.34372,34.17017
264.53882,58.7149
302.54999,-77.30898
304.1503,-39.18727
322.20685,25.02939
328.65521,-55.77438
342.71561,12.55931
350.67798,4.22098
355.94141,27.51161
0.22083,-43.39207
8.05058,31.41641
14.94645,-33.3727
17.48252,40.31608
30.49208,27.28841
33.38294,16.80984
44.14307,-13.79955
54.03284,36.67345
56.42227,-7.49984
56.4423,-12.28939
56.70085,-29.93929
68.37905,-13.37944
78.97364,7.16952
90.11567,9.56049
90.20241,51.77216
92.0572,-14.82365
92.44048,-41.64199
93.01963,45.66308
99.87643,37.76787
103.72336,-49.46688
129.96153,23.14334
132.17807,37.21859
140.09749,-3.99203
150.8694,-15.50126
153.36031,-35.10123
167.46451,24.26168
169.14418,29.2547
174.58437,-21.12513
178.73219,-42.0326
179.96167,39.6025
188.52866,-47.40815
191.55646,17.17024
196.90428,-48.71529
200.41902,31.3509
200.62991,-49.71843
201.87305,-38.17764
203.72366,-33.87771
212.55956,-6.82231
212.91264,-24.80006
223.61087,53.21738
224.36394,16.42215
234.57178,-25.24903
240.74168,-23.54268
245.52467,50.01684
260.8533,-14.81213
327.63043,-5.37521
330.60498,-35.79037
331.6586,-2.31303
332.99832,-17.58418
336.80273,-35.14045
338.79596,-52.39006
345.47641,7.49407
346.39877,19.20875
10.13066,-55.27378
14.4135,-5.08609
44.70084,36.36326
54.66668,7.66503
60.6337,60.34391
67.65675,-58.46117
70.48214,22.49921
71.67208,-44.75107
76.30293,-19.14281
79.29638,-71.87977
106.37278,-66.03001
128.94978,28.7532
129.58221,69.01995
137.4912,43.85122
139.10439,-17.35611
149.38112,36.0913
153.57687,-11.11168
173.49001,45.26667
174.45769,-32.17055
212.04735,5.81162
213.88312,18.52099
230.30768,-13.10062
234.24507,29.80891
237.08324,74.52505
239.63004,22.90207
247.28905,40.98767
265.63333,35.58295
269.20462,-81.94062
281.80896,-63.64896
290.47745,35.98036
296.93887,-79.19427
313.37634,21.61245
316.16245,-54.81853
318.64243,-75.23372
326.90408,-35.83471
327.76053,14.53303
331.32413,44.00775
342.85205,38.22811
346.63223,0.17249
3.92111,25.11209
7.74508,-7.2158
13.7387,-32.0211
20.28385,45.31009
22.17661,-51.41595
41.82874,15.38804
42.14867,-71.38912
42.45027,-52.38462
44.67539,36.32469
45.96947,27.71499
53.81461,41.33242
63.91637,13.82594
77.75185,-8.66808
95.47978,-64.81688
106.28214,42.2495
108.95966,2.22833
111.90349,-58.72443
116.3203,-3.12975
155.44827,56.93043
156.55727,27.88538
168.18527,-47.19292
171.46692,-35.31543
173.6906,-13.93569
182.54976,12.32564
195.70401,-18.1539
198.9807,-55.9124
205.56561,-41.93258
211.75163,28.45403
216.75955,39.95737
220.92369,23.01877
221.28285,-36.26102
243.94968,38.58141
260.06772,13.01766
281.76184,-78.53041
284.74252,45.79658
296.21768,-54.45665
296.75,50.84343
299.71362,-11.87956
316.51471,-26.17459
325.47287,31.85779
331.97867,-35.50541
340.80377,-1.56746
342.5202,-4.40571
346.36401,21.16198
10.12116,-10.30544
27.19423,81.13486
30.53429,-53.60264
32.41447,13.98313
40.48349,-10.11346
44.88185,35.94175
51.38262,40.70219
52.09482,47.42109
81.80399,-25.3834
89.10962,-34.10214
89.94737,-38.38824
91.78065,-44.94306
111.18902,54.57449
135.24982,-27.87745
138.71902,15.74227
144.14517,-21.22571
145.11269,48.33771
147.2251,-8.05094
149.99535,74.51759
170.00653,-1.68486
174.56186,31.6402
177.89528,22.05849
202.90048,23.314
210.9077,-33.60352
221.13045,19.46981
229.93443,44.32191
230.82741,-41.69176
236.44092,9.07971
256.21243,12.92486
262.61206,32.17818
264.44608,11.24808
265.68295,65.09553
271.92606,21.50666
278.61737,17.76874
282.03186,-53.54135
290.84177,-1.12352
312.13675,-30.26325
314.16904,-34.87132
321.30008,32.5191
336.0882,22.23303
348.68329,10.41786
348.72137,23.28292
350.9101,-19.00979
0.70653,4.40957
28.19351,-48.89122
41.88454,-11.98838
45.96855,-52.11775
48.77112,-54.81899
56.85466,-68.22047
59.19559,33.9334
68.83356,18.4918
72.83904,-33.93902
80.9056,19.24061
82.90865,7.84028
85.09122,-60.38799
90.08934,-57.93924
96.15918,-23.73183
102.78616,-73.8327
107.58229,17.18101
109.76798,-34.95938
116.70363,43.37485
122.52737,38.01707
123.39422,-12.01851
141.94153,23.93312
156.49576,-32.90347
160.71547,-45.85064
161.78812,58.08934
163.46747,23.54653
191.28294,-8.38473
191.86133,-10.39985
192.53677,-14.99881
203.89658,40.11114
204.16505,-35.25515
208.21533,-2.60842
210.22736,40.98838
212.24722,14.75826
212.32602,-46.94587
213.62126,35.84377
223.8584,-23.2804
232.63882,-0.80934
246.59135,40.91187
260.00003,24.92764
295.37479,-10.31817
297.22321,-64.76527
300.72775,64.89389
305.12796,77.13798
312.46152,-22.08065
331.92499,-47.37294
339.88223,-30.30636
346.82907,42.20124
11.56352,-7.39914
12.19766,-46.1512
47.29987,-3.91525
47.5042,42.9347
53.74183,-53.57796
63.5668,1.93515
63.73364,-13.19167
65.64149,-74.36243
86.39555,73.60903
92.53971,-34.10619
97.62594,-55.6382
99.63934,63.11967
113.52539,-64.90019
124.0174,-7.59998
144.89067,11.5108
151.90018,-2.52815
164.49057,10.90017
165.36336,-0.71832
167.31487,-70.25478
177.75616,21.79559
190.78188,12.05107
209.20479,25.91593
212.59547,16.33591
215.42395,17.75231
238.33385,54.7082
252.62991,41.81025
255.45447,79.0378
256.10413,9.19546
289.52158,-23.83387
318.36121,2.52317
318.74252,-1.74813
329.11652,-29.28695
329.97104,-84.97398
336.20908,38.82846
348.71808,-37.85545
349.16086,2.763
356.16473,-65.02862
358.52664,-2.53021
14.593,-36.66013
17.2797,17.3028
30.7381,-8.61064
35.60387,-34.42006
38.23257,-0.13127
47.84433,-10.68502
57.41631,-73.97956
60.86058,-51.82903
62.89022,-53.82236
69.1965,-33.5635
75.29826,-13.44558
80.41543,-14.66006
84.59253,52.10139
87.80475,-12.24497
95.85815,57.19747
102.35606,19.33875
103.29932,27.08016
107.8173,39.7077
120.31914,76.87949
130.66533,-84.50616
140.35091,19.5666
141.18103,48.28683
152.47528,-2.54638
156.55418,21.35217
164.40463,45.63449
170.3824,2.75177
173.68153,-37.21594
196.83398,-36.12708
197.98309,46.90721
200.0946,-4.30129
202.10304,6.75803
202.71758,-50.03112
204.38785,61.03065
205.7448,-31.88633
211.4919,-12.07259
215.24336,-22.75661
253.97591,-62.86572
258.84689,57.43287
265.00412,-59.59168
265.0094,-79.42163
266.21179,-60.89334
272.07584,50.02918
309.6261,7.41629
312.80249,57.44211
332.26218,30.80319
336.98636,-30.69836
345.10907,16.6892
0.10454,-26.0445
9.48952,-9.25258
30.48988,44.86021
43.35232,21.57217
68.22054,-13.37597
72.29678,-62.35971
93.89729,-47.18364
96.74586,-55.32089
98.86824,-33.63295
125.32272,-25.77506
139.22688,17.07753
149.02298,-4.51037
152.3779,-3.79509
156.28032,28.09473
161.59877,7.58458
166.97543,-6.72944
169.89854,12.07665
172.77612,3.13082
172.83763,55.11036
173.18033,-1.43298
182.46234,38.21856
187.41312,32.91262
188.67532,49.32458
203.55208,-32.97736
210.91908,-32.72386
216.80714,-30.93646
220.15202,-31.66341
221.05818,15.58239
224.82675,24.00025
246.17058,57.67804
246.91853,-71.85852
248.86722,35.83701
256.27863,52.70616
257.30057,40.92259
276.04382,-44.23026
279.38544,-66.72293
308.12564,3.07359
309.41177,-31.25475
324.44531,-37.52835
345.39371,8.51938
356.11923,-35.91716
357.06516,9.05319
357.40689,6.41958
359.49857,29.26204
4.85154,-40.74418
36.85253,-58.56312
55.04582,-5.91587
59.68469,27.76949
63.04522,-50.26215
70.92007,-57.65962
71.7329,-16.4376
79.81989,-10.99521
86.96971,-25.1496
93.64304,-58.65969
96.26357,76.45053
139.06514,30.82398
164.49718,40.82795
171.03096,34.66362
177.94171,38.01512
182.40973,-22.06147
193.40775,27.78425
198.51501,-37.79685
209.19313,-26.84114
212.54288,25.67359
218.22301,11.59488
227.10767,-31.55633
228.09192,3.39676
234.53984,-28.12373
277.84207,31.37902
282.7265,-62.62296
298.06235,-11.31147
305.54306,-51.71293
320.19482,-30.57817
328.68259,38.73192
339.79739,-17.34119
342.27536,-81.29569
349.49097,18.75216
1.83269,-7.74077
2.64863,-25.33535
14.21464,-1.27243
19.82329,20.78338
32.62874,52.29631
34.64591,-25.75662
42.64888,45.33519
53.80314,29.05421
62.86709,-59.60717
63.70919,1.76698
65.6112,18.32567
66.14455,-2.41903
68.8326,-29.13647
75.11296,-8.48418
75.68795,-25.53681
77.53851,-0.94636
82.43065,60.81305
83.64203,-35.66034
102.90398,15.37981
110.29944,55.04143
111.55463,18.74311
128.01479,24.01086
139.41368,-7.90769
140.29459,-29.91488
161.53195,18.94102
169.33957,25.43793
173.82574,57.68572
188.20007,37.62178
191.71344,0.29711
195.46083,-41.87543
201.06116,-23.34599
205.53493,45.95658
215.81987,-29.70135
218.28571,56.29186
223.17143,-38.95713
229.85278,4.57974
231.74878,72.22529
235.98778,-33.9343
240.23724,18.61477
241.54866,40.4123
249.76207,-6.42105
256.82367,-24.11082
258.42484,-10.95526
264.673,-49.23995
265.62988,-83.93638
270.95895,43.25822
310.64804,-43.75646
317.75079,1.93222
322.63773,-69.55159
333.20279,-13.06233
335.21555,-48.77476
345.18149,-37.33984
352.95139,24.73505
11.13387,-48.84756
23.91048,35.467
24.79773,54.34516
27.18226,32.95678
27.19999,32.55161
28.87272,36.56188
30.68298,-36.25079
35.15023,35.33384
44.14432,10.93131
45.8702,-9.67121
91.10686,-63.40274
113.44526,-50.7577
120.40402,18.88516
141.68068,-23.97355
165.29991,-6.66126
183.69061,13.32646
187.36472,31.44815
189.8882,10.96767
196.92831,24.81059
202.04182,46.67211
202.66881,-31.67212
205.41565,12.64988
212.03616,-24.15918
215.79201,6.15511
228.58495,8.28871
241.62483,15.60401
242.83745,-5.92569
248.95436,-66.47645
253.62804,19.77103
254.0296,-74.03629
255.46294,-25.486
259.09628,-10.01937
269.17941,65.26302
271.86554,78.02547
272.06705,51.36237
272.19833,48.84708
272.28516,-48.6347
300.51816,-39.01356
307.2182,-79.36483
313.64957,-18.92256
317.08771,-80.98918
318.79303,7.13852
322.54968,42.00794
352.61252,30.22189
352.78256,-21.45806
7.71692,11.04786
9.62327,1.71029
12.08961,46.77718
23.67377,-47.18297
25.00113,55.84964
25.26167,-14.31468
33.49025,-41.89119
36.03526,36.92018
42.64744,16.0571
44.13567,18.69648
48.95989,-58.57425
53.58506,-54.85755
64.6402,-40.86258
74.52357,5.86257
75.7193,23.05635
86.09487,-40.60616
87.52905,-58.26984
93.65439,-66.28478
95.5892,-6.68473
104.68178,28.38297
112.81108,16.84345
117.49975,30.74695
121.35798,40.17785
122.73561,25.68471
134.10095,51.87982
170.40802,4.62613
173.19525,-33.63586
179.44408,-17.02498
190.09943,29.80047
198.2549,-44.02873
207.32484,-38.44897
210.95552,5.74756
216.41757,-39.62216
219.55347,-52.74797
238.66882,39.78235
245.55087,-8.67868
247.47023,24.44384
260.44748,-0.9209
268.32654,-3.335
271.77853,26.14706
274.11456,-46.69124
291.65747,-17.27494
292.1073,-18.79714
293.85699,-25.50341
294.33304,-22.45415
306.90625,-66.90395
310.39612,-53.67706
315.92419,-35.06628
323.43118,-63.57757
334.70163,25.12939
347.3613,-31.27737
349.55191,4.18514
352.87027,32.48172
357.83701,49.07842
357.96844,29.26239
9.32663,79.26443
14.68715,12.74837
15.56928,-15.12686
25.31454,34.81147
28.94323,76.52212
36.39006,-8.42167
41.56135,39.35802
52.96849,2.2822
55.1716,-45.68911
61.31796,39.23363
69.89648,-45.72632
70.78701,0.7489
81.73893,-28.80625
87.07597,-45.49166
93.93875,52.31491
125.06276,-65.31362
136.36467,-18.52496
164.47321,-4.90494
164.90904,-15.52632
172.49197,52.18305
175.21095,-4.22336
177.19327,-27.37911
178.86815,34.96603
180.77959,51.67518
181.27289,-5.54482
185.23216,24.6689
187.2059,-29.62741
196.04424,78.38799
201.31674,-20.64968
215.46927,39.97913
217.89594,-38.82427
219.29607,-41.9728
222.06613,26.28465
227.13959,52.2961
232.56731,27.09742
233.78172,-39.18983
234.87646,70.39292
242.85661,-32.61996
253.35037,4.23627
253.77412,2.99397
273.77786,14.13762
283.72556,-46.86069
312.35696,33.34931
334.46497,40.31426
334.69992,-2.9736
338.24686,-26.8227
349.68134,9.38866
354.88147,-3.14909
358.37924,-0.74018
5.96575,36.35911
13.33443,-38.86037
14.43187,-37.562
18.70938,-58.67493
25.27443,-26.01764
26.59957,-47.46399
29.77501,-67.87014
31.22417,-52.11105
37.18618,37.79048
41.82782,-69.2038
45.23794,-48.4967
45.64043,2.19453
51.06174,-49.96558
52.1748,45.34284
57.48285,6.88491
71.77438,-50.05084
76.99875,-22.14439
85.44469,-44.62773
86.52279,-61.86195
101.87565,47.83791
119.19795,45.88788
120.79925,39.8858
122.30811,16.98768
127.6702,-19.71181
129.06335,-17.53546
134.80913,-29.55291
138.07727,37.68251
140.19272,-8.05615
151.99599,-33.96828
158.93152,-6.67165
162.94041,-41.86181
173.10486,-72.53956
186.96083,53.72487
196.61009,-37.77555
202.1041,-31.85776
213.07454,29.20259
216.74815,26.86395
230.09779,40.29316
230.15677,-7.01648
246.0722,-61.85678
247.33192,43.86337
255.72803,22.93
260.54779,-18.79495
262.43988,5.4895
307.97653,-1.50916
314.74774,31.32793
322.5766,-41.79588
338.70575,18.6385
6.81883,44.0542
7.37007,-4.04831
17.45613,-22.99557
20.54132,32.2159
20.90842,-32.13673
21.21945,-68.6002
22.27138,55.18143
29.46412,-55.05075
32.01469,20.35567
37.79588,35.23179
51.25998,-49.25592
53.17412,-75.62446
71.80584,-15.92314
75.71171,-80.86762
83.46588,0.11265
92.64881,-9.37452
105.3379,-38.07094
124.08278,43.44765
149.06073,36.42047
153.15802,22.29187
153.64896,-6.62988
160.83514,-75.59745
166.24635,4.29113
167.15846,1.87648
169.96887,54.46286
172.16939,-8.7985
178.90088,50.67583
194.1109,27.83062
218.68652,-15.92343
226.70653,26.5689
231.5148,3.81159
234.18143,3.81567
241.3911,17.59364
266.37201,58.20423
270.54358,62.74253
276.22366,28.72844
277.60117,-34.27381
304.18192,-35.68016
315.00522,-41.63126
317.06537,-36.97383
318.80948,2.19204
320.28897,-60.11532
337.845,-42.54896
342.86707,11.63196
350.97318,16.88002
358.6106,-1.9329
3.04844,-10.92814
9.80889,-53.11962
13.67845,21.52263
18.82123,16.41477
39.73871,35.60171
45.00026,6.77446
47.27326,47.30434
54.82234,15.8567
75.76769,0.25525
85.41445,-65.186
97.60982,-31.8257
109.56794,-36.59378
111.13993,55.6
114.89455,49.35612
118.93486,41.20388
128.86069,-25.80383
138.33699,-16.64284
150.32323,-34.18127
155.64337,-5.61884
168.82648,29.52745
180.65981,-25.03433
181.65985,-28.16899
191.11711,-3.00519
194.18156,-17.30786
197.67654,-31.54433
199.16422,62.6328
199.90361,3.03264
207.01875,-33.35065
212.36874,35.13728
213.95508,39.7979
214.521,-19.36399
217.58287,-36.67427
224.46172,25.51943
224.60286,8.53451
228.26411,-46.17922
229.16756,0.25052
233.46114,5.2737
243.54514,29.85173
243.98039,15.29604
246.64589,-9.02497
255.28299,-2.79595
256.1683,2.59544
282.10953,-57.18373
290.27261,-8.36694
292.81772,42.19885
296.15247,0.07699
309.40381,-27.5663
312.63586,-52.45576
328.7699,-9.58889
329.15308,47.13926
340.87732,-36.86516
342.08896,-58.34147
355.6886,8.48508
5.06996,27.46784
9.33839,29.14933
30.10983,2.6695
33.19385,0.21377
33.52483,-12.82015
36.07639,-2.72409
36.33345,-5.73842
37.64284,49.52779
42.70392,16.15979
47.77645,42.61512
52.50217,-46.09663
63.82994,-61.03424
69.76005,-2.35173
71.86608,69.3783
73.30138,4.7871
78.22776,2.20647
79.15905,19.06597
86.66822,61.18062
86.95004,-25.55508
105.08967,-77.49653
107.99744,-60.45294
120.58096,16.47296
132.24687,-8.36686
139.71262,20.16647
141.26978,-30.77801
141.81674,34.42709
154.73351,13.15753
156.8795,-1.32484
166.3412,38.23384
177.67641,10.52141
177.85172,32.56168
202.43123,-20.92028
208.8022,-36.31829
212.68646,-5.98843
217.72855,-32.49569
230.83389,8.61806
233.50107,6.90036
247.20924,39.83505
252.97517,-80.03008
255.68286,-23.22859
257.01175,22.12256
263.76141,-8.58014
269.8909,23.8814
300.77905,-83.09673
302.99664,-56.76091
315.034,-41.73534
339.67624,40.07269
343.43759,25.84439
353.50455,-29.87026
357.33945,9.67235
0.94479,-55.2386
15.11296,-51.23172
21.06232,-5.97931
21.34048,-18.16385
28.96863,-3.14443
33.40626,13.72812
38.10895,39.4076
41.72382,5.58935
50.096,-29.23228
66.81031,-30.55953
74.13245,-15.43768
82.14044,-59.75943
97.73822,-28.55532
101.82065,25.96569
110.15446,10.1485
134.10378,-5.67126
142.40694,14.72179
159.16098,35.05298
161.78566,-2.35889
167.46603,-14.97228
171.50665,-35.41656
174.48355,-49.25375
176.96652,-38.92234
177.52203,56.48104
180.98338,7.29651
187.55058,11.74488
205.43228,55.6738
206.12985,20.21082
215.67314,4.4058
223.53226,49.42919
259.46396,-70.55288
265.20715,4.28068
273.41156,-57.73255
284.00775,38.15814
301.43643,6.73657
310.315,-30.43863
310.77924,-56.14804
312.2215,-53.0396
320.84344,-34.68385
328.13297,-55.41289
332.05576,-43.86879
356.10208,9.16461
14.08802,39.82582
39.78923,18.36747
44.26926,-15.01299
44.4502,-14.88713
46.23272,77.90294
47.3208,-0.90665
47.74956,16.78812
54.30241,-31.99978
57.25195,15.85048
61.51225,-53.21806
62.10813,-31.00312
72.08849,-5.25213
80.536,-4.71136
106.15936,-70.53345
108.02216,28.06964
117.51836,34.47942
126.80631,11.28133
148.70421,-28.04761
168.82587,27.40134
181.38676,-30.16103
184.99742,-7.47508
187.90706,-3.99131
188.41695,-8.65747
194.94307,-37.52425
199.17152,67.68839
218.52614,59.1179
222.90898,-38.14706
223.69954,18.56441
230.73232,-1.35646
231.94246,4.88154
239.17329,-33.0386
239.71942,26.43851
243.7377,-6.04872
246.17563,30.76439
264.57425,13.80912
271.24762,45.46494
278.41498,32.13967
291.53745,-67.16068
292.27155,32.38318
296.57745,72.83598
298.82968,-1.9239
308.3609,19.09567
312.0773,-22.52481
312.70245,21.87372
320.74454,1.02672
337.10052,35.15339
338.28064,72.47859
347.56277,-10.79835
353.06555,-30.24864
16.48316,4.09022
27.73282,-40.48537
32.08664,-24.54764
36.43602,41.79942
53.65645,12.06481
55.04561,42.45683
57.81948,1.28248
59.35506,-5.42071
70.81108,-44.58105
80.45495,-17.21272
83.31935,-36.38373
84.45502,-30.59784
90.32845,-7.16653
96.44954,-53.40662
98.33479,63.47885
103.63406,-29.18464
105.3581,52.95038
110.94164,56.58179
128.16425,-5.90158
135.56018,14.5085
149.39127,-13.84951
163.88533,4.45344
165.03093,57.42847
167.04958,42.11969
170.70802,51.20766
174.53349,11.19632
175.88005,19.62789
215.78128,28.59505
216.8333,54.28889
216.93993,34.20895
219.09782,60.47128
219.78331,38.13427
243.11546,-9.28354
262.15628,57.14506
263.40433,70.8428
269.82971,36.42649
272.90274,74.20217
274.5679,-50.67382
282.72156,40.07963
286.66171,-22.31811
290.10156,-62.59164
315.56113,-38.00383
316.45294,-25.35702
317.69843,-23.37524
325.54379,2.65393
330.18454,75.72589
7.54474,-22.9927
8.4809,7.27909
11.89612,9.18366
21.85458,42.07045
24.32054,28.89048
47.93974,34.30525
50.85692,-2.04679
51.01054,-5.93443
54.58925,64.32307
61.7994,-10.22973
73.19751,-18.7744
75.65371,-44.75391
80.93616,-3.45389
88.15179,-17.78727
99.43536,67.84231
120.19604,29.74781
122.73766,56.76789
127.5256,-64.99577
129.03419,-18.90842
135.78209,-13.0311
138.68652,22.57637
152.33286,-16.65339
162.55936,-26.10438
162.89197,-71.85973
174.22601,19.9972
180.32944,56.57018
185.80862,-16.69249
196.05876,9.00657
199.58049,-4.31038
200.97507,-34.66058
209.82193,27.93495
221.07378,-43.96202
221.31581,37.30036
223.78748,-5.65742
229.47548,20.83807
231.95491,4.85682
240.40356,16.43126
244.90842,34.32293
247.09715,39.5703
257.81775,0.07275
282.35382,-43.99422
305.1442,-12.37357
316.88477,-25.6431
316.90118,12.32777
330.46658,0.31886
338.86664,1.47088
353.94739,-67.39697
356.09366,2.81436
0.07596,-47.48958
12.39389,-46.87438
22.61657,21.09071
24.34644,-9.27064
24.45553,-32.9102
30.41614,-7.1311
33.59826,7.86141
41.61867,35.41419
72.83213,15.24606
73.85104,-27.55148
93.65443,51.11698
102.7051,-28.92915
108.35648,23.61593
115.02972,-71.53723
132.88281,-24.92529
135.7567,16.86357
140.6228,47.26248
141.97392,57.3755
148.3277,34.76476
150.62836,0.30741
153.35963,38.65766
168.5849,-46.43011
174.30418,-11.55873
197.32957,-1.62248
201.4073,-32.75999
202.71545,10.93923
217.30078,12.861
228.0097,-13.62365
233.03561,4.74764
240.11427,-8.12602
246.52492,19.61498
276.85132,-77.07744
277.49796,82.41759
282.28314,52.16148
285.81421,-63.87419
286.27167,-58.95737
304.93091,-29.79518
318.61847,-30.05484
334.08664,-31.77722
345.5062,52.14877
350.45114,10.20415
355.85779,55.61802
13.80436,-24.04411
31.34925,51.98212
41.8451,39.59541
42.60135,44.42635
43.60784,-22.5035
59.71294,21.82557
67.81591,-4.95089
79.02361,5.5748
87.73646,-23.9685
108.37234,6.2457
111.43169,53.2291
119.16199,44.12803
129.79578,26.22058
139.90094,50.87952
142.18556,-23.19029
148.63023,-14.46465
154.99438,79.45193
158.64838,73.6669
174.86797,19.80369
186.22783,-15.60098
192.84171,27.4437
206.17303,40.46738
213.43626,26.58285
236.91513,-11.87114
238.5088,37.17141
242.46393,49.16669
267.18002,24.65211
290.39828,-17.15424
291.43109,-48.12145
318.6568,-26.55685
320.80411,-19.60666
323.50085,39.39189
332.21478,44.53984
332.45587,17.08927
334.68088,35.9334
355.96887,-8.03418
357.11749,27.04716
359.77737,6.87307
4.57936,38.22957
9.81546,6.68851
10.04502,22.71581
15.89381,52.42822
31.02453,-8.12515
37.32656,28.00158
41.08275,31.46217
44.81821,7.30522
48.05782,-25.20349
53.55545,-37.29352
54.87656,39.23799
66.82534,-6.71887
69.31233,-30.94138
73.08916,-62.57302
81.5486,-45.89337
81.76094,-76.35688
91.95338,-33.48787
92.8437,-36.57159
96.15723,44.20548
110.09766,32.36926
118.29321,8.95449
120.45335,-72.40423
133.35918,45.76945
134.64308,54.03685
138.36287,-10.00626
145.38011,-38.32026
149.10461,46.17079
149.14304,-13.26434
150.98761,-6.4965
161.50002,45.92783
165.14249,-7.53088
167.0116,-37.12626
170.79494,34.48971
185.64587,51.15486
188.53687,-0.35525
191.74284,-5.89755
194.7052,-46.90932
201.70729,-31.39578
203.53925,13.28075
203.68997,-11.93655
211.37314,-22.55281
213.21892,-7.08555
215.51556,71.84494
218.23224,24.283
222.2816,10.97992
225.89223,-22.10229
228.14268,7.76175
239.05444,71.00419
243.07343,28.42958
250.10368,14.64038
255.35118,81.68348
255.48366,28.38809
257.39499,27.9726
267.68274,-70.10764
269.13675,83.81146
276.40738,-39.95176
276.73877,56.08774
281.32849,49.9426
288.9426,43.44072
307.20947,-41.59262
312.12531,-39.39901
317.98734,30.6743
329.29034,-50.14262
331.19836,-20.20185
338.57172,-47.9174
354.51071,-22.97442
11.17328,69.9172
17.47113,50.85653
19.14151,-24.62614
20.81304,49.33902
27.00307,-62.86668
28.68294,-2.68366
36.03147,3.20627
37.68286,50.10608
41.99187,48.6706
50.22305,-9.81048
50.3927,40.72232
57.10415,-6.62602
61.21733,-51.74033
80.65026,51.37346
110.46454,-48.8038
110.59607,37.85216
148.24594,19.63206
152.83286,-0.02289
162.87465,46.74485
165.51607,-9.53488
167.2455,-4.57998
171.82967,59.62653
172.16631,9.09869
175.8127,21.70325
178.99107,63.66024
179.51111,-3.74344
181.1366,22.27478
191.68318,-26.03132
193.20856,80.32402
202.47163,-29.49179
204.88507,27.92875
221.05873,20.61398
221.83244,-6.45552
229.19057,-7.36884
236.08957,41.08641
237.18379,52.34295
248.7851,-81.82455
254.61467,59.11956
263.03314,56.87878
269.43433,57.49905
269.47208,52.09391
288.31149,-50.1829
318.83279,-23.10687
323.78073,-9.09068
333.07108,-62.72489
335.63181,2.77515
342.59521,-34.87656
343.7619,-3.15292
350.80304,52.29269
4.54284,-49.098
5.13731,-0.14637
11.60426,-14.43041
17.65885,30.43955
37.82965,21.14926
49.90536,41.48594
71.15598,-15.92325
71.69983,-16.06059
79.98254,57.66687
92.1282,-35.61251
94.52441,-34.46186
99.61532,-36.68868
112.78975,14.04127
115.65746,0.64607
116.17781,-53.42009
140.88603,33.75497
142.07434,29.706
153.9704,18.38447
155.21216,-17.3165
161.7408,-9.89282
162.84729,69.47612
170.32721,-1.73337
174.2276,-50.09597
175.60199,54.77416
179.6011,30.64955
185.98241,73.89327
190.65038,78.12236
194.47087,-20.69815
224.35542,19.59668
231.97092,29.00879
239.80527,-30.66854
240.46158,17.99566
248.87296,31.02002
264.3822,14.31913
269.80814,56.23177
291.37582,62.60883
301.00034,64.7319
314.59055,62.57304
321.99652,-33.90976
326.00769,-15.52153
329.23596,-11.65865
334.24835,-58.08321
2.89543,-83.88375
3.54225,34.16965
8.21948,-78.22407
12.67219,-4.19996
13.12591,51.95956
15.98449,-2.26233
19.02883,-76.42259
20.95931,-18.18432
26.97003,23.44702
36.42004,24.965
52.55702,-52.62509
69.27605,-65.63336
92.47574,76.66821
95.15675,-2.97918
108.30575,-32.88511
120.17379,62.50463
124.00569,58.33407
129.4088,-9.88061
138.18878,29.42162
149.42792,-5.10348
151.83403,10.36117
154.33315,-2.32945
160.63594,40.37685
164.81873,-27.81158
170.14215,46.8245
173.63304,-9.53345
176.83218,-50.73259
179.37079,5.08896
180.36642,-0.71842
181.75929,58.83311
190.37666,-11.36948
192.42278,-12.34735
195.14378,-76.8938
197.60802,-51.62271
202.00093,31.87127
203.74615,-15.42962
204.39606,-21.21625
204.48392,-13.16086
208.2216,37.6895
210.47404,-47.33079
217.56537,-34.23592
220.41988,18.55718
233.94321,7.94179
235.54646,27.60965
235.93176,-66.47406
247.09842,-9.58852
250.71913,-28.98475
251.72873,22.52139
260.19376,-1.04307
268.77246,-69.09971
291.22913,77.27822
297.63257,53.30869
300.49689,59.57019
309.44766,-3.18535
310.12335,-66.58921
312.86142,-44.88635
315.83276,-72.68788
318.66754,28.61042
323.15665,2.52798
349.92236,10.185
0.89954,10.60383
2.19391,-31.01105
5.05331,-49.67567
5.97218,53.34523
12.45756,24.45058
13.14339,-70.47139
16.22042,49.49813
23.74017,-24.42362
24.08441,17.8162
25.18087,-4.65214
27.75842,13.29655
32.514,27.05723
40.22611,-13.31356
41.10517,-9.73648
44.15771,22.16909
47.05291,42.44217
47.35983,-63.1394
68.88505,-13.55644
69.86845,19.34855
76.09319,-19.04025
95.41853,50.32642
96.48772,-54.46395
106.9586,10.09428
124.3567,-7.51263
141.9214,55.91737
142.13579,50.79365
174.12816,47.81715
175.05061,-3.53227
186.78737,5.88016
193.26465,49.87966
195.14113,-6.85309
205.3735,23.16687
211.49925,14.23657
218.93399,35.0761
220.7364,25.01647
222.29085,-2.29151
223.77902,-27.67589
238.386,18.8075
242.44987,30.14315
243.6985,-61.19522
250.47372,-23.69968
255.97168,-23.46489
258.05484,46.53545
260.5343,30.69381
266.09488,-65.47615
267.23029,-53.73051
267.47678,68.40715
267.60855,59.79318
268.46536,-3.02428
272.42676,1.6612
273.45071,57.06866
286.21405,50.66204
287.9191,-61.81633
290.65369,45.21843
294.61884,-51.78701
297.67245,4.30993
303.65686,-54.42199
316.9585,18.15269
320.83093,-64.29624
329.53821,-48.51383
339.26877,-39.1751
346.05817,26.93839
12.52393,-12.18431
14.26327,-13.24719
15.97392,-49.3706
20.74367,50.03354
28.24607,-16.66911
37.80324,43.35839
38.30811,24.10836
40.00783,-14.69784
43.31218,36.78041
52.06421,-74.25631
69.31955,-44.51992
78.60708,-28.03487
101.04527,35.77909
105.74448,36.84048
106.09589,-44.70787
106.20358,53.99435
106.37092,-49.12794
114.786,-8.01661
123.465,35.49285
144.63707,10.34175
148.78516,14.29142
150.21275,-65.10277
165.78795,-26.44315
176.45474,-44.2652
177.68295,-26.73828
183.9326,17.15489
191.27742,21.1695
194.9865,7.06855
198.05109,-56.74525
198.95622,56.80851
227.09952,20.51547
232.89473,25.2461
239.70955,-64.5416
242.66942,2.11102
257.95767,57.11091
260.67844,48.19279
265.91064,33.09688
266.7475,40.28369
267.66391,17.2093
280.20062,40.03354
299.4317,-30.71928
312.42899,-38.51496
314.33514,-33.89595
315.70569,-26.30891
318.14929,-39.12592
324.16684,-20.15687
324.62012,-54.4859
325.02374,-58.66891
325.99683,-56.62244
331.68298,9.35206
333.33868,38.99031
336.14841,-58.94821
338.38614,1.84923
356.94293,33.44361
357.07541,2.34229
358.6907,-28.05926
5.74574,-42.93411
14.48547,-9.52518
18.30587,8.86514
26.30067,-55.72767
26.80001,-66.10979
34.83809,52.0054
36.65242,0.64873
50.13744,41.5741
81.81662,8.27818
87.41569,-24.4239
88.79889,-51.69144
90.43131,11.15392
101.7619,40.02205
107.65328,-30.61798
118.92915,56.57807
119.17451,17.99124
127.09373,25.125
143.97876,48.1468
148.83159,-14.63206
152.86827,54.65282
158.45833,12.87845
174.06395,-70.80756
178.64645,23.88072
183.37418,21.34953
189.61632,-23.64021
203.3674,-37.8969
207.64911,28.14971
212.05736,53.88352
221.35966,19.4656
232.50067,82.42362
236.85963,10.28268
241.46301,-61.19562
242.98647,16.77802
243.60449,10.51491
258.46646,-23.05796
262.2771,-65.3872
277.99271,48.28146
278.51031,20.30397
302.19147,-56.2547
8.40726,53.54987
15.5499,26.99733
17.1992,-39.52497
44.68641,44.68383
55.04543,17.39666
67.49098,32.1543
77.51854,-14.94696
93.88365,-32.06664
108.12106,28.59569
120.46331,61.41314
123.24921,5.58904
125.77297,-7.97536
127.74658,39.83969
132.37671,42.27533
134.27821,-24.75038
145.94403,11.45634
148.15356,52.22178
160.10612,-27.88083
164.9772,-29.65205
165.89767,3.33733
167.65063,-41.91006
167.82483,11.55441
183.05569,-27.11284
185.86565,-24.51088
189.56937,-4.7751
195.63785,51.77336
196.42117,-20.91599
198.78516,-33.50396
200.71098,-27.65588
201.53725,79.2528
201.70581,-36.75647
201.99759,-24.2784
203.17274,-23.51069
206.47542,36.56591
211.81999,15.16653
212.7852,-27.02711
212.92517,-28.9994
222.1472,-24.9076
234.63966,13.34514
236.70471,18.06533
238.20721,-14.74054
244.52724,61.66138
246.40089,-3.17769
262.17728,73.47569
266.23575,-65.61284
277.23657,29.8429
277.69696,34.34716
280.11508,-53.36624
286.70343,-32.17707
287.25635,42.9535
293.83746,53.13424
298.53256,-31.91007
310.99768,53.24232
314.96332,-17.87263
319.52634,-46.30073
324.68585,-49.36086
330.08493,63.18271
330.77997,12.95006
335.16541,35.22227
339.38022,-55.41776
346.09595,-43.92225
20.75286,50.11416
40.43436,-16.97136
43.06822,47.15666
50.11282,35.95386
57.38552,46.994
57.5717,18.21594
62.06678,85.67772
78.547,-68.22018
84.75871,-30.29444
85.4557,64.48174
101.44301,46.04914
107.06271,-52.72565
109.64193,-42.86459
110.45909,38.76966
113.82687,-50.25002
120.17062,-72.5225
131.27374,40.55957
136.17151,46.58516
151.00734,38.6765
157.53061,-33.72607
166.66483,15.04093
167.42163,21.74042
192.36864,37.23022
202.15916,33.60518
204.31369,-48.3002
205.68181,-24.33593
214.21075,-25.81757
225.80421,49.85114
282.08142,-41.22304
282.25366,-48.52547
286.17841,60.48351
287.89273,31.05099
292.66687,66.79636
304.02863,-8.80232
322.74939,41.51114
324.20212,-14.80994
342.09109,53.01995
343.27563,-28.14036
345.86475,20.12163
357.74991,27.21906
4.47583,-68.69461
12.4573,-35.33422
14.91333,-8.88116
17.24861,-5.36097
28.55792,25.66039
29.19169,-25.17124
31.44014,56.14168
31.8281,-53.72935
37.39923,-48.63192
42.09174,13.93503
53.44879,-19.49204
64.17328,-13.16586
88.38905,-20.26684
97.87363,39.23343
118.99014,-59.86823
119.55775,8.15044
119.94705,25.35688
120.93543,35.3428
139.86377,33.79085
140.84276,22.63018
144.82191,36.56229
147.53896,33.56932
155.18251,-37.77957
161.04805,-9.05321
175.28459,31.10641
195.7567,-17.77305
196.45625,80.34283
199.94287,47.71552
201.27242,-0.90311
206.71246,14.41499
209.46912,23.09001
212.15103,-35.20329
218.18283,30.22473
226.06607,28.56975
240.60233,18.26628
248.50763,-27.59642
262.8512,-71.62998
274.49939,28.58908
277.22733,29.54293
290.53555,47.15504
290.61389,-9.14283
306.48734,-0.51886
314.4744,-54.80914
329.39401,16.64362
342.94675,43.88925
345.92938,13.92656
355.14005,27.24231
4.56317,53.94368
15.14557,-47.86767
19.83106,-16.64105
26.0313,-36.19084
26.23618,-22.91894
32.88987,13.91713
36.53783,27.294
37.47636,-11.11729
48.59062,-7.73057
48.69713,-84.47691
49.74655,-11.94661
71.93896,1.81927
77.7668,-13.3263
83.35448,-36.3404
86.24189,-46.89981
91.36463,-45.18017
97.83571,-22.37206
102.09129,-41.83847
108.52927,46.00579
109.98958,46.01615
124.35044,51.73203
129.53928,-6.91789
152.52571,13.08139
153.17883,39.37393
155.45963,15.71473
159.38628,-43.36901
160.42265,-27.42533
160.54585,30.7986
174.87978,7.76318
181.12617,-54.09267
185.15054,-21.28927
197.49229,-50.29066
199.96143,-20.99185
209.38158,-24.73889
217.62991,52.70717
221.67702,10.9817
226.30679,8.79661
233.08881,-12.39526
242.84831,52.45482
253.21359,-62.44019
259.6478,-18.44261
270.71606,48.89932
283.66791,64.83079
301.15527,-10.18242
312.2019,5.06861
312.22144,-22.05126
312.95132,73.94334
316.37149,-44.11153
325.73322,-30.13268
327.75293,15.46885
329.34747,-31.69255
330.4054,-15.91278
333.57401,6.28367
339.02811,22.62369
351.14084,54.83265
358.88995,-9.65475
1.09369,51.67496
11.06659,-28.63233
15.76265,27.45944
22.00607,-4.12819
23.24541,-10.45186
27.73807,-34.53841
28.92951,33.90836
31.24018,21.11717
40.85818,31.47089
41.08685,-16.65575
59.22623,0.22537
62.06299,-65.86147
70.28195,-44.26295
81.28349,0.3464
81.36899,65.36497
87.40159,-67.12987
98.63507,20.12612
108.58467,73.47342
114.23004,19.37512
131.93724,14.12078
156.03574,16.74188
157.14142,-50.39194
164.31691,66.75301
170.26784,-46.49067
171.70316,-30.49725
184.01115,14.18939
192.13214,30.22766
201.10606,30.95932
208.37347,-43.69538
209.10957,-27.20231
216.87225,-33.19384
220.12244,3.43278
225.22894,8.5823
227.37314,-37.8033
227.83714,11.39858
232.30138,29.63961
243.30418,17.80794
244.65953,-7.08932
254.13829,-6.92265
263.20535,56.90124
263.69092,58.93748
266.59683,-83.72852
271.93646,46.77164
274.95206,-69.19735
280.5629,24.89757
291.53323,33.10855
300.30518,-18.94952
307.3764,-41.43821
315.37604,-27.49584
324.58353,-21.31836
326.14871,-6.15623
350.24011,42.77196
358.97366,12.19002
9.42647,-14.17957
13.97722,-60.85969
18.21449,-18.13086
21.04318,28.60646
38.33963,21.73642
42.45113,-31.13615
48.12375,68.01479
66.59056,-20.71791
76.06532,8.63768
95.30823,-65.01602
112.00341,41.91875
140.81644,-34.44486
147.8501,-27.01112
156.72743,-0.54146
157.90096,-38.11296
161.35336,39.17495
170.72028,-40.84463
177.59583,-20.49162
189.7003,32.09167
191.05156,-34.15231
193.17059,-41.2297
195.21352,52.56746
195.58969,28.2308
196.74577,22.73745
196.78398,-33.86452
205.05556,-35.67525
219.82433,-32.65689
225.09917,-37.36212
230.79034,-39.58011
241.14267,16.48061
246.95963,40.9375
255.61504,27.27176
258.08411,40.47346
260.37762,44.46681
260.46045,51.54776
267.32874,63.75883
286.98615,-55.29742
294.87811,-35.43187
310.14368,-26.40504
312.68741,-37.73912
326.56845,-47.96633
345.48224,52.16434
347.26715,18.55826
1.49825,-53.27662
35.66492,-51.10092
41.03579,37.52911
41.80563,16.53304
42.69437,-34.81326
43.9198,36.07931
63.0632,-6.70313
65.64972,-0.96275
68.0609,1.7266
75.36833,6.01913
80.06658,-24.83405
88.07924,-34.34766
96.42387,-11.77121
99.84352,21.81657
107.51869,-83.92683
110.31426,63.65058
122.52946,57.83688
149.04936,-9.46908
149.45435,51.82119
160.87659,10.97797
171.84967,-35.07262
173.95007,63.49251
180.2933,14.10451
186.60054,-13.67972
188.13542,48.47221
194.63063,-30.11261
197.92227,-5.43995
197.92929,-30.56243
201.74309,32.53655
219.6765,30.46598
219.74667,51.12062
224.23631,-22.43258
228.56725,-4.43278
230.34572,-41.54496
246.52055,17.34503
271.68707,17.72039
301.64243,-38.49444
315.68552,30.56177
320.65857,-19.4743
322.34735,-38.10658
326.18729,-18.78403
327.69568,-61.76413
351.47125,27.00745
1.45807,17.35343
2.62913,10.97485
5.75271,38.20225
10.48713,-32.97026
15.27596,-4.60522
18.24594,40.02135
23.72408,-17.86119
24.52352,-73.61595
35.32723,27.73619
36.43515,-29.61584
40.81233,-3.87114
54.68411,39.11219
61.25324,76.79432
67.9064,-31.47233
80.57584,17.87436
86.23408,-25.92111
93.1807,47.51423
100.33706,-45.86235
110.80377,37.45915
111.28944,3.2413
112.67889,55.5358
135.96391,-56.29651
141.4816,24.13894
146.61369,17.53312
148.52361,-12.66722
149.62189,-25.09633
150.50507,-15.28177
150.9045,-15.11453
151.63481,-39.71933
166.49585,58.94603
166.72052,-10.21912
169.28542,46.94616
172.54831,-11.54333
174.8891,-36.61531
194.35553,-39.80449
198.73393,-13.52813
227.23557,52.44594
236.68697,-42.34104
248.73889,-62.45354
261.79105,44.40175
268.50781,21.39955
302.37189,-21.30708
309.97552,-21.6038
312.63373,-30.38154
314.29297,-7.90698
316.87845,-39.49759
320.22684,-48.70524
332.13351,45.13908
347.01529,10.98403
350.1423,-36.26537
7.85879,6.20675
9.85097,-67.10088
15.43093,44.06692
17.69699,-45.75656
21.78708,-20.03662
25.55688,27.67393
33.78471,35.9447
34.63114,-6.60357
52.97849,-54.88826
56.61659,39.99329
59.45597,-71.94653
61.37659,4.4454
67.27605,-48.0299
74.80394,8.82814
79.24664,0.92208
85.42978,-26.79916
92.43182,-45.38454
136.06241,17.42456
141.7975,23.0344
181.65327,78.04246
195.99225,-31.48094
198.11105,-2.45675
226.29536,5.05076
236.20935,22.85598
247.68842,26.09522
248.08249,40.57508
255.41631,-5.73731
257.5679,32.24017
270.23816,-63.18398
277.05185,33.18996
290.33835,-53.5986
302.57501,-34.0117
304.36569,16.24027
315.78711,12.95738
318.94043,-42.42712
334.09698,-10.10601
340.3653,-65.15563
342.16992,27.61105
343.33102,5.27894
351.91617,22.75891
356.92395,-35.13815
3.11122,-27.46962
16.10521,-0.18735
35.9816,27.49281
37.23056,28.15125
47.46128,-11.97427
49.40332,5.63566
64.73433,-2.55612
81.00457,-28.2398
91.14893,-65.22514
106.85622,18.50907
113.67918,54.82592
126.06805,41.95334
141.94879,59.1357
148.11104,-69.25094
149.78769,50.98797
151.15338,-16.25994
155.72331,24.60635
159.86012,-26.9717
166.34962,-2.52828
168.50038,72.91154
169.46364,33.66182
172.16115,57.66505
172.66614,18.44375
192.09233,-17.02144
201.39745,-13.13853
221.68152,42.30726
237.97121,4.32928
246.2222,18.38713
247.32465,-8.7985
251.56497,-14.8682
260.92224,52.01109
262.23724,71.34263
282.89157,-41.20002
289.80588,-47.7613
294.79166,41.5443
300.05035,-38.18613
306.0957,-51.4768
308.57205,-26.54819
315.75854,-32.44426
317.95047,-19.75085
335.19043,-55.1026
350.77228,10.61762
352.71469,44.30991
355.59085,-36.41512
9.80748,-8.39434
16.18369,-46.9362
26.75528,77.96813
29.98895,-2.79634
33.95905,23.38585
46.66027,-0.50996
47.13993,27.23817
48.71493,-41.14943
49.90607,41.63284
52.8385,14.38492
53.52795,-38.99247
78.03491,-14.57923
83.39839,5.58428
86.41429,58.59941
104.71894,9.10255
108.40217,17.30563
146.22353,22.8852
167.50929,21.98209
168.82819,38.50755
169.38054,53.52237
176.52574,19.79024
177.44037,50.52702
181.1882,31.15943
184.78998,11.7101
188.56706,27.86227
193.49861,-72.04541
193.66675,43.87007
194.0825,27.75107
194.6768,-32.40733
197.65111,-45.21794
216.38748,15.95845
223.77258,80.87193
231.75638,48.61324
233.00473,25.57163
235.15518,20.56242
248.38461,23.31209
256.03638,31.48389
262.056,-66.86449
273.22211,-59.73462
307.12521,-19.00036
317.48288,-70.23556
319.59103,40.67329
324.60754,-82.05048
327.12268,29.39651
337.07632,-30.26852
337.99484,-25.36039
340.15625,17.89378
343.12814,-46.6958
349.81512,-22.65053
27.28504,13.96319
41.36251,45.96834
54.83925,-9.61862
67.21983,-60.60722
70.267,-11.88226
74.64431,-22.6324
90.04025,54.76566
91.12116,-36.45721
91.45241,41.87898
95.83433,-13.25538
108.8466,54.9871
109.29134,-36.4356
127.79234,-4.22125
129.35983,-55.58885
133.51895,29.05347
135.04448,-11.73661
137.23076,-9.67935
138.31635,-27.78983
138.64503,29.82528
149.83752,1.29786
162.71703,1.16534
165.64844,-47.71459
171.46898,60.47967
174.39981,20.16391
176.41859,-18.45413
178.14432,37.80074
182.10258,-43.98527
218.05222,45.91648
220.09943,6.3072
235.12692,-75.37801
248.93192,26.514
255.83517,-20.53029
266.22409,27.85224
266.44821,60.89746
280.03943,-68.98299
289.07385,23.86811
292.05298,-29.67374
293.92114,-61.23
320.90289,-11.04346
338.77948,-69.67413
339.95599,38.21542
346.56711,27.70659
352.78543,17.4783
356.95419,7.44305
1.42663,-46.31918
6.34487,30.06739
7.51872,38.32815
34.86377,-50.85295
36.10192,81.79292
38.09259,8.85902
42.43302,-31.15823
43.76813,47.28021
46.51956,-5.88964
51.79506,46.94342
56.57841,-9.6478
74.33054,-28.49168
76.22344,-19.64642
78.10717,17.92982
78.18907,6.26806
78.56213,4.92959
94.20169,-26.53349
104.12721,27.95234
120.01678,23.43785
136.14244,41.39784
158.97325,-6.92674
170.36838,34.54423
175.7323,-36.28942
179.8504,-46.52139
204.38776,-29.85036
211.32994,-32.8515
212.93263,-34.41893
221.65408,31.69919
222.97968,60.74829
230.91333,8.75903
236.032,22.73717
241.11745,14.78247
243.3291,62.1041
245.4032,58.69854
279.66785,-70.12566
289.14703,-46.69128
294.02444,36.56534
327.97134,-27.42163
328.51755,-57.86758
336.18109,-13.68578
341.32605,-25.88055
359.97498,46.88516
9.01585,-26.09145
21.62855,34.67548
25.37912,-46.21453
31.41537,39.83941
37.03249,-67.16624
37.17162,-10.68786
40.50822,42.54705
45.10657,-51.84696
54.63663,-4.12313
55.00064,40.55363
75.22838,1.37251
75.39371,19.20872
83.1867,-11.84461
108.68569,54.97229
111.20216,-66.32433
113.05832,25.90633
120.22424,39.41047
120.57601,32.6022
120.76215,-59.36852
154.45264,14.99667
154.61591,-6.31177
166.65556,46.03882
170.93193,-20.72974
180.8856,-34.44219
182.31763,5.59241
185.41159,15.74519
195.76167,49.67844
200.20578,-4.62776
201.60905,-25.40632
203.11293,-22.87159
208.06364,40.14915
210.78198,-34.15534
216.50961,8.11131
239.19287,-11.51483
239.51781,15.31672
243.21164,-60.64335
251.12808,19.94071
263.39774,5.00604
269.28241,43.76379
274.43387,38.30434
281.45416,14.09986
310.58084,-52.83887
315.57074,15.13176
318.83008,-72.37001
327.97922,-15.62664
337.71835,-13.63467
351.80438,-69.1107
351.85645,26.58544
352.73245,-27.67048
357.63266,-6.99954
359.6622,22.44897
0.49125,21.62112
22.49335,-4.70432
27.35325,13.36888
34.54959,51.47031
36.66081,37.13623
38.85199,19.94121
62.40441,-42.55756
65.95361,-47.0557
76.09358,23.59213
78.09068,-19.16298
78.3026,-43.76045
79.42574,0.23305
85.57716,-47.94267
87.20495,1.45398
119.16888,16.92016
126.62534,-2.37873
136.20161,-9.11841
150.1833,-38.19863
163.42438,15.22155
164.08215,43.75488
166.57153,-41.615
174.85011,-72.65392
181.41565,-46.83539
184.00008,12.68721
193.41324,-14.24909
201.64943,-31.72856
204.11638,-17.2678
207.87297,-18.2296
213.47385,20.97902
238.00031,-13.39421
241.14214,12.24597
267.98221,-65.60167
282.6268,-63.01288
310.13373,-51.14448
314.61163,-42.6501
314.74994,31.41129
315.77704,-13.5419
322.04324,65.64492
322.73059,4.54063
331.34018,-7.41937
332.4631,-57.27121
333.54901,-36.69524
336.34198,25.37939
336.82928,40.09732
342.03857,31.95318
344.20093,43.19217
353.04315,3.208
358.32812,3.71786
2.01257,-52.25093
4.33008,17.42894
12.90631,-34.88651
16.84744,-32.82903
18.23022,3.6383
23.8556,-68.11608
25.39218,-2.40161
30.7402,19.15639
31.28389,-21.77866
40.969,6.6521
42.36828,22.93478
67.30705,-18.12268
82.02755,61.6723
87.02589,-34.80339
119.31178,-5.20338
128.07013,11.84684
131.28767,54.97823
145.17924,13.3269
169.69304,-17.85986
170.63254,-7.05284
175.24155,-10.54681
177.85518,35.20394
193.0148,51.68
200.52258,-37.61087
205.09322,-39.26703
208.09512,2.34579
210.55077,4.58575
215.99362,-30.01871
216.87801,13.23627
242.80998,24.22493
248.71829,40.19481
255.98151,24.78003
256.32928,51.59931
257.24777,62.89794
258.45657,-9.16209
264.07172,22.89316
271.16287,41.51126
284.37158,-48.9465
295.70929,61.61002
298.53928,-66.01151
332.24918,-35.14779
337.46136,78.93316
340.48309,20.26147
348.56619,-29.1998
352.83368,8.77406
355.29324,47.80566
356.1315,12.70102
10.04429,1.54845
22.22222,-15.77203
41.70827,36.97899
44.94104,17.07488
47.60032,20.25405
54.47812,10.04309
61.24691,16.37706
76.2019,-14.70896
90.19814,-64.93433
92.93702,-18.47095
124.11786,23.81081
126.51814,45.96754
130.70197,45.64078
135.46353,32.62321
135.83253,29.1297
140.16948,15.10096
150.52901,11.48965
155.13373,-2.47311
157.35268,-3.74606
162.69661,6.09846
166.13087,3.71885
167.78986,39.59779
182.26485,32.66868
187.91084,27.49556
195.03339,28.0785
222.73096,27.57861
222.97739,5.32617
223.88242,-70.23368
227.20023,30.17049
229.52556,42.74577
231.6062,66.0925
239.4765,41.93718
243.74767,50.34118
244.47884,-61.21624
246.00034,-6.9732
247.23918,51.92929
248.94821,60.3006
253.34033,23.44953
266.53128,35.56939
267.457,7.44591
282.01462,-29.86194
311.85663,-66.21848
316.50485,-39.67579
321.83804,-29.63566
323.20737,-22.85699
351.76886,32.29016
355.81589,70.32064
356.90955,27.52009
0.43328,-30.4189
3.77141,-11.81573
4.15521,6.63418
6.94263,-36.6973
23.1056,17.9906
47.99753,-4.89128
49.94012,-0.07715
53.43301,36.27938
57.00701,-42.78598
76.40156,-24.33148
89.11636,82.82003
90.38959,-39.08638
90.57201,-39.94293
96.22528,50.9547
99.51527,69.82932
100.55467,-61.07077
103.43493,14.22917
108.8334,26.08898
114.81382,62.2508
115.51261,-59.08109
138.51537,-30.36424
141.36774,23.60852
145.70006,16.44869
147.02165,0.75448
173.1835,61.82684
178.01379,-46.0456
180.56163,-74.53291
183.83183,-15.66585
188.75816,1.79854
190.99043,1.72722
192.02124,26.64606
194.42247,31.27526
195.16483,-23.87138
199.35933,-33.9267
206.53549,18.01341
217.72025,3.26902
223.5639,-29.336
227.73137,-44.27295
238.63678,-25.81605
243.68771,-60.92662
244.49382,-59.26027
245.44196,25.8206
248.60263,-17.20706
251.36006,18.20846
271.88586,-81.99309
272.9021,-50.9878
282.37555,73.32618
285.10202,-37.28493
304.086,-0.36935
304.12946,-44.70912
330.33029,-52.35017
335.97537,-30.01298
347.72568,36.04057
348.80005,-44.73672
0.53939,2.94105
3.24707,-6.77316
16.5084,-6.21047
18.56142,-14.55593
21.27273,-68.62605
23.00775,-41.68995
26.15974,38.20277
32.27909,-82.89764
38.34579,39.66993
39.38794,13.17226
39.9048,10.84367
42.03157,-22.20657
45.55474,29.14125
51.50235,-55.70422
56.48059,-57.19659
66.52296,35.20881
92.83356,52.53064
97.20087,24.54275
98.99226,22.67641
103.59267,14.9928
104.50351,12.59349
110.46353,2.5388
126.92941,-13.467
138.0666,55.69272
147.46518,-13.95472
157.88634,-9.29737
158.93912,20.04616
171.9352,-9.16553
174.54176,-23.42887
175.57362,-11.86786
176.16345,-18.93647
181.62396,27.94985
182.73448,31.65764
194.83328,30.02495
195.9248,-16.2931
195.98888,5.69664
206.5061,-33.74391
220.07487,5.94279
239.35526,-21.99656
243.19386,4.5981
247.58481,8.62883
259.80682,49.97679
268.67062,14.44425
271.03693,0.70619
320.34137,29.45344
325.30829,-30.51219
325.77411,-7.0685
327.02222,-53.99477
329.86612,-29.19485
331.8017,-29.83747
333.75256,5.30299
333.93152,-62.95091
336.29449,42.71875
337.23599,-63.23789
347.39346,15.65474
350.71799,-1.00025
358.86829,30.25244
0.83896,-50.08049
17.83837,27.9286
22.0122,-67.84351
32.44825,-11.62981
41.31284,46.81699
60.76454,15.25171
64.99751,-50.36692
92.98368,-44.17081
96.79259,-39.99784
97.94675,-17.62148
108.65407,-25.29033
109.68775,-45.06759
111.05029,6.29039
124.54511,-12.71006
126.33186,39.31553
147.04904,-6.48854
159.69318,-68.76215
164.19043,-46.37377
171.98973,-1.21117
172.95993,-27.1508
177.79985,-43.20187
179.57283,-46.52379
183.70558,33.01975
193.85835,-33.79921
194.26607,-36.10135
194.3799,26.51194
198.07356,26.68613
199.28551,-18.54358
202.37447,-12.48555
210.10999,17.85924
215.12704,10.43221
222.89302,10.7347
225.17162,-72.02772
252.69537,-27.42249
254.88969,-17.77316
265.93671,57.39499
269.42297,3.08779
271.62143,-69.5312
277.68433,-35.43711
287.53278,-17.78476
294.69327,-33.40874
296.80109,49.39235
300.28287,-23.87257
307.64362,-25.77599
319.9873,-43.45452
322.49039,3.11242
338.89105,18.56468
346.21732,-43.82315
351.94217,-47.76147
357.17383,2.23975
0.56705,6.01064
1.03048,8.37332
5.38112,47.33349
14.67212,12.69307
19.2847,-61.46464
22.60333,17.51146
32.90554,35.1302
35.91969,14.45173
40.31187,35.25919
46.05209,-1.19281
49.61168,45.29648
70.51052,-57.51191
72.4416,67.3643
77.33961,23.12669
91.8243,-53.14702
92.90153,-19.40099
95.11653,-22.57594
116.28727,-54.0807
116.4109,18.12669
142.22917,-29.67219
148.45515,9.1938
148.57396,23.28746
151.09985,12.43191
156.89168,34.06805
162.89763,47.95207
175.992,20.80647
180.44318,-52.93512
184.92204,28.82555
194.70747,-17.84971
204.74922,-32.6013
205.59718,29.84787
214.93045,28.87396
239.58165,4.45152
242.42332,58.14006
249.18761,1.67993
249.9425,37.08921
268.4494,-54.03902
312.802,-50.75179
312.80368,4.36552
322.87305,64.46974
332.96509,26.14924
346.69278,19.12209
354.15466,9.90758
356.35651,-23.77303
357.46344,28.91506
13.7745,-18.74259
40.16224,-21.00229
40.77036,14.00193
41.54118,-8.31284
83.38708,-77.47482
103.96964,-78.88144
116.15097,-1.09634
139.86554,49.17279
140.09766,54.9421
148.49516,-31.30221
155.40692,-4.31291
164.55432,1.60691
168.04924,-39.89152
168.91786,-12.28617
175.22069,-10.72358
176.16612,-39.12203
187.64511,-23.60024
200.90065,37.13962
203.46938,-33.01425
211.31975,-30.6376
217.87112,16.58515
219.8029,15.87739
221.03873,8.6445
225.16087,-21.71798
225.23727,34.56445
233.2422,44.54494
241.79993,27.6489
254.10403,54.98228
262.29102,86.78607
264.53784,34.94818
268.52179,-57.64262
272.17261,78.0245
287.51974,-50.85359
288.61829,41.8769
293.11197,-13.74356
300.621,7.71774
300.89612,-50.0867
302.51163,-27.59988
305.80392,66.80858
321.97229,-11.3067
327.70377,34.86884
336.45981,17.6693
340.14029,33.46645
344.31476,-10.94999
352.90268,-27.20005
1.24256,-60.02625
1.38683,-6.64286
9.25509,52.4462
9.7926,-8.3971
24.40722,77.06538
28.13571,36.11517
38.16335,4.36269
41.178,-12.14017
44.01376,11.27955
46.89672,-22.521
69.09682,-16.82556
70.56443,-49.61476
104.31527,25.03326
114.34612,17.78067
117.54752,34.4153
119.76751,59.13671
140.1992,15.11792
143.52911,67.43101
156.76918,69.33188
158.80487,44.59372
161.73785,37.50058
162.21925,0.85317
169.93318,13.96395
173.16495,-16.12144
192.11969,42.29765
197.49814,30.03973
205.92589,-39.32935
216.39658,-27.31484
218.40987,-31.85403
219.59775,-35.59235
220.11691,14.82723
226.20563,-27.45271
226.33792,-32.88657
227.81673,7.48946
228.28448,4.49718
233.89717,13.81123
246.32974,32.45271
288.88431,42.90985
294.85626,-1.6049
297.04733,66.78156
307.92078,64.81839
312.0184,-53.02437
317.23822,15.24702
320.09613,-4.63301
321.54434,15.62635
323.41852,-36.93947
328.46585,-36.28582
332.17648,41.85819
346.80829,-15.22417
353.19482,-5.5969
355.70364,31.91786
358.8176,-1.42327
359.84241,1.87577
0.39929,-27.57649
30.90454,15.74679
35.36564,18.31387
36.30918,24.86567
45.7868,35.6458
59.60236,-52.14089
66.18212,75.07563
74.70318,-21.69241
75.12916,-22.30789
96.38929,-34.55537
96.92077,-54.59272
100.96735,-41.2881
102.41521,25.66823
109.06066,-36.34421
114.32305,19.72588
116.11036,29.26941
119.97733,24.01131
128.7999,5.30813
134.00897,-25.29634
139.5791,33.55693
140.20378,40.66438
147.62726,-33.7072
157.1004,59.76415
181.11766,8.89243
182.67444,13.33127
190.55405,-0.09886
193.52301,27.06864
199.6389,-70.18649
206.21378,23.0218
210.46764,8.78581
211.83694,-27.0113
214.35425,8.04996
215.90038,26.0619
237.18285,17.8628
239.22873,34.78796
242.89615,16.6328
251.63469,65.48766
268.17679,-75.43333
277.8299,31.6146
290.84631,74.06818
301.31454,-22.29125
334.06503,-9.33315
338.75314,13.46608
341.39597,-8.76624
351.95715,15.11929
353.87399,11.25443
0.46241,-69.19435
16.88372,2.18304
19.0234,-0.01488
34.50145,31.88181
41.62775,-18.77182
44.86129,-39.67713
45.49988,-23.82395
55.31199,15.25361
55.8107,15.47979
75.43076,27.09398
83.8908,1.78387
84.83851,-39.44217
107.93237,55.99555
132.11081,-22.00445
138.42238,-26.34683
139.11964,52.82024
144.87404,-34.85364
145.04025,-19.91976
155.15942,24.31692
156.75229,17.81685
167.04256,28.53078
214.11267,-31.68497
228.12296,-21.87796
237.81657,-5.98954
237.90369,23.79007
240.80884,17.36735
251.46788,5.34682
253.59906,23.56631
255.71515,36.66844
271.46979,34.01716
292.43939,36.22513
298.60416,-47.04145
300.23361,-18.8315
316.72913,39.92421
328.1637,-84.92348
337.10898,-22.02435
341.50635,19.54256
345.6102,45.11126
356.88254,-28.10711
359.54156,33.72386
16.74253,32.30846
24.28043,4.88525
33.36745,4.74756
45.25801,46.29877
46.89769,42.22425
50.50395,-1.05386
59.42744,6.30002
67.18971,-28.32812
76.02773,-57.44979
89.51648,54.38573
92.09501,41.18492
111.57218,-2.24645
122.98516,56.97898
123.92401,-23.06543
124.3215,58.05663
124.77305,68.20223
129.59401,4.35594
134.05356,-3.2431
138.29822,-14.79242
147.37206,8.25034
154.5139,-3.7948
157.98883,-18.77593
163.24753,10.21074
165.89796,-1.39171
167.85078,28.7306
186.49147,10.05373
194.92816,38.81129
199.1306,-13.6646
200.69632,32.62333
206.03934,-28.0237
206.11028,-43.8459
206.59235,-3.41827
212.80392,-7.57032
221.58369,10.52269
243.9256,19.63754
257.73236,-4.90895
257.74634,-4.56004
273.9313,60.62955
285.88486,-41.19518
290.72357,40.4886
309.5311,80.99277
309.61636,-44.05151
330.18582,6.38693
333.33844,38.83094
333.41684,-73.03146
333.60083,15.37661
334.77631,24.59821
0.96595,-12.10255
6.19238,-19.9755
11.49283,-44.57737
19.0445,-45.97311
37.94452,9.77627
40.31384,-5.78985
47.41893,-7.29068
51.26749,2.89667
52.59067,-62.9721
62.10807,-13.9851
80.05093,-24.40509
108.5761,-50.78738
122.26643,11.3539
127.72044,39.84653
130.56361,40.42573
145.05894,-18.95524
147.32222,44.02584
150.5639,33.85717
155.52917,21.33511
156.79243,42.86937
157.82545,57.40123
158.07051,12.05605
159.80476,12.192
161.09578,30.72478
165.15395,-41.94204
172.09959,-34.01
179.77278,24.98904
182.92184,-6.17011
185.97226,-21.40045
199.17467,21.97981
204.5975,-9.31101
209.86644,-47.77486
213.37593,-30.48675
220.57495,25.50931
222.48907,0.55822
226.41109,-33.85114
229.82864,-29.9943
233.03264,49.12489
235.25406,4.29774
244.39587,50.24459
251.19682,-13.04115
255.97099,31.49907
259.76315,-75.11209
265.90472,86.46929
294.88547,61.87435
297.17819,64.53961
301.18649,58.83212
304.55457,-45.70148
314.14874,-3.37314
328.06458,-44.05536
335.44846,25.3203
336.59949,39.41399
345.30789,10.59774
353.42233,-29.94781
2.0428,27.00424
2.73827,-35.20819
27.48585,-27.81887
40.34115,-18.94924
46.34602,19.37434
64.10949,-79.43485
67.12859,-17.65649
73.08551,-19.53029
92.02311,-23.99185
101.08748,43.7378
102.45377,65.60969
102.52618,20.23418
103.35805,62.93323
112.17587,18.34708
128.29236,49.66824
140.83818,25.02437
144.30089,36.62016
145.86316,73.2684
150.6181,53.86576
160.58121,6.20132
165.04665,9.59277
166.34967,38.02022
170.79988,24.56553
177.01938,60.89734
180.67378,-31.60474
190.55278,-2.14729
193.34407,-22.68785
202.67712,32.547
206.88838,-50.88682
213.26715,42.00529
215.63866,13.71716
225.46794,17.70786
230.55994,26.38455
231.90587,-28.36116
231.93501,28.9185
232.35893,82.58394
239.60991,18.03958
243.26215,61.86021
251.90198,8.75294
255.26123,-11.01331
257.27307,40.59943
264.56793,13.08578
268.57822,18.94847
290.88336,-65.50667
294.12259,-20.07712
294.81885,0.32222
312.28171,-29.6883
320.72391,-19.89724
324.28491,0.44649
336.20529,-49.22409
353.56311,9.83918
356.56912,-25.79152
16.88513,70.3866
20.00766,-59.87597
45.27261,-38.92201
46.79809,-36.41547
48.77777,-33.7303
49.80658,35.48791
54.02865,12.76001
60.86036,13.3806
61.7536,-53.30212
73.13297,10.54467
75.63451,-12.38172
99.44156,-37.79888
110.1945,26.5289
133.8882,31.21165
137.04424,-30.46656
139.15694,30.90537
153.32675,-37.97478
155.95151,-21.14118
158.95793,12.20353
159.57549,3.93799
160.80354,-34.40652
174.25624,21.56471
182.68266,-52.53306
186.09991,-56.37773
201.67078,-26.82775
201.72606,11.56162
202.79633,-41.24406
211.87366,-9.10597
212.87125,55.12191
222.01871,-29.27546
225.28441,-35.63268
228.66298,-13.26601
267.97302,62.45647
270.25806,-51.8014
278.61707,50.45995
300.78604,-20.71023
305.71213,9.78286
314.88138,-42.77845
318.68027,24.8068
322.73691,-23.82174
328.73755,-68.37974
337.81879,-46.48203
348.26596,-11.85429
349.46756,5.83264
0.04709,-5.15876
18.86698,-44.7694
19.12475,31.34642
26.11456,77.51118
33.10243,8.61854
35.79424,2.99254
38.84378,37.48584
41.49696,41.32184
54.86767,13.39305
54.92442,-3.71506
71.73644,-3.08658
84.54836,9.81725
87.20977,-24.35205
92.95095,-19.44186
107.31933,2.49115
109.57161,-52.61634
125.29251,-18.21901
130.14047,53.72633
149.90681,10.33245
151.27698,-9.97222
155.07072,78.46642
155.95967,-8.89419
158.82263,-17.27678
160.15843,-14.25561
161.40945,20.16455
173.56815,-9.5879
177.83083,-5.66215
180.07921,50.65285
183.66763,-2.44843
194.70006,79.97248
200.11613,14.53379
206.17601,-38.10265
207.72337,17.05286
221.66727,22.10818
221.70392,-13.85296
224.52591,1.50575
235.58183,23.80766
236.94524,11.83742
239.69751,41.93814
243.14948,68.79028
256.34073,53.0843
266.99661,-58.84578
275.24969,-63.34796
280.11215,-61.90235
286.18018,-26.40611
290.68814,39.44637
318.9393,-19.37954
324.90891,-40.19541
325.89328,-51.37379
331.81989,14.40869
349.24631,5.9125
350.90479,25.19375
15.63167,33.98061
29.98036,24.31222
31.63201,17.00007
37.45839,9.84814
40.05505,-13.73041
43.31882,47.57093
43.46847,2.29067
53.40351,-43.23821
74.46729,-17.58613
80.47304,-25.0005
80.98118,48.71423
91.24036,-19.08168
96.71532,52.17535
107.01324,59.04659
110.28294,-69.11533
117.90878,8.28315
120.57639,-8.38978
123.87119,-15.73405
128.92422,1.54201
146.8295,-37.34725
147.6505,64.48804
148.74596,-34.06207
149.26772,-7.88381
149.45667,-31.01091
151.30627,21.45596
152.2388,11.64027
158.05809,40.27124
165.73917,50.67018
166.83347,-2.54667
168.68295,79.72664
199.82893,51.12677
208.11241,-14.66707
209.7155,-49.62501
210.61249,-50.95388
211.55856,-39.28025
219.33537,18.24933
235.57477,48.21563
236.00803,27.69935
238.76744,74.90812
241.91669,13.71937
242.71315,17.05732
250.87152,-13.44985
251.45847,43.86644
254.60934,33.03753
297.21051,50.88285
314.67822,-54.18805
315.01852,17.78111
315.77942,16.03066
316.94122,3.87764
321.16864,-40.33176
325.60281,-42.81562
345.12531,24.40569
353.27124,51.79541
2.90889,27.94792
10.49094,-38.59383
18.03537,46.92025
19.75954,-14.52035
20.49627,-81.42516
35.56273,-6.23877
37.93547,-0.94549
42.43704,-52.37976
47.43105,21.20755
50.18237,10.05305
50.87415,1.32419
54.37475,-18.10949
55.82243,15.55613
56.66687,42.94073
62.53921,-63.02088
66.8181,-58.65591
67.28954,-29.78458
91.90786,-18.06722
94.12647,-67.68787
104.85079,42.34468
105.02276,-78.31171
147.60332,-21.86288
158.9584,60.61993
162.94733,55.38571
171.89835,-37.95418
177.46956,12.18577
188.56165,11.07159
194.86566,-19.32722
202.13708,-28.60616
220.15326,21.90815
220.85303,52.61452
221.4126,-30.02347
225.55276,-41.06671
230.72878,46.07526
239.85254,3.53898
241.16577,-23.22239
241.41519,18.16436
243.41063,12.76622
249.47174,39.24982
250.09929,-64.27924
250.80745,9.90451
270.35663,-0.48453
271.94092,10.32007
284.62805,58.60226
317.81271,3.52235
323.41672,-66.82175
352.62582,13.90563
357.83914,71.5309
4.32247,30.20915
10.18023,-55.92926
22.84107,31.55444
27.97978,-24.31664
28.4586,36.78748
35.19673,37.01434
36.07528,-79.92539
42.45667,44.25005
66.64148,28.60764
78.05537,-16.16588
85.84598,69.43098
90.66457,-58.72594
92.01215,-19.22425
96.42178,-16.9449
105.52599,48.98892
113.71088,61.77603
129.24718,1.79209
150.146,-14.94781
157.55881,22.31425
163.2816,25.65958
171.48384,-46.81386
172.95422,20.40295
172.99358,-5.08503
173.4808,-28.41895
183.27927,16.08564
195.66841,51.77891
203.90579,13.32572
211.64188,-3.57962
212.76062,25.5195
218.4514,3.9568
219.04649,48.58461
223.80382,-18.86515
229.70247,-38.62467
231.81052,-29.8921
252.14462,-1.15978
253.99249,-8.05051
257.40399,-6.85607
259.78006,-1.61823
262.97601,6.50192
273.9848,21.19619
276.72659,33.99411
285.41846,-49.2932
302.06842,-17.66016
303.39136,-43.3625
312.09949,-53.31802
315.46844,-13.20181
320.8728,-11.12794
321.86835,-23.30815
331.02182,-69.89172
332.48193,8.92893
334.23639,-4.66902
346.79291,15.00984
348.48065,-12.95196
3.64186,5.23424
8.56976,-79.08897
8.66458,77.5818
10.72782,-9.23039
17.20201,-25.17298
23.39393,-1.09062
27.49139,22.01222
35.8391,-21.54121
37.86804,18.76888
43.83271,6.12461
50.30661,7.44345
50.99701,-57.91323
52.9146,-9.70298
55.66326,15.64346
57.90088,-6.45479
65.92625,-11.86039
68.80014,-54.20568
84.02322,-43.11364
96.16765,-29.26985
105.71031,-37.79271
125.23306,-1.27443
148.58305,7.69231
151.89487,46.09399
156.032,0.14198
156.20566,-26.58222
180.37944,45.62518
185.51439,-2.61668
186.40285,-2.90054
189.94449,13.5333
191.94357,4.33608
193.15703,-26.69674
196.33435,-10.60857
203.08502,1.56692
212.82707,-27.73493
217.04478,78.4228
230.98175,46.59957
253.02245,-59.89008
255.18178,28.02585
259.24295,23.39225
280.96066,81.73424
285.31186,83.8194
286.41943,-20.16857
299.77374,-21.42283
309.70306,24.10358
314.28357,-61.88137
322.54224,38.71952
340.2092,43.34018
342.61819,-45.17577
3.74659,11.1925
7.62432,-8.78342
14.61075,-14.40915
14.62784,-53.61985
17.65939,-0.27809
29.17208,37.96109
43.97434,41.74394
46.28756,1.09348
50.13684,79.9222
56.89799,72.66601
57.35554,-18.55997
73.68368,1.3488
100.74419,62.91785
103.21973,27.22735
132.56705,39.98774
164.19275,6.85321
170.53078,34.36633
171.8853,-29.17784
177.84448,53.44421
178.67934,33.53698
179.00868,7.84269
181.98174,-27.75989
191.68332,10.67213
196.78978,-33.86733
198.46339,-36.54433
205.29353,-5.16897
211.0497,12.70735
215.15845,20.44494
215.80141,-5.37365
217.61398,-35.0154
221.93823,-35.84617
224.13809,-2.10632
224.25932,35.55071
242.77869,-60.51281
249.51413,3.71889
258.41891,-21.24927
258.6265,23.05942
287.03433,-73.87323
298.49078,-45.53516
328.59369,36.31688
348.73706,-61.46746
5.43745,43.81219
12.52884,-2.8755
13.8252,17.2851
26.96051,27.29264
29.42424,-26.05525
33.06488,42.37972
36.93224,-3.73489
48.11081,-27.14014
57.08287,-45.54526
60.35297,-21.3965
62.89334,-60.99361
65.76608,-0.06076
67.82767,-29.61924
76.94984,15.88426
84.25476,-61.59427
88.04504,53.08043
117.03557,22.84279
117.73414,48.31276
146.81015,-31.57533
148.69173,-28.10481
149.01665,10.49888
157.59758,43.72503
158.44524,62.23706
160.60944,-17.81286
162.30345,27.75153
165.45428,44.44818
173.20534,10.29649
175.99815,19.77897
180.43466,17.89894
194.96661,31.35179
195.21896,40.58466
196.14783,47.61151
210.39342,-23.13871
211.29399,-27.4559
233.73514,4.95886
239.46007,-22.49421
242.80768,36.97336
244.3869,58.33771
260.25836,-9.97019
263.09747,51.89122
265.40945,17.33816
268.0455,14.71629
278.69086,50.11283
280.03384,15.22264
298.13187,-10.16032
305.73984,-18.76282
306.12714,-21.01893
307.14572,-36.0432
307.86823,-54.34679
312.50989,-39.12243
312.52435,-20.57396
327.93112,-20.9173
335.34277,-81.97797
338.30008,-49.6855
342.58188,-33.34086
349.44693,45.2368
352.10391,69.96759
357.56494,-29.136
3.30257,-12.55687
4.27107,42.16136
11.36372,2.50852
12.5541,24.49762
14.11233,50.62217
17.63194,-13.9797
19.31486,-50.93128
20.44733,11.72118
22.43982,16.92649
25.77702,-25.3347
37.86883,-34.91345
40.26569,10.00958
65.38791,14.5651
85.57893,77.15147
93.13187,-15.17932
93.43378,-61.13794
100.01496,-20.7254
105.9903,27.90228
114.53918,44.84262
121.1385,-57.79761
138.95992,-33.78493
148.75311,-13.08592
149.08665,-14.57271
157.69562,-2.75458
169.66786,28.53227
180.9281,-10.31795
195.89835,-20.38529
198.51326,-33.89016
200.55119,-43.98983
200.59914,-31.07542
201.64067,4.45263
203.48233,18.30593
204.07494,-31.77927
204.18434,24.97987
204.69188,-20.33684
211.5583,-7.20384
222.87651,17.51575
233.34041,4.47277
253.05373,81.62012
265.35849,-49.60669
274.88998,87.64072
283.9183,51.23737
292.32236,72.13727
314.34845,17.12901
344.82886,-28.52236
350.53101,-41.56379
14.85091,41.6863
24.5744,-22.92892
36.48602,21.16056
42.42038,-0.52338
46.55875,41.19264
51.02708,-1.0578
78.37627,7.41907
83.55328,-59.40533
91.0626,-45.27775
96.24355,-38.4398
101.6575,14.78065
106.99638,24.53894
124.62818,56.60904
135.39966,-28.48282
141.85426,23.0305
147.31255,44.13115
150.0038,65.35752
160.88232,70.34409
161.00916,4.66296
163.21786,-22.46015
163.94754,14.86561
172.10095,33.62764
174.93687,22.68523
176.35904,-10.1029
184.25397,-13.33526
201.90491,-55.81845
206.97125,-32.98399
207.69516,-78.46166
212.13235,-47.20172
214.70288,-27.39401
225.96213,22.0139
234.42952,-1.75263
235.68434,17.47894
241.41132,-37.40059
251.62915,2.33455
254.04372,-75.7561
273.39401,15.5903
286.05472,-23.90206
292.32541,-20.9511
312.14267,57.02689
319.10321,10.27332
321.68851,-21.76295
328.51529,-40.06841
334.2966,-48.49546
335.67056,36.23099
340.4838,40.86781
345.92236,20.25921
354.70673,-51.85976
355.38974,-64.94927
5.37985,-50.54725
8.4193,-78.19743
12.53859,-13.44459
13.53545,-61.92855
21.58567,-7.47668
37.47266,23.14729
37.5688,-58.16945
42.39581,32.06537
43.98456,39.30781
45.96314,-65.11398
49.27837,31.58339
49.96802,-2.59204
77.54718,10.47337
88.26094,-34.39278
94.5812,-43.74347
96.85362,-35.58673
112.39404,-58.7583
120.6202,-53.39418
127.99024,19.21144
141.79817,-27.93228
150.98804,2.41809
154.81012,-21.14041
162.51125,-47.42977
166.16246,5.20057
173.67424,48.94441
179.91937,-33.44176
184.35197,-48.57393
203.27563,-37.14728
206.78856,3.64388
210.30356,-24.20405
214.75934,-27.4597
217.3858,-35.35062
222.30046,29.7448
225.23056,16.94705
228.11456,20.65175
229.48129,20.15409
266.67139,41.67262
303.72861,-17.56142
303.74097,-23.58974
305.23456,6.47821
309.96384,17.87367
315.05609,9.55911
328.36505,-57.43965
334.35501,46.81227
353.3801,-64.87667
0.22161,-35.9863
6.20862,-40.35347
17.01231,31.67495
17.90121,-15.2145
34.23535,22.2258
37.45321,45.77581
38.22621,25.09326
46.68644,42.83281
47.17675,-73.81059
47.772,-0.5466
49.79222,27.3033
52.88659,38.66964
75.77197,-22.97473
77.24853,15.7857
81.88103,-39.70663
92.45238,-53.092
100.22373,22.56206
106.12749,18.64979
116.78005,62.38252
128.89966,39.81355
133.81679,-63.40382
145.72542,36.21409
175.33235,-51.11199
176.03931,16.37103
180.41023,14.48389
193.60341,-28.44209
200.31682,-16.2968
219.44786,-51.2588
224.49139,34.16301
227.22028,68.23533
243.06102,-0.99319
246.72182,51.55509
247.72429,24.5621
261.46405,60.19418
263.37781,-53.63661
280.04984,15.50335
284.99359,-49.11679
312.91577,-57.07602
314.40289,-38.48258
321.89047,-1.1886
327.03439,-46.08871
334.30963,16.21584
346.87656,27.68341
347.41949,9.49604
353.5195,9.71389
354.78604,0.46339
355.5686,28.18122
1.00517,-51.39408
12.74926,-38.76067
27.50154,-6.44143
36.45964,43.61182
48.98772,1.64741
50.53229,33.58065
70.39745,-7.38976
80.3604,-29.65907
95.05437,-37.22579
95.45996,27.16831
107.60423,3.40539
109.51315,-29.73343
141.14445,63.50625
143.31052,-21.24859
145.4165,68.38289
153.97525,-16.91747
158.05301,-34.67333
168.9559,0.86051
174.80667,-42.46879
178.1272,20.62545
183.62996,18.2512
184.03804,55.45016
202.43541,33.33908
203.19467,-31.96652
215.06252,-41.99461
225.28163,-22.17629
230.85384,12.71537
235.39363,55.97749
251.98338,15.44625
256.77988,8.92686
261.39017,20.7737
262.13885,21.47792
278.94183,29.48342
290.11966,-34.7611
290.31961,-21.54875
298.24765,42.09649
315.10284,-22.6027
319.56641,-23.9395
322.39401,-79.12546
336.785,39.21103
349.64099,42.88581
351.43124,70.18154
352.95932,25.54445
7.79423,-56.49891
15.17864,-3.41931
15.19119,-85.52295
17.58199,-42.45766
22.59003,-41.24952
26.48516,11.19512
30.56106,-7.00826
50.7283,-52.03001
91.01946,-35.69425
92.14404,62.64825
101.18539,33.32904
103.18362,55.59528
105.12665,-49.78181
118.39477,-3.49104
133.27151,-16.56389
147.4577,-37.47141
148.45966,17.11085
153.70653,-35.06459
176.20172,23.93894
181.78838,25.64067
195.66762,-50.11763
195.98415,-19.32616
197.17531,-20.94809
200.06264,30.89979
209.51361,20.61904
213.14908,47.2531
220.70122,-36.57956
225.0811,-4.77432
227.03413,20.34266
227.48129,1.40305
243.17787,29.90129
243.33185,56.47189
264.48575,-78.27592
266.03583,40.86731
269.28641,56.33741
269.75729,19.51176
279.06714,-38.85303
282.68567,33.95978
296.55588,-40.23053
303.72522,-34.76377
317.72726,-3.86276
321.75119,-17.18557
324.27292,-70.98255
334.47778,-52.83351
338.65378,-22.48508
345.2915,7.00321
346.48843,-59.11609
354.38388,-17.894
358.81702,14.37546
0.34737,47.56496
13.6327,-84.01759
16.71918,-66.66474
17.96887,-45.81736
21.32596,-7.86838
25.48469,22.68998
30.9542,43.00219
35.05043,29.37845
38.82647,50.41481
39.53148,1.38839
47.32634,-47.3526
48.91484,-15.0983
52.224,40.03634
52.74913,-41.91052
86.20692,9.67771
89.06946,-26.16029
94.51629,-28.70882
96.29048,28.55373
102.5352,-32.90303
110.23842,-55.17049
113.32587,32.54602
134.89418,45.92675
138.08482,13.67383
142.79555,76.46507
144.64719,-20.60714
174.22485,16.38816
174.47945,-32.8255
175.33723,33.69473
186.77895,-32.68428
192.16789,-27.58242
198.78888,-12.98915
199.61079,-15.76959
209.20349,-18.07335
213.56325,26.74758
217.28456,-38.18937
221.45428,50.39407
223.33841,55.03883
227.33534,66.8877
230.80833,8.64539
246.4693,-17.4196
248.20383,37.35759
251.48186,-69.07163
252.38974,26.84786
254.83508,-1.88644
255.70018,78.74087
273.80432,47.53114
294.52966,52.38997
303.61493,-24.93794
312.03204,16.38323
319.90933,-67.05362
329.62036,-9.79698
332.46066,16.89323
32.22099,0.78676
40.9026,-3.80513
46.28573,0.34348
55.54923,-53.39094
76.20724,76.86585
76.77286,-34.46102
87.42359,-24.54501
95.67735,38.87426
97.80664,71.99661
105.60869,-28.71002
116.78712,42.07867
117.4937,55.92436
128.73596,-24.11979
138.57098,75.60441
146.30321,27.25197
148.77933,11.03958
156.35809,-67.65292
156.67017,-19.05136
156.89069,-3.68601
160.24435,-21.78436
169.57883,65.02895
190.74565,-44.20247
192.57359,80.36476
193.7236,28.41704
194.37111,-17.93879
204.8053,4.62336
211.17924,-9.27384
212.1011,14.97881
213.91757,-33.77312
228.50685,81.93871
242.96104,-31.52085
255.89468,-4.36747
260.47455,11.63791
278.25143,-80.17085
283.61288,-64.08877
283.70493,-39.49656
288.97372,74.4817
289.4447,-85.08269
289.74136,44.23367
303.77762,-37.23694
307.00479,-18.77896
313.45178,7.84643
316.54797,18.70858
326.58084,-11.52688
328.58896,-46.94178
332.52365,41.02889
334.84683,-21.42098
337.09537,50.8264
343.35941,5.31169
346.85825,-51.25928
349.77774,-42.09351
354.16403,47.2903
354.5206,-31.52101
0.00354,-40.9033
8.92305,53.25209
10.66641,-21.80018
15.18985,-36.36967
16.07057,-11.08301
17.09562,-47.09877
38.59864,28.44954
38.61208,-19.57994
46.65366,-29.84036
59.92205,6.55527
68.04195,-10.64387
71.40248,-16.22437
73.0555,-18.39286
73.56245,-18.88501
76.73869,-73.08176
80.2198,-31.96356
84.60003,-54.20551
91.36339,-13.81564
91.4654,51.60795
100.45479,63.21505
104.13662,-32.85267
108.64848,46.73855
109.93644,5.28253
122.78076,16.71793
126.33813,9.71659
130.33444,-12.47334
137.23099,19.98755
139.20421,-13.17521
141.31412,10.8868
148.82436,68.61875
150.21523,22.3136
152.08197,16.89813
153.46039,38.37543
157.31772,23.72897
165.86157,6.8723
173.23468,50.24189
181.19823,32.49684
191.76149,-24.24549
196.01677,-16.73217
197.35745,-22.47964
198.42067,13.35239
201.46878,-14.31656
201.91299,-31.53971
202.33647,-31.54024
208.52863,-35.57989
210.52455,26.06079
211.98074,29.87268
220.51094,28.51173
226.5083,-11.27498
230.41661,25.81278
231.11432,-36.77478
242.85158,-3.03079
259.79602,-19.84482
270.85779,-52.47818
276.95929,11.10403
280.67538,-48.2929
282.76587,33.63451
305.57755,-53.18435
317.19003,-58.83028
337.66345,38.68421
339.80145,3.20669
353.3692,-38.59666
19.854,-15.70017
42.76089,50.76915
50.15162,-81.99313
70.93584,-21.36966
74.52921,-47.01646
95.78256,83.20992
97.00974,-35.15998
103.29884,-31.44807
117.23442,6.51323
137.36694,79.995
140.65913,60.86535
141.92358,3.99418
143.74254,-11.08902
148.29257,69.00055
163.40479,32.76761
166.28006,4.58608
194.20695,27.0939
197.54152,39.15654
203.86191,33.72496
208.38318,-1.19446
234.40627,73.25684
250.95227,24.24244
261.72134,56.84882
267.62296,60.02762
268.80118,65.94879
270.01462,12.97499
278.10995,31.48479
282.09763,-28.73635
298.81418,-30.49714
306.62057,-36.40139
307.61118,-66.09735
318.54044,2.99377
324.21466,-46.96417
325.11459,-63.95407
328.43903,-41.99521
335.8848,-63.20039
338.70248,-12.91271
344.99911,88.52961
349.04126,-2.23347
357.48138,-24.02573
9.0319,7.13844
12.87531,-1.25311
20.25268,-26.81955
20.70278,33.96862
30.06534,0.19927
30.48296,18.46379
35.59421,40.98405
35.68156,-8.71895
37.17958,25.39819
37.26233,-11.02276
38.48073,10.03453
45.98196,41.8055
49.46395,33.843
54.26385,-25.24892
69.38147,21.24416
75.50574,-25.77782
79.63369,6.38381
81.40795,-64.11831
84.56416,9.93536
86.41376,-48.55817
90.17024,-63.90815
105.50985,27.82823
113.47131,49.29197
125.02395,-10.48709
128.96155,-1.87122
136.83539,16.65181
141.57353,-84.3593
144.47339,-19.97481
161.20329,14.23037
177.10712,18.94011
178.60579,-45.43597
179.36537,-15.17483
202.99071,34.547
208.94493,25.84032
216.89317,66.87369
224.68279,48.4794
226.76718,21.21066
227.87859,60.95669
228.16473,1.93221
235.67421,22.8815
237.65552,26.74675
238.51324,-18.23048
253.99727,-1.25037
255.02361,-10.03021
260.7807,12.90661
266.6095,6.77167
277.35345,-77.00203
287.35193,36.55206
297.62994,3.96821
313.67343,-51.37333
315.62848,-14.54767
315.67615,-60.11039
320.92087,33.11882
322.69183,10.62437
323.12769,-59.39872
323.34781,-71.2297
325.39331,-33.95015
329.78354,-29.76584
333.11795,38.93595
334.69693,-3.49607
334.77167,-44.4735
335.63263,-38.63204
345.74652,16.60443
359.37619,43.32774
359.49921,-28.95808
3.94998,19.98293
4.27638,8.82904
7.70496,3.11274
19.56683,-68.4248
28.15462,-36.0998
28.16607,-18.7814
30.08155,-16.12212
37.18106,13.06208
37.51632,51.85967
43.77844,-10.75355
50.17893,-1.10858
62.57895,-24.95668
69.92952,-2.27299
78.12132,-12.4061
89.11569,-18.21779
90.81245,52.05258
93.05898,-23.63613
97.92894,24.04161
107.91665,7.34656
112.54077,-2.03473
126.18043,29.98989
129.00854,-3.17915
137.52168,22.83829
138.80995,-15.23608
141.09059,40.62437
142.78622,-70.89851
143.97165,54.47717
144.10736,-37.6737
148.65512,6.62215
161.69037,24.03915
166.15712,-41.73449
171.10107,-29.9595
174.37852,31.36217
180.09964,0.49079
188.45444,-37.75537
190.05386,-5.79928
192.00436,-75.21851
192.85959,-10.77032
193.69273,-21.87201
195.11412,-32.31541
200.09937,72.15241
202.52135,-31.41009
204.95058,-33.65496
213.7702,-48.62336
224.29675,19.69816
228.77695,-43.08283
236.92978,-38.32866
240.83424,-16.04777
243.07297,-61.40281
243.08476,23.002
246.82253,-60.07357
250.51848,-11.08865
267.07645,17.9473
279.08411,33.41778
281.48892,-72.63003
300.33258,13.5785
312.92401,-52.77116
314.13986,-59.534
323.17401,-0.12778
329.25763,-71.46548
339.58972,35.95913
24.99898,-14.86263
40.37436,-2.77217
44.67107,34.94585
52.53216,-13.48405
53.04064,-14.8367
53.49896,12.15452
55.31524,15.35856
61.84457,12.29152
67.11988,-43.24122
69.52207,-7.12543
72.088,-6.49035
94.66451,-50.41154
96.64077,-49.11865
101.02986,-43.17147
102.78284,-64.14787
123.47061,64.3372
140.28224,28.92979
143.814,33.98457
153.92076,-29.50711
164.14519,16.79123
179.9227,-12.51512
183.1786,-50.04814
193.96252,-11.56144
195.40764,54.39042
203.7439,-40.77074
206.99026,-37.94215
215.37398,5.07318
217.05426,61.18773
240.91579,14.84973
243.08841,4.60662
255.8651,-9.68978
271.14987,67.39056
275.35016,13.84514
291.66998,41.39114
298.70212,-40.17558
316.65277,-38.1133
317.76758,-21.75571
346.3858,8.76414
346.73413,5.91831
358.92752,11.3432
5.33565,-53.55698
5.38073,38.07695
5.84267,26.56803
22.00886,-0.73829
29.14088,34.19545
29.71787,0.56829
47.4889,-69.10751
59.0287,-77.01147
62.84118,-46.00754
66.71043,40.47395
77.17503,-22.79802
98.08076,-39.14153
108.04979,6.73896
109.00956,19.5401
111.30653,81.93427
120.49361,19.52389
141.78207,62.7565
146.59326,-15.57068
156.39664,57.13585
157.19365,-42.33197
161.30019,27.99949
167.02513,-5.1672
174.21475,20.00497
176.49773,20.4472
178.14752,-13.13959
183.00691,-53.10997
184.53337,-18.47634
188.30701,12.24692
192.87308,31.81435
198.62674,-17.53359
199.83194,-33.46879
199.8925,-23.70549
205.21681,-28.08881
211.96608,-16.78076
217.15953,-3.33147
219.94214,-26.80853
228.51897,-22.13884
232.42249,-42.40439
234.68571,70.13547
241.95741,-9.57402
246.09691,-34.2519
252.05023,24.15217
252.66261,12.0077
281.85822,-66.83199
282.64191,-56.73191
294.22861,-53.30243
304.20853,-46.87608
305.1098,-0.74128
313.24802,7.10627
324.12311,12.81931
328.31284,-27.95744
333.71503,-34.09359
351.44302,6.45371
357.13272,24.60355
1.97275,-44.8145
32.18785,25.87046
34.80511,16.14815
37.85899,1.34627
50.16736,27.46346
50.4852,-51.32655
58.022,-23.23142
66.6821,4.84928
67.92876,-57.17521
82.53161,-62.54522
83.87032,-23.83485
86.55502,84.37637
95.19934,53.40803
101.08217,-36.89746
115.79377,34.5159
156.3665,27.41015
158.2608,73.21858
163.53923,-45.83191
178.01479,-11.37341
184.52859,10.89623
192.66246,1.46418
196.05576,1.23557
197.2141,-44.83846
211.62425,39.49616
216.68631,9.17917
220.82799,20.7863
222.22456,38.76841
222.61937,26.03115
226.68536,34.47312
232.44112,-79.43263
234.3588,21.74376
235.03719,16.05368
240.10654,33.31606
241.44133,41.34477
250.44003,-12.97736
256.76523,31.42367
258.65683,57.30547
259.1488,-16.25432
261.67194,-80.82751
267.82196,20.46206
272.88922,1.52853
295.43698,35.09446
310.54575,-55.23844
317.56857,6.41771
327.61185,-23.99504
341.37076,21.80795
346.13843,-43.18968
350.80435,24.39131
352.07474,-36.41952
354.25165,20.64982
355.17722,27.17805
0.99069,-44.53048
14.06147,19.97813
17.69165,17.99057
28.02393,33.18983
42.2547,15.73328
42.44776,-55.62186
46.88302,33.87825
52.05661,38.01626
62.29972,-1.47679
78.53507,-27.74706
97.31818,43.98434
99.45837,62.11196
111.44515,25.71184
122.59341,-18.28609
122.82414,11.43727
124.59869,-5.35198
139.26613,26.76451
141.25717,-64.01808
153.96941,-0.40349
175.69301,-31.43852
175.7948,26.57452
175.89699,-44.39934
180.10558,3.34692
184.05151,13.43761
186.35315,48.64447
193.02094,-9.33336
193.57573,78.80434
216.54427,5.25632
218.40497,35.96646
219.37872,-37.14444
226.00986,15.46483
227.11813,-41.46011
228.47177,-38.80695
231.60666,42.35402
231.86549,-9.9283
238.65511,39.76152
248.92268,6.83797
266.94415,-65.29571
283.08578,-37.70427
297.9299,-12.74297
305.00409,-29.81756
311.3992,-19.86298
326.56952,9.68554
340.58603,-25.26243
351.32001,14.3599
5.30532,30.47436
5.31687,30.50601
14.09587,13.87625
18.01243,-25.83606
25.45471,-75.2681
31.67264,-2.68206
40.78778,31.01279
54.07443,38.34347
54.80715,-17.60017
57.82321,-0.89305
64.65781,32.18918
64.77476,26.17995
66.12695,-13.84787
72.47209,-73.07621
73.59938,-31.40326
78.77065,-65.17922
84.14657,50.31287
87.55504,-5.51034
89.52364,-34.10948
95.42868,-65.08977
104.40264,-45.83529
111.79543,-4.78682
125.09271,-27.2347
127.25743,47.80062
129.59593,-55.17814
141.47803,-11.99629
149.55641,-21.53724
167.12616,29.837
171.65823,35.42308
176.17482,-7.21577
179.22256,-37.15333
186.63625,16.84474
193.09,-22.96269
203.79207,75.02831
209.96516,-16.84734
211.82018,75.92932
213.82887,16.88796
221.86957,-29.12571
223.31078,46.48642
239.1021,42.39555
240.55206,-18.10407
246.83667,14.09511
260.12329,50.37711
267.22372,-64.49834
273.31821,57.10673
275.18738,38.14288
312.09451,27.2179
327.75787,36.54391
328.8793,-60.03535
332.81241,25.59274
338.38898,30.8048
341.90393,53.31532
343.50104,-43.23595
347.66217,9.1889
359.60901,-31.75231
8.5954,-54.66272
23.89369,-34.62556
24.90266,-3.24785
40.34328,-27.33305
41.04524,17.53454
41.09424,-9.73766
45.09015,-18.02865
45.5077,42.17302
47.71446,27.16876
66.13102,-34.48366
75.14516,4.41709
92.99979,-77.26223
99.47718,66.85175
102.51795,-26.25237
106.3476,6.92036
112.29675,10.91912
117.73341,23.89627
121.6783,39.09021
124.88583,38.13039
128.40689,55.59229
134.00262,-7.9547
136.51181,51.74471
136.75369,81.18003
137.95068,-14.46137
140.036,8.1503
146.26314,64.25751
154.9283,57.4235
163.26172,-46.22832
163.71391,-47.68456
183.75142,34.79809
188.1842,14.19611
208.17874,-32.78949
211.71576,0.85007
215.0215,-16.90038
218.50363,-38.53292
230.34126,5.0668
231.22484,-11.3187
237.94519,-0.10524
238.06451,-5.59603
267.19183,-75.46498
273.24722,29.51342
298.42548,-7.07343
302.58316,-17.52648
316.33633,-7.84575
318.55048,35.28698
319.22662,-51.87831
320.00131,41.00016
326.42374,-45.5999
330.94904,-2.47355
342.21188,27.96264
345.53571,39.50012
359.76453,-5.40516
0.11846,68.64687
6.42703,30.09188
7.7424,-9.40405
11.09092,-17.35122
11.10838,-25.07618
19.80621,-1.14442
23.64432,-39.73703
23.81049,26.2744
34.49905,35.76322
34.58845,36.52114
34.81882,24.44261
51.03667,73.00436
68.81859,-78.03227
72.02329,-13.66463
72.12368,-1.53845
76.99358,-77.35958
79.803,5.87813
81.63072,-14.97556
83.35056,-36.34718
85.62938,-26.78983
87.64218,-53.24249
97.6733,77.15896
99.2299,20.59985
109.95545,6.57722
111.8454,-66.52087
113.09857,-5.81231
123.71638,0.06628
133.06857,-24.8723
155.7899,12.23957
156.71463,-33.40748
161.22556,27.46912
167.49318,37.13602
169.87265,1.61956
173.30646,19.81646
173.41032,-4.94054
181.34674,10.37949
182.08159,40.41626
186.82047,16.02452
190.15189,-21.23418
218.3835,-33.80445
225.28311,47.27656
229.92618,-37.42448
247.73077,45.88
250.76562,-23.35868
264.80789,63.96141
277.09418,-46.86696
296.01791,56.48447
310.77194,-26.45641
337.4335,-56.81467
345.92178,1.04352
355.67709,8.49011
358.32651,27.7054
4.07057,17.38167
5.11689,-49.94221
8.27454,40.07952
15.41405,-37.4729
16.13003,-45.5457
20.78131,-70.07851
36.19375,7.37036
38.02913,49.35785
46.15791,-6.95266
57.68958,74.12666
60.95934,-2.65769
72.43176,-5.89883
76.81137,-19.33527
91.40054,-19.00777
99.62452,24.26845
148.80815,14.29933
150.13734,-38.14466
152.54262,54.30865
154.99162,53.95941
155.67097,20.85909
157.09789,-26.77071
164.84149,-6.99504
183.68852,-31.07344
185.04253,28.389
186.11877,-12.20672
187.91505,81.83558
190.15215,-10.67002
191.82431,-7.66485
192.61661,-22.67346
193.09619,-13.1061
195.39059,-53.27441
197.44946,-24.85767
212.00906,-27.07753
214.14003,77.40924
280.99866,-35.38165
296.67435,-25.23396
302.95154,-51.38828
314.16333,-11.67537
315.68768,-22.9887
358.69385,-84.036
0.77077,-42.17865
9.76784,-23.93387
9.8374,-18.91751
11.34061,8.69651
11.99927,1.20255
36.2456,27.52383
36.84852,37.75301
37.85913,-23.00588
41.11286,44.5382
50.83206,32.85116
53.0662,-55.14213
65.14544,29.24815
79.26861,11.54568
105.82133,-67.03413
117.27869,12.09269
121.32067,44.40062
124.15959,-0.40327
130.21854,-20.18197
141.92535,22.98289
144.68555,34.72673
146.01338,29.60952
156.33308,13.52226
180.22015,13.74821
180.88022,17.15024
181.51758,-27.63267
184.97256,28.38588
197.41501,37.62908
205.56145,-19.49803
212.71857,-23.43328
226.71245,18.65812
227.02849,-32.15482
230.29713,30.58398
240.36696,17.24049
248.27136,11.76134
249.44658,36.11503
257.92752,-1.08117
271.57111,62.08844
284.21295,-19.20994
294.83832,-53.67855
294.89093,45.47016
295.14255,76.79633
309.30115,-54.66153
310.08423,7.02826
313.6618,15.55528
315.48398,-24.59041
336.86792,39.53191
344.18475,-33.78295
351.22388,20.50625
352.21756,-2.0655
356.88226,-29.19402
4.19294,1.21035
20.50767,5.48256
27.70613,4.05476
28.9665,14.9402
33.17875,-2.35249
40.84183,-3.76837
45.42816,-15.05235
48.59054,-45.42027
52.2033,40.16849
55.83566,-18.4773
62.53707,-59.65231
97.84464,25.01852
99.27812,-33.99668
99.90318,43.37135
107.9911,-60.6538
108.69447,0.21949
133.62308,36.45125
135.83322,40.46476
137.38681,20.47905
139.63043,-12.99227
143.93044,-21.00501
154.63947,14.21139
156.77803,71.9698
157.39395,-44.37746
180.68773,-22.52744
193.64774,-29.07834
193.96159,-21.54214
203.60347,-15.17594
222.21637,31.68272
227.85507,9.22444
228.90842,-44.1132
229.96735,56.78103
235.5589,-1.22898
242.41919,27.01299
242.90079,50.23144
248.08641,-10.53938
258.01694,30.23892
258.33804,-9.96485
262.58578,-76.31514
265.08936,35.39492
270.01743,44.52734
279.32312,23.17025
280.4411,23.48235
280.88364,-74.71235
313.86627,15.50564
314.4899,-72.9503
314.99033,-16.48096
319.24191,83.82124
320.76001,-22.50122
332.30243,-57.88171
336.51453,50.91431
337.49673,-80.01368
338.67328,51.15293
352.61044,-17.72821
3.82199,-6.34523
18.38934,11.52374
24.85006,29.40192
26.12723,17.10247
29.0083,-81.42106
35.02641,-53.56488
35.88096,27.32332
39.75991,46.57611
47.91604,34.29362
49.93056,-53.65619
69.57954,72.28143
69.63532,-44.77095
71.59671,-84.96684
78.8514,6.17995
83.28032,-37.30107
90.69212,-15.89122
92.82419,-27.06406
93.85538,34.04271
96.72967,-34.4798
103.34624,-29.36992
118.21978,-69.83846
121.99216,5.20656
132.58913,-32.68029
134.84952,-9.87482
138.18864,-20.95909
139.73016,42.00366
163.17792,48.32963
163.21143,16.9853
168.31557,7.83327
170.55489,-5.80577
176.69881,34.93169
179.7012,60.05682
187.90562,50.70479
193.12512,-43.33255
194.77686,-22.02811
194.8082,31.08915
194.99342,27.19957
197.22676,-22.0627
200.31328,-27.24975
206.3223,-32.64717
206.70694,-50.4295
214.897,36.14069
219.91722,12.28628
227.4812,28.38215
231.21309,8.42501
237.94841,-5.48894
247.90804,41.49368
252.11684,24.38272
256.75894,-13.89877
261.043,-80.14743
275.40833,17.30437
290.68811,44.23826
309.10349,-15.24279
311.0528,-33.66558
315.42816,62.40553
315.95285,-26.28809
320.23621,4.01625
327.22491,-77.9538
335.90652,-56.4343
345.13443,13.03429
347.0249,-5.96667
350.94595,16.0789
353.72348,17.29724
353.90582,34.63669
13.2996,31.64853
17.8554,7.36688
24.35028,-11.83217
26.86748,-0.75084
35.47057,-14.0776
40.04364,-12.50037
40.79398,32.26583
42.47399,16.98485
54.46736,-19.00836
55.07103,1.09406
70.29684,-49.21745
74.19798,-21.6534
81.95688,-62.33427
92.01439,45.14034
105.60857,19.97017
112.05331,34.80728
116.54324,64.20403
119.93619,45.36615
123.01643,5.47511
131.11301,53.48779
133.80045,61.42311
135.42596,-22.13927
146.22502,54.63912
147.99774,-29.04163
162.49953,-14.75043
191.62241,-31.04988
198.55609,69.43307
200.403,-16.28595
202.71532,-1.7787
213.52499,-18.37075
219.97298,21.55329
221.89372,70.13815
222.64856,66.11363
238.10654,2.45063
238.28882,54.1488
244.07474,47.98158
255.61044,50.32066
257.90866,49.56384
261.32687,23.31674
274.99191,14.66126
280.60931,32.37553
285.01575,48.8592
297.10934,-33.52199
305.5986,-37.42587
315.90143,-51.69246
321.9151,-1.10219
326.01959,-8.45971
330.77518,63.12853
336.75629,-64.73883
342.1012,-32.87479
342.74072,-40.25624
348.34784,-53.74056
349.97684,8.39943
350.96628,-4.44345
354.47571,72.09057
9.58758,54.37617
11.46494,-31.19984
20.53849,-9.88849
26.90056,-13.67068
31.52687,-42.50346
39.48949,-62.06137
46.73901,47.47332
50.03311,9.93014
58.14579,13.87683
69.3835,-21.88751
69.44174,-47.25331
81.04733,-9.82616
85.07684,-23.14241
96.34692,-54.055
100.77773,-36.71835
105.45027,24.57797
126.79739,-1.06693
138.46655,50.84267
161.80385,-42.95234
166.71112,14.45649
169.05823,80.02865
170.08376,-4.45421
180.15977,10.70747
182.02248,-46.29398
182.2092,-6.89307
197.95366,62.65129
199.37549,47.78314
203.175,-27.03765
205.66479,45.58427
209.32687,-28.19447
214.8933,26.61633
229.48299,-69.40221
231.58891,-6.9366
233.86423,54.38399
234.83978,-24.77108
242.62395,-32.11724
245.27094,39.9174
255.37131,30.3251
256.11099,70.28989
261.56998,67.74851
267.15506,84.09095
268.27557,14.56872
283.40204,66.23209
291.98407,-29.47948
331.24304,44.05903
331.76645,-44.86794
344.4809,3.86117
7.62669,-57.45074
16.37082,-6.89577
21.2795,-38.00775
24.74477,-5.7196
30.22883,-31.91979
47.02079,34.46147
54.65865,8.36644
57.63612,36.53246
65.27841,66.0757
66.10765,-53.40189
70.0573,-4.86589
91.26509,75.36756
103.19169,47.1157
108.23723,45.80343
113.90184,39.7648
113.96642,-71.67413
118.5756,3.38323
130.06122,-2.45314
139.97716,32.93328
148.93521,-27.52704
153.49199,-9.38056
157.58722,7.2188
159.42953,55.0279
168.67799,-70.95335
177.55077,42.0749
188.1162,-36.37023
188.73587,53.53173
189.21121,27.27804
194.59042,28.14876
194.71431,59.26426
208.998,-1.2618
212.8927,-33.15524
215.73892,37.5274
229.92032,-48.96288
230.32196,12.95034
233.11514,41.81181
240.67731,41.19718
247.61157,26.06008
252.75574,-26.49225
253.79387,36.90626
259.08917,7.05292
260.53384,30.76875
269.03568,64.28368
270.87701,47.79589
275.83997,34.3632
284.44977,38.01966
297.80267,-27.05062
310.20081,-42.07252
312.54361,-26.99191
319.53186,-15.85153
320.99902,1.25302
328.55905,-23.48425
329.51855,-73.01381
331.07983,3.5642
338.50085,20.27589
343.82062,50.64906
349.51053,-28.17513
353.8118,27.03894
355.90216,-41.29814
1.68084,-25.07962
3.63294,0.00838
4.52754,53.38308
12.86558,-58.6143
24.46879,3.77534
35.7744,11.3246
36.13491,42.57931
52.59617,40.29496
66.90583,58.17442
87.3847,14.99773
95.37627,-51.0429
96.09537,-39.2937
104.97723,14.39646
115.48751,-62.52071
137.89838,-6.9536
140.59917,-17.34226
145.69824,65.43924
154.41525,22.80997
155.6189,15.75385
160.3042,-83.15094
163.26601,4.63179
172.48802,52.22364
176.22853,19.77635
181.99316,22.79569
186.06506,20.2895
195.63144,38.47844
196.11763,26.672
203.65315,46.15405
206.1497,-29.93321
213.80759,15.8777
218.30975,2.65267
218.63409,30.97472
237.49364,42.07829
239.27759,-32.85411
246.99454,39.60394
249.88596,53.77881
279.96548,-77.00909
286.82843,40.99261
293.22552,79.50599
300.5668,44.6199
305.87289,19.70705
339.71164,34.30304
343.70959,21.80653
357.50909,-25.87412
5.39959,43.27965
9.66904,29.58652
22.78151,-44.24031
28.71632,-52.17517
35.28033,16.01627
36.05806,26.78226
50.07175,80.24631
51.94197,31.25761
64.50481,-4.50119
67.32671,-4.61814
75.98735,67.91148
80.3465,-6.3673
81.11056,-43.1018
85.565,-55.34282
92.29403,-54.40684
111.17612,-27.49194
119.00978,-6.1579
124.64653,-14.75298
140.8672,-62.88226
148.95363,-0.09705
154.65919,-18.33053
159.34239,37.07756
160.94749,-42.50217
167.60922,58.40217
178.02013,-4.71675
201.77696,-11.57953
202.83125,-31.22891
205.69792,55.52135
208.14966,21.5773
221.70271,-1.95859
223.56294,49.43059
224.29837,49.629
247.69554,3.50877
257.09198,0.96408
277.45871,51.78909
280.60995,70.77538
300.24777,-14.14021
300.91168,21.54327
302.54211,-15.48028
323.0365,29.056
328.5094,15.06559
334.18198,-25.75476
341.95966,-61.40157
349.89078,9.49493
14.04454,-1.11685
16.45178,-48.39839
21.19272,2.07528
33.92196,50.31167
42.24886,47.10343
54.33821,5.35469
68.12684,-5.15524
77.78813,6.32263
80.08616,-14.39664
84.09504,8.34051
85.05909,-38.80798
103.43951,11.37671
105.86809,-70.41634
107.00851,13.16454
108.21161,8.94384
110.79333,59.07777
113.59261,26.86246
116.4352,4.98134
123.04527,11.2644
125.09043,54.13916
134.97221,13.18194
174.76567,-4.31729
205.72351,-11.01546
211.99002,8.18262
222.56837,16.71905
225.41167,10.42038
226.75269,-35.1014
231.39191,2.69649
240.49533,12.574
246.62445,-72.17362
246.97873,-64.91076
249.07158,55.05756
255.7119,-3.47195
258.1199,64.06072
267.39917,16.58725
273.26492,57.15411
279.51871,37.22837
292.44327,-52.85579
318.1825,35.3406
319.67053,-39.54333
324.94116,-22.40644
330.30542,-33.88831
333.36337,37.18388
337.32605,35.6138
340.43073,8.75698
342.46652,53.11364
344.36252,45.6788
18.2975,13.05175
20.76833,-43.91432
20.91964,-1.83002
22.32647,-13.27975
30.36059,28.7343
32.39415,6.09633
41.86864,-0.26812
49.79796,-8.4142
49.90877,-16.4828
60.91138,-54.62229
66.51831,-48.45932
78.1422,-39.86034
82.43127,-60.54141
90.65498,-63.68437
96.58672,-54.25887
105.22914,63.26448
115.19209,-79.89929
120.03568,-53.16179
131.73271,-65.27902
136.66293,33.8688
137.91554,46.63972
147.48741,-37.50051
152.73961,80.73724
178.81235,59.31899
186.62782,16.63387
189.01996,26.89952
190.58627,-10.82596
203.03651,76.84051
204.55437,32.82288
205.14226,-21.92973
206.39409,-17.76496
207.01189,-30.78384
213.35167,6.38468
215.91763,17.01158
224.50227,-6.47906
225.11433,-31.0621
227.74005,52.45853
234.94919,-25.81408
236.08261,-22.35955
241.34749,22.50772
246.4317,49.31427
247.41988,40.68701
248.06847,37.23381
250.15614,39.22147
250.38583,61.60155
251.50052,7.18949
256.02756,8.94021
278.88242,17.64118
279.2139,51.43458
280.89822,79.83261
303.33929,63.06232
309.42542,-1.73887
311.70706,3.59631
316.03546,-43.53408
319.30908,18.39882
320.59546,-56.00398
323.00919,-33.71496
329.57498,-71.44235
332.23309,-27.22288
335.98984,32.36687
342.58212,10.90352
343.24692,11.82627
350.22537,21.09693
357.8295,-27.9744
2.4433,28.47511
8.12177,-42.45733
10.28719,23.26462
12.5236,7.19302
15.62659,-19.53628
22.15334,-72.15106
28.23704,-18.33317
33.57188,7.58843
47.55057,19.22116
50.5847,-41.36263
53.0856,-29.65427
53.32481,-51.73147
79.35907,-62.60959
80.62564,-15.08136
82.35601,-21.12386
93.18267,-14.26453
95.44646,52.94472
103.96808,-70.74987
106.99908,-66.45501
108.91906,42.82253
120.2356,56.51548
120.8401,8.20613
128.08519,41.35889
131.24225,-10.07691
159.50764,28.15431
164.37987,5.6988
170.95125,-34.63703
172.8606,80.31244
178.81895,-11.96656
181.42918,39.06686
192.31218,-42.7617
194.61769,12.60847
196.17264,-15.14929
196.50964,-55.7582
206.08974,55.85592
206.50479,-37.33292
211.9362,7.21596
218.72995,8.85342
225.68384,-41.8605
227.88681,9.61248
228.6064,-14.6552
230.3427,48.41586
239.15167,41.88063
250.67657,-64.87917
256.77588,-70.79778
258.05679,30.16785
258.73102,6.21216
260.43845,75.84864
269.44382,-1.1316
270.8432,29.09167
270.91074,12.03703
273.349,63.51509
275.4614,75.35809
279.14539,57.76409
282.32544,22.42213
318.89899,-25.39368
327.69794,-36.66547
332.30219,-12.74954
333.04346,-27.82733
348.09113,14.86705
348.87143,25.12041
4.98578,-51.14766
8.35611,7.85592
23.76429,-0.90764
25.17122,-7.38238
34.81039,34.70875
37.79871,-2.94289
46.74497,-53.20845
49.67084,-41.70086
52.2272,-4.24512
53.30506,36.18438
68.47662,-60.81828
70.09169,-44.80415
76.22692,1.59665
106.20844,16.3098
108.18732,12.56258
117.96138,55.08754
118.02944,61.51073
118.53326,-4.13498
121.02245,-53.16059
136.63963,-9.36088
141.32773,55.58767
163.03757,20.96789
169.3004,46.85981
180.93483,1.83597
182.00859,9.76587
193.9295,-26.8654
196.76244,13.07483
200.93062,-35.89507
201.61876,36.01031
201.84944,-27.14523
205.61369,-23.03589
208.819,-50.42752
222.12433,10.27285
222.65767,22.73429
232.22542,7.59126
239.79243,70.55701
253.64392,66.47335
258.35202,5.94937
269.13022,27.04754
272.60687,-54.86124
276.1517,30.23581
276.60187,35.56913
277.85913,38.43262
289.84888,60.94085
295.66681,42.33143
296.11304,-19.95899
305.65131,-3.19023
307.87619,7.11311
309.37411,61.0047
309.53146,19.72003
315.29318,-2.9624
318.57355,-48.86079
323.5878,-26.87789
326.5174,-50.2468
337.9278,-31.04251
349.54721,10.24604
352.69232,-12.7245
353.099,51.8676
358.43939,-54.2002
359.19229,-1.5834
4.52687,-19.63659
10.87596,21.95638
24.16385,-52.1543
30.68299,-29.36348
41.06766,31.36669
44.11814,4.6105
44.50032,-4.7438
47.97467,6.33809
52.24049,1.75071
53.51389,-39.01004
61.69023,-12.73913
68.2339,-13.61069
72.8058,-31.86006
74.06425,-18.65601
80.72742,57.22446
84.3064,6.9719
101.32977,50.93693
101.49252,-57.23324
102.5045,-40.25605
108.85517,56.1753
115.11024,69.05864
157.46947,-0.17437
157.6913,73.88538
158.06815,43.00673
160.37753,-40.14344
165.34254,64.77052
169.74998,-36.24543
169.78175,58.05403
176.57841,-3.7598
179.79623,-48.07882
181.49707,38.09108
183.71349,-3.48955
192.40364,30.8454
194.77872,-25.01297
207.46889,25.19087
231.71098,33.14005
236.58319,-4.67473
237.45068,41.98634
238.5847,-15.71097
247.34033,-4.27816
248.66719,8.66539
258.40564,51.16111
275.34393,-47.25334
275.51984,-45.29446
278.57816,35.00856
287.56921,55.18318
293.36288,52.27274
316.11603,-34.2461
328.09146,-52.41445
335.67355,29.69552
338.23801,43.53068
345.33209,28.40122
354.95569,-15.38128
13.75977,-7.33309
23.12253,7.13209
28.02813,5.4054
36.71985,28.1871
47.53566,-21.58938
52.60801,41.7386
53.66401,15.11981
59.40219,-70.10088
76.68375,-48.19431
97.27657,-66.18529
129.9133,-28.33674
133.05968,52.89003
150.87489,37.45961
156.59045,39.95358
159.07245,49.37191
166.50974,4.42935
169.23447,35.25389
169.45108,33.05408
171.81766,26.78288
178.93826,-35.03331
179.86528,-47.16194
180.29681,-38.62065
183.83492,49.70876
186.80705,9.70849
193.03899,-17.15156
197.39445,-38.07089
202.67564,-23.50416
204.92902,-35.58695
209.52521,21.67249
209.56674,38.81026
214.79399,44.13761
217.87378,-22.36715
225.19798,32.209
226.14595,25.9028
227.92119,-3.8985
228.36615,25.20696
229.96187,5.13278
235.31984,-25.3645
236.46292,-5.11386
237.77658,-18.90956
241.12759,11.21467
242.08815,28.47874
257.79959,-23.91408
257.82581,16.84528
259.98544,39.13357
276.86188,-71.6673
288.89957,-58.32159
298.49261,4.47653
304.17987,-45.76469
308.65967,-43.57415
308.68942,-35.82391
325.8898,-58.65206
330.21896,-11.48586
339.50061,27.08851
340.10315,2.93191
354.30304,44.15802
8.38687,19.95911
16.60187,-58.78584
18.32674,-15.33172
18.63904,-25.49324
20.6368,19.52537
20.6861,21.82425
22.59638,19.28295
25.58827,-62.79803
27.64893,33.02894
31.22632,-46.44734
36.15178,42.99545
39.09828,0.70865
55.0634,-55.20181
57.27203,-45.3472
59.00365,-13.70907
60.80958,-62.77863
61.21987,-13.67375
69.03679,19.28249
78.70505,-40.80107
83.03225,1.17639
84.33105,-42.40946
94.24496,-47.86273
95.73146,-53.57627
128.12029,-13.33542
154.31865,-30.96505
164.3192,-46.17339
165.98753,-6.41183
175.69601,8.21647
176.02866,74.38927
184.1237,23.82775
193.86278,-44.52
193.90211,-24.65843
199.96059,-33.40339
206.67,52.47675
206.93158,-51.05785
213.23672,-37.97839
235.03214,28.15228
247.94989,69.71104
265.94363,34.5806
269.44321,-1.40154
286.27548,-15.84035
304.6897,-31.0677
308.07425,-19.66739
313.32846,22.50019
322.30228,-74.07018
326.13907,-10.02453
332.564,17.2326
341.16245,-21.90972
345.52356,25.76119
350.15564,43.89944
359.43063,-3.59563
4.90193,-61.69091
13.56998,-3.58494
15.01241,-4.93626
15.83495,14.03119
18.31203,49.65266
25.7204,-40.84274
27.39168,22.74268
28.09064,35.79619
29.44163,-8.55949
29.65719,-2.76415
41.43795,-51.00386
44.7726,-78.05013
44.86328,31.38593
55.35523,-40.96767
55.71453,15.99851
68.64876,-10.78905
79.72013,-17.51696
93.28234,-45.43795
104.63583,-68.01022
117.31053,28.61151
120.4091,5.8148
129.16226,-1.53166
129.85826,51.6876
143.12572,32.52774
153.39293,-39.01883
159.60089,-46.92001
167.8459,-14.22477
168.45094,40.28568
185.15878,46.29107
203.98813,41.60457
205.74971,49.06338
207.7836,25.13348
210.35754,-22.57221
212.022,5.41754
225.10513,77.49518
225.84666,-26.44749
227.00784,-33.3838
234.43018,68.21712
237.44731,-25.91908
247.39873,-16.55812
252.8175,-14.56604
256.22293,42.01056
258.67368,43.4111
259.14291,7.32616
294.22177,-53.50869
296.21909,-32.57677
300.58041,46.86492
316.8053,1.30368
318.22211,19.3798
321.09058,-20.16278
331.28943,25.12541
337.10638,-9.62288
341.11096,10.78133
342.82211,-15.75472
349.27698,21.47717
351.10867,-68.36412
359.45248,0.79557
8.93468,-45.74588
10.24273,-22.0831
15.50758,51.32879
17.80944,-17.0708
29.40705,37.45638
36.36808,-25.63791
42.26795,13.44289
63.99004,-64.62376
68.03499,-4.21194
71.02691,-16.0773
77.01698,58.5023
86.87614,-25.12315
89.88181,-52.36494
94.63214,-64.93129
101.34558,-30.38699
105.04459,-23.84719
108.39545,42.06438
150.72176,37.00286
154.7601,38.37472
160.32227,-26.16615
171.8871,36.07124
186.32526,5.7412
197.62061,-21.98384
209.72627,55.56179
229.24638,24.4882
231.55898,-3.56231
246.24356,0.42069
258.15164,-23.35391
277.62875,-47.44862
278.7793,32.29066
289.31348,-33.99645
290.8942,75.72261
314.08612,11.66365
317.09436,-15.56234
320.32346,40.40591
325.94455,-36.96077
330.43787,-9.89331
355.13358,-26.55526
2.43521,-16.88367
12.70632,30.16423
17.55857,50.17534
20.00841,14.86106
20.37072,-61.37613
29.28759,17.77006
32.94342,-19.9225
37.45722,-2.48306
44.91704,-24.29335
46.05889,18.48097
53.84079,15.78259
60.65941,36.29527
76.97329,57.89986
89.01315,-22.016
92.2366,-16.08719
93.99591,-54.81584
116.94701,12.18673
122.37156,8.50028
130.0874,-6.00664
130.93338,70.02986
141.60431,26.57557
147.59306,25.79595
151.49751,-11.48479
159.02408,0.1019
162.53894,-6.04289
166.8315,18.42992
172.907,26.11107
176.32318,21.42068
187.65247,-17.32433
198.34586,-23.04889
207.76918,25.08313
212.15388,3.42307
215.98701,28.98494
231.72301,15.29821
255.78647,36.1818
259.44818,81.96585
267.46994,-4.64463
278.99905,-50.21587
291.36749,0.73638
316.21646,0.44802
324.28183,-11.23258
329.86188,-12.24765
343.09952,-40.31203
349.48157,8.58407
354.0535,15.00689
359.36554,18.31142
4.4562,6.11259
5.32291,23.09087
16.51237,72.66977
22.69345,20.10965
26.24712,-41.99344
36.2753,8.01205
42.8613,36.51913
44.4605,4.99293
47.55898,42.82915
51.99688,39.90435
53.61043,-23.135
62.01419,10.93818
95.35226,-25.44928
96.37345,-29.21461
120.14105,56.61584
124.02551,-54.18466
132.01891,-13.12233
149.7337,9.78019
158.99229,-27.56246
160.65164,15.74921
162.24507,13.01628
167.13104,21.17036
191.86728,3.0386
196.09569,-51.65615
197.45174,59.02217
198.49315,53.46929
199.40831,43.8106
203.94139,47.42017
205.63792,-30.13261
206.61989,17.9636
208.67712,65.24427
211.23318,-14.10648
219.23738,3.51851
221.88858,-19.20603
228.44202,26.8979
229.56303,-32.7488
232.00224,7.8803
241.45219,55.36468
241.86627,27.56976
243.99197,-34.05323
255.19621,29.82057
258.47995,-16.5366
267.6994,6.04226
273.88583,17.60834
288.76083,28.7298
294.06921,-6.37361
310.8418,-37.52548
314.61761,21.78269
331.02737,39.46094
357.74612,8.6799
0.41927,51.87812
6.45859,5.41541
6.75813,45.70396
14.66563,80.08565
25.08728,-35.81559
25.21369,-37.84864
31.64976,26.10769
41.17878,15.24009
43.19107,6.65578
67.04346,-11.57647
67.07845,-3.90215
74.28017,-54.54927
80.27727,-10.24614
81.09538,75.48552
81.25438,64.94601
84.62056,1.0691
91.01922,1.71161
93.11108,-55.53231
95.81338,-21.98092
102.25031,-34.08585
103.06113,32.92721
110.01588,55.93222
112.87281,-74.17536
117.9644,46.06941
153.2574,-7.53412
155.65276,8.37723
156.63698,-67.67988
160.94986,15.89523
168.7093,-2.84413
169.53363,-4.43006
183.79123,50.68529
199.67911,-0.17897
200.90752,-26.61259
202.70312,34.6403
206.85138,-32.78082
208.2588,31.81321
219.31657,10.00676
220.60239,-17.06568
223.6581,69.64676
229.46448,-19.06872
229.68137,5.89843
231.5112,16.32311
231.82603,26.67452
242.64885,-5.18808
249.51411,25.30275
258.59433,-65.93664
258.81641,-79.05502
264.33423,26.24521
306.03339,-23.46315
307.06583,-52.6782
316.98193,18.74162
322.53308,2.07147
330.71069,-13.0697
337.99658,3.33564
342.35742,-3.74704
353.96255,10.09655
357.44815,30.03911
12.60699,24.5206
16.31297,-19.28279
34.16212,36.98941
51.50203,42.02467
59.51848,5.69027
72.2253,-52.51208
75.97044,6.39301
88.07798,1.59768
97.14201,-29.73005
99.40399,72.41848
101.35078,51.64981
109.45602,43.39867
121.773,27.12603
122.02825,62.75109
128.92401,-1.75679
129.35381,24.87999
131.70216,-14.79806
138.69101,20.12781
150.2897,-0.07949
153.19168,-2.63624
153.23189,46.41771
157.31458,6.12796
157.88036,12.4956
158.16241,12.1779
158.86522,64.15605
160.97842,-25.98058
170.68079,-43.9995
178.75453,-47.44589
181.00102,65.09715
202.85475,-1.69304
218.05661,17.02933
220.58887,8.996
221.18431,22.43797
230.85948,-19.98652
237.99319,-1.25022
244.17818,4.2079
244.45755,15.87277
251.91714,-15.19216
256.52408,40.08258
260.08554,-17.7925
264.10355,67.53261
270.00278,45.1592
274.08875,19.49357
275.69769,62.9536
278.00345,50.10846
284.54404,-24.64441
295.32797,44.55067
305.96252,-48.35881
306.22342,56.17405
312.51569,-19.43903
317.87173,-21.05102
319.95447,58.27805
322.74207,-7.08557
324.98206,-22.61452
337.59979,22.55586
346.77811,-28.61213
352.11078,51.63648
7.87212,17.38258
9.08755,51.82101
11.70551,-16.06713
15.8502,1.8773
17.43498,28.77762
21.58463,-8.08887
26.50941,39.53405
27.63933,28.04914
30.43083,-1.06983
32.87366,34.81651
35.88276,25.46507
40.0876,-6.72887
41.47734,-32.04925
45.24637,19.32323
47.75327,-8.42458
57.02188,-17.75805
66.43777,17.9044
67.99962,-25.91925
72.41823,20.63938
74.87148,-16.02624
102.95612,29.97943
103.01503,-46.40994
111.78543,59.47803
117.59222,41.26489
118.87453,10.43108
123.21539,19.63559
138.08286,-16.48786
148.16205,-34.56517
155.79337,17.96269
165.91463,31.85809
171.71971,-8.09065
173.46669,-33.47469
174.80099,55.666
176.91719,54.51478
179.74898,-53.19014
196.0537,28.19363
199.97733,33.49632
201.67352,-27.63358
202.83395,32.58524
205.31471,-46.77589
207.80093,22.77468
227.59526,7.71784
228.45723,-3.76556
230.21918,-28.98724
244.28679,-62.30465
276.63104,55.84833
279.20038,-67.24361
293.07388,-17.606
301.9584,-21.37386
316.55838,0.09781
322.66504,-67.56342
337.85379,-7.29302
339.79834,19.04612
343.17172,29.33038
349.80771,33.53251
350.31833,-21.2892
357.95975,-27.96534
2.52314,48.07666
8.70308,-11.96424
8.9433,-28.48447
15.4582,-2.87542
27.92046,25.01322
28.31553,49.30906
28.72125,-0.59705
39.73466,25.20536
43.33643,19.19283
46.18795,7.79427
52.61022,24.65704
61.56127,-5.65185
64.19602,-51.55733
74.52003,-63.92039
85.38614,-13.2262
86.90508,-6.62857
89.70216,79.82725
91.94871,-50.45386
102.03519,33.57376
105.37099,23.22384
110.77308,55.03584
130.81554,-20.66265
136.13118,-7.34985
151.65457,-40.00035
162.13397,-42.85773
169.13841,35.3062
175.6767,-6.11499
189.14044,48.54636
193.86505,51.26063
194.53665,-49.40687
202.19826,-24.34203
202.32079,-32.04275
203.92703,-31.89853
211.64336,-1.18702
220.18137,3.25404
222.6044,-1.17409
226.47395,-22.43996
228.14021,-11.50847
238.11116,-21.74363
239.1722,20.17152
239.7325,2.80943
242.53784,0.76527
246.52725,-0.67937
248.27284,-78.5569
257.26501,-23.46254
261.85831,21.10734
267.03235,6.84997
283.83139,29.26275
317.47311,-16.14834
319.82788,-6.24477
335.97076,-16.61453
337.19223,-60.94837
337.87952,-25.8867
342.26215,-37.72034
349.47702,2.95729
354.31854,31.80073
356.0567,0.80397
357.17584,-28.72477
11.25569,55.35515
13.38752,31.33561
16.52627,3.13277
18.51707,-1.74228
33.39412,-34.46916
39.55993,25.92325
39.79597,41.24565
40.20869,27.14594
42.38761,-31.19913
45.14512,36.08468
51.32868,-57.50006
51.59309,9.66787
57.73327,-17.75688
65.38374,35.08527
66.30244,-16.40188
69.05535,-21.12934
69.7878,-23.15885
82.99863,55.12625
107.815,31.17056
111.49654,-51.27108
121.6115,38.94075
133.10037,52.99897
149.05768,-12.96678
149.62956,-31.41329
155.02309,-5.5145
155.45943,52.58712
166.25656,24.81295
171.42693,61.50232
173.8974,-33.57928
173.99121,23.01159
178.54155,-46.12345
184.42743,-6.21313
186.39032,46.06713
192.17627,-36.67324
202.9384,72.60545
205.43253,-15.25805
213.05309,8.66194
215.35718,45.09037
216.17278,-41.82079
226.51384,55.57396
243.32047,-77.48022
244.84032,41.08994
255.21129,20.19435
257.98605,-23.04737
268.71899,64.40202
268.83215,51.5745
290.06937,-63.09449
298.64359,-50.90536
299.46558,-10.16997
311.04596,-31.59199
314.13184,-52.14214
314.60718,66.16547
329.42526,-16.38068
330.30542,6.05562
338.05139,-3.38277
340.68716,-2.28347
350.96439,-16.4585
356.08939,33.56505
358.20782,11.96118
6.48896,39.83359
8.23472,-13.35784
17.53555,-5.0924
17.84497,-6.82936
19.05563,-81.93733
23.72028,55.40233
37.04684,-5.83872
37.07904,23.75666
39.03559,-50.32683
41.128,40.37791
41.77927,-31.48442
42.59689,19.79369
48.2675,-8.39848
50.71459,7.58733
53.05618,-52.45664
54.8942,41.46777
59.95378,-16.06694
64.17288,10.49036
66.86356,-60.02645
73.37259,27.30478
92.31237,-51.07568
98.02888,-35.62806
98.54549,-35.64678
110.41269,20.2699
127.2705,71.05605
127.27319,25.77256
127.28216,38.23829
128.54123,51.8225
145.34137,28.11441
145.76082,-2.25237
151.46056,-35.07429
158.47226,11.20701
162.13457,4.81055
169.45255,25.57282
169.93314,7.59142
191.82884,-14.04302
193.16734,-22.19282
193.29285,-6.41437
194.95415,-25.66078
207.47513,-34.9819
208.1608,-32.88777
210.33591,-31.95481
226.15771,40.37206
235.28735,-5.08548
236.12233,66.85674
238.23872,27.66325
245.15733,57.19408
248.90916,-6.04788
258.67047,42.85827
266.30429,55.63249
268.22842,18.59293
276.14917,10.72978
285.26999,-54.31906
288.36417,-48.62913
316.22809,65.70947
337.13501,50.86216
342.99133,22.08412
343.49451,-33.0038
352.33405,-83.09683
359.26733,-34.8033
7.01836,-58.10303
16.30081,-38.96877
19.8778,-75.38964
24.00071,14.56549
29.65126,9.28484
33.27015,-40.19624
35.76433,42.91277
37.16579,23.01228
41.2746,42.76617
43.35267,12.20118
48.86168,16.04296
64.0765,-39.3233
65.3398,-77.31171
77.839,51.66301
94.2981,-20.07967
96.24522,-27.30261
104.15242,8.72458
106.90042,24.54284
114.0267,50.27874
114.34987,55.17956
119.71539,7.4933
142.56326,-8.73724
152.48349,-2.83444
164.77895,-43.37608
178.80556,4.59811
203.83784,-40.05062
206.44737,70.07938
209.21007,-28.80917
235.17667,43.75128
239.19521,25.85711
268.75766,55.54999
270.05722,-50.43438
278.89899,-77.40124
287.79269,-24.39514
298.67743,-3.3577
304.26947,-52.67176
313.95291,-29.64102
314.19705,-18.51849
317.27127,-46.87418
317.3493,11.78681
320.25742,9.17755
341.15872,-49.05988
344.88196,-46.63677
346.48984,-78.44159
354.35956,9.12708
354.42587,-40.66358
0.70269,-3.60602
1.00279,-45.66691
8.67279,-54.63187
9.91339,24.25692
14.75174,27.14634
17.09679,0.08983
18.72611,0.30335
22.70148,33.9061
26.17215,-64.47706
44.31122,-1.42393
49.76936,41.46862
68.77902,-13.3943
83.4584,63.53281
105.99226,-19.61697
115.04487,49.30991
118.3375,63.32423
118.82494,-50.66027
128.54979,55.81722
129.78864,45.12995
131.10594,55.02436
144.05852,-33.25328
147.93785,3.27241
149.54944,-15.19869
151.60445,-18.27523
153.43431,-18.65416
156.86751,2.91257
157.02226,20.77105
163.88803,42.29993
164.43091,1.56729
171.24443,47.14348
173.90363,0.12745
176.41216,-10.89784
184.91927,-41.95638
188.01512,20.15822
190.411,-9.1631
198.44341,-8.6507
201.17488,-27.51631
202.52463,70.94189
204.22395,16.96226
208.79243,58.29734
210.15396,-25.79528
228.09842,7.30783
232.38396,67.64254
237.63632,-7.47488
238.40059,-19.35182
255.75673,29.87365
258.02914,-23.40149
270.18188,10.53109
272.48441,22.54478
296.76132,64.96825
301.61731,18.58617
305.13409,-21.15168
317.83823,11.45636
333.58682,-2.40799
343.12,-13.25184
344.46545,26.16216
2.56712,32.10619
2.69949,14.85033
5.39705,1.16566
9.73946,26.87943
18.81575,0.21344
20.4467,23.78093
29.06661,-22.90111
36.95488,13.65155
38.92161,10.18969
48.07303,-25.14764
49.89653,4.76218
52.49561,-28.7264
58.92466,14.41734
74.87392,-14.4045
75.41714,-15.39839
79.33086,-11.95022
91.1059,51.82681
108.93806,5.24405
112.28512,51.0098
113.3832,-47.40376
116.56445,53.76725
120.0839,2.99471
126.43784,-64.47256
132.16325,70.74027
140.491,33.00636
150.98715,1.51235
162.95473,3.7795
167.90858,-15.1588
175.91365,-40.15061
178.99106,36.09274
180.86359,22.2104
182.58452,-46.71017
187.1288,32.54774
187.61084,-6.00747
190.15082,26.50557
208.29349,19.81404
215.6545,74.84062
242.6698,61.34998
251.46217,-28.43133
257.0665,11.84965
258.06396,53.12009
276.99014,62.30547
280.36804,-76.97346
301.18488,-9.93492
301.77863,-40.24728
301.82495,3.13757
311.36227,-38.3747
312.49554,-46.85076
331.0202,-4.96755
333.04785,41.42675
344.05341,5.38395
359.0983,-34.5252
3.98201,16.24945
8.23526,-18.19903
16.52761,-81.01726
18.36242,4.23956
21.93289,-19.04998
29.04418,-2.67777
33.93907,18.84223
38.03514,30.62809
44.27219,-1.35771
57.95016,-42.68849
76.39278,-26.72401
86.80392,-22.69307
92.65369,50.5556
96.15434,50.97871
115.50317,-9.17313
116.39151,18.80336
122.74693,72.79446
125.04507,21.06899
141.30513,39.49724
145.54338,-16.53424
155.16302,47.97963
156.26631,43.99209
158.5862,-7.64622
158.82031,-29.62381
158.99121,-27.3191
167.93167,40.82068
173.21138,-3.79103
182.57591,85.29832
201.71172,-10.02401
204.55078,18.39105
205.52667,-29.6
206.44006,-13.26195
211.3681,-8.71484
218.51651,3.74764
218.78651,5.35899
229.66182,-13.29805
236.34734,8.60267
237.84445,-39.77703
246.39276,38.93325
248.82721,8.37352
251.00781,49.51586
254.42844,-13.81289
258.03781,-23.47402
277.71118,-61.36728
279.0766,36.94024
287.31522,61.17407
323.19888,-6.78977
327.85941,34.13232
350.68268,8.36039
351.81714,4.76759
11.66787,-52.11062
19.39344,3.01951
26.33841,34.26282
26.40465,23.43736
31.28287,46.37591
36.28764,-63.22399
41.79843,-34.42752
44.48973,5.7875
45.88396,49.62217
47.24688,34.54544
58.77313,43.57569
73.68452,12.29991
76.77643,-61.40209
92.48009,-33.64934
106.90256,46.0455
107.83134,51.17194
113.52209,60.8544
125.52814,15.58326
128.27121,16.98994
131.30238,79.62073
132.11775,1.39724
151.17068,4.81822
152.06856,-39.64106
152.07494,-2.52674
154.41925,-0.48157
158.66072,10.29536
162.66515,-18.54288
164.85742,-6.6854
170.2155,-5.53552
173.0433,1.20723
176.66656,35.76869
189.77133,17.74934
192.78978,-15.05943
196.31715,-17.44627
199.60109,32.84488
201.62325,-22.564
202.08176,-21.01325
206.79402,-32.51526
210.70949,-11.69755
214.94106,31.29453
216.47566,-24.61209
229.04927,8.09475
235.93698,29.42955
241.03793,42.88928
241.67038,17.19174
244.64507,60.31887
245.22656,-10.05204
245.77673,40.85826
266.71561,59.20515
286.28528,26.84949
293.76126,-60.81569
311.86389,64.47931
314.86856,-32.40272
316.07697,-12.60651
327.54349,30.8235
351.30048,22.99263
355.52451,23.76578
359.62845,-1.84379
4.75768,1.8524
8.95804,19.4157
17.18522,33.46395
22.70967,25.91518
22.88709,0.55589
24.29593,23.21986
30.06519,-1.76025
30.58439,-1.1108
43.9769,-58.11992
61.10407,-60.68447
65.91081,-74.36595
71.98887,-82.46386
74.32838,-26.51321
85.80652,13.47442
88.56107,-51.97651
93.29186,50.44123
109.7594,-77.02721
117.57026,27.85695
123.76862,25.6087
124.06215,57.70926
132.58409,41.2894
133.29721,9.1481
135.26343,11.09839
140.44055,-14.11825
163.55214,37.5386
169.42316,47.08338
173.21907,43.51497
181.92477,12.04864
189.39807,44.80098
192.78712,4.58091
206.25708,-15.86728
207.9718,-9.01406
208.66899,20.71704
217.67931,0.25289
229.59645,12.1859
233.49612,80.03465
243.24963,4.34549
257.62289,41.58638
264.61444,61.03994
283.10095,73.19436
291.06049,-12.22865
301.4545,-54.35799
311.03659,22.08558
316.37653,-72.84029
324.96817,-22.75999
334.08603,-25.66996
335.98416,3.76784
338.1955,36.54392
352.31827,28.07727
9.63522,2.32291
11.98139,-29.20604
14.72147,-8.7752
19.78289,76.74612
20.8754,34.56867
39.10606,13.78041
40.41391,80.82838
44.54238,31.62152
46.71364,-72.33011
52.3614,-13.49362
55.6361,-75.08229
76.55788,-38.05432
88.27235,-34.39381
89.76229,-58.81059
95.78094,-64.93054
100.21035,82.90266
100.92584,31.18041
103.96166,40.69414
108.18213,50.06179
121.89404,5.75872
142.79614,52.6352
146.63347,35.33039
148.08722,0.97027
149.21072,47.42247
155.85492,-9.90323
176.14323,-12.92352
194.16208,-14.23643
194.51773,-28.49754
219.2276,46.80181
223.55984,4.7944
240.67982,66.49313
242.66742,-63.11677
246.16042,-64.71394
249.06462,66.24007
255.53699,17.17381
258.86893,38.91185
259.21732,31.58407
286.55801,-30.88906
296.14444,-52.56773
312.99026,-54.48682
318.1214,-44.56267
330.47308,-9.90019
333.83704,-23.2456
337.17139,-6.14473
357.06638,-11.72798
2.97874,-43.9105
10.21529,2.84175
10.47212,-10.83272
10.47257,40.35485
41.81022,48.74445
48.33059,17.98952
49.28119,40.88121
71.34489,7.50063
82.92274,-46.94799
87.07098,-25.5671
103.24454,-68.45383
117.62057,55.48381
129.12245,19.42993
157.71689,-50.06975
165.36024,9.78883
171.03596,-1.15771
176.28696,-21.68117
193.01639,-41.8094
194.94501,27.97376
195.68166,15.50678
201.43832,-3.86434
208.82315,9.00128
215.16211,-12.21881
215.61404,15.08683
217.01897,1.0063
222.63821,9.62834
224.89792,-4.88441
237.37004,11.93584
239.87042,39.82763
240.6682,15.75603
290.06985,63.29539
294.26651,-54.55029
306.59949,-33.35094
313.11261,-51.99101
317.87335,-35.97356
330.44611,-54.76686
331.86261,-20.8428
336.6398,40.64742
336.91858,-48.89434
337.66751,-8.52943
338.18567,-59.47158
339.82846,21.84832
344.80334,13.60667
347.14819,-19.89321
349.79565,10.80234
356.55655,5.86905
4.58543,30.03993
13.69603,-10.97306
16.10154,-6.59476
39.61433,29.75807
44.47968,6.84797
44.6853,25.39505
55.28124,6.76688
61.79984,-40.17579
61.921,-61.92008
75.01158,-46.22323
80.99595,-54.03916
82.74997,-26.44437
97.18092,-39.47461
106.90685,32.5125
109.19164,22.14663
113.2345,64.91078
115.31293,-5.01684
120.44765,36.22598
121.29276,47.05135
136.65468,-6.56874
168.9879,-46.74394
173.62999,-50.80413
179.15862,11.39813
179.20123,-32.44763
181.8726,-27.07727
193.34044,-12.29051
196.24133,53.78088
199.16568,44.87637
214.91158,-21.74471
220.4986,-30.70126
223.92162,-39.62556
228.70563,10.28426
236.96251,69.46974
239.73555,2.44305
245.83324,34.97036
250.21223,23.65949
252.11217,-7.54368
255.81551,31.45798
256.19473,-24.80188
258.28241,41.21075
274.45364,23.91979
278.15323,61.2587
281.9794,-63.08951
287.27576,-37.35617
290.6911,-27.69626
291.52386,-57.6713
295.43567,50.62088
308.77887,14.78396
343.18802,33.39774
348.99673,-4.25488
350.99643,16.81118
352.42776,20.78403
355.9964,8.33119
0.73742,4.20872
18.13364,31.98261
18.30852,52.43744
21.00826,-61.50564
30.19168,-33.83277
31.69519,-60.73203
37.0813,29.45591
43.16864,41.39629
43.63328,-1.5186
45.5584,-15.8234
65.01666,-0.99467
68.78619,-13.31015
69.61991,-12.28447
89.22961,-21.25187
96.60659,48.69246
119.1064,-6.44803
119.86387,7.44284
133.60139,20.22471
134.31319,-26.76126
138.76155,19.69705
153.37375,-1.88497
154.0907,-43.51098
154.40334,6.39388
163.34543,56.31441
175.57024,14.06655
187.77818,52.41429
194.80119,-19.42853
203.46928,-22.32692
220.38083,31.65057
220.80939,16.48825
236.2092,-26.87794
247.14319,25.56557
267.28793,61.67391
276.78799,-35.05289
277.23724,32.33456
282.36786,18.91905
293.94925,52.10118
297.08701,65.00011
302.86694,-23.90892
303.11133,52.98383
305.93555,-20.12429
313.5463,-69.0371
313.63132,74.23468
314.46649,-50.66757
323.00827,-68.61823
325.96375,-0.32135
332.58002,26.05792
333.3287,49.82326
338.86893,-35.12184
339.79993,12.1375
346.67221,-0.85189
350.97031,-38.35933
354.5043,15.90056
355.99393,-32.72637
356.38626,-4.82372
7.46347,-40.94402
26.10511,-41.83179
42.74783,3.52354
46.73097,41.62326
62.32671,33.88995
69.43546,1.09789
71.5854,-10.11243
81.50581,62.94957
82.27418,-46.16159
87.53875,-60.61486
95.87904,-37.23617
104.28288,12.78678
107.70707,22.12826
118.52599,-52.30197
120.75367,35.15928
127.93581,-5.41078
129.22189,-5.91843
133.70505,57.67043
144.41699,-36.8902
145.2242,-36.02547
160.66461,-28.98724
166.35789,-10.05935
169.6178,25.32368
174.69162,-37.71173
175.53438,20.70073
185.83351,15.82053
186.47177,62.4291
187.55046,56.70218
191.55536,-34.10883
193.998,-9.60754
200.38252,32.91974
200.43941,31.23723
200.93022,-57.52951
202.01797,-33.68992
208.30885,0.44723
216.95703,11.56031
217.24821,60.83346
225.8132,36.14774
240.32613,11.29195
243.40417,-72.60989
246.42705,25.73257
251.97644,-58.13404
256.22311,40.48457
268.38672,64.17302
276.83459,33.50014
289.47424,47.38037
293.18353,-31.48574
312.49146,13.03434
323.08795,-62.89244
327.31863,-56.66827
333.45367,39.2365
341.8815,21.64282
342.95139,17.26354
354.9422,24.43222
9.69093,6.46769
16.48991,7.39187
18.5929,50.22729
20.81596,-9.02815
30.34488,-11.75446
30.93686,12.15631
33.54641,17.61263
53.73831,3.42316
53.93682,11.08336
56.54168,16.26151
68.58215,-12.79943
74.20383,-5.24958
75.6558,-20.92284
78.43294,1.95325
79.47338,-58.57377
97.79065,-19.17069
106.25832,-48.77151
114.36558,19.5909
120.59856,31.18775
120.71189,-8.61597
121.18504,61.53527
131.38795,26.32292
135.88492,-21.3338
162.28143,6.9174
164.59047,-8.43593
164.79356,50.26376
167.64771,3.26736
170.27711,69.44092
172.91379,67.24164
188.90518,12.38202
195.49928,6.28312
196.57759,-54.78433
197.18056,4.60578
198.17064,53.71476
206.08925,29.9197
208.09009,-13.7046
209.79601,34.07201
215.55577,-15.29938
235.90163,43.9133
237.26122,25.68635
246.68803,40.68417
257.38367,34.42699
258.5278,57.99356
263.33646,36.74836
267.11908,12.52795
311.11362,-30.72676
316.23697,62.31115
320.30692,42.74126
334.08246,37.66324
340.14767,-33.99505
341.3331,34.05952
346.6351,-25.42738
346.83994,33.9421
348.26114,-13.62303
1.92122,8.23491
10.09016,7.01522
17.93151,35.27611
25.64783,-21.53677
32.17538,30.79754
39.24183,-32.91267
39.28778,84.86704
40.3965,42.25348
43.92536,9.3242
47.80947,-36.17772
49.54512,-76.75845
55.28576,-2.52811
58.4395,36.79892
68.58883,-8.03001
68.91541,20.95137
69.13601,-68.39926
78.08218,51.53842
79.34693,5.35668
80.74819,15.47338
83.5928,13.01944
90.57707,-53.6107
100.07392,-19.38246
104.66392,53.48632
118.8856,27.73619
120.83059,-52.21045
122.17423,-67.54217
128.1953,-7.11386
139.26067,-25.06626
144.55788,48.38827
149.65474,-0.92953
159.035,34.90902
175.13538,35.60772
183.06671,-6.3961
184.73297,39.14011
186.30743,-15.64193
192.28687,27.36885
196.06326,35.41542
198.50554,33.93685
230.71999,8.74486
231.5883,6.71651
233.26982,0.55632
240.24564,70.60074
271.88211,10.36798
316.07303,-54.66396
320.71109,15.27214
325.36697,-39.76493
326.94409,-65.38782
342.93201,-29.44583
347.77856,36.33419
352.34818,14.20437
7.72407,-9.20779
16.82051,24.50916
29.44255,8.99459
34.90372,37.26822
43.2701,5.92862
44.27258,47.84229
45.93887,1.72786
46.00578,34.26495
46.231,21.37667
46.95094,-4.26257
51.00595,-39.48341
55.34064,15.42356
59.98045,-24.96372
66.75923,-10.02021
75.11485,70.31073
112.36508,56.14286
114.14647,-61.60414
114.4055,62.28878
120.99484,19.36424
128.76785,52.8316
129.11626,10.6451
135.14439,-73.07373
153.56703,76.55334
164.60938,56.98963
189.71881,-48.83955
190.07161,-21.8634
192.27759,-28.1949
192.88191,-18.52007
197.43105,34.98478
199.06648,30.2645
199.81967,-0.99549
209.75627,0.24119
214.25423,7.26014
218.39465,52.71949
222.5562,29.76042
227.22484,-0.19692
227.70694,-45.08962
228.37209,42.33033
232.55106,27.13403
233.69438,21.2493
241.18651,49.45833
262.78491,-62.36806
271.04108,29.6885
288.22403,50.40151
288.39368,72.04443
291.16208,50.72122
305.59583,2.15563
309.52316,-43.38997
312.82126,-52.99757
319.47955,-22.77339
324.66928,-31.4318
328.11304,-27.1617
335.39944,-48.7504
339.70322,21.26704
358.97745,-34.25524
6.86841,52.36991
12.11847,49.90773
12.42523,-30.29532
13.74596,30.80527
16.34494,-34.57379
17.14437,16.90018
19.82452,-12.57406
24.25855,4.51635
24.98475,23.12131
27.48869,43.5046
39.71417,0.50871
41.03183,-51.84683
43.95199,36.68038
58.80365,-17.29879
61.40844,-15.8628
66.77235,-49.11488
67.99145,-12.81858
96.83313,47.92692
96.936,-35.67916
113.0637,58.60135
125.18855,19.36227
127.08511,2.44554
135.30881,34.81134
136.68651,44.26092
165.14362,-21.16933
167.2392,80.65204
175.42291,71.56361
181.67377,80.91999
185.14331,-6.92889
186.63182,9.12315
194.26993,-30.47209
198.11301,43.78833
217.81921,-36.606
220.07881,-52.74232
225.31192,-7.47493
226.23186,31.12501
227.00142,-42.09619
228.16298,-45.5839
240.45184,-0.8091
240.81934,-21.49114
243.06389,2.99382
248.04417,-70.12041
249.48924,-65.59019
261.26846,41.99392
272.45984,58.37879
274.42407,-67.11077
278.32516,-42.65622
288.90613,-47.8864
289.94272,33.52382
292.87958,-8.02194
295.36237,51.26112
305.00369,74.52483
306.20642,26.74314
310.65988,-30.82719
336.20721,-1.90901
340.67102,-24.91581
340.79156,-23.42519
359.94424,-13.21098
1.52117,-44.32757
5.90705,-0.5099
12.41859,32.16889
15.3021,-3.14939
30.69715,36.77459
32.64157,48.48778
46.63386,-12.38154
56.7207,-49.98473
61.14835,-46.04187
69.04765,20.01579
78.41275,-28.16876
82.43574,-53.75522
83.99794,-29.59633
90.88186,-22.88905
96.11938,-16.50816
110.50424,14.97678
127.31202,55.5228
144.66971,-19.896
150.66226,-5.15078
151.32721,5.5697
156.71631,-3.26036
159.39523,-15.77737
165.74747,17.33046
174.76511,45.60593
184.86687,60.931
187.22919,13.79084
194.47623,-30.2619
201.98727,34.36643
211.1909,-5.56527
213.22592,25.1201
225.43915,-46.28701
225.73712,34.14827
227.31735,9.81317
233.73459,24.13656
238.45816,18.34129
242.80045,-3.45022
245.61674,17.43831
249.87517,72.21326
250.59894,25.08594
262.98785,-65.82243
267.39786,16.6819
277.92587,53.58713
291.71207,-11.78802
296.75485,65.00068
300.37741,-39.06347
303.30878,-16.21501
309.76813,-41.18139
317.64914,15.32104
318.58972,-40.57184
333.73334,31.77455
336.8938,-30.47391
338.87036,19.6795
345.61365,32.52706
348.82245,-67.22421
349.71054,-39.62059
349.79507,-23.44439
355.82629,28.95379
356.33136,27.92935
1.97713,39.71737
12.88078,-43.15825
14.39622,-5.0025
20.31002,17.0276
23.74163,33.92362
25.8405,21.91387
27.8917,-8.39893
40.60365,24.73246
42.35756,35.39311
52.33669,-65.74991
57.75685,-25.93247
58.50339,-72.13382
62.35017,-21.83328
63.99765,-64.78008
67.98722,-61.30777
71.26743,-15.82202
82.17613,3.94284
108.88478,40.4912
111.64962,23.07294
111.77943,6.51242
113.98645,18.04916
115.15221,69.79776
124.88296,-3.16226
130.83731,64.67611
135.9086,-9.20288
146.76778,42.52116
147.17786,50.49205
148.8808,-35.90635
149.65114,-68.31109
153.22702,-2.76827
159.49857,-16.88917
164.40411,23.89781
170.47717,-48.05227
171.48671,-38.05634
184.74857,51.27842
201.13686,42.7643
219.05988,73.50603
220.30519,-37.20558
222.78752,-3.81543
224.87633,28.18248
230.81531,-31.19048
233.91502,12.6064
247.26021,-72.47736
251.53354,65.53763
266.54269,-60.69471
290.19278,-13.91932
292.86462,-67.36903
294.28696,-36.51882
315.14267,-39.88672
328.17615,-68.61473
339.16141,-61.40807
351.20398,13.99649
352.82053,18.24007
358.60028,-11.34325
5.42808,-41.94761
8.67486,-18.20075
12.34457,33.69247
18.43958,-5.8553
20.87201,-0.53254
27.4708,48.16146
29.34324,6.76826
32.74514,18.21244
33.98247,33.66854
39.55842,-15.80908
41.98896,-77.98901
45.81257,16.43858
49.31576,3.59174
52.15409,40.46879
60.03888,37.43645
60.81501,-20.38419
65.80526,-42.54527
67.15247,-53.40994
67.35564,-10.50559
74.71726,-12.03832
76.66295,-20.09446
77.05797,-76.34902
78.2758,-36.66795
81.37836,67.13438
93.36906,-37.99704
99.72475,42.55045
106.41694,10.36369
126.73266,-27.30106
135.09724,17.17874
139.07913,41.54996
143.2325,-8.20222
144.90811,59.7912
170.81403,13.3912
173.72701,-43.35764
181.10298,42.56195
187.60657,-26.46087
200.75154,13.95065
206.37222,3.78215
215.39925,49.55126
222.23793,-2.09261
226.92416,14.62186
227.37038,27.42251
229.63535,58.41441
230.38737,39.20075
238.87849,-0.82717
240.27892,11.94545
241.27153,45.44301
253.22758,-0.16744
282.73154,39.39767
284.68958,-56.07181
307.62311,27.67862
312.98773,-21.95349
314.65884,-43.27703
334.11279,-18.43795
335.69138,29.77667
338.56317,-38.16344
346.71399,-84.38179
348.03702,44.65175
352.86609,25.52895
356.3222,-3.83263
15.75708,-1.11098
15.92077,-13.76363
28.2033,-22.74398
28.79857,-2.5391
29.16522,52.10919
29.36848,-2.91765
31.26605,-32.38535
41.96638,17.275
52.75305,38.97305
53.2517,43.09792
55.40271,-66.5735
59.05315,-15.09082
65.10069,-32.9896
81.64629,64.0787
91.47089,-66.06321
91.98486,-44.98767
104.96222,25.08934
108.34458,6.50103
111.26527,5.27277
133.31238,61.99209
140.50505,40.57429
142.9268,-18.85554
151.03957,-42.23635
166.11426,45.12859
170.75554,47.05243
175.75899,19.64971
179.3826,-1.25303
180.4247,20.40508
182.44687,-19.02833
194.59145,-51.36819
198.82851,85.77864
204.89998,43.05285
244.33792,59.32016
258.37033,-9.32999
264.97171,16.87161
285.11002,-69.83986
298.33017,-62.74674
312.44934,7.78347
319.02725,67.36224
319.07794,3.48828
328.96115,-2.83289
337.53668,-14.31307
338.61902,24.25141
341.53107,-10.36943
341.74002,-53.80596
348.94797,10.11357
0.95297,-43.61829
2.7556,-51.11983
9.77137,6.02105
11.76347,-55.94204
15.29137,-2.50552
24.60192,-0.20582
25.77512,-40.18183
34.80762,41.71634
38.72855,-0.79602
42.41176,36.85096
46.3607,-23.14353
52.70359,-7.0467
56.00161,-45.54547
57.67468,1.04075
61.25307,25.398
66.1487,-57.98088
74.15895,1.728
76.08733,-20.41768
79.20435,5.38505
102.34089,-42.35873
111.195,20.28042
137.97029,16.27847
141.62927,8.35103
160.31317,-21.023
163.95491,-9.86003
170.23936,66.38155
175.34438,-17.5665
186.25121,40.15725
187.97185,23.95276
188.90018,-5.08328
193.40042,78.58784
201.47618,-37.23726
201.8416,-1.00858
206.4157,-5.50917
209.06105,-44.49118
209.50154,20.63236
213.47319,65.80581
222.79111,18.57536
227.56607,58.17852
232.91147,6.67933
245.29143,-15.32115
251.40527,26.98112
262.99539,46.15816
281.11859,57.55288
287.93988,29.82959
305.65219,3.93046
309.43637,-15.87526
313.5491,-2.7677
333.88907,38.00534
338.57587,50.41302
339.94193,-66.73335
342.60852,-51.44795
7.72222,-56.43776
9.46979,45.60447
12.46122,28.64914
14.62207,11.58733
28.77186,24.04086
51.95244,32.57504
60.43443,19.40105
71.50535,0.97646
75.37272,-22.69793
75.98161,18.172
79.42989,-20.87673
79.54877,-37.22977
86.23448,-18.21275
88.93713,-61.32018
93.77399,50.90876
100.68953,-28.76094
126.6765,12.01763
135.62572,-10.04866
136.40494,41.09226
137.22319,32.25295
137.46077,20.9886
139.63573,35.00166
149.52208,-4.21919
152.71034,75.75423
154.40811,6.9712
154.70255,38.46976
167.00372,46.85056
183.28967,50.76031
186.83568,-17.91019
196.57533,-7.61199
197.46625,-24.23911
204.13591,33.87605
219.22354,18.37063
222.84866,9.59242
223.28909,-11.20787
225.7542,62.65155
227.13033,19.18437
228.53979,-36.89577
228.69041,-45.54406
234.88338,38.16361
236.60117,69.48616
240.07428,15.7566
240.73705,-62.99431
240.95102,17.24055
250.30711,59.08508
251.9037,42.69264
254.90083,53.94177
259.03683,20.35525
263.72644,50.75588
267.28638,14.3656
269.45029,-62.93259
292.33817,43.01988
307.65988,-0.26493
313.90213,-0.63657
316.50427,-15.81602
320.91571,-35.16163
322.1796,62.60221
330.37708,-22.07087
350.68719,23.21115
351.06879,13.96642
355.92502,17.64682
358.29117,28.44194
5.20282,20.03157
7.85541,-49.5897
14.5344,-36.36914
15.16059,30.31638
18.47091,19.17677
39.24807,19.55771
40.95457,6.64291
43.40635,6.06101
43.8738,75.97741
45.07225,24.56286
48.46587,41.24589
54.03247,-0.59647
65.23767,10.12137
72.47536,-41.94392
82.65644,4.79905
90.20584,53.55354
93.28656,-68.61008
106.11369,-34.64791
112.42788,57.3289
114.899,-1.99522
131.68918,35.81783
139.18291,-5.05845
155.91777,-35.82597
179.09355,-33.51264
182.19138,-34.42673
183.02275,13.20557
187.98682,-31.2301
208.42395,33.22816
230.74942,8.75536
242.41751,21.86044
268.55399,6.06264
276.86917,39.53131
288.95447,48.58236
291.36472,-20.80042
300.61243,-38.83455
317.57877,18.78513
317.99106,-45.91168
322.5986,64.98526
325.47552,-40.99137
326.02933,-5.10167
329.42645,20.83118
333.40848,42.13962
342.79227,-46.6723
343.58661,32.47036
347.0665,22.71262
352.29407,35.04852
6.06233,2.02685
8.21024,11.73687
8.78898,5.53947
9.07658,32.90318
25.65134,-30.81047
26.3349,-4.38321
36.32373,-57.72277
45.03345,16.50406
48.52281,-21.77427
51.56721,6.87791
55.34755,-59.93066
56.5449,-3.96794
77.7083,51.7322
79.78722,-6.55333
88.92414,-39.24315
90.44073,-13.66378
90.84267,9.61731
93.33781,-32.69857
94.51753,-32.80935
101.01765,26.92547
105.12831,-72.69874
120.44587,8.384
125.59018,4.05464
126.29263,37.98892
135.38332,-21.716
159.26372,-29.67138
170.94154,-4.70664
185.63602,-19.36583
188.46584,12.61758
190.26271,-10.30168
190.55901,33.38169
196.9424,-44.48661
198.44896,40.21087
205.99969,17.84156
209.10446,-31.77588
212.14075,9.038
213.18266,49.86849
235.94081,-1.75339
240.82405,21.59175
242.27644,46.67125
246.98332,39.2814
250.91039,0.87417
251.11629,-19.24231
253.81148,-74.22536
257.92065,-6.53263
264.3638,37.47662
290.12564,-28.91949
300.86581,6.98971
307.07623,68.38434
307.21658,-18.85166
311.97076,17.95079
332.18314,-24.10742
346.42603,-6.6689
353.71384,12.18172
3.33653,-9.92269
9.12863,6.52042
18.64176,3.72855
22.18217,-70.05052
25.82985,74.05927
41.72337,53.7956
61.09981,20.42711
61.34347,6.72819
63.78189,-13.22517
68.21215,-68.88235
109.65391,61.25662
112.7848,47.40668
119.12924,0.00091
121.83442,-70.49297
122.97303,57.95192
123.07453,-77.66735
129.5679,-27.83228
132.52962,29.54779
139.38919,-28.42602
141.00456,5.20942
144.13281,59.39841
157.96138,42.86316
174.25783,15.57057
185.96068,28.19947
187.51918,-8.60774
191.31795,10.19094
194.76047,52.62457
216.59682,16.79892
223.32117,16.68802
225.41469,-7.378
233.72202,9.58284
242.21054,-33.92662
245.24757,55.97051
263.16724,68.70541
277.73914,29.87673
288.11081,-42.30715
294.86346,-1.43609
302.85965,-52.78577
315.43878,-48.19934
331.52371,41.77303
332.73819,44.9407
333.01407,-67.50855
338.48807,-25.76211
356.32159,28.06034
357.80798,20.22958
358.10101,-61.07362
1.13005,-47.03164
1.13466,8.105
3.07802,-37.07874
8.39451,-56.30659
11.61127,25.62128
13.27486,-52.45494
17.50578,-15.62354
20.30649,6.44492
28.51583,71.19639
32.54831,19.52443
39.47993,-69.34164
43.22839,13.06535
50.22397,37.86711
78.59061,-60.79119
79.04176,-73.67479
79.4582,5.28875
100.12383,-27.48161
121.38528,-59.38824
139.99442,26.55268
142.45645,-67.12936
158.29222,-24.54282
160.96217,18.65649
163.81442,71.94676
164.37886,-14.83576
164.44405,1.25356
166.95471,2.3567
173.21515,-38.79428
177.62666,-28.87228
190.25134,18.55391
198.41757,12.68926
199.31975,-18.55105
217.11362,17.58364
217.42267,-39.8718
217.97307,-40.28316
222.07631,-40.27478
231.07455,-38.12251
238.79813,-40.33778
240.55524,15.9375
241.22914,-2.41226
254.41455,-16.8382
273.01682,12.42486
286.08826,-53.7109
286.55145,-56.15935
291.05688,-15.7432
291.05789,35.16262
300.63757,-6.70158
312.22028,25.05326
314.93097,-69.64611
316.97708,-43.26161
345.73273,17.75009
346.5441,-33.03601
348.94492,-59.05434
352.2323,-52.20943
7.03732,-42.42789
14.21086,0.34642
14.73594,52.63499
20.82087,-0.90588
26.66769,28.97474
40.56874,42.39321
43.08902,46.46554
44.49331,5.78307
44.55455,-2.26485
52.52565,-53.71028
54.85669,41.19931
55.30632,15.37886
55.8605,-31.74394
61.31839,-60.28751
68.36712,-14.80084
71.6579,-10.22636
71.79868,-84.95779
73.58918,2.13398
83.56133,-43.21272
90.88393,-27.82088
91.51572,82.71912
103.37845,-75.02654
108.71669,14.38134
110.09492,-2.69321
128.20547,-4.77389
128.33646,-57.37476
128.38782,-0.65125
129.78865,-1.56152
141.49709,77.80729
153.84821,-27.42319
172.43829,22.12659
175.62901,-2.25153
177.74355,14.73677
194.9079,27.90738
196.70778,7.44413
198.6747,-18.77889
206.77489,-23.77335
217.16089,17.57372
222.16187,-35.79202
223.73024,-16.88702
223.90826,-21.59221
246.86931,38.86911
249.08549,-65.53014
253.32275,20.20691
258.62341,-2.6113
271.58859,56.51394
296.63373,77.77729
297.10062,50.08519
298.20941,-5.53599
306.30054,-57.68274
318.71838,-0.97783
324.31821,-21.00198
332.17203,-43.86292
332.85468,-28.88969
334.14447,-18.80745
337.91229,-33.33493
337.96292,2.52345
338.30582,-37.62063
357.57053,6.10641
12.20031,11.37018
27.04419,48.03585
42.53712,8.15662
46.49075,-10.52348
50.13469,-2.00548
52.06479,40.15966
58.65846,-21.93091
58.76896,17.04218
64.54324,-60.1837
71.69339,-14.83363
81.50134,-12.09658
85.00414,10.33159
89.24759,-42.78311
90.70143,6.75708
91.63058,-34.64095
100.82415,21.00562
108.78193,48.74888
113.89804,56.04746
123.45287,-61.06054
124.36695,-0.68372
126.67163,17.83855
130.66721,-0.56321
132.19247,10.0905
150.76292,-11.96588
163.6627,40.53457
178.25523,-6.06494
181.76294,40.19989
185.74673,51.21152
187.17984,53.35766
192.93239,27.96285
204.7928,-30.74319
211.85843,-9.09596
218.41486,-72.18077
225.39188,49.11156
229.10632,-45.98208
230.39484,7.57632
230.59988,-19.41888
233.39305,33.6996
243.10985,-13.41238
259.00577,-52.79008
269.7247,36.98004
279.99673,20.2398
282.90698,57.60251
283.83243,79.08898
299.62131,-55.15358
301.00296,41.93505
316.49866,-45.12451
318.97742,-22.27378
322.86191,15.8051
330.48544,15.17526
332.16476,-3.35332
338.22522,-55.4945
0.90729,8.63525
25.01783,27.67145
35.83193,43.0139
44.69718,35.73267
58.00126,-55.2542
61.9885,1.35668
67.80746,-12.43336
117.87646,61.8875
119.28342,10.59657
136.62453,-19.66248
139.66441,-7.78451
144.55101,7.72775
147.8709,-11.67126
155.41188,13.31274
156.1337,24.23691
158.54128,61.60778
159.54704,-43.75255
160.77164,-34.90049
167.89204,71.52328
172.3172,51.5232
173.83562,-46.06025
207.12372,-29.53193
210.56139,9.78223
214.64195,37.02447
215.89032,-39.61261
229.7818,-14.53529
238.84088,62.94862
259.62894,-72.84179
261.9057,-66.76591
262.77505,-76.35745
282.01736,-53.3069
287.79791,-22.6727
328.7041,-63.10804
335.37207,-20.41484
337.87009,-8.48495
351.92743,8.75834
355.40274,32.23969
356.20102,-49.1112
357.25272,-19.6928
0.79636,-27.87842
11.87695,70.84526
20.83801,-6.80785
24.1596,-13.88159
29.08927,35.57256
37.19658,24.9941
39.39999,43.39923
43.15461,-21.2426
46.37315,-2.47492
46.6364,44.71951
48.60682,-19.18055
60.60142,21.19009
61.53246,-62.05569
67.04922,-17.63127
69.01492,-46.63902
72.70927,-50.3097
84.89019,66.67049
86.41167,69.06061
87.97362,-36.63156
90.55344,-27.3045
92.27752,-65.74826
93.57349,-11.77407
96.9547,-27.39073
98.14028,47.50636
103.68277,22.74194
105.24935,-27.18901
113.50695,3.54843
125.72646,62.35877
129.02214,1.89411
129.7213,-20.5665
142.91165,-14.97817
150.09891,-39.66268
157.76895,-79.2398
169.74643,-40.00374
185.01804,-6.20348
206.51619,35.52039
209.03412,30.08187
209.12679,38.36604
213.24385,9.92107
215.53572,-10.43
218.67255,76.94366
221.61116,13.58797
226.16306,-41.35681
239.69623,-33.12773
240.61438,-60.32821
241.23135,28.16571
241.67438,8.74352
245.83652,6.66041
247.8423,-18.45015
260.78989,63.90788
273.00305,42.48502
278.88278,-75.83515
296.54141,-31.19705
310.09412,-6.35889
318.64667,-33.21208
332.43912,-20.86428
340.40546,-38.27881
348.16049,33.69963
348.37985,21.19788
1.02917,8.10947
12.16129,-64.86511
12.38653,-4.21405
17.58301,-45.8551
19.9129,56.71956
21.03372,14.03451
23.70601,34.03477
25.61336,-14.53307
28.54699,35.92237
37.10121,38.26543
49.90448,-55.53717
50.59113,-15.68841
63.29134,26.32452
70.35966,-21.84402
72.44015,-13.29938
84.47665,-21.08336
94.03542,-44.67572
95.39043,-22.17433
109.31379,-35.79801
111.61866,53.16767
120.49374,15.05873
120.68499,6.24331
121.83922,40.39833
122.86149,-75.49801
123.50413,-24.64575
126.99332,70.8478
135.40901,49.08804
137.89113,-20.77396
139.47961,-18.1712
149.16853,25.77474
149.56052,-25.10399
151.19711,57.6016
153.80193,0.96141
159.68825,-49.78156
166.52003,3.31962
167.78883,3.94074
169.6346,53.81451
178.75929,11.31647
181.00406,20.33747
189.90251,-42.89445
190.6902,-40.21014
204.08406,42.04063
204.6877,-35.1361
209.74907,58.39997
210.32451,-2.48076
212.67436,1.48054
224.47067,-2.264
238.04852,59.24882
239.45137,-28.3793
246.32106,8.24744
248.27461,26.21185
253.23431,30.50233
287.29395,-17.79228
294.83664,-31.78871
303.17017,-8.35619
312.00024,-0.17979
315.22183,-48.23969
317.20581,-36.12956
319.04474,67.52033
324.01828,42.47855
329.37256,-7.79567
334.31775,9.77654
352.00305,16.2007
355.37015,4.17186
358.34875,-31.69543
359.20532,-3.3497
0.70377,53.88695
4.70556,30.06197
15.79524,-14.2044
24.09589,-12.62445
25.28325,84.47662
29.36554,-61.68985
38.47683,27.86042
44.80681,-51.02945
55.5056,-6.19766
64.45412,-16.01161
65.23992,-4.73498
67.28847,70.89745
80.37972,-21.39495
107.27905,8.75454
120.08235,3.01924
127.66875,20.5997
129.30635,-1.64881
139.37704,-31.45469
140.41005,13.96614
141.13174,-63.24402
152.27705,-11.18849
155.48598,-28.42892
164.37929,-10.54912
169.61365,-48.35439
171.95477,21.38613
174.01062,78.96909
176.01396,33.53504
178.258,20.6863
179.21393,13.68604
180.15372,43.45942
183.47876,21.75611
185.30348,55.1534
185.453,-51.73924
194.67508,10.6165
195.45926,27.89356
207.0649,-51.54063
207.6411,-38.63586
220.73973,-48.20898
222.36087,8.97111
222.73096,-19.37469
226.33575,-27.32285
229.21977,-13.4187
233.50215,32.81955
234.25745,-26.55581
236.01526,4.76937
242.37723,-4.83986
244.86749,-61.24441
244.86749,36.29425
246.83365,62.65956
248.4597,-12.36323
248.94554,44.41563
253.74265,22.14839
254.19363,-1.96201
256.20068,78.64148
257.40594,15.77304
260.85468,36.50709
264.28568,36.30216
281.72675,-54.48884
291.56107,43.851
339.17685,2.6895
346.31943,-40.43166
346.90619,15.74389
355.78983,-42.90503
4.559,29.95212
6.26874,24.52197
6.69296,-33.67724
12.14437,27.69245
16.93124,39.6806
22.54407,45.6174
23.0755,-16.14641
41.64294,48.68368
41.85833,47.20211
44.07335,4.52932
49.32402,38.22102
51.53759,12.62312
54.13271,-72.08341
54.87666,-3.02395
55.01912,-2.06844
65.25019,-45.07238
65.40785,-57.53248
70.70349,-39.62809
70.97197,-15.95011
72.29621,-54.10611
81.83485,77.8594
92.75003,-43.75727
95.86025,-10.45017
96.18065,-67.63685
104.43723,-70.55797
110.6553,-49.9431
114.57656,-52.15541
115.27754,5.49642
124.94395,46.12084
126.79986,62.66069
129.87427,1.23348
136.0529,-36.45031
140.78044,22.69217
145.44475,73.58074
148.31686,-30.26563
151.98495,0.27218
164.97769,10.09175
170.65842,59.31538
171.51596,25.18027
181.17149,-28.11631
186.53233,-51.54717
188.79916,34.12231
193.18539,59.26567
193.94327,-11.54269
199.8643,-33.92548
200.62128,-17.57894
201.01451,-17.04055
208.10973,-24.84341
215.99242,65.2167
223.32877,16.64215
228.51692,19.98053
235.40663,25.11119
236.57132,-18.56175
241.3992,16.52637
242.50676,-2.65701
247.61189,41.48392
247.63864,39.83065
248.24327,11.72163
260.81253,46.07541
263.43915,56.70856
270.76016,-58.10569
279.42288,-79.87054
288.30658,-14.66365
296.12161,-51.20417
300.26379,40.94614
311.3606,-53.30824
317.85831,-23.21299
322.21326,-1.07005
326.65594,33.73637
327.4252,-59.08907
328.78137,21.45712
337.50595,-65.17986
339.31464,40.49586
353.95502,16.82466
355.60959,51.31567
358.93829,-1.25547
0.68832,-32.22675
1.85809,-37.4502
2.84041,52.52882
13.80832,-11.25931
23.64479,-3.34319
33.22931,35.09008
33.54103,-68.15992
36.4861,-4.31587
52.80097,-52.59907
61.52058,7.06032
64.67319,-52.65599
70.50813,-9.76856
82.40746,-28.9927
86.27058,-25.79452
99.70826,-38.66269
100.91727,-37.41108
117.06826,-1.46661
121.39215,10.39341
125.56525,56.29356
134.05922,11.78503
138.71855,79.19623
147.36093,46.9986
153.16168,-2.8336
155.11116,46.80461
159.33879,-11.36966
167.73672,27.09704
172.19301,52.2485
172.42064,65.21692
184.54146,62.80202
188.2083,-15.46663
190.66234,48.53597
199.39053,-22.85188
208.29669,35.57927
212.86966,-42.84799
224.63997,47.49754
226.50806,-79.98231
227.22173,75.17749
231.81279,28.78896
232.29808,-71.15884
233.30415,31.30502
240.06885,16.14549
248.49576,-3.40226
249.60013,-20.25262
254.25395,-6.84946
261.17004,69.82834
264.74106,35.30329
274.27008,19.60644
282.99585,78.93357
287.29974,-23.32089
290.64166,-23.30896
300.52509,-34.82919
304.30219,-52.11621
316.30548,-10.60475
318.33673,-47.95339
319.15271,-7.53717
329.1315,41.24862
331.70889,-47.28339
333.08408,-58.44595
338.76544,1.84861
340.89053,-21.06396
359.90646,41.82038
0.18737,8.15806
4.10768,-27.11793
4.49932,24.56304
16.72526,1.94554
22.85354,-3.93264
26.77782,23.64328
32.57468,31.52658
35.12519,48.44747
35.35736,18.67354
39.49355,34.24118
39.59628,-11.73926
44.02131,49.3728
45.91432,27.44694
54.7389,-16.72438
55.31079,39.45383
57.3222,-53.40568
63.42714,-79.42619
64.11713,0.68637
70.64693,-47.49872
80.242,-22.31607
81.80927,-41.42377
82.11565,63.21067
89.40916,-18.59363
94.36006,-36.96931
105.8866,-66.11055
125.96621,-15.0225
126.29025,-2.56898
131.45036,-69.19137
166.01715,-14.44329
167.7142,10.08811
173.39458,-2.27993
173.53885,-1.59511
174.27531,11.87717
176.58206,35.0037
182.48375,-41.67383
183.25093,-52.54401
188.95306,29.19407
191.1355,-32.82583
195.70576,43.21481
208.25798,39.58057
214.25337,17.08858
214.96513,17.83681
218.14914,-36.07495
225.16472,-44.43233
228.79794,-12.23078
244.94165,52.5537
258.26505,40.47812
273.80878,23.01426
275.63498,39.26358
288.22955,-40.00414
299.1535,-32.03819
313.67529,-52.12783
330.41101,9.9819
352.00345,47.39956
352.08371,35.30208
4.55345,8.56227
8.18505,30.75069
9.53057,-25.06754
10.34441,8.3175
10.78388,-46.36511
15.07547,-17.09235
29.12704,37.33559
30.97933,-16.60629
32.05032,27.93005
32.55117,-46.07359
36.39127,42.13448
47.79708,-11.24265
54.70766,9.82503
59.50352,-51.56777
64.48685,-13.9904
65.91374,-31.19578
69.13971,-30.6403
71.05961,-62.61229
79.22816,-63.60937
84.74064,-47.98137
110.68633,-59.54138
115.38399,51.68835
123.1424,-6.9265
125.51499,8.75265
134.10684,-24.77518
143.31953,33.90569
143.37236,0.65911
151.80374,47.67482
157.54013,44.12245
167.08449,-11.80332
172.1183,-20.08274
181.24573,32.39112
202.67516,-31.57458
203.68645,33.8904
212.70987,19.05517
217.41058,10.58415
218.85994,-40.34225
220.66914,-41.20797
224.90941,13.21499
227.80441,-45.30128
232.66269,3.49398
235.19218,55.14082
237.25211,71.2383
237.71196,28.26455
265.59457,38.91734
272.64429,-45.88451
299.95026,60.97115
302.86237,-38.19755
307.65103,55.31617
312.86557,-39.61575
324.11069,40.25306
326.25238,36.4371
333.66055,-29.09454
341.77493,-77.70598
346.64655,-31.92788
351.68509,47.3124
8.82722,-44.08049
11.7752,38.08017
23.01816,-33.8029
31.52255,7.77913
31.56821,-41.52309
45.55144,27.16614
56.00271,-35.59135
66.58913,-6.21629
67.97689,-11.83438
88.76827,-31.62636
98.6382,-59.24918
99.75192,57.3827
100.61836,-31.48863
100.91491,-40.9996
105.51893,37.77063
107.99384,23.90321
110.7483,48.90471
112.03352,28.93035
125.78473,-13.23667
131.82759,2.76228
132.11008,-18.80057
140.28548,-24.63655
143.91501,-26.09702
147.76552,47.16775
149.86395,-64.73097
151.59349,52.81333
160.34,-70.79863
163.93748,45.40037
170.26993,31.25222
170.5881,46.43052
179.33972,-15.29475
180.64122,20.81556
181.35376,-21.3992
181.7386,10.2839
186.40735,-50.86657
189.91014,-74.1424
202.82901,-29.34847
211.73929,-21.92531
220.19209,3.09881
221.12245,-40.03144
221.91251,-17.41602
227.64986,54.38736
227.92012,-2.97636
243.25417,44.35999
274.20654,41.46085
274.29221,70.39863
292.87061,-40.33971
301.51022,6.21808
311.45349,-56.83447
325.94846,-8.77176
347.84085,20.01061
1.97806,20.41091
22.09343,-65.27087
22.69563,-42.46196
24.22327,-5.01269
42.2408,-2.50167
45.32541,44.39368
54.64936,-26.51983
56.1527,-11.80076
78.72106,6.25118
98.14474,40.20798
116.30884,11.06332
117.46838,50.77125
124.19468,-10.79174
124.2185,37.3414
125.99454,-6.895
128.52678,-18.43542
164.56345,1.61605
167.45155,3.40225
173.3271,-32.07804
187.82437,-8.311
193.44841,-48.22219
195.68326,-26.94103
198.35652,-47.51007
199.78238,-37.23466
203.1187,18.0454
219.54384,-33.45427
229.41776,7.16552
236.40628,-16.90582
238.26065,12.00533
260.22211,-13.70093
269.12836,15.54892
295.80676,71.99571
310.38779,-41.70735
314.35361,-77.65475
316.47107,-26.12182
317.05695,27.23561
317.5271,12.05616
325.75894,-72.65977
330.16946,19.66795
331.50583,-22.70415
333.18613,-38.1714
334.41367,49.22457
334.63245,29.24407
339.08484,-24.27789
352.41385,85.86072
356.84225,30.2678
359.96432,73.46849
2.57922,-45.44998
12.20195,-13.10738
14.68233,-76.79662
18.41456,38.17245
43.5897,51.89219
44.43122,5.86569
46.40281,4.9944
50.90663,9.31632
55.8033,-16.66368
61.30353,-74.22482
64.24187,-12.15061
83.71021,-58.05172
96.58231,23.33819
97.38168,65.06116
100.30713,-21.05078
109.12766,-56.1293
128.14536,-5.6552
131.86215,19.53673
138.68105,49.78631
145.20735,11.55287
160.72517,28.43302
161.22992,-46.75257
164.12163,-48.60942
173.25226,-16.35081
180.3098,-3.67804
186.79192,26.95744
192.30022,-41.54456
194.69479,32.19212
196.12614,-28.38986
211.64142,-33.5873
218.5444,12.69221
221.60883,23.85272
223.2406,16.69711
243.56998,27.20982
273.96805,66.26839
289.45685,-16.31108
302.34457,-33.93514
311.68582,-1.36884
312.069,-55.94246
312.84,18.97801
314.15244,-51.56124
320.68906,-22.28794
327.35687,-60.81762
331.3143,-1.12596
332.93011,-28.80159
354.40717,9.16599
7.53378,-36.88003
16.88524,18.92943
17.2551,-72.48489
21.17048,-21.56888
21.31824,-8.87368
50.15018,8.02546
65.7917,-7.21482
69.43817,-29.70115
75.57496,7.63618
76.00681,8.75391
94.05811,-51.93614
101.61631,-21.54692
114.27396,7.98976
119.39911,-1.55186
135.03903,-7.23311
147.2951,-20.36473
163.94897,9.72436
171.04819,34.04695
172.1608,27.39698
172.23145,3.40914
172.46326,-12.37223
174.50534,2.76954
181.82701,20.58376
189.21344,45.65123
202.09253,-27.56512
204.4863,-24.12563
207.38153,28.00043
221.66641,85.13798
221.66968,10.16515
231.39053,5.91899
236.53682,8.79296
247.94064,-61.75906
252.71304,39.59822
254.7298,36.52207
254.93382,42.53956
257.35934,-21.27901
258.99869,43.89769
259.21838,38.67302
264.98657,35.43581
266.38303,40.49773
268.03806,13.23437
281.01001,45.55825
304.93466,-44.80225
309.60236,20.65642
310.84976,16.98732
315.81262,35.95647
324.33295,19.79155
326.931,-26.1386
1.29856,4.1129
5.48277,-15.98408
22.17229,-33.82617
29.69903,45.98705
29.80238,-21.63512
30.67461,19.1258
36.04314,45.05389
36.5815,46.2518
38.79195,32.65228
44.01102,-16.48768
48.02138,32.27672
49.11975,-55.57039
50.82295,7.68389
54.98836,15.43682
58.41877,-26.58991
63.88168,-52.71165
66.87962,74.98465
70.25593,23.0661
75.9116,-29.61197
76.84564,19.33142
77.20666,17.19705
80.53773,17.81359
84.78432,-26.34528
106.8578,-49.21408
113.98617,17.78437
115.07542,28.46442
120.84048,6.99883
121.31157,37.47256
133.36969,-20.62796
136.27051,-71.0885
137.23726,52.26339
138.40717,-19.37878
139.60101,33.86748
143.30093,-18.00615
149.43701,-15.02608
153.9256,7.32801
155.68965,19.7882
158.72577,-35.53316
162.19508,26.77005
172.29056,-1.71163
177.23335,15.89024
178.92091,64.50006
180.82227,-7.96301
181.82182,-11.08807
181.86198,6.35413
193.97995,-30.7214
195.20811,27.40574
197.40746,59.29409
205.70265,29.70578
208.37616,69.29442
209.05096,36.78221
215.01541,-49.59509
217.66673,-26.43245
223.73915,78.10999
235.34479,-19.17167
241.45647,18.5355
247.00931,-10.1368
250.15994,33.93111
283.79504,72.96893
288.92148,-62.32995
299.55331,-55.68126
307.65195,-84.49028
356.08093,28.49776
358.11374,50.32598
2.98006,-28.73065
4.27962,-34.51676
13.71931,-4.61759
18.5598,16.03469
22.27794,-7.64167
30.25637,-5.63504
32.84086,-25.01942
46.14959,-13.50943
59.68427,16.40368
67.27125,-34.57257
75.767,23.00033
122.23297,-82.67463
127.37412,26.54999
134.29347,42.75643
149.2525,59.96884
159.65773,11.21761
177.92804,-31.2687
192.34309,9.8177
207.76239,-34.93978
208.03322,-30.45165
208.31918,-37.35505
216.8985,2.95446
227.30984,-31.63613
228.86412,3.93927
241.38289,28.41613
242.82156,81.308
266.56204,66.8526
276.67874,34.33164
296.45142,46.07553
304.08954,-31.69207
309.29694,23.4408
315.18268,-41.07356
318.6478,-43.44456
324.57025,-27.55787
327.00009,-17.51732
328.34036,-68.95364
334.29077,-81.24596
335.7558,30.9248
346.76984,-50.41949
348.51331,8.9925
356.46875,-23.73155
1.78222,-41.47708
6.29676,42.06498
11.14342,-8.34683
12.18638,-64.98723
23.04767,46.44764
36.25259,19.70251
46.83091,-60.48821
63.86782,-68.12747
66.09141,-9.08471
80.00419,-1.6476
84.09518,-61.57455
88.30542,-39.51972
99.90259,20.7426
103.16196,28.22251
117.66116,7.86452
143.80975,0.40916
157.09502,78.178
158.63347,10.32166
161.38179,-40.49532
178.90364,1.23731
181.55615,45.33372
183.21909,-25.5179
189.98259,-13.37456
201.11571,-46.4796
208.0015,-13.77801
213.29025,27.37039
232.34613,7.61745
243.90352,-28.84656
246.57819,43.40751
247.88879,5.08446
251.72069,34.40994
253.59222,-16.81025
254.12248,-65.49314
259.04874,44.06574
261.16422,45.49239
273.5336,-51.34422
280.85785,-65.1507
292.6796,62.80753
317.33063,-14.08334
317.85559,14.24167
323.72028,-46.69249
341.36685,22.44164
345.42993,-31.44351
357.52063,-35.74733
358.23865,-33.94368
359.20731,-34.71358
22.39054,17.29812
48.8899,-15.87932
50.56858,-20.76783
84.99031,-26.46578
90.52465,63.1484
95.3185,63.07862
102.04697,-47.4533
103.55031,28.32825
104.33378,73.49283
118.14515,-5.77682
136.36981,22.60224
152.83472,-30.75199
159.50505,-27.4512
160.29918,-29.15308
162.07957,-3.58848
173.52805,25.55973
188.53423,-9.79768
189.18867,43.64357
190.86955,29.46675
193.41267,-38.4488
204.40208,-20.01844
208.85112,25.29158
218.86472,32.14825
234.13455,41.79932
239.62395,-5.14306
244.51457,-34.18231
246.50053,-60.59296
255.24847,29.41884
255.94366,-74.42854
273.42328,18.80005
293.98462,-56.0107
294.46509,-49.76601
297.85089,-50.41
298.8356,-5.86275
308.14517,-2.42719
312.28604,-53.05079
316.25726,15.83332
332.42673,18.70501
356.2738,-26.67994
6.35524,9.71732
14.2162,0.00588
19.75813,43.51169
32.62322,10.2495
32.70252,34.98452
36.3766,38.17157
42.16392,13.25946
43.03293,41.57983
43.60989,32.49021
46.41367,36.04029
50.74338,24.86877
53.47675,-6.58161
53.69635,38.28208
55.07487,-9.69654
55.24536,39.40297
55.5057,-39.3323
68.96682,-13.32976
74.26321,-32.17127
74.98477,-64.3773
90.83097,9.67187
100.99647,-29.09263
112.55661,24.49166
123.19173,39.3565
143.08083,0.31601
148.98347,53.69365
152.45723,-84.50851
153.82964,28.46002
162.95892,77.57195
162.96526,69.8511
165.6824,5.38119
169.91588,-3.30529
172.76414,25.19832
177.22705,-33.34479
178.87764,-1.26141
182.08113,-46.31226
182.47446,0.92845
185.17003,19.10676
190.49954,-39.81705
194.89131,-19.40028
198.37357,-32.99432
202.65874,40.89868
203.68166,-0.89825
207.86055,-38.33431
214.65756,-35.14198
216.97264,-45.70332
222.2581,-9.54202
225.48689,15.07342
234.36749,13.1692
265.99097,19.58592
269.5683,14.97811
284.24884,30.15412
284.45334,37.99915
295.76227,-81.26636
296.97699,49.75209
306.09076,12.57766
306.56198,19.39816
325.36844,-59.69574
331.79654,-12.20439
338.08353,-80.05536
340.0242,-6.59276
344.46161,16.76292
349.45325,16.71143
351.85358,-12.28516
353.00412,44.70885
10.81363,-56.3272
12.18856,28.0552
14.34163,-12.29125
15.93812,-8.96206
20.47099,-37.31152
20.72118,33.4136
27.42411,-58.63055
30.99306,-2.51536
33.69351,7.45394
38.37075,40.22705
44.6764,-3.01648
46.2174,76.25733
46.24179,-22.31225
50.85858,39.10992
63.29779,6.55838
63.75698,-60.99615
68.82238,-1.73122
70.01408,-51.14585
75.40936,-34.11009
80.66653,7.54632
81.22091,73.79542
81.86346,7.48126
90.18025,-68.66952
96.28477,-49.11475
103.98843,16.47015
111.24093,-27.53244
112.78374,-62.83449
116.43918,-2.0017
128.74432,69.01254
131.34854,-57.09456
132.72107,55.41898
135.34363,-1.85397
139.57111,55.68247
146.10323,74.07046
147.784,26.28666
163.69804,-10.02024
167.77122,57.14225
170.40926,61.08691
171.37173,57.02042
197.29407,-40.90831
200.36035,-8.1912
206.95805,-33.18356
212.21034,-30.25859
220.55739,8.67674
226.49765,27.32437
229.33229,20.53732
238.07024,-9.28731
238.68698,45.33836
239.79271,5.2245
241.53044,17.46085
244.67183,-15.70335
271.04266,10.19757
282.00601,-63.18988
303.4292,-16.91287
307.40652,-43.84107
311.87256,-30.17072
328.75043,-75.75224
343.64288,44.10013
350.45499,-16.71916
353.97937,-40.72563
359.5719,-30.11146
3.04525,-19.49407
4.08229,23.58935
8.56739,1.67024
18.15953,20.4275
20.07513,21.48746
22.34817,16.57362
22.56802,20.5999
23.61856,-50.56851
30.70024,26.58134
37.01996,41.2048
44.976,44.48203
45.11018,44.6359
45.77295,-22.21713
49.27781,-6.50222
52.88061,-27.4797
62.98154,-59.16563
64.53809,-49.91286
73.68541,-62.79976
73.83512,1.60467
74.73338,-62.00362
89.38688,-62.03733
89.44913,-34.79328
92.25204,-33.84369
109.35057,22.51323
121.79498,-7.28968
138.54869,75.94665
138.67566,-33.38585
144.9623,-4.58111
150.58363,-26.23344
153.16333,-3.75602
156.59789,10.91845
179.65092,18.86321
186.1819,-4.76625
187.79097,-35.92974
188.4789,5.86269
199.81245,-37.17963
212.46109,-42.58353
219.95709,-0.71844
225.75104,-45.59373
229.54359,-72.15096
243.9892,-63.11591
265.53793,18.02383
267.99127,72.14745
286.35809,42.46105
289.74289,59.854
289.89886,39.70754
297.63983,-25.9198
321.88504,-49.00712
324.63611,-20.32524
327.59491,28.29556
342.64026,-39.77933
345.48389,-42.59343
353.58539,43.38031
6.47677,25.72369
7.21305,28.93959
21.84653,-39.83337
22.18459,6.86644
30.93535,-6.42817
39.05072,-25.26325
49.98168,-54.78368
50.9432,6.56181
58.63655,-27.08183
65.62258,-5.0247
72.89252,5.7206
107.74282,49.02271
117.91045,-6.85603
129.47832,36.99834
136.8951,32.95629
137.88994,51.25431
145.77274,22.77614
151.31511,0.61032
151.81569,57.13217
158.85185,7.54665
163.32063,43.45104
181.17839,-46.65634
185.77713,-43.01748
192.27975,-40.42927
194.34032,-15.79476
194.48441,-30.67449
198.35782,43.53746
203.73865,22.58308
211.42421,72.25489
234.37114,36.24376
242.20639,-10.33761
243.14192,28.31901
243.87009,18.90486
245.93317,25.74016
252.59767,55.83857
286.73166,-23.89063
304.2056,-30.79624
330.64117,45.13875
345.13098,6.88969
348.93243,25.09454
350.37567,15.43955
351.73346,23.20613
5.40339,28.05052
11.83081,23.04881
16.91516,-11.65322
18.99374,33.64776
24.66029,0.74157
25.86582,-33.47563
50.74234,-27.84888
59.42926,-26.6846
66.7648,-50.52324
70.82417,-22.67832
79.82566,-29.02339
80.46619,6.28556
80.56457,-13.56166
109.84805,-35.12446
127.45258,-22.1344
128.6844,-5.65958
142.16422,55.17633
145.13724,25.49046
151.39143,15.28387
158.53853,44.50153
161.96281,19.8936
166.93204,-10.512
170.11588,-43.98746
173.80675,51.16191
174.62085,-36.42046
179.32245,49.28325
184.09219,15.26208
188.10779,44.18357
191.76433,-29.89235
192.97385,-19.0263
196.17392,-16.49178
206.86037,-32.96222
208.17998,68.12241
214.45775,0.51088
218.03192,-36.11848
227.30569,70.07287
246.76064,43.47609
247.63605,39.38419
261.17838,53.85512
270.51801,69.71384
299.24622,-31.5868
305.3179,-3.75815
314.9357,-18.28173
316.53088,14.98618
341.50214,21.12558
348.73743,-2.19925
349.22003,-58.40317
353.37366,39.37994
6.38441,-33.0308
9.31735,-53.26152
21.81238,-3.30261
23.74271,1.33586
33.61541,-54.73506
39.3645,23.30003
50.31136,40.25363
54.87976,-32.15724
57.24293,-0.52113
70.87453,-21.08709
81.21676,8.56402
92.63084,-32.47833
93.66874,-22.65143
99.86642,33.56676
102.74651,15.31376
106.76222,27.11343
114.81003,59.3837
115.36555,29.66915
122.25635,44.86856
131.12508,11.18261
135.70073,73.31078
141.11299,-6.58004
144.95024,-4.55118
155.42894,-4.60839
165.90828,28.51575
166.82437,-9.37142
170.79453,24.13725
174.99422,-14.34296
175.52705,8.9802
177.71153,20.0489
183.54124,-29.96887
197.88773,-0.60724
198.47092,34.12481
198.69382,54.08739
199.41461,-33.69227
202.84785,-23.18072
206.70026,-33.04336
208.06192,7.92267
212.99794,-6.83107
216.50169,25.72229
222.21008,57.77084
245.89626,45.74542
249.60904,-68.04544
274.30139,64.56554
284.22546,-57.93925
315.75864,-17.17539
320.26111,1.71293
336.96973,-8.47873
338.14966,-37.70863
344.83932,44.9697
352.75809,-29.76664
353.97244,-26.82096
356.71896,-35.15218
7.36844,-0.21255
14.34543,-26.28129
21.6282,1.4587
64.35099,-37.2819
70.24304,-8.71093
79.54478,-23.1083
80.76138,-81.98235
96.87518,-39.98294
106.63221,-68.01167
117.72505,9.58992
123.18804,11.63244
128.04555,-2.16239
137.11334,-32.33805
147.14679,81.19282
150.36058,36.67133
162.02832,-18.36133
170.28708,-8.33041
176.95056,56.01835
192.63393,-6.24449
192.82457,27.10616
198.31241,53.20533
201.38902,-24.6524
203.25635,-33.10046
206.1593,21.0927
212.38702,-21.61029
219.30722,14.66517
220.74022,21.42056
237.22162,45.95993
241.3024,17.4228
241.35039,16.17464
242.11552,-30.28554
259.78418,-18.93867
262.16187,-8.76668
270.04669,48.65389
278.6568,-37.00822
279.83798,14.8267
291.13788,-10.08675
295.04443,0.0158
323.49765,-43.15359
323.70212,-40.72058
324.80716,-26.77545
326.83701,-17.54931
330.81238,-55.98096
332.21158,-35.11749
338.3772,-26.2366
339.22577,-26.9461
350.09341,51.64578
356.99915,-15.97725
358.1127,-17.81859
14.32077,-0.66946
17.52361,-47.90289
17.76929,-45.97878
24.099,-46.73861
28.08789,-34.99784
28.77795,20.19413
36.43573,-5.77867
38.68447,34.49808
45.93415,-10.80443
67.14841,-8.90704
67.48965,-73.62309
86.02939,-48.64445
107.24809,-33.62906
109.97761,55.57257
115.80865,54.96876
116.98436,-62.62197
127.86269,60.9951
139.41908,40.08709
139.89516,33.88807
153.09288,-16.52024
155.65883,27.35596
158.87851,-27.38052
162.44493,-29.65079
162.75839,11.62619
173.02899,70.81548
180.43106,59.53837
181.96236,42.57195
190.6982,33.28765
195.81142,-51.76311
198.10773,28.53762
202.2074,46.26233
203.35205,-43.59779
224.29541,-12.9153
241.26773,23.91712
243.936,22.72594
257.28107,-2.00093
263.45242,67.54387
274.42746,14.12135
285.66675,-17.25544
303.66934,-20.40137
309.57846,-4.11587
311.88461,22.49097
313.26117,66.40355
315.09958,9.45379
317.67612,-48.91708
331.70792,25.02319
344.17505,-48.2103
351.08228,1.44146
351.78433,-49.6067
358.01202,21.03524
66.76727,20.45259
193.20883,-10.31006
50.36548,40.80168
64.93507,35.95812
98.56966,-9.26544
90.27802,33.7098
67.5696,23.44573
265.41263,-4.62198
128.17188,-51.22622
114.24139,-40.79684
111.1966,14.08878
215.05206,-68.36655
271.18802,17.52752
81.85517,16.20144
224.88797,-51.90596
223.88412,-52.15111
70.74442,22.49151
63.58179,20.42339
217.9713,-54.73049
104.35793,-38.6984
218.69394,-52.9884
224.51607,-51.79182
219.37952,-53.89028
80.52567,15.00107
243.47375,-39.18368
203.15459,-57.0225
211.08658,-15.22266
225.01785,-52.4995
234.9893,-34.24915
203.04326,-57.29122
215.27945,-71.34573
93.25676,32.42102
231.3132,-33.687
126.12032,-50.3439
132.27603,-52.50146
222.68785,-52.57713
140.24893,-39.05767
217.51254,-52.57242
257.91177,-24.2304
246.10609,-25.07825
118.6983,63.01718
125.53929,-49.91934
117.7712,-38.37932
234.76208,-34.90747
244.22166,-36.6041
50.48157,21.82713
238.32455,-4.74602
201.36678,-56.20573
220.25247,-52.62129
245.38794,-35.54646
101.05647,16.48269
129.00661,-54.42827
140.52081,-57.76614
221.6124,-52.7465
141.5831,-58.11943
224.36899,-51.71779
240.2168,-41.28656
240.40997,-40.36897
254.37424,-22.73933
127.25489,-51.35268
199.64346,-69.82325
69.99486,21.62058
229.08961,-50.66941
204.91446,-55.26744
42.10441,47.96678
224.74121,-52.60138
224.03177,-52.06183
93.49695,32.61301
239.44852,-40.34973
248.24738,-27.38617
257.39148,-22.63955
50.28091,12.19432
217.24786,-54.7487
238.73618,-60.78458
231.31984,-33.62507
244.48428,-38.42194
63.57191,23.20448
50.36427,30.77238
247.34259,-26.87439
289.76569,-2.83682
237.35025,-61.0369
263.40292,-16.53439
69.95765,27.25847
69.96508,37.4509
100.25289,-12.33963
239.94756,-59.9471
311.51401,59.2661
343.03915,37.68392
303.07715,9.48687
98.25205,22.36699
132.19191,-32.72598
79.29099,12.64725
95.67427,26.59221
104.79809,-39.659
147.95729,-41.44825
222.87985,-66.50924
250.69626,-61.85266
271.09964,-43.35362
84.90136,12.98459
217.58594,-53.91726
61.15936,61.62709
67.90954,58.96089
116.69112,-10.68897
122.62703,-50.63581
123.95609,-50.59937
134.64532,-57.78798
153.30789,-76.14552
245.34708,-82.52581
298.14001,57.58312
338.74551,52.10439
79.92162,28.46211
104.70852,-20.85312
114.54835,-32.86834
116.25191,-36.54889
155.35529,-49.20743
276.89008,2.87756
82.96404,15.29661
74.27065,25.69899
81.7221,50.98042
117.81889,-38.07847
167.53888,-45.64035
123.01853,-18.70478
225.88406,-51.53799
108.83937,-25.19237
328.05557,44.90264
56.18871,30.35844
224.10355,-52.23218
311.13416,30.91949
290.57535,-5.50938
59.24318,46.64573
81.7744,50.76997
207.40736,-54.05754
243.30774,-62.58179
58.73854,45.74292
89.1095,38.99103
136.45399,-33.44581
239.91994,-63.38954
73.39552,24.85678
92.09961,-66.47894
153.72432,-49.49084
264.14258,-10.35231
325.65927,61.25711
115.94003,-38.22827
159.11142,-81.63382
182.58607,-46.77467
233.57953,-45.57811
239.80292,-61.97853
259.02655,-23.48812
140.66258,-41.35509
252.51494,-20.95289
260.08594,-15.84583
305.81866,20.21707
72.26453,60.92451
96.18937,28.83206
223.68695,-53.11921
273.73288,19.03453
223.76367,-66.27184
122.55614,-44.13883
65.31771,35.96684
67.73797,25.8373
105.8544,-72.06881
227.07253,-50.56241
241.02435,-82.83182
69.80199,63.70395
108.11393,-28.27919
265.8027,-14.36086
55.1935,14.07561
160.44888,-51.90295
256.64606,-26.24598
150.04633,-43.48762
220.91641,-53.11416
296.81143,13.09559
347.75,16.34961
74.03044,27.01244
82.71864,-41.5829
145.53362,-46.23793
56.03622,40.22242
103.04627,-22.4312
109.87852,-50.61442
166.18871,-48.28286
253.57881,-82.46973
73.93041,25.46789
114.79905,-33.79651
179.13623,-55.3187
196.30548,-43.76331
298.63199,41.41744
258.16016,-23.52941
82.38689,5.67203
148.44838,-45.96691
261.84897,15.35307
291.50046,-5.03968
164.41707,-50.35668
204.30321,-55.08505
297.74423,47.76855
65.0845,40.88869
71.7733,55.28588
73.11557,59.90051
73.15191,-75.59979
113.63902,-37.07786
233.91002,-62.77323
296.3764,37.99931
164.21271,77.71639
216.91884,-71.20868
223.10794,-67.19068
223.69843,-53.17802
311.59756,32.69596
92.06046,-9.58033
121.52935,-22.57784
136.84174,-35.53634
171.85391,-50.67276
65.07272,35.97307
81.01755,51.32636
88.22651,45.02929
116.99053,-15.47847
140.4371,-59.48376
192.97475,-48.43694
201.21211,-52.28209
268.0025,-6.38562
298.06143,4.69425
61.78525,30.00782
231.28532,-50.43423
258.26199,-23.90058
118.1232,-45.84964
214.83057,-54.28671
232.22144,-45.74885
234.22487,-45.57809
60.90294,62.6771
79.62427,51.50744
103.69442,-20.42437
260.56897,-7.2046
47.80744,20.15319
69.80281,54.55354
229.99988,-66.40369
245.00581,-35.33052
75.81585,-75.29113
200.96097,-67.80581
305.75687,2.87311
118.70179,-38.92334
230.15965,-45.56422
264.36264,-5.50937
286.41058,-14.09682
101.36407,-36.99425
171.14049,-40.62766
224.88373,-51.83147
232.58263,-48.15223
262.26489,19.5602
263.31061,-8.80756
306.10699,-7.06498
308.59018,8.91178
149.1946,-43.94005
174.10966,-52.92673
187.99757,-85.09962
92.54221,-10.42382
154.05774,-49.16978
254.88821,-28.33861
261.6134,-18.28127
61.54851,44.72223
103.46392,-26.95188
215.93944,-54.21061
70.82778,11.26436
116.67023,-38.9947
130.99756,-31.79113
243.60217,-36.1516
224.63451,48.48451
277.8103,6.91767
108.45886,87.48466
150.5471,-45.41615
68.82686,32.81669
250.00882,-57.69015
157.02301,-64.48742
191.0531,-39.41717
199.36359,-49.95728
49.8593,47.80718
56.90346,39.36822
88.95538,43.76376
293.67593,9.02955
338.03369,66.93587
54.56298,23.00453
60.38073,37.99909
71.83341,59.37108
71.8417,-62.37107
92.31569,-10.19279
126.1728,-53.06224
224.22392,-51.89461
306.74286,52.30902
162.03279,-67.14151
258.18008,-5.0274
277.13504,8.33627
100.84019,-69.64153
232.83267,-46.77686
144.96373,-39.79904
164.24573,-48.48086
338.60068,50.34427
133.36989,-32.91465
149.22203,-43.93541
238.20743,-40.54778
78.78222,52.11668
62.86637,17.06649
64.7171,41.41735
72.86407,12.08134
86.98215,40.73064
104.77416,-20.83099
195.97441,-48.30919
183.17152,-55.06962
227.09209,-48.31593
231.16684,-50.41675
311.33044,-35.24092
67.03658,41.05023
72.70019,30.25073
99.416,-13.13252
55.98561,44.94207
113.99889,-37.1054
218.81377,-49.50753
66.38901,42.01852
124.18944,-20.60333
147.60143,-64.3776
60.65863,67.04144
66.76347,23.29815
82.37438,5.68646
251.96123,-9.64911
60.18318,38.45528
69.09959,34.69135
106.25115,-79.86192
142.60886,-41.58084
171.93892,-50.63222
263.43719,-5.15086
340.95264,42.79047
52.27296,32.7957
80.805,49.07074
255.24132,-28.42157
295.15271,3.3038
84.3208,-70.9211
142.00414,-39.65522
198.07866,-50.50283
64.68553,87.92169
232.38664,-44.83586
234.44211,-47.43235
258.34726,-24.06532
73.57698,-18.92091
74.04815,30.98026
108.04859,-21.86219
328.88446,70.31241
199.7303,-55.7128
221.98843,-50.4503
253.50401,-67.07384
121.13878,-59.40033
227.59579,-45.18404
59.04869,44.80015
88.72019,40.92573
89.53812,13.72195
207.89613,-46.70414
303.74945,51.39998
307.06824,2.05026
52.78154,68.11514
253.14337,-82.92278
298.65207,65.36337
48.20569,67.57543
63.61397,27.16378
75.45309,27.17516
163.054,-50.72842
224.95772,-42.40557
271.94492,-82.06674
58.70238,41.40854
126.80251,-54.05975
128.37677,-50.40726
52.14752,70.85767
59.79445,44.77824
85.14794,43.79679
109.13579,-39.65791
110.22939,-34.07581
113.17049,-37.32946
122.19352,-19.98066
182.96947,-44.08171
87.24529,42.24353
137.3239,-35.31372
246.42836,-64.89777
253.39284,-84.20416
340.55954,7.13195
56.32418,39.38671
89.3438,10.33705
100.94132,-17.65739
177.50665,-75.42052
237.50044,-61.65017
280.77783,-73.99957
104.87086,-38.25372
107.15874,-48.8921
193.57208,-69.26611
232.89133,-49.75508
289.66028,-8.58913
300.48813,-6.83017
238.82887,-72.25393
80.87399,51.14248
112.14829,-28.83447
120.74513,-18.05119
49.9253,11.28803
64.05127,37.11593
110.23214,-28.8621
130.35167,-33.2775
165.46799,-71.11386
234.94864,-47.82926
92.82054,7.79653
211.61002,-39.76332
256.05634,-77.83778
265.35431,-10.53046
61.54392,29.39392
236.16508,-37.38914
323.83157,89.1149
52.06079,30.49847
58.90651,63.9261
98.20605,-8.92548
126.35754,-46.87231
169.74689,-72.03151
239.54503,-67.10198
337.54355,51.98566
54.82511,14.41519
65.63046,36.15116
84.94459,42.36834
93.69495,28.47403
55.11544,15.55315
68.00681,35.82903
102.1805,-18.78885
257.55234,-26.24414
81.43512,12.06431
82.18836,18.26797
117.46474,-52.93737
118.41438,-56.92737
227.29042,-64.99895
107.59763,-34.75614
113.82686,-37.12011
99.60806,-37.30275
66.33286,13.75618
82.26757,21.72412
324.46973,63.69492
327.784,44.58221
209.87978,-76.72614
100.13801,-45.85252
217.1834,-70.03748
222.7442,-40.82747
308.27359,54.05045
100.61196,-32.91135
110.83665,-28.29554
250.84087,-58.49106
296.9866,42.62839
56.19638,45.98745
65.20946,40.61954
110.9157,-28.44514
89.9389,42.39299
279.70834,-25.17579
305.67831,2.97057
85.00372,49.35453
86.59693,1.24586
215.35353,-70.39752
224.08789,-51.93165
309.84189,27.71131
103.11301,-40.34113
116.82561,-38.95903
213.41516,-46.76463
256.32922,-82.18269
282.5932,10.69326
298.33322,-13.1393
129.45601,-55.37827
146.59244,-42.43356
59.31137,45.1402
87.21167,44.93005
274.07446,-35.61852
298.81699,49.06772
66.48817,13.72558
111.66361,-29.0348
205.44482,-51.99457
208.66946,-54.56072
319.85684,65.64185
67.97924,23.62959
113.94395,-40.47626
125.46107,-48.33821
279.34485,9.00387
313.84088,36.31504
107.62094,-49.20665
114.4797,-39.08076
163.10027,-48.52266
204.96634,-39.8239
56.85519,42.23101
57.34187,47.12749
57.47566,42.44226
89.32404,11.51402
172.66425,-54.05425
174.85355,-52.20779
233.05263,-46.72906
298.05194,11.62586
69.71861,30.48671
108.16702,-87.2874
258.99527,-23.70118
308.41278,2.6833
71.15858,55.6872
173.78253,-51.1691
116.97605,-39.13524
233.52177,-64.09451
314.75107,57.61398
92.07832,43.18738
122.5885,-21.4408
126.7693,-52.37838
256.07382,-27.05724
287.94589,-5.35828
55.87379,15.6384
118.19965,-53.56601
131.27325,-33.83886
258.27835,-22.92641
49.52959,46.99563
84.56782,19.60443
222.0419,-50.43946
258.35638,-5.95908
142.46925,-62.17613
174.17654,-53.06034
228.53641,-50.25076
283.28583,-17.63502
87.3293,46.90794
89.62285,37.89186
164.76013,-50.40292
305.72049,25.90524
325.1286,44.6996
339.05743,52.08408
79.06324,53.51478
280.55661,-24.07357
297.8472,55.191
55.6405,13.83568
71.55735,28.72067
142.89079,-59.98982
192.49478,-49.1209
255.69626,-27.94654
71.86871,36.39503
237.28958,-43.26688
273.92459,-52.58052
278.3526,8.84171
298.68356,59.51557
18.41086,68.79941
56.52602,46.36222
59.43805,41.91808
230.84547,-50.62431
249.83322,-60.11495
293.47058,0.88076
340.79758,37.48643
27.99143,71.44251
112.30536,-38.58394
114.32974,-52.74189
118.24894,-41.62286
243.24559,-62.10895
297.7684,49.78318
299.61911,2.26299
306.5972,-11.163
82.41116,20.53607
49.43541,10.65845
88.90388,43.19464
72.00752,11.7911
176.7937,-34.09043
178.29272,-55.62942
204.53026,-42.36277
221.06549,-53.06047
55.37022,14.53661
227.73158,-27.23861
231.82649,-49.87001
81.51251,47.01932
108.78424,5.80407
213.70602,-40.45344
262.22763,25.81733
56.96922,42.1746
61.95824,43.64561
73.81855,27.71795
81.61437,24.05648
230.74806,-63.68626
236.3434,-43.46901
289.78983,-2.98257
346.95609,-12.61332
200.71762,-52.74336
79.62098,50.68279
100.32122,20.85306
278.11581,7.46627
44.92729,36.03589
227.28984,-46.6717
256.56137,-26.10306
338.29376,51.81548
83.02428,24.16574
118.8518,-11.26638
126.66519,-22.16031
310.32019,30.10612
62.17684,16.71498
64.80328,43.04446
66.37678,14.37984
192.09323,-21.81584
195.20415,-51.17234
257.41214,-26.4274
257.88043,-24.70108
278.48102,4.95964
302.92261,-14.05379
297.11459,9.52931
311.64441,57.53624
86.96278,41.80696
198.46408,-54.68272
296.19449,6.06899
297.79184,42.00412
66.16135,21.69831
135.12502,-22.41169
201.52319,-44.63044
180.69893,-51.93645
303.34503,51.86392
307.31476,-8.00153
69.81332,27.37878
211.7066,-73.29128
223.81133,-52.97747
58.97979,44.89259
118.33326,-38.40136
71.54495,28.47988
83.96001,16.84265
102.02499,87.55998
197.49477,-51.85079
212.46336,-72.23279
305.42807,16.49231
53.39266,-62.55095
70.60633,55.39873
91.62732,31.80921
92.21264,31.80353
101.71095,-19.31664
107.90343,-22.11684
108.79918,-24.90381
124.52414,-20.10887
115.71451,-38.05982
117.08263,-13.66218
205.26736,-86.52011
46.36906,33.79372
67.7806,25.40293
89.87451,10.25143
153.88116,-47.12971
337.56659,51.94096
341.56824,39.93531
239.48145,-41.48893
141.48351,-41.51897
249.05818,-28.04354
260.6524,-51.91269
92.27858,31.71126
106.8867,-48.83492
126.21467,-50.73007
131.56279,-28.56569
190.35323,-57.44229
88.0167,40.37133
121.83365,-49.43647
283.5148,-26.3016
168.25192,-49.96644
168.82347,-53.93211
180.01065,-74.01891
225.90898,-25.46348
71.98103,31.80095
306.54919,3.77981
54.62822,31.8472
327.13092,42.87273
336.93063,-17.24272
104.56623,-20.84027
162.11494,-49.06561
340.67575,2.55283
54.70686,13.54748
73.52806,25.77171
79.94684,7.9807
109.99892,-52.03718
58.09946,39.30642
67.46518,23.41649
89.64104,40.44603
294.77261,9.29981
67.9721,35.19354
79.27028,52.96452
92.44373,2.06819
339.87619,51.12656
231.59845,-46.08782
305.03278,4.13522
109.33247,-75.76513
126.12782,-53.27259
250.45357,-22.36969
269.44495,-4.67484
295.20642,8.16507
101.44981,-15.31696
124.7774,-48.53812
145.55591,-45.37045
226.43152,-68.52422
253.47816,-80.53249
303.60745,3.40094
307.02899,1.03663
22.76186,49.05941
107.33768,-22.40683
247.87112,-75.11466
299.61658,40.80471
304.81552,-16.13119
133.65063,-55.80102
197.31804,-44.77978
89.83021,7.58202
125.61604,-58.52992
195.98047,-38.44424
213.90167,-52.85934
85.23235,12.44154
89.18251,13.51433
125.8907,-56.46052
258.98636,-81.21841
339.26074,50.19828
51.10055,14.77719
137.94478,-40.38942
103.30709,88.76794
114.69486,-52.40631
167.4431,-51.51691
174.05733,-55.51713
96.90514,22.77666
204.55054,52.42946
265.45947,-11.19027
159.93401,-50.53502
234.31743,-45.57412
309.98779,26.00109
338.58624,51.36235
245.87488,-34.22631
349.01859,28.69531
60.3355,39.50279
67.36671,13.20425
69.77862,27.45632
200.09709,-56.10896
279.56647,-55.38545
108.2566,-31.64509
257.9855,-23.25035
260.60699,6.58546
60.89093,1.06111
102.44473,-64.12418
348.17523,17.3038
204.19244,-47.42531
292.37222,46.13455
86.92825,16.31225
90.09259,6.452
250.06905,-81.0172
61.25688,38.03072
83.92355,-42.80162
191.11533,-36.68953
236.73033,-78.0881
245.67419,-25.72224
263.62222,-7.20851
305.36032,7.27202
341.81647,44.62941
65.2943,35.44641
92.10483,40.55742
258.32501,-23.61208
72.22433,-61.06664
80.73196,51.08267
192.28423,-44.12232
201.26071,-43.78962
203.64519,-55.48251
260.62488,8.37937
55.73861,38.25763
76.61073,30.52988
258.78522,-23.90392
21.33845,16.34033
53.93526,70.57181
65.62432,14.1292
99.87189,20.86674
134.09135,-59.97099
340.32446,52.61373
68.52757,37.64734
98.99548,22.67646
294.37253,3.06515
317.74551,-46.06433
50.16553,11.25161
62.63037,29.8025
101.27255,-33.08477
179.61818,-67.57728
76.18129,27.99714
113.67652,-40.87874
124.1279,-51.2711
273.79959,2.11507
290.60153,-1.88688
305.98602,-9.87756
26.25297,69.2111
71.9028,26.06014
179.08217,-56.5831
201.62384,-67.97828
87.60362,0.09699
113.39185,-36.99749
158.12463,-47.74437
187.15013,-69.51701
222.7746,-52.42748
247.5182,-57.77157
281.18927,9.3884
336.90189,-10.98018
257.12421,-22.94436
305.30554,24.48544
50.98892,50.21909
85.67687,44.02926
89.5379,44.22881
113.29479,-36.72735
144.04457,-40.27698
161.14548,-49.84964
303.57526,19.34028
59.38657,45.70202
92.88435,7.93073
110.79175,2.77286
114.6757,-32.8193
237.61063,-61.44053
283.04959,-17.70671
283.06448,-17.68808
324.83307,33.90795
80.69072,51.28637
123.64473,-53.31748
131.77176,-27.79185
343.36542,33.65189
116.6552,-37.65756
205.59709,-47.33932
254.68138,-66.48561
296.65094,6.07077
54.47387,16.85754
126.1776,-56.33602
200.06398,-83.36873
293.53644,1.9773
299.03024,1.65095
324.5246,27.11539
343.08524,16.3177
69.63793,55.71437
72.68781,24.86424
82.34859,76.74652
87.68124,10.46293
88.37773,44.43264
124.00018,-21.45438
203.101,-57.26891
221.7124,-65.50679
286.30582,22.09761
57.49335,41.4672
108.36203,25.08608
114.14545,-38.9963
121.34563,-12.87721
240.96764,-62.07869
183.2466,-56.94744
198.2787,-56.48667
229.36803,-48.08413
233.15068,-43.76243
64.82619,36.38756
70.19888,27.66309
122.51033,-21.54299
327.68372,41.99162
50.72816,12.15605
76.09261,53.31257
85.45152,14.55112
111.23161,-29.56377
117.50131,-14.86624
145.7019,-65.07312
192.70486,-23.03025
305.97208,-9.6593
8.24784,-78.21467
69.7229,55.7471
116.87488,-42.00782
243.45943,-60.62285
249.09607,-65.61345
86.46133,2.32716
113.66772,-41.00874
117.13214,-57.67531
136.70439,-34.16213
168.01195,-22.30343
327.88501,21.19614
85.2398,3.69791
92.24902,-63.07302
122.48699,-18.20216
218.74501,-53.03758
292.35791,1.88405
304.79492,46.069
310.26694,30.00693
117.03683,-14.50074
185.18034,-38.92417
220.37732,-52.37052
337.94403,50.29014
50.9247,50.72374
98.50546,21.50273
114.72907,-38.56388
240.69501,-62.37136
72.95367,64.07787
142.66403,-39.96035
200.70328,-56.48709
67.6767,63.78959
270.91342,-43.8791
324.65131,44.63062
51.03052,65.44075
119.55039,-10.18062
149.42165,-43.50207
304.2666,50.29955
68.58875,30.34537
89.56303,9.5295
102.34838,-33.02988
112.55949,-46.93503
284.17426,-16.84236
304.16739,2.21586
309.97244,55.91473
73.76638,33.8415
99.42143,-29.19679
123.4073,-20.99639
181.25563,54.06713
230.59622,-43.83972
253.14262,-19.98429
65.2038,36.35265
89.27119,42.3102
141.96094,-59.10743
228.59105,-48.39701
46.27523,44.05528
59.13124,18.2864
272.96716,-39.41934
289.67902,1.75772
52.38017,49.50616
95.7564,28.54185
165.58534,-25.82088
182.68436,-46.88812
56.13144,39.20734
61.92627,30.33041
65.42578,36.13198
93.90922,30.06409
149.18669,-45.40117
230.72214,-50.07603
250.37399,-69.31025
335.32877,-12.2864
359.7308,-3.55455
130.44414,-54.86856
174.32744,-51.85223
222.6702,-53.21787
230.84343,-33.15931
51.20152,19.86547
58.15862,39.90497
111.96081,-36.24884
210.03429,-41.06468
259.2482,-23.63533
304.50656,70.58453
66.65677,36.01335
283.27148,-17.84744
54.03014,32.66321
265.44122,-3.99948
267.17627,-3.18285
299.55585,77.97615
338.63983,51.37185
61.28243,66.39845
65.33523,36.11237
68.11004,35.86951
72.72076,-62.64843
74.0513,54.10808
138.09196,-38.25584
197.34705,-52.22259
223.11475,-52.67997
61.83191,29.60445
68.84402,20.12702
123.70918,-22.77081
294.9158,5.72666
243.15407,-36.49511
250.91492,89.14652
288.97433,-6.28067
298.03088,60.92812
319.71735,63.79718
91.89154,-5.69938
102.15179,-14.56568
230.77052,-63.71873
259.41385,-3.4307
58.46971,66.82211
105.5004,-69.27119
279.95584,-27.577
58.12054,45.12661
66.1559,18.20705
165.36549,-46.2847
315.42758,-28.12259
141.75143,-59.30693
151.70363,-62.00228
257.13065,-25.39832
33.93972,70.7001
48.51657,10.34405
69.78699,23.51486
88.30097,6.81473
94.86208,29.99812
201.01477,-46.60126
233.2334,-47.76361
277.58902,6.49045
82.78233,24.5798
91.55264,9.97195
129.45335,-57.4352
139.32715,-57.02398
192.48346,-24.32061
230.31833,-49.99389
7.36343,-89.03297
179.31966,-56.65121
194.68115,-56.81516
195.79318,-70.63913
220.8475,-52.31994
310.20105,30.1655
62.40846,29.90454
151.19209,-49.15712
159.10976,-66.82934
233.16058,-49.11954
253.5771,-81.74751
266.97577,-5.89513
283.50223,12.79847
67.71033,23.4384
108.99947,-25.6867
125.66316,-51.18256
327.1832,47.13775
33.67417,28.15719
35.81302,42.73152
36.17735,47.96416
47.79994,35.6896
52.1605,47.28728
67.16251,-51.74767
97.89127,-46.08146
112.70371,18.85275
118.21223,8.98888
169.65277,-50.3928
296.26328,4.46024
7.44081,37.49161
35.90624,43.05847
40.55228,35.73254
66.0785,36.5647
132.65512,-24.92502
229.08174,-20.53583
253.80147,53.37524
260.2337,-1.05261
267.45789,60.20109
282.83817,26.49732
289.07886,-36.99263
338.51093,33.81857
12.5913,-79.31013
28.36711,20.49294
61.02485,13.28418
62.33379,29.18178
67.98686,34.93825
68.04757,32.07153
85.03693,16.73269
89.44203,54.24136
200.15025,-41.04516
237.81523,67.15146
254.24571,-9.18212
280.78012,-21.98069
291.95303,37.42592
299.04037,71.63177
337.33298,42.11886
339.0903,38.27858
339.88379,36.85378
1.31642,41.85465
14.51353,46.24533
15.18058,43.2734
24.02615,-68.37606
29.47943,42.15631
30.52384,81.26257
31.09758,10.82405
39.57323,40.47111
74.17004,5.48583
89.29284,38.17581
118.64178,20.06184
160.97412,-80.73972
252.37512,9.74066
257.69574,49.31037
262.24872,19.65859
264.27145,18.56211
274.87579,13.86909
297.20517,71.54037
328.33249,47.8272
338.59271,41.53696
17.86859,46.8175
36.28997,42.77593
53.98868,42.357
55.86093,12.35923
58.76746,43.62165
64.41949,29.1892
70.06305,-45.36022
76.14434,68.58212
84.54046,5.13076
96.46637,53.58262
97.18517,-36.45645
98.8651,81.57174
219.966,-53.30376
241.90459,-39.38548
